name,mass,x,y,z,vx,vy,vz
Sun,1.0,-0.0071287200451007095,-0.0028023269993990535,0.00020598285245943183,5.3836212140001945e-06,-7.387272320743447e-06,-9.447546431518042e-08
Mercury,1.6601205952315097e-07,-0.1156718734604832,-0.4558880217734131,-0.026843651824500873,0.021719292142035593,-0.00514364985778104,-0.0024126921210461797
Venus,2.447861923991813e-06,-0.7243619420093703,-0.055788212340655,0.04088194406683209,0.001372633263060029,-0.020268283213996797,-0.0003559068786536078
Earth,3.003500178529221e-06,-0.20147514874052916,0.9610969980076562,0.0002057919740024317,-0.01714090623974383,-0.003473312094032269,3.8375239304081365e-08
Mars,3.2271545459574447e-07,1.3841352149100405,-0.0010051092452293738,-0.03395176548009987,0.0005251847773852522,0.015181074558391313,0.00030529756180737227
Jupiter,0.000954603287955061,3.9866175184089094,2.949337740345384,-0.10143601395861014,-0.004574143373317505,0.006418205785891701,7.584602013752836e-05
Saturn,0.0002858177392668735,6.403373486890048,6.5467569667464796,-0.3688383161659546,-0.004278134480479938,0.003883175720574033,0.00010245069479420077
Uranus,4.365668076460797e-05,14.421018576887771,-13.737784216449048,-0.23785200898658188,0.002686523663987253,0.002656702332960675,-2.4961375422128847e-05
Neptune,5.150341720015892e-05,16.800217309997528,-24.99374368663117,0.12751325162832114,0.0025885064511090997,0.0017612448700337771,-9.603637419482537e-05
Moon,3.6922860289569364e-08,-0.20302015145879468,0.9589054486866869,0.0004330133132855677,-0.016690876247804326,-0.0038097552454835993,-1.57675890548728e-05
A00001,1.2353887493341484e-13,-3.294116564492666,-0.43207119813494754,0.11115903561753321,0.0006540960669656129,-0.008965436584176464,0.00025709086174697393
A00002,6.871788765037586e-14,-0.3075195049118048,2.6023465931761685,0.005401201636039034,-0.010612156159087028,-0.0005233013457597117,-0.0001523253526903224
A00003,1.7932519984248906e-14,0.6854238838918038,-3.3308106111352234,-0.8041269389102836,0.008411115478908843,0.0020208548373693448,-0.0003496318627858865
A00004,8.587127733795641e-14,0.8724438163412124,-2.748759756619699,-0.15359289388738315,0.009765334227867616,0.0023361879980345413,-0.001858585089416333
A00005,2.360080462927856e-14,0.9837840054390757,-2.05600418859203,-0.13351319636655803,0.009376882882273669,0.006055503450785273,-0.000921887600314276
A00006,9.197241703934634e-15,3.1763130157418447,0.21223362765212697,0.13728842634303348,0.00024818632612140783,0.009391282762949024,0.0025391237610466995
A00007,7.523415055838148e-14,3.1071283227943742,-0.4096973790527533,0.09450269350329789,0.0022607599024565186,0.009215642601162562,-1.0468847456781852e-05
A00008,9.887621117770866e-14,0.46303975574669337,-2.979985668939865,0.5625101418182609,0.009568501612848253,0.0017244603147742292,0.0011555918871895866
A00009,1.2886507605073826e-13,1.455409483506167,2.280334841725683,0.1530224471043986,-0.0077678012002356436,0.005098614844554243,0.00036529470226888703
A00010,1.181063246369003e-13,-0.20623730028885126,2.67632882770588,0.030159285100824305,-0.010355456131046542,-0.0009116125647700603,0.0002174115773021979
A00011,1.2933174580780788e-13,2.6895826288231732,-0.22558352380824093,0.1708062302345573,0.001115785217287554,0.010021155487214144,-0.00045261704695193723
A00012,1.1467151688358203e-13,1.0432437581792193,-2.9319932449373325,0.006324320738888767,0.009265360390711744,0.003501590756353957,-3.8695639934014126e-05
A00013,1.060977112214139e-13,2.1862708495551204,1.7447869197495818,0.09027516965168639,-0.0067885383280096925,0.007849663452268023,0.00013625568703334244
A00014,1.5299504667612531e-15,-0.33745185568541747,2.912764202282073,-0.006356845655525283,-0.01008182046487331,-0.0016909147826051436,-0.0011239454517831017
A00015,9.446009617467265e-14,-2.138263210172923,-1.747762354321161,0.09505860468170271,0.006769904169403564,-0.007525124379163844,0.00019893854981330522
A00016,1.8177503688731118e-14,-2.638672966548017,0.4286331052231759,-0.07274051781762406,-0.00046618543164980264,-0.009851769675452211,-1.2328411202280374e-05
A00017,8.851569816305998e-15,2.8398019676251467,-0.6413051194741938,-0.020513958711466142,0.0017421025669956158,0.009569948631891473,0.0010462793436565147
A00018,2.3598288744383628e-14,0.3385807709434975,2.4856669622374072,-0.28220465237008546,-0.00970736204866519,0.0019411453308944117,5.2723494899902224e-05
A00019,1.2420998312288524e-13,1.6341981886799761,-2.7356195825803336,0.5749037208322186,0.00828141448271589,0.004236549295976195,0.0007317274587239516
A00020,1.122245113482292e-13,2.184257126532377,-2.0931345922626505,-0.040831840498183856,0.006360406971617477,0.00714919067060995,0.0005105271479015055
A00021,1.4314109480613663e-13,2.176066221871939,1.627023088735314,-0.165306558705564,-0.006325904430100393,0.008834753040523712,0.0004885181325343699
A00022,1.4769792786356572e-13,-1.2212266062431696,1.9425372318044714,0.02213765414791903,-0.010094236774566397,-0.006233650742272759,-0.00036621576544045183
A00023,1.3476959804684418e-13,-1.2035366870898134,-2.924548337756567,-0.23052416444096094,0.009216758443205107,-0.0032187182534163397,-0.0010746780513126173
A00024,2.005495801648945e-14,1.5399918660768188,-2.5850289428489033,0.03432446943085383,0.008807742012768054,0.005073109734520518,4.95260771452476e-05
A00025,1.325214581536323e-13,0.5052337878217833,3.4432426641009486,0.0663634005888819,-0.008417798943078205,0.001073623880559617,-0.0004396779371648623
A00026,1.265250679162667e-13,-0.6704087934834119,-2.2910245990308367,0.05465796106738789,0.010643926788037165,-0.002873002632527426,0.0003891577976979373
A00027,1.3142058309758223e-13,2.5798072045712135,-0.3244104825025784,0.003387611217848834,0.002201901399816467,0.010525477887572458,-0.0001354614914885551
A00028,2.288519990210077e-14,-0.4123602418991588,-1.8422539221469707,0.08108698437948195,0.013212100772320247,-0.0012325620025812989,0.0007265327926949337
A00029,1.762079968024033e-14,-1.5662926724671844,-1.6103380978583566,0.10869217028982718,0.007343941194846497,-0.008298833377643698,-0.003444765500603724
A00030,1.3937486613644907e-13,-2.458018710723669,1.024896645102074,0.16540220457111954,-0.0032707640568104407,-0.01050363094163398,5.9735217179995386e-05
A00031,2.6225601046886414e-14,-0.34666106488733556,-2.9719938701933986,0.06614336046939608,0.009905453292502168,-0.0005548998315487955,-0.0009096335744148595
A00032,5.561419115754792e-14,1.8388170573257552,-2.7651924557692475,0.20172297101403983,0.008544245629915712,0.0037526310654365583,0.00011213239080317293
A00033,6.87946003024278e-14,-0.352624935536405,2.409469891998582,-0.07472678771339926,-0.011059550753798122,-0.0012272195711476813,0.0001789560688053143
A00034,1.877505514608795e-14,1.7753515508732924,1.9005958651894848,-0.3406360788987324,-0.006922046365784537,0.007655174479114893,0.0014284094007071576
A00035,3.1135826919572285e-15,-0.08537472433054381,-2.830654822015406,-0.33926010365318066,0.00975331098928786,-0.0008535202011186196,0.0009354996023154614
A00036,1.4997819772974453e-13,-2.3495833737897853,0.21413324550404017,0.020135032558265632,-0.0022958186270777086,-0.010921174192901182,0.00012226525338597982
A00037,1.3226113383316997e-13,-0.5894828578867981,1.9449236428708878,-0.2567289409872577,-0.012014760854492422,-0.003454317399963962,0.0011334312756877756
A00038,1.3764425234841954e-13,2.6148806799105855,-0.48015702534996074,-0.16841584198986861,0.0030232908121565925,0.009937879179861919,-0.001676852696094623
A00039,4.293232295109621e-14,2.2254800237668073,-0.6387746754689986,-0.20082646375517044,0.002755299284032317,0.011022488535541854,0.0001813620220807602
A00040,3.320706458838151e-14,-1.1948476179131509,2.4571607304176655,-0.26085356174016683,-0.00988735846510698,-0.003623721586194503,-0.0016791017235415033
A00041,6.425067593982801e-14,0.3586782554816434,2.1206730297959364,-0.539330809369573,-0.012226390279228087,0.0019428714070156123,0.000517645083182796
A00042,6.839246122598433e-14,0.05428523974592676,3.0711306562457383,0.28170765724058366,-0.009708692720821822,0.0013344521932822475,0.0002144110618307668
A00043,8.452861043079989e-16,2.519640255913114,1.7967508157592051,0.0035091498046696526,-0.005288466381441329,0.007874116270151776,9.146251695482785e-06
A00044,1.1756584435009696e-13,-2.4846841794246175,-0.4844522380788177,-0.5557124857183013,0.002270988284146538,-0.010209646778865518,-0.00045652137719452197
A00045,1.503669226971325e-13,-2.7978217343575036,1.035226790928382,-0.0648392273326599,-0.003913519215242938,-0.009380912041736725,-5.159034062828044e-05
A00046,7.976370392299441e-14,0.8319768647361561,-2.908494615056428,-0.005134694325360684,0.009476670043796877,0.0030669764454899556,3.532497074130743e-05
A00047,5.857680540568395e-14,2.621994644106841,0.04120369082334474,0.1379374344256937,0.0008360638169778364,0.010384747924054973,0.0008431123083613807
A00048,5.925469090027397e-14,1.394804479893246,2.241618449707623,-0.19259655355983293,-0.008675965625492216,0.005146280806286306,0.00038339018311603335
A00049,1.4495588857009678e-14,1.824709732226613,-2.577080906491671,0.21011918320111642,0.007400240174368445,0.005546268794993261,3.257006973636909e-05
A00050,4.0156139819753465e-14,1.9266764160540153,1.5024876991446183,0.0003176049048825369,-0.006912371648768239,0.007939617578261487,-2.1681008827950738e-05
A00051,7.575690579068365e-14,-1.9899130305660113,-0.31100779461687633,0.22221118234424064,0.0012066411893912972,-0.012862087814848044,2.2094290192506312e-05
A00052,6.51530918205495e-14,0.5316444432986016,-2.015374217551731,-0.015819723356297298,0.01165248827158097,0.002827710945883681,-0.00019912393047984508
A00053,8.222949236759282e-14,2.7469279289825828,-1.038873573564051,-0.025025761353859467,0.004182537823898896,0.009291581490840112,4.158425828314924e-05
A00054,1.2809841009699586e-13,-2.307931965792224,1.7619132969315376,-0.5440502495041011,-0.006359115076480721,-0.007618021109542963,-0.0002361869479991324
A00055,3.3982642719065864e-14,1.8271361299614832,2.025447839817424,0.4569775722520509,-0.006986390185651182,0.007923664371724932,-0.0011109581847195925
A00056,4.174177436779373e-15,-1.0311901191471762,-2.463249112641199,-0.0939583475360606,0.01057210691543626,-0.003496105173740503,0.0008145163228104818
A00057,5.7675475915537776e-15,0.17482915383988343,2.751562552657324,-0.48660419574514857,-0.009409097606509327,0.0011152838972279123,0.003100483393637602
A00058,2.024245144420193e-14,-2.86886854711242,0.6888605546474567,0.084587541485858,-0.0017828580029794117,-0.0095671428917239,-2.68909024093038e-05
A00059,8.606884939593554e-14,-1.7900867927684934,1.4479455788416546,-0.05844008743379833,-0.007249046421202978,-0.008597965216946944,0.0006893397983598528
A00060,1.2193074817652136e-13,2.2696134486085326,0.06923073377468243,0.10940079305869516,0.0006111437074038333,0.011090829360043436,-0.0019297213087203903
A00061,1.3379225986725985e-13,2.1432717563484074,-2.20248521095908,-0.06015963704727409,0.006788648101468479,0.006624417986437289,0.0006275537638787377
A00062,9.581956251755843e-14,-2.5119394641649264,-1.137409238041436,-0.23753274042943373,0.0033689742093962354,-0.009595040477923564,-0.0004055601444728366
A00063,6.082242759107031e-14,-2.7505500348073046,-0.982225473956875,-0.12334609346361611,0.002718915760960413,-0.00943975426263334,-0.00037649288957912
A00064,2.331202277737963e-14,3.2551996262243525,0.897524292387991,0.05050152375271016,-0.00204920653082807,0.008512149441225898,5.325076037853988e-05
A00065,6.056219123984988e-14,0.5658390417849458,-3.0072500628738874,-0.2892859810729714,0.009278458944486619,0.0017499249360457992,0.00038817856389595254
A00066,5.015172859394467e-14,2.5324149406293532,-0.19678777742007098,-0.02286678363282577,0.0007588548779007431,0.011138522968898713,-0.0007145653733214145
A00067,1.3126066484848172e-13,0.2114448066087716,2.7257134129513534,0.3564653601618467,-0.01012089111236291,0.00213250659593714,0.0007031423521658021
A00068,7.343149582533545e-14,2.003983971109096,1.7214303644899622,0.06778384916919077,-0.006535978012077608,0.007646139544506745,0.0013825778076976864
A00069,3.412651123248462e-14,0.7984774775356973,1.8571979840202437,-0.07995154519366156,-0.010896401067692726,0.005859122538997061,9.900046610399714e-05
A00070,4.3571706509862935e-14,-0.9323727167477313,-2.541423975724906,0.13580187720571127,0.009444387482333817,-0.0039396625774357,-0.001196824692071167
A00071,2.058965581207771e-14,2.3838238675854084,0.46899539704340676,-0.1723737120932275,-0.003213270877088392,0.010280543972071962,0.0007188968331515808
A00072,1.3858681103325186e-13,-0.1779584759772278,2.4074547582400765,0.6190726906961992,-0.011050402274630493,0.00047668577863276587,-0.0007515144784720033
A00073,7.5961435299976e-15,-3.349961096742521,-0.5980913237909963,0.3156485761031444,0.0019199224656980011,-0.008662667733710258,-0.0005044422931295788
A00074,1.9386069292067324e-15,0.34582828865449017,2.52906173024579,0.4952557190757755,-0.009960091432139535,0.0019074039429286887,-0.00012940470533187468
A00075,2.760790812490362e-14,1.944432832096806,0.1307616624274389,0.2735440397397559,-0.00043336636539579134,0.012762683878405944,6.016510885260853e-05
A00076,1.2233646698173462e-13,0.5810645955757839,-2.2971636470671695,0.17659577651701205,0.010894266562586475,0.0029675953934502263,0.0006054895722507228
A00077,7.897555030879911e-14,-2.284118549743029,1.1986619531164153,-0.17903396502007599,-0.0051253774087652365,-0.009080930999682124,-3.622825836723029e-05
A00078,9.44210173499266e-14,-1.5208692892415527,-2.433502558216571,0.03605076548689014,0.009361789847927685,-0.004114907866629183,-8.783565969306674e-05
A00079,5.397121650970094e-14,-0.9123230599488614,-2.955489027317737,0.16913386303292957,0.00854482515774437,-0.003114718255713014,0.0013715998883789147
A00080,1.0361899845994893e-14,0.6988420861640605,-2.5868522092973003,-0.1773426503318714,0.010473694905709065,0.003564178318440309,-0.0008887335201167994
A00081,1.2916845242296235e-13,1.246052467708843,2.777087754931109,0.5265112226287585,-0.007904173829098502,0.005137259502615885,0.0003000531486542558
A00082,2.8951449980814445e-14,2.7218512141930957,0.3947883049954044,-0.44266147750935286,-0.0010378156798378467,0.009806904803887377,-0.00035095778508285067
A00083,4.9881200643378375e-15,-1.7353202844971536,-2.441439770986769,0.7618942755624418,0.007613796530611149,-0.0052983900365698375,-0.0031333010351340175
A00084,8.64039528259527e-14,-1.5940761257387248,-1.824223667299741,-0.05611913465443916,0.007640136009047428,-0.007607781466799986,0.0004733444165310004
A00085,1.2566286052170732e-14,-1.086054817017478,1.866625462662275,-0.15764454231492145,-0.010119493907421956,-0.005633696496397258,-0.00043301720953461845
A00086,1.444802274919833e-14,-1.2317779639746742,1.6024024708534503,-0.07986551983264678,-0.009997628992147557,-0.007643855907643416,0.0007094946850909493
A00087,1.2075279439354178e-13,-0.4215641653471984,3.196870216063256,-0.6353243233342163,-0.008678774050604144,-0.001731575430179967,-0.0013587012363161263
A00088,7.416927848336123e-14,-2.6102612274304278,-0.7664330762746128,0.15054452427496604,0.00337490767568485,-0.009729524214178109,-0.000681235200353198
A00089,3.643670468535641e-14,2.49309706295713,0.2057955037119169,0.32609609492796204,-0.0018127032886364745,0.010026110796616963,-0.0009628282636911367
A00090,5.259751385810813e-14,2.5266861392500584,-0.2525051864835738,-0.5078560569502285,3.3381090443274134e-07,0.010870217720423401,-0.0002868016192332921
A00091,1.1002055068066031e-13,-1.4665844520395137,-1.5129353330643778,0.40738884130947206,0.009095379453534362,-0.007795803915563178,-0.0019332444545891395
A00092,1.0011303702261436e-14,3.10455814649253,0.7326454125414437,-0.0861045415074613,-0.0024052829936200637,0.008844141151692615,0.00025502255823938596
A00093,1.7573847379818173e-14,-2.770386975765658,0.12476657529394046,0.12427994386264091,-0.001639943843161123,-0.009938605827392246,0.0003365258971325042
A00094,9.297550088014197e-14,1.6116832471553488,1.7124667423792828,-0.09695936843694629,-0.00833986840489627,0.008075653475741433,0.00014374603003048563
A00095,9.157388010299262e-14,-2.4954147405216234,-0.8561674134090242,0.03701701132194993,0.003849463792817272,-0.009491271838777978,0.00019309139813512168
A00096,1.4671515431383275e-13,0.3183860584351456,-2.7725389465796506,-0.17807910846327796,0.010185106222659054,0.0017607535303311858,-0.0011962815585818414
A00097,5.6508506453279976e-14,2.3884462783640563,-1.3306939903959152,-0.0120256691649198,0.005040732239834844,0.008591931643175139,-7.779207460575741e-06
A00098,9.818716438079318e-15,-0.8156212210239138,1.9853933374564379,-0.15790092650684417,-0.011181470701899319,-0.003964301922719551,6.830314666027483e-05
A00099,8.109837861142162e-14,-1.034103161883234,2.108975641562953,0.0604316420128054,-0.010360238555280172,-0.003538750850851204,0.00013870621087291808
A00100,9.630741483740028e-14,-3.537850476766481,-0.3521818000720937,-0.1500526236238265,0.0009017296114949623,-0.00866104569614444,0.00019460713118299195
A00101,2.106227206499919e-14,0.19255028995542686,2.9963856283177708,0.5741424983390396,-0.010002782910496184,-3.819587895546589e-05,-0.0006929029553580069
A00102,8.3410380442544e-14,-2.357058809129984,-1.3923317187880493,0.6486709653291309,0.004535171760907981,-0.00930914978723957,0.001792102708348313
A00103,2.983748245151182e-14,-0.8202236355920002,2.373450479162692,0.05350412363111155,-0.009950113758123517,-0.0037555871132038993,-0.00032320031418563296
A00104,1.2744430272232553e-13,-0.5559210227542905,-3.2236773505995524,-0.01799901331492431,0.009449106175132822,-0.0011297926348267013,-5.046087542254447e-05
A00105,1.2600070082709475e-13,-1.3458118464180302,2.141925348413218,0.4402480805675401,-0.009302136122062002,-0.006784794561420896,-0.0007353439449927792
A00106,6.481832724176706e-14,1.719010717407977,-2.163562197055413,0.010241932929222958,0.008785769900285184,0.006070204464869816,3.625453569589954e-05
A00107,1.4585233391031833e-13,1.1135469826485178,-2.15715305702306,0.007478119871295775,0.009938721057119631,0.00572937681841061,7.726002681216404e-05
A00108,1.478182635700051e-13,2.311206525318152,-0.6295030831353379,0.4930160458842949,0.0022360498667285417,0.010427713627751654,0.002365619232787911
A00109,1.9500519209843198e-14,-0.4341484326056877,2.147062824707313,0.27816838647916287,-0.011169850047815994,-0.0030743901182090087,0.00013245083164408503
A00110,5.5477213000918023e-14,-1.629992221198082,-2.2100617232127933,-0.11200198364612798,0.008515594011599415,-0.00709869410262465,0.0004095301644596252
A00111,9.057055962248529e-14,0.7449832336407277,-2.8908303788980247,0.08325107572942869,0.008984314175503404,0.002365389988605765,-0.0004318550692794107
A00112,1.279992056034224e-14,-1.5169229346915918,-1.924384562915897,0.33457954086372005,0.008577399223480187,-0.006268032888805173,-0.000980901841247873
A00113,5.773145608872012e-14,1.6823528604174036,1.942990302693508,-0.01286830809242604,-0.007239650358570428,0.007554453088426737,0.00021963652590349496
A00114,3.9403342284718006e-14,1.9418541230292534,-2.2208672800146707,-0.3114905180611419,0.007462925076751587,0.006077982492690445,0.0009011290824412688
A00115,1.4363561644872202e-13,1.787767079104248,1.7071516973718996,0.09562474508241667,-0.007423491376423926,0.007359633805399297,0.0010541532931414147
A00116,6.209615194778816e-14,2.457588089280195,-2.2303110327639244,0.01544786900600693,0.005995087470506158,0.006895595775585962,0.00011317755991543664
A00117,1.1506409193671274e-13,-0.7810292825121823,-2.763341405161716,0.07687293099595405,0.009961955378820771,-0.00292819438974452,0.0006228730152301873
A00118,5.834245542969651e-14,-1.231631066975125,-2.9672030660328272,-0.08275271463478284,0.008359896415665985,-0.003778480532206922,0.000763805312237866
A00119,1.9886892592586372e-14,0.9097998062465643,-2.421261153207708,0.09614522266567449,0.01031282486666425,0.002999194585328518,0.0006078833827188215
A00120,1.3022353663707477e-13,-2.343753349572774,0.7328432151631298,-0.03662413110862914,-0.0023550466309903285,-0.011505363109339375,-0.0002473745526652893
A00121,6.340284440512281e-17,2.583578154488212,-0.752956666631856,-0.23529826737042986,0.0029206297490015796,0.01021183967477033,0.0001288076069084276
A00122,8.440261231731447e-15,-0.6726807250588468,-2.8894985911543865,-0.05288871478347334,0.009420959285039412,-0.002894404283049468,-5.4156716414910165e-05
A00123,5.4974909042986354e-14,-1.1241723499390857,1.7719530977928641,-0.24018340007704486,-0.01086445354343682,-0.0052754709405112175,-0.00023170547791896514
A00124,1.0363233529163902e-13,-1.7190282257051803,-1.9277858070074474,0.03361067388738867,0.007419276240303335,-0.007810973009042368,-1.5310891684815612e-05
A00125,5.1553177509812784e-14,2.4754597724430423,-0.13388034953426653,-0.2016968955233303,0.0007770182491237481,0.009918760099315136,0.0007183031755685076
A00126,1.0005068707838121e-14,-2.5415119114191342,-0.31791838939213446,0.2702526026973879,0.0018418247754152701,-0.010808528365327832,-0.0007221540499165853
A00127,4.795279399750105e-14,2.1911745727539467,1.3475532804453207,-0.2906285083532284,-0.005466272195923413,0.008906037830930715,4.3448741500745944e-05
A00128,3.696058412557881e-14,0.8837027420653657,1.7283834284646014,0.30586343773370145,-0.011181105124626362,0.0061472945927490835,0.0026680456804384824
A00129,8.18184094132458e-16,0.5173956894537888,-2.05476321519141,-0.4607682265995303,0.011470658215178635,0.0029012701425668265,-0.00028215251628178743
A00130,8.0685672477939e-14,-2.2376017293781043,-1.6792684042755497,-0.0919857789814156,0.005583642299357041,-0.008688100787191408,-0.00016829743728618768
A00131,1.7598785889322483e-14,-2.052764150912057,-0.7162402732308771,0.528183449167274,0.004479257347317927,-0.010823859471487889,-5.770981776687238e-06
A00132,4.3374855613970057e-14,1.7450425798068196,-2.9533086695050907,-0.27348383597553,0.007396059266601579,0.004970939606961734,0.0005769793552190015
A00133,9.67363389323923e-14,2.911015174347108,1.0062719347743803,0.1767539232768926,-0.0033967524370194864,0.008555620481708805,0.0008215058143078016
A00134,1.0939817122270104e-13,2.2976916227985758,-1.2299331313552655,-0.10005662837787328,0.0055381237282207535,0.008839798143150007,4.71442610318428e-05
A00135,3.9747858706030215e-14,2.015939194206202,1.41815316520759,0.11934506691777919,-0.007221097890506506,0.008999908361345786,-0.0006461605477598935
A00136,4.96657088746117e-14,-2.1296316562271502,-0.2833568669279529,-0.2038926000309,0.001111211610233258,-0.011454122283616943,0.0019576532886878676
A00137,3.7251517261513345e-14,-3.12249128650043,-0.3065309272568459,-0.4107893357794515,0.0014028623274655347,-0.009700802296131477,0.0007117309412297909
A00138,1.4436557916702656e-13,1.8090885293249348,-1.6859000393425987,-0.2702748777504253,0.007177402327581374,0.008685795346582021,0.0003443155960956821
A00139,2.8744073371232083e-14,-0.09876676265179318,-3.247310609309026,-0.033354555158977395,0.009213914480729835,-0.00032472185411179424,-0.0002554844040216106
A00140,2.7636825252329303e-14,-1.8401160665742027,1.0829518682385852,0.09904751828041625,-0.005843810010025351,-0.010428923733643437,-0.00035630980804913457
A00141,6.714264922989222e-14,2.149743602732163,1.6405094373316047,0.0008127095029545359,-0.005888644226360561,0.008522117482364273,-0.000718881283592436
A00142,2.8561013469557773e-14,1.6160053577668203,2.2583014182456407,0.30590207786321105,-0.008514639054682586,0.00531895174506579,0.0005871286140257092
A00143,2.3642991937130637e-14,2.8827769847461138,0.9813854095118006,0.05806615977784956,-0.002902374830551741,0.009666490474785924,-0.00019755586700806818
A00144,1.446577792513236e-14,2.9315947615570805,0.9621766884553269,0.17912585753584764,-0.002704208936514745,0.008787971849345572,-0.00032683501815903063
A00145,9.658266620126365e-14,-1.7763084797494197,-1.962391926670169,-0.07660951856276751,0.0070941785644748475,-0.007935308648978335,-0.00026098370634127513
A00146,9.234490054580352e-14,-1.7382007544090716,1.340695083349474,-0.018565246649145085,-0.007875273963323914,-0.00926538050136597,-2.6725305774071233e-05
A00147,9.80900981158871e-14,-0.6286363005553249,2.1637273505574215,0.03403789093778071,-0.01154260029346959,-0.0032823882961623436,-4.397423816477956e-06
A00148,1.1666770386418244e-13,0.12590533708318075,2.8908765773071408,0.06147739512468951,-0.009670701087256565,0.001406997418295205,-0.00018720786245647543
A00149,4.923789520574107e-14,-1.539084578769353,2.6013275442155197,-0.06119367276264936,-0.007423688751495113,-0.005207645615011203,0.0009759682860839815
A00150,1.3856241314168324e-13,2.2388205226522953,0.02127441353459559,-0.002706805227218081,5.5695386686174076e-05,0.011108084859477745,0.0008627951676224249
A00151,1.1061854094656483e-13,-1.2175476116167538,3.056878231274129,-0.01900434135822462,-0.008891963148445339,-0.002239272073392902,1.1174767917183294e-05
A00152,1.2140629321325817e-13,2.418434854894271,-1.9892567920742752,-0.1016651557085347,0.0061819814240278975,0.007490379130407535,0.0010549914373412844
A00153,1.0877153197475925e-13,1.3852844755332596,-1.3186757032723218,-0.012364443350599946,0.008415922553194998,0.010370918855079944,-8.399642877026404e-05
A00154,5.408044133133671e-14,-1.9672375187264457,-1.8653685192969909,0.007890759112910635,0.007108610146332071,-0.007842705619871323,2.9033065395745112e-05
A00155,4.270140529467501e-14,1.7623692939316034,-1.4658382742314802,-0.060353286714001995,0.007271323688765,0.008489482407010711,-6.843140318490024e-05
A00156,6.374534106958348e-14,-2.998585660772178,0.352425488415397,0.4434682581687591,-0.0009133269234616946,-0.009214436708633644,-0.00263590887271264
A00157,1.4639401715714594e-14,-1.5376590195733675,1.903622320068032,0.1767250639593051,-0.008263298255489175,-0.007194035556978082,-0.0001669556840508927
A00158,6.80848588056559e-14,-0.7614726493969528,-2.8161741571961114,-0.019954498193035117,0.00966533134120035,-0.0026859378393663553,0.0005869646841970792
A00159,6.509151150175188e-15,-2.4252200622049935,-1.6747628931618097,-0.4388989411365762,0.005705934174130558,-0.008194415289183287,-0.00016249133389242948
A00160,5.95826973601976e-16,2.662262162171425,-1.148292916435451,-0.03815630700901662,0.00445656636659817,0.00926634973217537,3.10262920647922e-05
A00161,1.4053505979143177e-13,-2.1529007818093735,-0.7568850822015818,0.7665431060284675,0.002406670218880951,-0.01040359790596106,4.9628414265509984e-05
A00162,1.0400024583700397e-13,-2.2616965668338365,-2.30975356252834,0.07102222819145868,0.007035953141335876,-0.006432951870154221,-0.0004645433277514942
A00163,8.476593676185389e-14,0.16551774677908118,-2.5384414974997584,-0.11429576786176866,0.010312424749634118,0.0013575774213625753,-1.7545463461642137e-05
A00164,5.1462315611941804e-14,1.9094646956384833,0.6577082947533003,0.001077531830772799,-0.005369174826010298,0.011092612207238459,-0.0013721916888120409
A00165,8.607715171338142e-14,0.22156478634781412,2.6313910409948935,-0.02915739922594521,-0.010736509626772937,0.0010735446639069221,-0.0005182813332045768
A00166,1.3451188166063514e-13,0.12742432690340455,-2.483902228767287,0.055589839997378,0.011039970008550577,1.3285667231289536e-05,0.00030685330245429023
A00167,9.842461178847327e-14,-0.3657223368060984,2.4220913756497504,-0.1918145784373934,-0.01198456195987829,-0.0006377294068739563,0.0009776586695153752
A00168,9.089651687179254e-14,2.23802794737136,-1.9673845563754988,0.11652671059885465,0.00741727136529734,0.006838609028641689,-0.0001753070545898131
A00169,6.943121630550143e-14,0.2368449428670619,2.235242626329169,0.3061267323229595,-0.01174776797106373,0.0011267204245003096,0.0013309091581991035
A00170,5.215555854412023e-14,-0.5256638351807167,-3.6474725666057934,-0.021464029685582923,0.008264079267498855,-0.0011520519976512835,-9.898757927333247e-05
A00171,1.0538978995378337e-13,2.4077241740266073,-0.7501532049105125,0.015230862035057968,0.0030876206014097424,0.010168718826170656,0.0004889425234851309
A00172,1.4800037281115796e-13,-2.68485395567392,0.5488905198337565,-1.0431240841997176,-0.0007336865825553556,-0.00962546774550657,-0.0005679718342451546
A00173,6.408338234848076e-14,2.4715824429051096,0.8674073045375411,0.10634509252079799,-0.0026775691505338236,0.009729495530494849,0.00040545319756853056
A00174,5.917221230345754e-14,-2.9706627150570544,0.5049718669059843,-0.10480326970317412,-0.001700235568790323,-0.01006079188471975,-0.000963682788881192
A00175,6.45896662238004e-14,1.4589318827181932,1.8545671642263621,0.008501694900016028,-0.008938451517680725,0.006331718991599861,-0.0010659874958844195
A00176,6.4202007005863e-14,-0.3102771971907587,1.9362656048208888,0.2137715516260567,-0.01262411625994505,-0.0014490283642336081,-0.0009004788835436831
A00177,1.494553306742245e-13,0.329976746993286,-2.4020378167499326,0.2513567551264632,0.011074302107211458,0.00255351534393374,-0.001019418589964949
A00178,1.0663161650643192e-13,1.6726709566771183,2.3381423914610764,0.11743419373016326,-0.008590379596627956,0.0064201089578828086,0.0003370528071052106
A00179,5.4190395418954414e-14,-3.5794215115468035,0.668932978866129,0.03558075536354348,-0.0013275425032077217,-0.008233547310487777,-0.00012615341953409716
A00180,5.6048791606432556e-14,1.3730770463428568,2.5422540567386522,0.009870632545206853,-0.009167138425573875,0.004637859137222395,8.337354564760416e-05
A00181,6.499451670193263e-14,0.2709040899525517,-3.2965225143290913,-0.2946479808440722,0.009155744272307881,0.0010094190042932753,-0.0004428966324208461
A00182,5.53924351986569e-15,2.1027926459553736,2.723424965879024,-0.39409413238113083,-0.0072659162639520415,0.004920902980082791,0.00034407006007282836
A00183,7.963177356961533e-14,1.2157039787008372,2.4896391411997936,0.0629585804016083,-0.009224768996220661,0.004107022912035872,-0.00151948424049223
A00184,1.2241294768132176e-13,2.4314482938253685,0.33132808670473873,0.07676818482861797,-0.0014168758516131211,0.010898729046541985,4.310980354567565e-05
A00185,9.965987789328478e-14,2.061110846000021,-2.2948916112058395,0.2562439384098944,0.006903826787825754,0.0067489944008010845,-0.00016793670936970353
A00186,2.9936109474930833e-14,0.16363581020780796,-2.7689544435060256,-0.08396162614492798,0.010486160523093422,0.0010985302152232688,-0.0003564314260257363
A00187,1.098384910907731e-13,-2.3495221511764677,0.4367545073056994,-0.2663015167539097,-0.0019665783683137654,-0.011265129759675863,-0.0002070545926751219
A00188,1.0854469136622768e-13,2.420071201367761,-0.023156173534991675,-0.18075074931930624,0.0003934356346309242,0.010428112312353178,-0.0006350761947094968
A00189,3.9609600424187173e-14,-2.994965192111966,1.0854261856829,0.13866059770840597,-0.0038856310708698934,-0.008452758090269182,-0.000844412063239355
A00190,9.397314225631952e-14,-2.346569225999693,0.6127737513129806,0.15914713789330148,-0.0019589754483841067,-0.010853852059304548,0.0002917037278756031
A00191,9.21739322129817e-14,3.222017149730789,1.4631417014046497,-0.4684129946496576,-0.003765102258147859,0.007702845172457709,-5.874979450330426e-05
A00192,1.2669864135200964e-13,-0.11908067337164178,2.4086132271674656,-0.046689059311139085,-0.010823365461203046,0.0004144865462413849,0.0019543663165260466
A00193,2.052963206773074e-14,-1.499869492132969,1.557771920494024,-0.06983441528879217,-0.009296490448522786,-0.00740218023276357,-0.0010119171125303511
A00194,2.9395644145977715e-14,-2.6687952998357796,1.1780517129546824,-0.21849896146210554,-0.005671971021768735,-0.008646246668349452,-0.0005254795918263011
A00195,7.331836294278405e-14,-0.42176172757234176,2.499942605467655,-0.21621884782071632,-0.009904737959400778,-0.001510437115843479,-0.0015537991911277291
A00196,6.6606489021927494e-15,1.6332189121732632,-1.2942654592933445,-0.8642103516805253,0.00762046285867794,0.008716060733648176,-9.728102717187977e-05
A00197,6.270089248835254e-14,2.615759981885838,0.23228410239780076,0.6169870189503072,-0.0010439051243534016,0.010589544699694031,0.0006776440777010046
A00198,1.1891852750148355e-13,-2.405684318010184,1.123784146775161,-0.2739214231088673,-0.005461898927931548,-0.009921931352523835,-5.4407305772456945e-05
A00199,2.2436933662969762e-14,0.8834492760634168,1.924325006295152,-0.01557549606705368,-0.011380129727569566,0.004610456914022802,0.001058775093358242
A00200,6.939262907271445e-14,-0.4279830133195307,-2.14915526347382,0.11297719891383787,0.01180367239726352,-0.0030922704101247573,0.0013491724629421118
A00201,1.4932625598852383e-13,-0.12158294871548228,2.7521540790290064,-0.41342468576693087,-0.01070274702742504,5.9854013823957556e-05,0.0001576496899180664
A00202,7.63282815971304e-14,3.101575081249024,1.7212173947878497,-0.11519317156484624,-0.004026598391076597,0.007705575945215196,-0.00023704279416160743
A00203,7.51822501283917e-14,-2.7291552236811816,0.7956478880180781,0.4069350852841471,-0.005203676838351292,-0.008347742734602013,-0.0005114447293861398
A00204,8.430527809002235e-14,0.6167754047194923,-1.8283083182234394,0.08845406457630334,0.012376787163676363,0.004806571737430067,-0.00015750810523275973
A00205,2.8062844848276326e-14,1.1000745998328385,1.7477193033752207,0.0057370589093931855,-0.010291249538942162,0.006309433651372508,8.046864526418307e-05
A00206,2.2203009168808478e-14,0.6834987145149568,-2.362500799777832,-0.12110694292552376,0.010385388595411318,0.0027951126091566433,-0.0005026838791685206
A00207,1.0219249542608308e-13,-2.332365323559453,0.5772327999732978,0.1500765846497034,-0.002817402286124169,-0.010368140031062706,-0.000346793603039303
A00208,5.970954915332952e-14,2.8754664069114804,-1.0065150184259635,-0.011825369032897824,0.0035481832414363365,0.00888726669839139,0.0008046038834047203
A00209,4.373850174154728e-14,-2.1545950059240355,-0.05016547850688639,0.11013051281004323,0.00014367262909500977,-0.011981951466433475,0.00012865881586087842
A00210,4.736533407267576e-15,0.17413942384799613,2.744857375812044,-0.5581833761006022,-0.009659994272853129,0.002026666705314667,0.0019469556245302723
A00211,1.2764351642370645e-13,-0.5522347867739121,-2.735247140960045,0.05540624794774821,0.010227281754094783,-0.002638201926185116,-0.00026336641615212856
A00212,4.877935007610866e-15,2.4534120451478167,0.10865934439367143,0.41462457810034486,0.00024683261289181683,0.01118252662210147,0.002427596128093175
A00213,1.1314990281063919e-13,1.4564137610723233,1.9945157152037285,-0.17997932729419142,-0.008663837895238776,0.005926409139261534,-0.0012421464515657403
A00214,5.763083461707509e-14,0.3510445953671689,-2.785352055681392,-0.559362218029039,0.010409410749741855,0.00047848217950766456,0.0013596895161803065
A00215,9.032409061418304e-14,0.9949467121391166,2.603578642303239,-0.004047640541310399,-0.009679432623755847,0.004249910898121333,1.9022137998688308e-05
A00216,3.736749990145589e-14,-1.6557355707368122,-2.8496779800272027,-0.01762728302366275,0.00773419024936821,-0.004597160102105327,-0.00014553905446949372
A00217,2.3445535748568348e-14,1.0468958469178289,2.117808989741906,-0.10623248771214013,-0.009657278980633918,0.0049851049741312155,-0.0005258385793890038
A00218,8.047235656684959e-14,1.6830248947260815,-1.2033445144769979,-0.2064388453615421,0.007707620815680002,0.009058002722386244,-0.0033098836800703048
A00219,1.0494783067813351e-13,-1.1596763461290505,-2.357278725104331,-0.14158308487281826,0.01031039431794839,-0.005180099051327648,0.0006223565834750373
A00220,2.949443189499918e-14,-1.883684404731385,-1.718032702986833,-0.25774632884195187,0.007104055335919527,-0.008154300014572433,-0.0001059459418853552
A00221,6.583365495623359e-14,-1.6540477911150504,1.8137564727704496,-0.19685138296630453,-0.00818772207096138,-0.007217901618608217,0.0011123201825511062
A00222,6.708526979660162e-14,-2.5877374265919344,-0.5341965452732691,-0.13806580585945155,0.0029388922676616878,-0.010194328891683598,-0.001333706547073438
A00223,3.258511757516571e-14,-0.5391718763909568,2.6278829877674674,-0.01346419499888546,-0.010541093920888632,-0.002667185898446629,-4.898244073783009e-06
A00224,8.52490954483563e-14,1.681103674216806,3.13376762544549,-0.050164355291109956,-0.007369294757713338,0.004528737277869531,0.00016218361138298446
A00225,2.201771216001419e-14,-2.246425427643831,1.2727487650982092,-0.2961047435166251,-0.005551382176592861,-0.008419327582982162,0.002326997615850516
A00226,7.690598412166173e-14,-3.0962338476776923,1.1154321031992143,0.04566270573337085,-0.0025228448349396593,-0.009035230705911616,-0.00020641764870820594
A00227,1.711383122616307e-14,-1.042035800700459,-2.0345274030827594,-0.0030401556868787896,0.010092529794092173,-0.004351423194574169,1.575450359676215e-05
A00228,7.325392744880858e-14,1.4138482310251215,2.2936940093845224,0.03025843675510298,-0.008610669127500664,0.006143486678058622,0.00030251473680923053
A00229,4.701122212737038e-14,-2.478388783527367,0.28980815321803727,0.2510532894551252,-0.002804219445240674,-0.011174995174495326,0.0007583742942433445
A00230,6.823056690730483e-14,0.6651727264786529,2.1719313676074563,-0.1300598529685642,-0.010713225914860519,0.0033840016900143917,-0.0005575772746691416
A00231,6.543994834399955e-14,-1.9391114359186319,1.317018454559842,0.044352301734834426,-0.00611601373369645,-0.009223916190811213,-0.00017915581776517292
A00232,1.3697970244079872e-13,-2.164120252248871,-1.2115048317426416,-0.00018284003170781796,0.004793389696006268,-0.010142844588041464,-0.00014198548264659667
A00233,7.391672494497723e-14,1.8334320760859648,2.756007065384273,0.06959848263546643,-0.0074650998282564125,0.005582899660381455,-0.0007537175891396318
A00234,1.2348682789489329e-13,-2.40537747126872,-1.7723890731948317,-0.08303337442458991,0.00477008023678174,-0.008288627180112368,-0.0014493385172649924
A00235,3.404451272642869e-14,-0.8144732512799711,3.1411197577025756,-0.12297596925510075,-0.009330636932503494,-0.0017711401215655385,0.00012677363866985436
A00236,5.3118974039076793e-14,-1.8935239916560918,-2.5887186934400033,0.18953830202778854,0.007514881984900337,-0.005628371326608563,-0.00021696232381592735
A00237,1.1329182286168081e-14,2.5348293935536965,-0.976337367543407,-0.16202751847321142,0.0033538927024556442,0.009718894225491726,-0.00012132623064870032
A00238,6.347841189389493e-14,-0.481183160964669,-3.3057258026016543,-0.06819200166205386,0.008840013145332714,-0.0012099419474046733,-0.0007388175749486095
A00239,1.0088676088781436e-13,-1.9729775858462764,0.7228682651118018,-0.11499066768617346,-0.004560370915229367,-0.01103253670449625,-0.00033257929785556893
A00240,1.264541441740558e-13,2.0647897936144854,0.34678558421879063,0.1059899779220126,-0.001493227063006016,0.012031066273072802,0.0012227450036665758
A00241,8.537966759610894e-14,0.7497503329454402,2.8756711586053547,0.1720535590983609,-0.009956234530946004,0.0014976418277660084,0.0011891788044927928
A00242,9.65677937335006e-14,-2.7934814085286175,1.9297142845886173,0.2139924687282881,-0.005104762012102624,-0.007013578486765407,-0.001470317904932654
A00243,2.6744655950558385e-14,-2.098770940399749,-0.7651661146627137,-0.13718813245746647,0.0034745213430282867,-0.011010464091080906,0.0028027839636701295
A00244,5.613750403070491e-15,1.0012514288352934,2.5444618423518017,-0.0994178383083548,-0.009514509631366692,0.003953702851786233,-0.0012025305450223676
A00245,1.1944190853523041e-13,-1.0456076593356642,2.5709996055599134,-0.0029900496979828866,-0.009388520176087493,-0.0045159728130287485,-1.5569402341958933e-05
A00246,2.5201433863311225e-14,2.305650484963216,2.142813119341151,0.002736995715239655,-0.007065823783403184,0.006579917838086243,-1.3723343105597868e-05
A00247,1.3755183377315319e-14,0.9871701470308211,2.4814812083099658,0.02698228439987467,-0.010223543087305626,0.0034163286866588727,-0.00010700216899635016
A00248,1.414498376689906e-13,-2.711665593895314,0.003158901770435328,0.025157592371077245,0.00029743944324277504,-0.01019854281573039,0.0009185697586286863
A00249,1.4536625933325066e-13,0.8543389913237044,-2.835856934175565,0.6210969082948097,0.008722183843090373,0.0018738004393956597,-5.63838517452744e-06
A00250,9.297478524868708e-14,-2.7029522450918413,-1.0433615616090113,0.037431505173305964,0.003028543187642734,-0.009080391460228735,1.7449548168381972e-05
A00251,5.712522852691534e-14,2.603757940607761,1.1495689735219585,-0.07455241570033573,-0.003806362146154544,0.009426550601395967,0.0010538209108911878
A00252,1.2571073692319957e-13,-1.1248017443579739,2.9904464783335523,-0.029695747250756476,-0.008852043566692573,-0.0035501640504926875,-6.977951356273048e-05
A00253,3.088645193574175e-14,2.4113917071670845,1.4479979756505537,0.10169296855413543,-0.0053954718157755285,0.008215006814559764,0.0010209576470565512
A00254,6.478260614270125e-14,-0.3476514870897588,2.2295246070436403,-0.0031820964018610667,-0.01162465210512724,-0.00045439603915799063,0.001787560545394762
A00255,5.3863439067665853e-14,1.2029737583961169,-1.9952369581742053,-0.07600056890169914,0.009618885904768792,0.00609176467434615,-1.004412337967556e-05
A00256,1.3769887628302853e-13,0.9593375044020961,-3.1303809639094884,-0.042751732693495935,0.00885035764530911,0.0019221607874422564,-0.00015893236507464941
A00257,1.3876664210738243e-13,-0.14161580753973252,-2.779824891117535,0.13672774933540185,0.010741809522143,-0.0008751531095828409,0.000711301120095448
A00258,9.819918178859807e-14,-1.8140378640479993,1.3844681672386425,-0.7132409823827917,-0.007426834309184932,-0.007738450910637756,-7.3192523033250445e-06
A00259,1.670778605745487e-14,1.498425766936606,1.3223115715796214,-0.07269405587107483,-0.009268045979719084,0.008543958825816584,-0.00012045509322334282
A00260,7.274857287497478e-14,-0.41487349892378456,2.4986379832679733,0.15822101933122765,-0.011008441572636784,-0.0025582673859242356,0.00025490992974173547
A00261,3.701301228524987e-14,-1.7479460831559583,-1.754452254802612,0.35010888326537487,0.007359079102324025,-0.0072769485016712845,0.0005536330565504503
A00262,1.3350707530899705e-13,-0.8780436504820612,2.5156487113901354,-0.14866578062248553,-0.010307194388014135,-0.003993188656917641,0.0019317640011613185
A00263,2.0881230947442784e-14,2.0160390980165435,-1.0086616109777033,0.4886587187893305,0.0042837598653861055,0.010845591780927758,0.0004946396049858062
A00264,8.194254098848031e-15,2.1796323805901276,-0.08485069859830897,0.14463339344520762,-0.0004651582437728298,0.011721579479944793,-0.0013662985619415187
A00265,1.0627719082309008e-13,-2.9520377351462948,0.7657429575964957,-0.08956088210342544,-0.0018728180219319032,-0.009825883703162452,0.0014538734930711822
A00266,6.838743818331225e-14,0.5986245662292307,-2.43913594003342,0.013191985554094331,0.010198628026029447,0.001753115384412807,-1.4219987053770953e-05
A00267,1.2648399418449246e-13,1.5640336053068449,-1.8741895742131518,-0.018676700065712336,0.008002347242469033,0.007545097912230727,0.0001140643452879736
A00268,1.1259820224173541e-14,0.5091893570035678,2.660683634707457,0.07890543807653462,-0.009271802564266657,0.0010287143437368417,-0.0011692688969330738
A00269,1.2085826726388636e-13,-1.8519970547313842,1.4077318409976352,-0.05839160741796791,-0.00562027245092603,-0.00953409059488246,0.00041029529656714636
A00270,5.633169481307062e-15,-1.0734756901905127,-1.7700485716961385,0.3280322743256322,0.010077834973230938,-0.006466476982588147,0.0008828092656790442
A00271,4.235404861111899e-15,-1.061911444607015,1.9355256782451815,0.23598359606809857,-0.009377472538576414,-0.006468864841751724,-0.0005446473189085412
A00272,6.959886958493574e-14,2.0218533879468676,-0.3396996354650551,0.07942094328391924,0.0015306913251471278,0.012298739601081222,0.0023750068334147272
A00273,3.338655630354286e-14,-0.6912224626472564,-2.076021372524436,0.1979064641850924,0.01075895825516685,-0.004065389521398768,-0.0010650641344134208
A00274,8.957440564014151e-14,-1.0448594885219762,2.382349819260465,0.065473705234592,-0.010070573675195583,-0.0044910320174771715,0.0007046289604552727
A00275,3.8954937446614326e-15,3.0132098534593488,-0.3773023320364066,-0.03134789772780439,0.001562214853362575,0.009473930935318555,0.0008239304939867333
A00276,5.339697012955285e-15,-0.13855097306406644,-2.540063490696818,0.08263736410460619,0.010556017392498163,-0.0009427106744674154,0.0023646944217226703
A00277,1.0970485936578674e-13,-2.1312157951554207,-1.083573946666024,-0.04262110610067318,0.0047751647607419375,-0.010250942780592022,-0.001167915761590998
A00278,3.170796571360443e-14,-0.0991059066792446,2.6670781542248494,0.0193433904586298,-0.010466078228469762,-0.0015887653720545647,1.905102726119498e-05
A00279,9.903366944489805e-14,1.7847310168438801,2.854556816777937,0.41646026314613477,-0.007722653331706108,0.004424411335855964,0.0009207920406307896
A00280,1.1314070543084183e-13,-3.072145689972224,0.8246284488542509,-0.359250446784059,-0.0030410213557934174,-0.00898016319420745,0.0007996554764423112
A00281,8.95175204369415e-15,-1.428087283978892,1.719727968363383,0.025803166878867235,-0.008493330440600168,-0.007443479784223626,-3.5534371097985534e-05
A00282,1.1613271338532504e-13,0.3362613754963909,-2.4698786312374583,-0.19972303901588823,0.010441383407498938,0.00026919874466912785,0.00042481716602362114
A00283,4.04970137679562e-14,1.9494689653899908,1.47874974136442,0.7329968687693257,-0.006357712581032029,0.007967189390216102,0.001691598368308148
A00284,5.877101385183899e-14,-1.6212019476312778,1.5344795076209112,-0.280900766478755,-0.007428685010978801,-0.009166416559499221,0.0009675267416075812
A00285,1.3071693839687153e-14,-2.166326249952568,-1.934003302986137,-0.0013132931081869942,0.0069624415279460694,-0.00686492711156959,0.001624634209346519
A00286,1.2652398898624192e-13,2.4590337602667076,0.7976194115210286,-0.11991645164872546,-0.0038364103417149347,0.009963403786157784,5.163265550794594e-05
A00287,8.459724067697418e-14,0.10092318819482271,-2.3830570292541555,-0.07673044659976468,0.010497561520263538,0.001042933227696392,-0.00010822364681792473
A00288,7.613898056740802e-14,-0.45959872266852947,2.2850102838228357,-0.09610817039913713,-0.011348972661275086,-0.002379452945728319,-0.001698962697343358
A00289,1.4612565174029069e-13,-0.5233932890299099,-2.6923300102525443,-0.14237443680813766,0.009922751771130233,-0.002939494596150805,-0.0006376319371391065
A00290,5.0467139799162825e-14,-1.0543708587214173,1.8886014857555338,0.745026971343245,-0.010377901517622076,-0.0041876172477292315,0.0005948956189936485
A00291,1.3439171582358414e-13,2.4738274567066227,1.0689539377602069,-0.2970404093463067,-0.0033315812449144526,0.010532041667232239,-9.491177512780156e-05
A00292,1.0857928187576388e-13,2.1101736470600727,1.1110225478231213,0.0184390414439514,-0.005206385526729338,0.009120945655452831,0.00018340541706444823
A00293,1.4008685684347052e-13,1.6070918065556623,-3.0611204485166805,0.05873437536118096,0.007599669960017761,0.0045981008684817075,-0.00019816723100986086
A00294,1.369599279982525e-13,-1.2940986100194962,-1.8985540218842982,-0.04945497821541418,0.009913005212052373,-0.0051239860821977404,0.0007281383200110741
A00295,1.4951643750120237e-13,3.1359628787695017,-0.5728997036699267,0.31008517327628277,0.0020747697199516198,0.009198727857223577,0.0005401204822172544
A00296,1.9866477208303485e-14,-2.162204404408404,-2.071507457102227,0.028024923689447284,0.007047739577220171,-0.00741015863756959,0.0008652318775128218
A00297,1.2009490794987423e-13,3.1511412917472437,1.605078404768968,0.10526352019359246,-0.004561643005587221,0.007457282360617697,1.5491653787547678e-05
A00298,1.2137397194320056e-13,-1.5738435522758265,2.388411141887218,-0.2956172770513508,-0.008631850655005005,-0.005368880450820447,0.002438756820866733
A00299,9.72166610911997e-14,2.935114182871089,-0.9634138586610378,0.1170628462204144,0.00351018452019694,0.00899491097139713,0.0005148664230312679
A00300,4.2072049671608004e-14,-2.342810765779749,-1.4699842094333697,0.08000003616614572,0.004327892612179896,-0.009619673462281961,0.0005691221078433798
A00301,1.4561170967639588e-13,2.900917855067526,-1.1454108472638946,-0.46918539958109506,0.004468528311287394,0.008339912009263718,-0.0004591649931258442
A00302,3.084151983430727e-14,0.6863559954550326,2.274188473322003,0.21023108847091046,-0.01024611880430927,0.003417898869843482,-2.729678900214092e-05
A00303,7.537107119149565e-14,2.1898021179962663,1.64146690825432,-0.3092687921710071,-0.005462952735389415,0.008726272777284804,0.0005146518313787503
A00304,7.867687838320068e-14,2.91065564899429,0.42589523677592356,-0.0007734048996111261,-0.00043867552235911047,0.009560542490944604,0.0001684050313039223
A00305,2.4415576609889422e-14,2.639273647863305,-1.2972271390076247,-1.2322789192025514,0.0034039980810929038,0.008787378963906484,-0.001363510730190891
A00306,1.0900789258633519e-13,2.6281820086663865,-1.0471394442600659,-0.22693601565447183,0.004241866564616772,0.008715995577439599,-0.001620909151540776
A00307,1.340782631214338e-14,-0.9559138573265181,2.4655911582902483,-0.18986339881322206,-0.00952991909335674,-0.003194578433582796,0.0025779456272107242
A00308,1.0456765279648897e-13,-1.625132178886816,-1.8886562384156511,0.12357160903182003,0.008506242721825954,-0.00787748973171728,0.000694773268982846
A00309,1.2803049594497015e-13,-2.1784003280232795,-0.37142497260077617,-0.4913160351976993,0.002860286517842939,-0.011339537269146688,-0.0018479553754494047
A00310,5.271368344923222e-14,-2.2193607802666464,-0.6770580117467323,0.40290847227393595,0.0029821194752711563,-0.010626166100803145,-1.4107086666095886e-05
A00311,1.0703029623728366e-13,0.33683435648269106,-2.6568302847265945,0.005196584226203387,0.010430575559155839,0.0013234255581908543,-2.5038763517136587e-08
A00312,2.365288169816331e-14,-2.4922685416548647,-0.49989940853455545,0.3678166775489566,0.002111710438455989,-0.010613676190143565,0.0006085117919606586
A00313,1.2762820383856036e-13,-1.8401462941409705,1.6704692105452743,-0.03540816528296649,-0.006824507779393521,-0.008208778718944152,-0.00037622029693485504
A00314,1.4363282198588302e-13,2.199244203501173,0.8297695620186578,-0.08879901373990717,-0.005125076873458287,0.010365531370857257,0.0006397248198390022
A00315,2.3037287641372294e-14,-1.8144344211882117,-1.7207510832858484,-0.013640367310780575,0.007531290738848805,-0.007999770741595705,-0.0005539350795439719
A00316,1.0438083065483798e-13,-2.329655337914164,-0.30508139738860307,0.02546244163773562,0.00037929763360558267,-0.011521279796624114,0.0011252638294405092
A00317,7.631486677488782e-14,2.037695084799323,-0.9406618222127373,0.7393294585593038,0.006144300679838404,0.009809792475730768,0.00025900799964986734
A00318,8.018741446960817e-14,-2.535108168418729,1.7337964791484408,-0.26379317344724956,-0.005001348857941475,-0.008070606544666762,-0.0009656935647185616
A00319,1.0658808485442972e-13,-2.1985097453623186,-0.2582814890163797,-0.2137416204591347,0.0018683419826925297,-0.011715671130062425,0.002443734246755247
A00320,7.373642099726516e-14,-0.5205930640168649,-3.238444159844705,-0.06166409706709187,0.009310357120868987,-0.0015400826831352297,0.000560169941715343
A00321,9.057130219662505e-14,-3.0380875159037517,-1.1347923722876585,0.4464854956733378,0.0031331040308090656,-0.008856185493937638,0.0007973250562986566
A00322,3.483636912922687e-14,2.2410820512333824,-1.4088795435524473,-0.3112447401930118,0.005203014824011191,0.009067694098360057,0.0013249967156599536
A00323,5.710551350535466e-14,2.429377634801619,-0.6146682480300751,-0.12383879826478443,0.0018787161609912465,0.010621892612105681,0.00039802616120703047
A00324,1.3053867535396589e-13,2.11485026807829,-1.7471096698947386,-0.36150757367020403,0.007427857719896266,0.007058404635673217,0.0008318542049261259
A00325,1.65814136456693e-14,0.23789476366310064,-2.933798470911688,0.15384844646679938,0.010230427412112393,-0.0004374780292901139,-0.0011448894738404676
A00326,9.015624108225472e-14,-2.4418854910998515,-1.6583890762237303,0.647490556991668,0.0053069611680066865,-0.007607152004290156,0.002795931382802036
A00327,2.7803755844143906e-14,2.8426884831978514,1.0252565971490633,-0.3018715139241823,-0.004143058374126152,0.00896924874088911,-0.00024220535413155622
A00328,1.2771730669178497e-13,2.9387803353414568,-0.5918176202306488,0.1167027302745679,0.0002401670142088756,0.009394365798421806,-0.0006133181812419035
A00329,8.736043647231845e-14,2.994125002165425,0.021005296337071756,-0.016404759495136156,-0.0007793512376457416,0.009632103583478267,-0.00040522416931678995
A00330,6.080817500505346e-14,2.357215917572969,0.09877994767435064,0.1429167207138389,-0.0011983056789145537,0.011262975256116692,-0.0004122839872791259
A00331,3.769136686541498e-14,1.2266628674900506,-2.8251033528662006,0.309524139232413,0.009146276640740136,0.002770436727583829,0.0008168777241983045
A00332,6.590693996499376e-14,2.0402045547078655,-1.7122351996399525,-0.46840717775144775,0.00653901201946849,0.006129934373110435,-0.0034480158235551347
A00333,1.4447476711451357e-13,-2.6649038752727767,0.60796907302785,0.11199762903778182,-0.002603141749770348,-0.010444241339444094,0.000490823976008152
A00334,7.682453228552425e-14,2.5262668912650326,1.4715468523784236,0.001408232457216064,-0.005917170756746977,0.008483317971759217,-0.0005329920763694472
A00335,7.083204173079119e-14,0.626447936210589,2.4889414671976655,-0.11618101832348865,-0.009772968905362302,0.001748531780709363,-0.00048376482872867935
A00336,1.1259028186308028e-13,-2.78100963408692,-0.4245599790492413,0.7521621626263739,0.001081646935389556,-0.009888412543610245,0.0008083658294758084
A00337,5.718705447027171e-14,1.6368693985497225,1.246212843930262,-0.0036094944899870986,-0.007129134866600155,0.010096907777197718,2.443948815002089e-06
A00338,6.448563847595805e-14,-1.649827261649222,2.5107622537642245,-0.43859694178947134,-0.007565062223467695,-0.006112696582008074,-0.0009121759295178705
A00339,5.083555825521841e-14,-0.9290432194168627,-2.022589905626974,0.017613661797840338,0.010848943633752533,-0.0038004516043418546,0.00039965832139865037
A00340,2.2769654900029714e-14,-0.18015585489933583,3.418336537071202,0.2773820005754164,-0.008834736104451677,-0.0013515127061108493,0.0006656961893676944
A00341,1.0769237174892304e-13,-1.9636561773910741,1.048770155818992,-0.010401361668940118,-0.0065733795858596965,-0.009615244735974087,0.00044218567676248654
A00342,1.3171403196134378e-13,2.9393999387206384,0.6504443527078505,0.4548174962640532,-0.0027429827800690416,0.009689827177498235,0.0011337266611666586
A00343,1.3662659692134175e-13,-0.6302031978400312,3.0603919350254833,0.024612621841277053,-0.00900801710843412,-0.0033853886922387438,-9.87513525411655e-06
A00344,1.3288659150421976e-13,1.653090597450958,2.4123788529532515,0.19399335869304285,-0.00838998346130909,0.005065682173780798,-0.00024397474997755068
A00345,6.816079143642873e-14,0.5900746755658139,-3.0782990359121185,-0.10762367086683315,0.009300924373018419,0.002205476885175868,-0.00034812439618942556
A00346,4.285735947475531e-14,1.8244248541369434,2.136666523793038,-0.08251124612449079,-0.008478245433420871,0.006404380620695738,-0.00027360993273002783
A00347,9.624358776169489e-14,-2.721939208767765,0.8879199440625427,0.025714376855786272,-0.0026520646530942722,-0.010411608550255606,0.00059239309159629
A00348,1.440361277096952e-13,2.2560329619083483,1.0556651183579022,0.2944599435092207,-0.004900111422413455,0.008897499338664553,0.0029666250877850037
A00349,1.0969009710980468e-13,2.7830934201171385,-1.2137983086805118,0.014198991042485051,0.0041314825034119195,0.008480241618352532,0.00035526497625262994
A00350,7.465793983740533e-14,2.285076858200775,-0.2881122028252578,-0.021289475792243107,0.0018594592531954812,0.01088749928121231,-0.0006438503981006257
A00351,1.0392054370720201e-13,0.8404921374048139,2.639797236489118,0.4925283215060538,-0.009838623187066976,0.0029681659382818394,1.1209904125770852e-05
A00352,1.165527270707663e-13,0.6645546153717201,2.2756172206526095,-0.18849680080352602,-0.010484211055740078,0.002753558796716968,0.001538076107803175
A00353,1.3868997728362002e-13,2.1958782972501276,1.2278197371104271,0.004233567952506996,-0.004953114786206861,0.010162339182260042,4.963987159798539e-06
A00354,1.1514629990690947e-13,-1.9648186573488342,-1.5379715740275077,-0.7856001797547315,0.00622138905069547,-0.008901335694563032,-0.0017092079106100372
A00355,6.535564202639016e-14,-1.9397843721735157,-1.66768677995825,0.06411538144596096,0.007426879404961305,-0.008072057218435257,0.0007334612984622068
A00356,4.127931622459819e-14,-1.3931281193084974,-2.116919460489178,0.22621460076574013,0.009182351644436964,-0.005433868473202298,-0.0033188255844862017
A00357,7.5417280390055e-14,0.8183872713938888,-2.6565899566383155,0.3766432423103352,0.009888167991307146,0.0035580747269582103,0.0015955820148684
A00358,4.951246697395331e-14,-0.77681210618106,-3.2383226138016026,0.06766713870785294,0.00868429014985213,-0.0024246831381200327,0.00011664775589363461
A00359,1.4223470056965986e-13,2.3295021474439745,-1.3142626003832623,-0.060854375619536584,0.004961270982335444,0.009167106428664175,0.001449161491381714
A00360,7.663693446174457e-14,1.5691793531224778,2.2500234794055882,-0.3388788163053632,-0.008756848708076616,0.005634881143914396,-0.0002500117022019908
A00361,7.121929359400269e-14,-2.282896945863443,-2.3025866070311376,0.5567981711123933,0.006198611760350841,-0.006975904345683632,-0.0011767014970823356
A00362,5.253260911667801e-14,0.9370119443257631,-1.9550906124953478,-0.0719689738756034,0.010920555427160767,0.004649795874354291,-0.00019415799224043614
A00363,9.646736318902966e-14,2.0584468800652203,0.20862112778740316,0.009082557195218699,-0.0012670220230493647,0.012294405149504585,-2.4063961077837234e-05
A00364,7.84602551383756e-14,0.18041689433566888,2.0278558214525018,0.14003851153161015,-0.012385534449593965,0.0013369010104611922,-4.685666277632964e-05
A00365,1.9470018567317617e-14,2.632015159814207,1.5630267421401682,0.012896845907401998,-0.0051728362367040185,0.0079688723488323,0.00010354481362010951
A00366,1.3113724322787749e-13,0.40507381065544645,2.6238105943419465,0.10349560589812773,-0.009562783879764765,0.0013376781434451205,-0.003918836196922179
A00367,5.416450367886233e-14,-3.2814476543310027,0.4136932614290804,-0.12593505684432593,0.00019729343531897281,-0.008983994175084024,-0.0009320623976902545
A00368,6.526329107757034e-14,-1.6656470836903028,-2.4028648871859812,-0.2048106224426271,0.007857189327195894,-0.0060989852347308375,-0.0013264594833089195
A00369,3.102933981001326e-14,2.4588404311223933,-0.634997915390321,-0.24373441192489317,0.0018183869572741243,0.010438655844615948,0.0008149280552133762
A00370,8.349128168247906e-14,-1.4561869503765734,-2.7958966502067426,-0.0747252118322512,0.007744066794615413,-0.005601485993501141,0.0019330966043605191
A00371,1.059190315536631e-13,2.81786315179358,0.8973871808059384,0.0460134547573904,-0.003360721963639993,0.00948251559019547,-0.00022237408173689192
A00372,1.329412638976003e-13,-2.3810344965593506,-0.3085959918327364,0.21182684800201482,0.00011669630546769622,-0.01077082108873742,-0.0028971351114953055
A00373,7.786513190550435e-15,-0.3616867822873766,2.5780538110140085,0.02654000876816596,-0.010293458632375014,-0.0021039816613047397,-0.00026200473531779177
A00374,1.468463691068529e-13,0.5344219815573266,-2.376024842742741,0.2764632837417079,0.010381059027907286,0.003788396753521405,-0.0002542945237669199
A00375,1.0618496572156734e-13,0.34955262662296993,-2.1972969543271708,-0.2226184529463966,0.01157692858087532,0.0008651402902722341,0.0009672037068342834
A00376,4.289243540248071e-14,-2.2828995245957273,0.0426571128405683,-0.03787116819070431,-0.0009605181274033851,-0.011367326550303342,-0.00021812802124093877
A00377,3.084945814089969e-14,3.148065361852666,0.5465894499405357,0.30301177264638945,-0.0017658178971760043,0.009426321756372827,0.00019117944222070077
A00378,4.4671068463924887e-14,0.8959161562808967,-2.0504193119458862,0.45304355915110417,0.011535679067133998,0.0036351891067000048,-0.0005268000952615773
A00379,1.3212060014693761e-13,0.6230198099647635,2.4482779110438297,-0.06874005804151104,-0.01037115674498348,0.0030452766283874414,0.001086221259329839
A00380,4.3962323076843964e-14,2.2728676538220207,2.315154694989569,-0.2032911588597073,-0.00631386044210112,0.006466808034026723,-0.0006119122317811098
A00381,6.982598557988612e-14,0.8142168205715947,-2.475447511475632,-0.21550460208114094,0.010263395196562221,0.0037339694961418396,-0.00026601288945781777
A00382,1.0647468180793048e-13,3.763522517186835,0.025056615031033957,0.016609164092603917,-0.000535166621544404,0.008045881961632126,-2.515738796615924e-05
A00383,1.3155696949277683e-13,-0.5307479913703987,3.08433613240606,0.06771963973000668,-0.009461323096392997,-0.001371007590343161,0.00016965584008180919
A00384,9.935864767015288e-14,-2.2516056864785483,-0.019762140205404535,-0.02326211502007642,0.0003967581309132878,-0.012203569821967046,0.0020363604434346
A00385,1.1362153105208038e-13,0.9499720227903584,-2.7563323217307585,-0.9184332186388023,0.008426595748197848,0.0025869619041613023,-0.0001190344890291522
A00386,2.6150188618380155e-14,0.8777622318303976,3.334474495072744,-0.038859605392589286,-0.008656785673989531,0.002489918495900476,0.00015671455742181163
A00387,1.3237437371421945e-13,0.08617889474468873,3.0413247759772593,0.011491554209017568,-0.009689610525819105,0.0004521104366938965,0.00043834128677444775
A00388,4.159805245553093e-14,2.4401427488363847,-2.286487239187172,0.5695785043139094,0.006801816815214358,0.006060537080625467,3.927620550648081e-05
A00389,1.936882167635954e-14,-2.257856810212939,-0.04626656194491055,-0.4905557260988211,-0.00018701017022569488,-0.011164414098207363,-0.0006117944965517483
A00390,1.472857578228037e-13,-2.5712351665642914,-1.9132464701735112,-0.1968706631094506,0.006059544380761231,-0.0070420773834509445,-0.0019420969383627542
A00391,3.042176949932503e-14,2.305831699119867,1.0105096829760505,0.3460672573397415,-0.004242846707257816,0.01051397102117429,0.0003879958791631092
A00392,2.0617084678885206e-14,1.711952708274977,-1.698247628284562,0.01163940614075349,0.0064783863376650375,0.008431631151828937,0.0005107697904870294
A00393,9.444781365051314e-14,-1.931621593562067,-1.9591788475614171,0.1803344841547369,0.0067483809695239585,-0.008023549420857432,-8.404705116921004e-05
A00394,4.810715071672144e-14,1.0430417092406392,-2.907826169577051,0.9061794368231708,0.008383930500752127,0.0028777910243549705,0.0020239398761910054
A00395,2.011879897858294e-14,-0.5022343816482794,-1.9754869996116615,0.39837198109967364,0.011551274307668622,-0.0034254842997467143,-0.000803977948979176
A00396,9.069120180020096e-14,2.861429626337598,-0.9086980321374446,-0.4532053009034935,0.002407286932232592,0.008749429711767672,0.0004693665697123273
A00397,1.1450804346127596e-13,3.0714564200931327,0.43013503482146226,0.007007808076620565,-0.001694371220496965,0.009555569465114216,-0.0005265101898875652
A00398,1.196697556733432e-13,2.4833770310226346,-0.23209150291416866,-0.18353189860764088,0.0013447525070816463,0.010601903336596788,0.0010402869290662231
A00399,2.3462574135431112e-14,2.305166024039815,1.1144056588070794,0.2663110478731391,-0.004273080021931606,0.009945085174638553,0.00046780957633001216
A00400,8.401462607679006e-14,1.0790574869506118,2.345019830445117,0.40056439865652765,-0.009249585856854288,0.00527888684141289,7.129689800781775e-05
A00401,1.227595576126708e-13,1.5521071626033691,1.8496020628543726,0.07379851109963859,-0.008788396660582967,0.006832086552058485,-0.0001647481689722646
A00402,2.4303581316411188e-14,1.3372046205968442,3.050634537575147,-0.036755243502580436,-0.007761242955228892,0.004955802454514625,-0.00012123847208501806
A00403,3.133337080717873e-14,-3.0181007048003203,0.021367452596310267,-0.24599684385404014,0.00025026292761442235,-0.00970926858434289,0.0020715067121913795
A00404,3.6430864841101665e-16,2.364268545416107,-0.5050695393746765,-0.013222750582185866,0.0033928084826115256,0.009986550765184206,0.0005091585805441626
A00405,7.915167052277884e-14,-0.6713121934586407,-3.1037933484690376,0.22107935413060195,0.008611573373385382,-0.003603127220088554,-0.003066609205899014
A00406,2.937198669172199e-14,-2.2382229347485985,2.2875708865041404,0.21603596296914554,-0.00632854899421176,-0.007128218987231597,-0.00024110938585897323
A00407,1.0926644529487194e-13,-2.4388563330042503,1.3640609328024207,-0.21396208374665285,-0.004886524202748353,-0.008134837528411034,0.000554435422705032
A00408,1.4516899650053866e-13,-2.553600482550249,-0.9531695541966075,0.01623162301852082,0.003569933339669778,-0.010481444352933387,1.0852724696312007e-05
A00409,3.1495289315017114e-14,-1.7930316819914596,1.0514986709631768,0.014028572025196752,-0.006071094593099916,-0.010758761247764944,0.00012314986071777578
A00410,9.792928957039736e-14,-2.782540309096362,1.3441745739483804,0.05637913241983326,-0.005390680339801497,-0.008544943181565949,-0.000317021430436704
A00411,3.195981161550939e-14,3.090412377457773,0.09900025301276721,0.18604652280551034,0.0004943776943426874,0.009353267570670813,-0.0008225614676430409
A00412,2.717184411659326e-15,2.8772259713769786,-0.5932077876348857,-0.6129932826810983,0.0021631255376988543,0.009425331803628955,-0.0006478220089417183
A00413,1.1444301382981952e-13,-2.282613258303102,-1.3154246687895412,0.11624498528625221,0.004662916804970529,-0.008320058061902991,-0.0005403425925614354
A00414,6.547846786252305e-14,-2.2015385852322007,-2.2386083446562033,-0.15427853800881428,0.007613723197953898,-0.006096734499028154,-0.0007479196575178842
A00415,1.4284153729628025e-13,-0.054735957767575255,-1.8454576898006876,0.10754877308122143,0.013457748612032397,-0.00049740794903128,-0.000842761729021138
A00416,8.060781925658397e-14,-1.6082492553146281,1.5482538484046333,0.004818576408494402,-0.0077882034643300185,-0.00860147574100148,-0.002650175851419042
A00417,2.375982700761702e-14,-2.3902988873240525,-0.40433135776113577,0.21051946053417928,0.0026065046812524468,-0.010343990790049077,0.00029293554352335385
A00418,6.785764068089615e-14,-2.734370487449123,0.8106025693271021,-0.44432391596936527,-0.0028338057998592856,-0.009993984591449153,0.0002754435498368921
A00419,3.0610638103672744e-14,0.6048247424134954,-2.206255135026124,0.0034780896428310104,0.0108953260372604,0.003683629566431928,6.921850380730707e-05
A00420,1.3246813066161404e-13,-2.714045396151175,-0.559754248497544,0.7444134284860003,0.0029423620343911453,-0.010258158618233973,0.0006290965139241443
A00421,1.0423655542355507e-13,-0.9646918841658875,-3.082339965900944,-0.2175590783930544,0.008721204026996991,-0.00205117162464279,0.0006880413933625106
A00422,5.148294928141054e-14,1.6151768692274606,1.8307365559490885,0.20329747114110197,-0.006293410574859524,0.0076758156897099574,-0.0020361801273900185
A00423,7.96323650956863e-14,-1.0509044184189757,2.012577517208301,-0.0971674031390088,-0.009855209527424793,-0.0047834693860311465,3.712838319309088e-05
A00424,1.0100448434410392e-13,-2.141960951638201,-0.4526259298719484,-0.0541610358355536,0.002572151391521956,-0.011221989608877882,-0.0013988551456567922
A00425,1.1810966830573805e-13,-2.1433682377019196,1.972447287264911,0.3914279789393763,-0.0068663356046901195,-0.007003875851782472,-0.0008699465326181258
A00426,1.2092253246944957e-14,1.2896167362854873,-2.793913579073601,-0.1673515827239309,0.008680767174469922,0.0044659062018515515,0.0003065574354636629
A00427,3.3979039561733595e-15,-1.4276375602939901,1.482777102619831,-0.027750498157628808,-0.010217225746715724,-0.007708667994823195,-0.00029613121937467006
A00428,1.7267896774037214e-14,2.040229443511777,2.225627320831303,0.2565188749432097,-0.007729126354247542,0.006326312245433496,0.00026105372909996256
A00429,5.959330442775537e-14,-1.5990974195169847,-1.4213730935801492,-0.17087236796815608,0.007349462015022442,-0.009291930835093954,-0.0002768409204245015
A00430,7.04121844020868e-14,-2.611274129438941,0.03248640536129368,0.023191607100103373,0.0006036938284282823,-0.0113962035264751,-0.0007092712699367028
A00431,2.0588368244189906e-14,3.0375635971975004,-0.14837102539664856,0.39990317269996783,0.0011899348671431207,0.009930158254782991,0.0005131553338473471
A00432,6.203087309174575e-14,-2.695581085803709,1.081173468304562,-0.008473087613510065,-0.004318746626606053,-0.00936324565754627,0.0004015416562198109
A00433,6.662780644704863e-14,-2.6316206875776396,-1.2493100185426487,-0.2783046607846264,0.004469871440361868,-0.009066229655228068,0.00020497428717403465
A00434,1.6458825133535998e-14,-3.0207269898732787,0.5630609417525784,0.08434338839649225,-0.0015588921649982122,-0.00969469067129138,-0.0011680422078651621
A00435,1.382963139492977e-13,-0.9777501635279481,-1.9047571686205271,0.3268677020273086,0.010350267472516229,-0.004997383543522344,-0.0020754251414287343
A00436,9.039320640008885e-14,0.18254744145326293,2.2150918679558176,0.008658920874044254,-0.011766066674709226,0.0008469689181701981,-0.0004779031892455284
A00437,5.861857136459397e-14,-2.025954892649519,1.066504200497324,-0.08204672282679805,-0.005998729992495002,-0.009554531287107666,-0.0004131178847207149
A00438,7.647721521294188e-14,-2.348177370105488,-1.116447807641732,-0.27020028804366186,0.004952106387133551,-0.009032644027713845,0.0034284821164514514
A00439,4.740324558236008e-14,-0.023437046770405475,3.0898419339373797,-0.07199056204358717,-0.009581219527508397,0.000348449512194891,0.0006729478733739831
A00440,1.2889279454170607e-13,2.343576723168177,-2.0356342727540295,-0.1807830426692693,0.005863470923366701,0.007143669718821049,-0.0010232106873268266
A00441,8.675259745206593e-14,0.0904417260202014,3.2589624323371145,0.7182973538701258,-0.00904604295395102,0.0005436318495743457,-0.00029918207863148077
A00442,7.466506883294626e-14,1.350007052255945,-1.437084273627987,0.2001567746031791,0.0094722667815434,0.008450835908680376,-0.0027572182778854773
A00443,1.3742511078531543e-13,-2.8796542459483976,1.4404525000285764,-0.08700645448965955,-0.0037868873041493768,-0.008195636666504217,0.001831392326235357
A00444,1.2642588094893164e-13,-1.8971145943629795,-1.3944100233305514,0.1106215626621236,0.007342587528236364,-0.008289284182601015,0.0015946698848817297
A00445,1.2262732383483954e-13,-2.0934445220925855,-1.0352394359371768,0.38241631519511526,0.004531254176344791,-0.010347655336830339,0.0012032949135823675
A00446,3.403799688220039e-14,-1.6459179121457062,-2.1903769840725342,0.16059628487835523,0.00884978006934867,-0.006079586995872153,0.0008994407953099
A00447,2.3102073613077174e-14,2.6454923283430927,2.2154843012173426,-0.27541805762828186,-0.005833754714418277,0.006780933897199448,-0.00033416107608411137
A00448,1.0411485504800403e-13,1.060384511734702,2.5525833652262477,0.18397112862629555,-0.009382724309033256,0.0045077485790546365,-0.0005370751361788466
A00449,7.070421392334933e-14,0.7397229131039059,2.0472284454320397,0.7171372041284751,-0.01044754532534636,0.0032837661021416146,-0.0009720333569926957
A00450,1.0315173483851408e-13,1.7882576034508708,2.014730847391525,0.6860752944457915,-0.00745339660492197,0.007183151061469072,0.0009198928706788916
A00451,1.1475577152589822e-13,1.4050522280762032,-1.4596857191069708,0.07451266198682993,0.00913618611312751,0.00838970881399509,-0.00016214114775610366
A00452,4.455423360167261e-14,3.4277960828349925,-0.31390683526094537,-0.20435719686917392,-0.000655950138240655,0.008611509486636575,-0.00171943909752253
A00453,4.294550347071341e-14,1.9863313233126303,1.8553019227541854,0.08545234135539098,-0.006730475572518566,0.008427459818564353,-0.0005368957592928389
A00454,7.405189871905981e-14,-1.7062018762484934,-1.376648208116475,-0.030350173287660473,0.007073577904145632,-0.009632585875832735,1.3096394494536352e-05
A00455,4.127068575771105e-14,-0.8446074204562499,2.051941145320924,-0.3540054291389807,-0.010039268471174465,-0.005352743850500742,0.00016916200381901088
A00456,1.006748482549819e-13,-0.21235819733500103,2.0085743925967643,-0.24730442761891422,-0.012250459419808304,-0.0010010958770973353,-0.003438275712289745
A00457,1.1265917365299409e-13,1.808538289478217,2.576234857229339,0.14640851508567854,-0.008963452793152436,0.004010773928880683,-0.0007246006418318192
A00458,7.121666999101181e-14,2.5760171770769573,-0.3101530689020215,0.005963018730471312,0.00032526045671857617,0.010751284707915977,-1.0706581215324233e-05
A00459,1.0919963885792965e-13,1.9545051624974779,2.2073042916884953,0.49620098717462735,-0.007005269499216793,0.00688949715095236,-0.0018662091679146064
A00460,7.700984188027166e-14,-2.881627148480782,-1.0357870048225684,0.5424221740764131,0.0030402160382824507,-0.008781130684688531,-0.0011194738942237768
A00461,1.0755093298786545e-13,-2.4607178712649467,-1.1674912946748086,0.17208007608552972,0.004406165652924623,-0.009497400084690034,0.001364363154529277
A00462,3.394129625816321e-14,-1.6153189602102722,-2.026267970304657,0.12521478488681725,0.008441218033805525,-0.00509144554598069,0.0012545240773162052
A00463,1.11469207449379e-13,-0.8423945907598513,-3.007909011721842,-0.042602258617424345,0.009513146013397478,-0.002811590292167759,-4.2332267746088125e-05
A00464,1.0789073604986842e-13,-2.0438650132069958,-1.2707527934584866,-0.0806171560958399,0.0060337248028674555,-0.009493502970969481,-3.799682508255662e-05
A00465,4.022310897778002e-14,2.133600846543753,1.7177852282380641,0.005486367899321979,-0.005197854503775142,0.008969812674311127,-0.0013771856064168258
A00466,8.387943561686195e-14,-1.704726729358169,-2.526980928452928,-0.06978836667729567,0.008329255368657881,-0.004792399686510334,-0.0012890760691928907
A00467,1.2904074240529283e-13,0.05649022087525397,2.719828659969896,0.04502600278189712,-0.010647190052774433,0.0009387913004557651,-0.000361400064614117
A00468,3.76458003234068e-14,-0.47213870933198127,-3.1543864408374276,0.02715256982724082,0.009380299625244093,-0.0021103640354197114,0.0013439796977134173
A00469,1.1103722923887154e-13,-1.3468591470470763,2.263788638346861,-0.0218919891951727,-0.008579815361526735,-0.0046058873033592825,-0.0001597598350350178
A00470,1.439247568116939e-13,0.13607050306805352,2.931936386501448,-0.023044478756331473,-0.009597228297252671,9.371848068628601e-05,5.812379142845096e-05
A00471,1.30689781432634e-13,-1.813077234665873,1.5463434341764508,-0.03888876531333436,-0.007501093977946691,-0.008785637401687276,-0.0009031703052965298
A00472,6.057754116682684e-14,2.5160875369846454,-0.5354937881204777,-0.11456800106823724,0.002234879529745884,0.010551328561278982,-0.0013926771680708384
A00473,9.160948502552643e-14,-1.6505403815833164,0.8612453202426752,-0.1537254307548304,-0.0064039875140720895,-0.012005386164365198,0.0008386566766788421
A00474,1.4962813042473709e-13,-1.4991474448150988,1.7784927435685305,0.20557339564145047,-0.008788240253180844,-0.006709321241340754,-0.0007660864577968814
A00475,8.576023524383277e-14,1.5662971193596245,2.2312255711579274,-0.048558272146616066,-0.006813849591190284,0.006033903505532285,-0.0034588992885948443
A00476,1.735463230599785e-14,1.6435896559852339,-1.7770500935359637,0.10376660938681871,0.008030270942918565,0.007704088424546202,0.0003327977483761864
A00477,6.8546073125938504e-15,0.850965007857428,-2.147108430151278,0.1480077668327882,0.01067783794551117,0.005339742302371265,-3.280989302675534e-05
A00478,1.192346691721267e-13,1.424283458381592,-2.2638584406739946,0.2405154794992643,0.008794550550504035,0.006165440712836705,-0.0006857422754169646
A00479,6.391299541467986e-14,-2.5759627978013167,-0.11603716558399334,-0.27898060101524325,-0.0015028421785330678,-0.011086109879993696,-0.000629209292205082
A00480,3.723698138562196e-14,2.829266979664819,-0.5520485795796028,0.21026429485459633,0.0023971908847252917,0.009185268418375837,-0.00012504400989308022
A00481,5.2453525336692754e-14,0.5409550074942725,-2.5400927281594905,-0.005109815409419789,0.010327565374516363,0.002611346084019437,-0.0005986365882462496
A00482,1.1426478779718536e-13,-0.7750750550799684,2.262985442124711,0.15130195493024187,-0.010548163930248771,-0.003168764835802126,-0.00043472445551278216
A00483,7.019202474405603e-14,1.0479076863295553,-2.700187405549631,0.2013322510075401,0.008982222754029833,0.004119347969180135,0.0008774440876176578
A00484,1.3103037976850063e-13,2.0616402560587863,-1.4571286799946361,-0.07402205767594275,0.007675523502856318,0.007448601784735,0.00045985669664936387
A00485,1.1087818358221197e-13,0.4302634412346976,-2.2074935904089794,-0.025943941068899766,0.011121067834602164,0.0012822848157618952,4.0751064698698835e-05
A00486,1.4694929826423183e-13,1.8535326253727022,-1.6119113104340363,-0.06938350127526789,0.006669089639712629,0.008935077020287091,0.0015474493655129144
A00487,1.3404840984937476e-13,-2.5579670992078865,0.9096476880779952,-0.21291508381568167,-0.004692616410236371,-0.00920853181232213,-0.0004236804230010085
A00488,3.840385270514062e-14,2.0571505676052704,-0.2630175745950777,0.39776434619898887,0.001614395347654255,0.012123326728370312,-0.0021976507673976587
A00489,9.943228249937549e-14,-0.9706967614422143,-2.755461282347537,-0.12110645545303063,0.008636033689670539,-0.003926344406708479,-0.002593892252415975
A00490,3.0998153431576213e-15,-1.1778063210107754,2.0564922191923616,-0.4081650188546892,-0.010439639641713528,-0.005523689072214231,0.00044462848535974824
A00491,1.4952804227479171e-13,-2.026576162050032,2.157139743342871,-0.33388842512498734,-0.007631209412864481,-0.006146434891426533,-0.0015193988232745294
A00492,3.9378301726790024e-14,-1.1096542416764827,2.5205224123212924,-0.05691885780111756,-0.010087131074464522,-0.003197952843881014,3.972744960252482e-05
A00493,1.0029764758431436e-13,2.369784957051819,-1.9664692955344247,0.07095642643938388,0.005892145066879192,0.007218932248492894,0.001545260699923648
A00494,1.2811168245246263e-13,1.6904371712816537,1.588558575234884,0.014884863132659151,-0.007384355242459705,0.008886027384370835,0.0011381386980035277
A00495,2.4209688028347778e-14,2.5079557344469334,2.0518207896266007,-0.3488425975960407,-0.006251958087320133,0.0066894043849327275,-7.085420661556293e-05
A00496,1.2791943301322168e-13,-2.613169507626042,0.34263110912082634,-0.027065391119070123,-0.0008635665869913829,-0.010808651543555314,0.0006626202801103642
A00497,1.8479974510960368e-15,2.0106497144024993,1.966922139732138,-0.49041754004674926,-0.006173534320362954,0.00740457304681266,-0.000785139685947901
A00498,6.668126722982198e-14,0.07200465707799675,-2.689721914352229,-0.19771683037388546,0.010677889361996158,-0.0011832379537449933,-0.0007084490966185489
A00499,7.121647031220939e-14,1.6681987999817631,-2.019155170506194,-0.00548189689971068,0.008190342124951143,0.006467866681240244,-6.935863637189492e-06
A00500,5.643929246451166e-14,-1.5084970689667068,2.21749018456847,-0.007403831905302809,-0.007865452048626029,-0.00703798029916866,-0.0006695711003032733
A00501,8.846793640608288e-14,-1.2586659469476325,2.7732776137920316,-0.15969229200055735,-0.008822343274358806,-0.00411817886183313,0.00030005000861290976
A00502,1.3802209224601876e-13,0.09520661881219036,3.0370371497720448,0.13152788007582134,-0.010016566891494143,0.0006224711302659414,0.00016572132094176158
A00503,4.933310902400963e-14,3.383059292399082,-0.8278694121500151,-0.09554373320967782,0.001926834226584243,0.008541408147725025,0.0006787463461831227
A00504,8.739301417172002e-14,-0.523987544022675,-3.004887440752348,0.38832654968416647,0.008960798201934453,-0.0017682216171492798,3.1863909125980264e-05
A00505,1.3238262596894653e-13,-2.3414961089123856,1.9324015522598064,0.015467924081162324,-0.006956720764893953,-0.006178897717998955,1.4251688335821982e-05
A00506,1.1662174713976995e-13,-2.4785733670632246,-1.2643850944214994,-0.589513116728248,0.0036928599548720106,-0.009753923006523188,0.0018230332822022327
A00507,6.1459004704038745e-15,-1.2263100542367997,2.0853714627826783,-0.017045483850616307,-0.009640346697599658,-0.005678183154367064,-0.0003209350203573879
A00508,1.4223864903545668e-13,1.4838763154526844,2.56982037307645,-0.12022588319601249,-0.008091376032479296,0.006084771192533692,0.0009452405810230959
A00509,7.0380868862389476e-15,-2.64213140748784,0.30506598196370144,-0.06630104675895553,-0.0017143356071839925,-0.010499235902208021,0.00030662887475384535
A00510,8.882605900708812e-14,-2.0476403179420672,-0.676729300815628,0.3379429425980232,0.0028377449444324083,-0.011267846254979263,-0.00225497568898485
A00511,8.680367857746364e-14,-1.9742951366923343,1.0668243549780352,0.1861276477215563,-0.00517596364733144,-0.010016790316168925,0.001013622111624849
A00512,1.1864261609200246e-13,2.5496294351438658,2.1562047118289787,0.10035572989852366,-0.005644919338763578,0.007043123711399838,5.345827588622527e-05
A00513,2.2395996475501993e-14,1.4662378145668615,1.5979146408289093,-0.005479590679614857,-0.008046556150894273,0.008396211135757543,-5.154553165755994e-05
A00514,2.7061981447252948e-14,2.7391746623053588,-0.23694467808294065,0.023008226460251587,0.0013405961135262263,0.009557071330234332,0.00011316392562259931
A00515,1.1347032025354942e-13,-1.5854736140329446,2.1271390634237117,0.03036493518006587,-0.007613796189399552,-0.006852005801918448,0.0001031432709745639
A00516,2.2556174455101216e-14,1.5371306215087945,1.7650488546990153,-0.03277210168041096,-0.007895890024459425,0.007830550443003563,4.696129811695053e-05
A00517,7.082534243642842e-14,-2.3076092261809844,0.4845697715741925,-0.0071378053661286,-0.002007322051784094,-0.01124566829954502,0.0013579912790000464
A00518,1.1038370979456033e-13,-3.0721781200490907,0.43811094121968985,-0.010475915650183569,-0.002062807979684299,-0.009203898017658186,0.0018274472511855564
A00519,9.825289161660752e-14,1.830237312839923,0.9885901153279901,0.0005259683008662681,-0.005140290244896991,0.0108211133320259,3.2824645385203076e-06
A00520,3.177420088296149e-14,0.7729397775069721,2.9143108893578997,0.19240620890259577,-0.009639747074488617,0.002443458723724172,0.0009371267192099657
A00521,4.585876258910971e-14,3.040893056617191,0.165944197589971,0.2503261269762212,-0.0012020786299591817,0.009837706423240767,0.0004832092016261118
A00522,1.4618903076104193e-13,-0.33822661000093196,2.598425191849247,0.15628625245341948,-0.01036931499438141,-0.0008207945700187595,-0.0008988434546280128
A00523,6.769110792511077e-14,-1.6944174480807181,1.3399869657771608,-0.19438051677987073,-0.00651957046761115,-0.010037957600211176,0.0007832424498692722
A00524,6.70776952804806e-15,1.811340500780417,-2.5213908485119876,-0.01623827501513348,0.007354471280333173,0.005436889908482506,-0.0014022261675267036
A00525,3.3129114472433746e-14,-1.6097692941746877,1.5674257844433586,-0.5584004562197922,-0.008315264958153021,-0.007153326988653633,0.0019421003224151235
A00526,5.166343191673077e-14,-2.263994850638085,0.7724298912345651,0.033834200908886926,-0.0023143573423400478,-0.011232293656443152,8.85096570698107e-05
A00527,1.507927309936642e-13,0.9670022534912731,-3.125916466183876,-0.0062089297906238175,0.008347351834828067,0.0034800437603405743,0.002846801547234382
A00528,4.566735306619065e-14,1.6006370951584605,-3.1528648330809976,0.24039050309617122,0.008354565409685223,0.002709714726251905,-0.00021533845317380908
A00529,3.982825106194566e-15,0.3022218951463509,-3.279921897889539,-0.48425824436049036,0.008811494767074914,0.001318924008565299,0.0008930362311110536
A00530,7.738460240537863e-14,-0.023763884258662816,-2.7529539800794565,0.15194903678131513,0.009694467179048417,-0.0010093924852333286,0.0005779069932784793
A00531,1.2613985570216372e-14,0.7428921233013535,-2.290590679533034,0.08177117377750366,0.011437421357215986,0.003709446223118145,-9.308865416450009e-05
A00532,4.13488790583302e-14,-0.2162962296171337,-2.737765077091011,0.06533790851379674,0.010623277257255823,-0.0005909706055157771,0.0014804870242929088
A00533,1.4972061959446492e-13,-0.38953209893187835,-2.791410948808526,0.18842475239723017,0.00966868374737755,-0.0010365770520479425,8.578300495227938e-05
A00534,1.0630879572763351e-13,-2.9601805271421853,0.05769001570948989,-0.27749351984513126,0.0001634576992898136,-0.009726996683090988,-0.0013620047815062148
A00535,7.644539831243028e-15,-2.0933664971937738,0.649353208773949,0.28068882812478047,-0.003075778750089221,-0.010914828700588066,-0.00019930146854122107
A00536,6.769353668439565e-14,0.31877848262178277,-2.3870675280947804,-0.49522786770566624,0.01060654630637967,0.0014568253216966796,0.0006925290900588623
A00537,2.5895327639412293e-14,1.9362994849091724,-2.0161328254799407,0.0518538108079778,0.007795399816938103,0.006484985870020801,0.00048503754140196
A00538,1.8549072390320185e-14,-1.6821476947205665,-1.1519638000911,-0.256774532541641,0.0074020836961805085,-0.010277148725679888,-0.00011511140379964237
A00539,8.857062814084561e-14,0.9106498067560037,-2.280741006675105,0.09316654028589237,0.009574772819920798,0.004517286651365015,-0.00023713951337729015
A00540,7.628843343685098e-14,-3.0773092017507344,-0.5539919934304265,-0.24457255648742068,0.0018774721183245793,-0.009505831392997736,-0.0002820620753748065
A00541,1.1207623571291906e-13,-3.309058803998412,0.6747112545205511,0.6943598621610132,-0.0016880410759694184,-0.008827268991754943,0.0011335810880816598
A00542,1.3462208439822058e-13,2.562505735786416,1.2750053718885122,0.08047681314374354,-0.003473454258264053,0.009325229464599953,-8.371799860924324e-05
A00543,3.721721250390559e-14,-2.7428629756671374,0.6539501081801231,0.28574138695255363,-0.0029843600688251996,-0.010248126427462404,-0.000473684108187325
A00544,1.392516221037443e-13,3.2001513071789067,-1.1407801136458438,-0.04479156941114887,0.003440589340751191,0.008483141247939493,-0.00010714995916110616
A00545,7.814953897944455e-14,-2.130670025253686,0.6322526703827183,0.009367674844448158,-0.003940145488360992,-0.010969422347264394,0.0009561261860754379
A00546,3.905073580220821e-14,2.116113456675221,1.8695997468306293,-0.003979904188611471,-0.00719291000010483,0.006705632636226764,5.302975959237455e-06
A00547,1.2760358750443543e-13,2.0113678519262868,-1.340137838904248,-0.061024450316602565,0.0055147613604778715,0.009685559840317647,-0.0022239118471791873
A00548,5.36087538599462e-15,1.8834564301842467,-1.2759583505068348,0.09088250427382899,0.006978717290915831,0.008679771900582195,0.0007776316351098163
A00549,8.441326936413961e-14,-1.8402818900968447,-2.4964107057045846,0.47188383012237844,0.0070247908854684914,-0.0062231482986639,-0.001645172718612595
A00550,1.0887101082111118e-13,2.585182810418199,-1.0302483853830908,0.07901966810931095,0.002766322982617328,0.009563621384884197,7.434051090723087e-05
A00551,4.2240529738520477e-14,1.3066607056134965,-2.010664720401573,-0.6054428523504285,0.010214006978301741,0.004872696855835734,-4.9619187339668166e-05
A00552,1.302748906330233e-13,1.8794147119472469,-0.3767947797816585,0.055161376213592496,0.0013707841026017887,0.013258502639350583,7.9587070793907e-05
A00553,3.625205747274643e-14,2.255406419334211,0.8353484792675977,0.6173283882322255,-0.0028684040155528825,0.010075734878506515,-3.67509771338038e-05
A00554,1.2671171551254936e-13,-1.2190973136319552,-2.6500514568218736,0.7742781617090957,0.009003813383215748,-0.00475485312398342,-0.00036298544510538297
A00555,1.1850523570772172e-14,-0.31776841039879694,2.0913999273501713,-0.06347649601037865,-0.01178458028172046,-0.0013582847752826247,-0.001087834567462375
A00556,2.412866054450785e-14,-0.8019117410270361,-2.201943157028856,-0.022257666968916227,0.01070509314884346,-0.0037803728363539975,2.1308660467739402e-05
A00557,5.747936563588516e-14,-0.6894529230252993,2.4206641697599056,0.005979623948728652,-0.01061769393426286,-0.0010871513618387811,-0.0005413005172601717
A00558,1.2885122721687577e-13,1.625028668065214,-2.3639489098849182,0.12000415833230753,0.00746168249301786,0.0061759875596896965,-0.0014486539001290516
A00559,2.1813990129430973e-14,-0.18615678742386488,-2.694741990115133,0.204649673080805,0.010559290129502094,-0.001353160835201506,2.2199188200206496e-05
A00560,1.3207722344316618e-13,-2.5991268822813027,0.11304556912712188,-0.40841155877023694,-0.0014052191765888489,-0.010643020453490042,-0.0005398010761497509
A00561,3.465992861461903e-14,0.43424478483634255,1.951425687582497,-0.07127849977317889,-0.01255043900769213,0.0015187517455855016,0.0008877468196194299
A00562,6.827011072329984e-14,-0.8403499169552988,-2.021655856787723,-0.04957108791943595,0.010229209894301294,-0.006536273099343846,0.00025538389908010857
A00563,5.3217281902013646e-14,1.8871841786907009,2.2820852170007337,-0.05562139928372915,-0.007816478798561231,0.006557596678153192,7.726067432734929e-05
A00564,1.7822119447681107e-14,1.7160455247335782,2.6156886402705384,0.061780638587916444,-0.007720720661919061,0.005069372317503406,-0.00013457798786183073
A00565,1.4246781573068868e-13,2.122897195758358,-1.5772867544755076,-0.36020376151430256,0.005608898971674335,0.009301654744914388,0.0007427434262566214
A00566,6.610813793890443e-14,2.7006926809783054,1.8435221401471031,0.12518511982524996,-0.0036599129503029513,0.007993109321315316,0.0010562656046661022
A00567,1.0415027034634518e-13,2.487081592919681,-1.232898092652644,-0.27480393117599816,0.005675159965799313,0.008785489652902405,0.0020447886223925508
A00568,8.679071232230442e-14,-1.2038575749410485,1.5480267259948888,0.01590896486184523,-0.010063290533989213,-0.007953741551466054,-0.0010994791522213386
A00569,7.569401265281618e-14,-2.5232484078312494,0.9167002033240265,-0.08885592987116665,-0.0025760787527386204,-0.009856056140634933,-0.0007982211989841543
A00570,9.302311349400853e-14,-2.416534384510365,1.1189426667483084,0.02327379626719605,-0.004034016921859616,-0.00991381674645961,-0.0007161808860153118
A00571,1.3553274302273734e-13,2.437503153795037,0.6410457662219565,-0.08642165383447903,-0.0038337517508699155,0.010040370435073444,-0.0004475625711454697
A00572,1.0550524443207952e-13,1.3673395736005227,2.997336854321434,-0.09053015694895908,-0.008743981806534492,0.0027404725252476066,0.00035307677806462235
A00573,8.033537913897965e-14,2.7493468880017162,0.40559104174765925,-0.19080154107084735,-0.0010587755490096282,0.009972493259798546,0.0008396423144113913
A00574,9.733923218043632e-14,-2.7067326394753963,-1.902733533652554,0.012161013573893532,0.004159712795133859,-0.00801414091118376,5.1037487839033214e-05
A00575,9.148676005090646e-14,2.1418234166553574,2.2926290644467886,-0.11434108031446577,-0.007228481349836541,0.006370207383898257,0.0005652486753117287
A00576,6.534517952228923e-14,1.515389689897239,-2.299102284252467,-0.06562652043913812,0.008163627355075044,0.006211115959425629,0.0003890231385717208
A00577,9.425818758901314e-14,2.754142667959724,-1.2723774233561933,-0.3878152976864029,0.004226943305503826,0.008731405502462096,0.002501413353542131
A00578,6.692155098113067e-14,1.7815935974199086,2.252610484519302,0.0006026490176166059,-0.007677615105882743,0.005933545121803473,0.002399560076730154
A00579,1.14301224432451e-13,0.5577046458253894,-3.335118884472524,-0.04442162023894557,0.008942035952566645,-3.983489124650293e-05,-0.0006246376993385151
A00580,1.4617961354418326e-13,2.555092317918291,0.37698336074059086,-0.5519564796675758,-0.0012381556245252407,0.010135127738088077,0.0010454349827454714
A00581,1.4481468032397334e-13,0.5105930262943104,2.82708574006734,-0.001044221443152492,-0.009713476210531074,0.0012519206733166775,0.0001479776057205916
A00582,1.2382430471252154e-13,-0.5889421855185885,-2.928060004252117,0.06961148092344258,0.00923128453356852,-0.0022161756080366223,0.0005390594071356233
A00583,9.078742317407277e-14,2.080025732360939,0.38205066304809215,-0.6064389675736147,-0.002761816123714708,0.011253489670871496,-0.0008464431884275603
A00584,1.1305166640142124e-13,1.178014664645959,2.432757889093746,-0.05649503700107881,-0.009265901233481175,0.004172002851702291,-0.0005039664140247527
A00585,2.686251767890441e-14,-2.858769770822627,-0.9886562343644831,-0.1365483561879804,0.003304298036360118,-0.00962685492844396,-0.00028282438992091277
A00586,7.226966369908496e-14,1.9121781286015795,-2.1595070484559358,0.8685238297565975,0.007088258219241449,0.006510333723015177,-0.00028861401987260305
A00587,3.8819882720204127e-14,-1.6421115021389063,-1.816442612151399,-0.10782479052892877,0.008256564449837729,-0.006694707859929126,0.001182138618565446
A00588,5.277881174083689e-16,1.6058527438528545,1.6726459001485894,-0.47065721152065004,-0.008483010228914139,0.007689593531546379,0.00025197459675412845
A00589,1.4585148665257616e-13,0.9158234197991624,-2.3896303626280586,-0.4348396418064071,0.00942976334087445,0.0032254126482516255,-0.0013115994080618934
A00590,1.303286972933917e-13,2.279026439812108,-0.13102563736456782,-0.10061763274909727,0.00021548502465210895,0.010909271232942759,-0.0002445864503775483
A00591,7.75018339941561e-14,-2.98197188978665,1.7257485342613632,0.0067860997412204265,-0.004565074224787526,-0.007689900736288626,-5.480282430346146e-05
A00592,3.8344270863233505e-14,2.728216161134365,0.28243544275120475,0.3171301469452132,-0.0009584404896111513,0.00991819522857196,-0.0014681464268785375
A00593,1.0454916095518706e-13,-1.0672882730513908,-1.9133514855224125,0.3287899253963634,0.009969374612753618,-0.006671759621926774,-0.0020748476737241037
A00594,6.5598621333937e-14,2.6516405853668354,0.15044362153173774,-0.1519138008788666,-0.0011714650670106624,0.010624805507658461,-0.0015600209250491996
A00595,1.21201253565443e-13,0.5812921884962683,1.885802981763913,0.1948591341201423,-0.012031220641591501,0.003344958630293515,-0.0011405252482037604
A00596,1.507970618295346e-13,-2.8263982738488007,-0.4700925401228959,-0.062447290660325644,0.0019415783518206993,-0.009044782071710852,0.00017196165714953562
A00597,5.266633802086707e-14,-2.4616995238128525,1.7328182730947719,-0.1548845148862916,-0.005598081993087294,-0.008043064859171795,0.0003301770179616478
A00598,3.6873409526103414e-14,2.210448688696472,1.3419029521766939,0.6390654624683415,-0.005530326430628393,0.009306302181649014,0.0008612050481679037
A00599,4.034030146592037e-14,1.170616631254307,-3.338071602909009,0.17100126988207645,0.008097145115512513,0.003346091963645211,0.0003660809250524596
A00600,1.4083582029377315e-14,-3.0110570093278755,-0.7137997784690773,-0.6249828235548563,0.0012190523247103693,-0.008833570084896134,0.002120799512250698
A00601,5.944996147985643e-14,-2.0001877654547378,1.921929289265969,0.22984218254616576,-0.006179037665664277,-0.007998403017083757,0.000250247883773002
A00602,2.629407730576813e-15,-1.9877887847079654,1.9662087136600765,0.5788338493452572,-0.007527006052286211,-0.007255133591995432,-0.00021283396747425433
A00603,1.725927613935603e-14,-2.433249128811312,-2.074147244690654,-0.06490865753517311,0.0063134888040733295,-0.007269025530385356,-0.00014615160335997845
A00604,4.0991039586241597e-14,-2.885454847676364,-1.0585701421096336,-0.008141837219553655,0.002421865506476665,-0.009355227906522611,9.200044352198548e-05
A00605,2.411888180866109e-14,3.2356265867560485,-1.1765310719380109,-0.033143643743224975,0.0024352348767372003,0.008629673154112385,-0.00046266868482741316
A00606,1.1046080538862447e-13,-1.3043347762034352,2.7945406606263523,-0.3498056701123979,-0.008663510409010677,-0.0042683614436262,-0.00011315865660501408
A00607,1.593301968628102e-14,2.879621628230675,-1.1621940856578918,-0.2930709260983583,0.004442214878401556,0.008638509374412413,0.0008557964571720261
A00608,1.3065239380692311e-13,1.683172640467491,1.5535400532807844,0.3934872810788611,-0.007260096472324277,0.008271527884087726,-0.0005195636604051774
A00609,3.33598847348877e-14,-2.0226619495575533,2.0701786900419905,0.4663182496015467,-0.006889043586177896,-0.007368815136183417,0.0010110266306400854
A00610,1.6383489064885736e-14,-2.3725014415562353,-1.4987066627122803,-0.3800854682218368,0.005660496849846516,-0.008059084192910482,0.0003648671772819344
A00611,1.5252848786922241e-15,1.8663014129331896,-1.6467744209798592,0.2731732296593893,0.00795292007051471,0.008060761634579625,-0.0008401226310740322
A00612,1.0790295357316911e-13,3.143469925210725,0.0494431720910897,-0.037623635505366,0.00013976096097333197,0.009223848033281636,-2.0331343766014978e-05
A00613,3.8716081793950456e-14,1.1617871216345472,-3.1364257033828573,-0.15638390457498197,0.008862662920019764,0.0027565219865313246,4.9434283670629834e-05
A00614,7.686818108532052e-14,0.2583085739535449,-3.4859377624660763,-0.07424299624714394,0.008794934749054165,0.0012754403991307034,0.0005509689185564346
A00615,1.683993340890235e-14,2.453971301712471,0.7729005393442735,-0.25931383791749707,-0.003470711584650202,0.009690631581875808,0.0010388382266424542
A00616,1.4865137099124028e-13,-0.6314303702902876,-2.661290274268473,-0.026581720062201913,0.010538943227995961,-0.0025506024471537796,-6.68326349290735e-05
A00617,1.891720585990612e-14,-2.57010341376676,1.9723230441006163,-0.49616085611591976,-0.004876828502083081,-0.00757411071808536,-0.0010290656543693005
A00618,6.214746315842674e-14,-2.0440784549490134,1.5458320535190484,0.03206568858970295,-0.005623562889588895,-0.009050806414428061,0.0004266018961245454
A00619,1.284882341955561e-13,0.9138715938783692,-2.046540739853447,0.08576514850809631,0.009953345347840517,0.005682862315894379,-0.0009386901016305803
A00620,3.694641591634451e-14,-1.895474032708324,-0.004213195998343664,0.2208624905050976,-0.0006829699767817388,-0.013165106237597054,5.200966438790564e-05
A00621,4.0278338940022567e-14,-2.538946330697339,1.789728107840917,-0.2558466247026107,-0.005611204338036817,-0.007304219157970424,-0.0027880911683277197
A00622,1.2197822761605856e-13,2.6186789094834126,-1.21034834591214,-0.1414782269569443,0.004370095410458989,0.00866326357978494,-0.0004411503606308192
A00623,4.12390550614023e-14,-2.7888074808752825,1.4889926294110196,0.3062855257693581,-0.005412560447676519,-0.008193924341294422,0.00032183379812850783
A00624,4.3369548302604445e-16,0.482051017474225,2.9120782702803956,-0.3460257630602338,-0.008916386248003583,0.002232220501755571,0.0017119747417180776
A00625,6.455952980596361e-14,-1.3496078854046651,2.7995636128536296,0.24224792197939748,-0.009032669141350164,-0.00413822795772795,0.0008595668206523945
A00626,1.8916807235376036e-15,-0.2509814775322884,-2.3585758325805415,0.20860210649848868,0.011266527074418203,-0.0023301875829585673,-0.001623891289680824
A00627,1.3726019268911585e-13,-0.3658425111705604,-3.123537737110202,-0.101111307171318,0.009540574048965791,-0.000636425637276159,-0.0002122132540670624
A00628,9.683038991814919e-14,-1.3596527855561256,1.668681540821937,0.559733677869301,-0.00916101949962266,-0.006846330130922175,0.001088405161103176
A00629,8.79594345663281e-14,-1.2513374244939806,2.526669353557037,-0.22961668414444592,-0.008714673946217898,-0.004973184704597649,0.0012625168208089824
A00630,3.041416348710218e-14,0.1475098550979958,2.9524676662954863,0.17165428819658585,-0.010111086374364597,0.0006572829286768908,-0.0004920477188254928
A00631,1.0560086683852685e-13,3.3067689953551533,1.5226135738529027,0.052183552019406,-0.003822717371622835,0.007253397331323142,0.001625783772982101
A00632,1.0217741069709881e-13,-3.400354775033099,0.569219411696592,0.04231423830719514,-0.002120808656648575,-0.008469002556344118,1.1528975385521375e-06
A00633,9.122597632368382e-15,-2.015272660925193,0.5997804422430295,-0.01661047917986787,-0.001411788091880039,-0.011930901663484258,-0.0003080727473804698
A00634,1.3289316831364866e-13,0.3403326848682845,-2.4804624452670363,-0.28015841821248993,0.010558219401682509,0.0023450961067593315,0.0014183134954878635
A00635,8.741616894676747e-14,0.691067237616147,2.2212563781952186,-0.04050611700880252,-0.00998444314513899,0.0038834839189752037,-0.0013471500403552496
A00636,1.1955939583936495e-13,-0.27030718701019,2.309919439633268,0.05616227587084952,-0.010785384429997576,-0.0017102964034032132,0.0014885516213266167
A00637,3.966615474439199e-14,-2.8801887989440393,-0.42609787450061687,0.048445623492692866,0.0013147304896296396,-0.010023548348737709,0.00022327507160558
A00638,1.8413764290251545e-14,-1.771158606128095,-2.739738460847868,0.12220748866440921,0.007767489089441061,-0.0045094676988109185,-0.000999993378352842
A00639,1.0597855110032446e-13,-1.2992679147395998,2.5521340372995613,0.5076912914986729,-0.009213387664875351,-0.004523518205452613,0.0006660422766007823
A00640,1.1977299732651855e-13,-2.6122391120199375,2.010188056677579,0.07515053493795922,-0.005602877309596662,-0.007040112170197833,0.0021266340015491233
A00641,5.82410969500439e-14,2.8293275162926137,-0.2673435364646877,0.17763060082244372,0.0032450686011373823,0.009845990414159612,-0.0008400098294278607
A00642,3.574938974497003e-15,2.6032296472971606,-1.4192082358820521,-0.09343696193160983,0.00454915398242113,0.009006595130766045,-0.000780294631252397
A00643,1.234498831474122e-13,2.1866993087002133,-0.3327661369310278,0.09122267828094398,0.0018235691967825025,0.01121739473982948,-0.00040825445163177607
A00644,3.1093738303935124e-14,-1.2654534540856357,2.0783091973885264,0.1617853727895431,-0.00884435551412741,-0.005754582602524933,0.002685480003148839
A00645,5.1150001527458075e-14,1.1685933626114555,-2.8154532843953417,0.059587008292393835,0.008979489637574372,0.0029683078147347353,-0.0008635896311707972
A00646,9.478125096286657e-14,-1.3821362134167738,-2.884436007953403,-0.001969322306127271,0.008329898058444207,-0.004645480856762513,7.1768338614194265e-06
A00647,1.5080597549206982e-14,-2.0691982183951985,-0.12721045397771208,-0.19800300260370637,9.256212369581445e-05,-0.0119807458623629,-0.0011210683962883058
A00648,1.0862450952628304e-14,2.4571947917746804,0.45103532470755336,-0.26082430181004534,-0.002606455669997919,0.010907503154629405,-0.0002621644310245332
A00649,3.878411929177057e-15,-0.8897320254632101,-2.708009626214633,0.48403021554607867,0.009728046332420057,-0.0025668569262239736,0.0015382930628151644
A00650,1.3829328148374197e-13,-0.6042121307635514,1.9940428371557537,0.022857386246570206,-0.011584547019937719,-0.0031272061169391706,0.0011463818626947938
A00651,4.697858750589772e-14,2.6079213827225978,0.42407780344886237,-0.043503591174871424,-0.00321594523500474,0.009858895411449973,0.0009926363123313126
A00652,9.967361030155066e-14,-1.7607658158451807,3.0971047957585083,-0.4325124105630369,-0.007407916628262388,-0.0038014402876919975,-0.0015485515268630116
A00653,1.4924569416188006e-13,-2.651174374004984,0.052147989120753045,0.06964477587471082,-0.0003376546002470004,-0.01104089328622201,-0.0001463680573195197
A00654,1.010000495948088e-13,2.7245987331653607,-0.31206838750919974,-0.07340097480159533,0.0008232129940969374,0.009479398947155446,-0.0006828088423570167
A00655,7.922116685796524e-14,2.5333303154555544,-1.717665842193222,0.03275909451769615,0.005723767548861237,0.008091938897353233,-0.00018505034407665446
A00656,7.859130846089609e-14,2.1186015390228983,1.2482652126092764,-0.27654737329394724,-0.004497866270433901,0.009903915271594116,0.001547400350732944
A00657,5.686571465474312e-14,2.6332608724074396,-1.816420886401912,-0.6187084721412961,0.004620362807321316,0.008034033954415978,0.0008470698067173874
A00658,9.04888165307345e-14,0.14599497471992787,-2.512238797654139,0.15192441631393497,0.010637753113881935,-0.0008402082478258499,-0.0009391230750479812
A00659,1.446526515724762e-13,2.515997920769265,-0.6993922720618103,0.0006777545308389837,0.0022685700114997488,0.010744722261646062,6.472943985366332e-05
A00660,1.1889212412832948e-13,-1.2836440740057977,2.396810344257646,-0.03307429178560466,-0.008580481148827741,-0.005406377600169464,-2.069781549645e-05
A00661,6.400325923114466e-14,2.1037369642464783,1.021833102275676,-0.3025141059762947,-0.005518795586244892,0.009872569246437141,-0.00048735500515392365
A00662,5.015620867547961e-14,-3.019547466495273,-1.6279059359390298,-0.006384356282956411,0.0047294818581818734,-0.007560909387121797,-6.596932259500517e-05
A00663,1.3329825210106607e-13,-2.273435454419616,-0.11274716639077723,-0.0007203648712444295,0.0008803012464760635,-0.011531291257002555,7.209074772198869e-06
A00664,2.0486410105333503e-14,0.08626621246975304,2.3958133583683963,0.31420549072760345,-0.010350664895389184,0.0012762711595028385,0.0010831346405311983
A00665,1.2817680302143535e-13,1.1696474268818575,-2.398929068330832,0.44645689741515826,0.008930541013107886,0.004575630441935744,-0.00035118415926435793
A00666,3.8483745455520256e-14,-0.28015607660669345,3.0448209810187645,-0.010633977037175222,-0.009611633546202905,-0.0009029678525625391,-0.00044293702076503175
A00667,1.0796695705921616e-13,-1.5036145703584542,-2.511926608860757,0.08736237825740778,0.009030912501603362,-0.004967499613838627,6.792749107575991e-06
A00668,1.2163440635859141e-13,0.44925007648132675,-3.1531370918081123,0.04930740533934166,0.00974767350436972,0.000696000425414541,-0.0008829831575117951
A00669,7.196461509729818e-14,2.688160083130864,0.9873188991870984,0.01297369512960224,-0.003833480138859576,0.008377596060934507,0.0007485569025431709
A00670,2.9010244337961424e-14,-2.0884893671191542,-1.5732787079654151,-0.10101304058053136,0.007253903289671285,-0.007719518496430657,-0.0007202828472047189
A00671,1.2744998831813865e-13,-2.3333218619622396,-0.8439993360696657,0.021702515950056747,0.002723917835720401,-0.010064877169498013,9.741459760777788e-05
A00672,5.5446215435812145e-14,1.2532269246001426,2.099637514715926,0.32784222372698013,-0.01077432799406452,0.004080864425541068,-0.0005685524848933328
A00673,4.838129690892762e-14,2.6704543549551243,-2.3570582361206602,-0.37121224254200297,0.006139924355630584,0.00608251102186295,-0.0007934782316591317
A00674,7.694626757750911e-14,-2.8815578230479257,0.2828356265648157,-0.3162782610758126,-0.0014163248276685117,-0.00991676804438832,0.0016832913943320464
A00675,6.564164269258989e-14,2.40237502354474,1.9302956700040401,0.031479683795031764,-0.0061733940290574765,0.006936342956202889,-0.0001845803125483051
A00676,1.0305208630726148e-13,2.2553141941407797,-1.6473360229089713,-0.5522335341894101,0.006189456920266832,0.007283498090704762,0.0010392688928224166
A00677,2.069943489918945e-14,1.5877567780179989,-2.541753342532091,-0.19809992994291417,0.008680005549054388,0.00538723147309374,-0.0002896572063514716
A00678,6.573267915769805e-14,0.9168330900389772,-2.428457658340296,0.015645174774290838,0.010230291482875154,0.0036687391089739473,-0.00043609224486284296
A00679,1.345308964509145e-13,-1.4421767845194848,1.5297158518062917,-0.6923985210006085,-0.008859553893493105,-0.0075011563623386636,-0.001445587473049006
A00680,5.441257232549746e-15,-1.4510223647498617,-2.1481181315880353,0.3763964585647019,0.009878773020129019,-0.003531133324664908,-6.28338856291651e-05
A00681,6.899879938227118e-14,-1.3612056606901808,1.3934275744300861,-0.40299854418660563,-0.007937484131034183,-0.009785660785495504,-0.0018818286826320142
A00682,9.96544727270699e-14,-1.9512018254370795,1.817390946192628,-0.038157226633537836,-0.006298497279577249,-0.0072953068754799425,-0.0017376585021333668
A00683,1.339288188413748e-13,-0.9962073016495226,1.6564216086960153,-0.1042122150109853,-0.011488685353908602,-0.005704229346459006,-0.0013658371709193765
A00684,8.958459232159691e-14,1.857808789547806,-2.1058546938124953,-0.005604525033083337,0.007347679656778326,0.006679870558283685,2.0250188339959626e-05
A00685,1.2438983584742407e-13,2.598709460412019,-0.708523432238571,0.21219991439480373,0.0019467496805499727,0.010543890030791871,0.000182724914413388
A00686,3.3597732425818333e-14,-1.057245089153945,-2.3604930155493062,-0.0841853579691991,0.010223758342437519,-0.002634467195441233,0.0002475438838231079
A00687,5.322860191952689e-14,-2.4543174957065657,0.997896329864222,-0.21762666358831725,-0.004388005245174118,-0.009435473151008773,-0.001132535222561522
A00688,1.421393031054725e-13,3.0102809315440773,-1.0581277685656691,0.07873021709347376,0.0033599687386741046,0.00909246792755213,5.527560596458647e-05
A00689,1.3366691373402305e-13,2.2400175072193487,0.9437584533619442,0.1531414855746525,-0.0067896725914913005,0.009864899806906254,-0.00020646893437017906
A00690,8.41784572327612e-14,2.4361480321545974,-1.0037964156380799,0.0082742469342003,0.0034684395368523285,0.010103416317503895,0.0015096761405388069
A00691,7.17370771749716e-14,1.6294006881220773,-1.0942543616048934,0.08104228168731255,0.008428231930646101,0.01034538881796582,-0.0011311693535896654
A00692,6.805270704056189e-14,0.4160461091328175,3.0331104170707355,-0.07926132860019602,-0.009967099874373721,0.000493337243579934,-0.00038543896134248006
A00693,8.87005571139783e-15,1.574870209817179,-1.5156624096173374,0.3347255077548574,0.008837213368146747,0.007929715054967893,-0.0014304545488219985
A00694,1.3463277736645066e-13,-2.190357544092362,-0.5801568367177442,-0.12385511857799819,0.0025624429825224265,-0.01167925785505434,-0.0002873512765879326
A00695,1.2343411485971237e-13,2.9514998091399316,1.2188193750526135,-0.03872039683057797,-0.0044599145077239884,0.008489325804552706,-9.717283642990006e-05
A00696,6.883477606763763e-14,2.7365198263080757,-1.6794056110311344,0.09923523445877316,0.004261868697257436,0.0075770326908093,0.000394844212879618
A00697,4.2159405158674405e-14,-2.7860078199624656,1.5455074435751863,-0.08220359856257414,-0.004809691899346583,-0.007993881991449152,-0.0002663149871528962
A00698,5.173668147236455e-14,0.7746832169441096,2.5994363193905494,0.00774604063010657,-0.010219901241038661,0.002804216002396166,7.549980303490982e-07
A00699,1.8581649510066014e-14,-1.7485706126735923,-2.078737479539894,0.15880157454233956,0.008988765042125606,-0.005842954525166819,-0.0008285254092215771
A00700,1.0889638797767906e-13,-0.5321260773582066,2.151598968977855,-0.10132353731064796,-0.011802944383674355,-0.00240621932143593,-0.001048166184397202
A00701,8.39848729408041e-14,-2.365615521902787,-0.28105799133507525,-0.48111658933819684,0.001390708448791492,-0.010891110070993935,0.00018504583858612985
A00702,3.531951336658117e-14,1.7713733247966374,1.7146985770695977,0.14791479605861368,-0.008400733261606322,0.007010742435887383,0.00020681522915038514
A00703,9.399289333896655e-14,2.5531343205975046,-0.1651335598620966,0.0869407348979716,0.000255759698607594,0.010030128617629783,0.0005771007741686387
A00704,1.477362419580271e-13,1.2879683120239271,-2.660192298931502,0.09914383880711013,0.00923502831209421,0.00456816510469004,5.049578781172389e-07
A00705,1.8466166574159168e-14,1.5719407045706169,-1.9602888208641387,0.1265527498644909,0.007860302679802037,0.007205359772960684,-0.00013245896692041153
A00706,6.917179776541145e-14,-1.5329812033078554,2.1564424850902566,0.5326901469808373,-0.008651567677094399,-0.006074437536317652,0.0009999568874784113
A00707,7.455387917233706e-14,-2.9635757662067985,-0.5304934231768776,-0.06982253711695241,0.001221365021697747,-0.009909929389999576,-0.0006823278209114949
A00708,2.5165075334265494e-14,1.7257241206297027,-2.315910947137176,-0.4192154410586196,0.007242452886670783,0.007021048147284887,-0.0018847472028331858
A00709,8.019961664947594e-14,2.5500814775268243,-0.3039832169091555,0.16350556057343318,0.001267638867869818,0.010721429393120983,-2.8629871124904474e-05
A00710,9.142384425571844e-14,-2.366078364027255,-0.37835002955964125,-0.4115912184661322,0.000976972808123473,-0.01150906210506819,-0.00040559800807057954
A00711,2.3738957238987652e-14,2.8729435564450454,-0.18570060054102655,-0.02669559626988724,0.0019179433548267648,0.0105500792570764,-0.00032618737237402986
A00712,2.3343583246799757e-14,-0.5549848396392508,2.844177949273055,0.17076265481625577,-0.009753104802412692,-0.0023077080296276817,0.0012472176185135922
A00713,1.2919720103467046e-13,1.2067662666361036,2.5946374503797625,-0.014657244172628937,-0.009313232254927932,0.00472707511175613,0.0010064251149164392
A00714,4.697929544502898e-14,-0.5199650562681185,2.983582090720985,0.3054021850692985,-0.009818519901643053,-0.0012941394385145878,-0.0017896643051936625
A00715,9.50984353750382e-14,-2.1085395979058354,-1.950506633533004,0.03571667705568603,0.007526642466312828,-0.007271673611880817,0.00015279608403114485
A00716,9.456129382363756e-14,0.12374097958386683,-2.2113851178683754,-0.4838443277920399,0.01129060524290209,0.002335858802679707,-0.0010207054408822593
A00717,1.2660559299557696e-13,-1.1185209571797659,2.324683396911237,-0.05225674318062229,-0.009602432470047668,-0.005518656717735399,-0.00027700915514813
A00718,1.1162785934654574e-13,-2.0998734175037437,-0.9341207310645198,0.38050520142915484,0.0049097194246855115,-0.009850145286021897,-0.0008889769240886269
A00719,1.2681764847096004e-13,-0.27226169978380044,2.886814636268916,0.5124510254109572,-0.00972209411019303,-0.00015894998303491034,-0.0018919720641729196
A00720,9.43261963622333e-14,-0.9283518825853262,2.5981763660200916,-0.0166839066573989,-0.009720243303947431,-0.004995780648102009,0.001963879986273043
A00721,6.780977268806554e-14,1.552160770988257,2.2813634549302604,-0.11321386170689623,-0.008030379667401794,0.006184294904659372,0.001385658459378126
A00722,5.937759323872177e-14,-2.2577441642026828,-1.409437354350085,-0.0003903948284332933,0.005037834402243937,-0.009210333638462291,-9.278172848615616e-05
A00723,5.718444380285552e-14,-1.5336434219389,-1.4887516475732556,0.07030323987302585,0.008289940655443077,-0.008417596977747592,0.00045925782002840816
A00724,6.312316051016581e-14,2.283118499787189,-2.8015489661636925,0.3896580956656466,0.005542443029475811,0.006219756358905971,-0.0015075140569142061
A00725,1.950929424978951e-14,1.6648625187326902,-1.1171295565964972,0.22309144615811594,0.006027561403070189,0.011071031333218035,0.0008193723689533659
A00726,6.396278915074359e-14,-0.21445766888086354,-2.003135687814581,0.13851122760355553,0.012165141445968596,-0.002845407039102053,5.856637183782101e-06
A00727,5.875576836254967e-14,-0.8714853828358414,1.8936982451131947,-0.006623171475201879,-0.011260934046715663,-0.005788651944745935,0.0002557178507692015
A00728,5.216304205648627e-15,-0.777126943909348,2.1665609477839745,0.033688674099434456,-0.01017821271917957,-0.004155600050056961,0.0005747814166140759
A00729,4.150927671382856e-14,-2.6394273253770755,-0.748409815752727,0.32945496002914104,0.0033702142456800057,-0.009577283059562168,-0.00019707107883586936
A00730,1.1344015273808019e-13,-0.9330722218066492,-2.2343064322365636,-0.28982665795936174,0.011005583229649184,-0.0036622844829298663,0.0001841638819261788
A00731,8.71947243243882e-14,-1.1677906538250271,-2.4314580174477602,-0.03672453747041177,0.008616229283536189,-0.004880243880183432,-0.0015485417047710285
A00732,1.2162639761188868e-13,1.7230456681893698,-1.3123731649101638,-0.1377696430984896,0.0067866424329966635,0.009370793662210926,0.001154713977898512
A00733,8.18754472665844e-14,-2.321450820262239,0.3215679107107297,0.3175392054692942,-0.0007093776172614987,-0.010827505647465254,0.0009461345710157735
A00734,1.2885548967739758e-13,1.0174932066081368,2.3129527133392087,0.0422459186942052,-0.01055937223760419,0.0025389424108973467,0.00022767663769783915
A00735,1.2010255815446822e-13,-1.5670307882669738,-1.2776102302666066,0.03833409443041612,0.008528720116939479,-0.009217706393597033,-0.0002117027840458229
A00736,1.4828623392912135e-14,-2.0326865216360965,-2.3265226900341505,-0.08048238916277416,0.007718215791222118,-0.005620607323564898,-0.0004481061564273809
A00737,1.474007319187263e-13,-1.7828782062882815,1.2110009782355726,-0.5984663166944029,-0.0058185901355351476,-0.009681920187381555,-0.003398588486316041
A00738,2.2254393191507714e-15,1.0736537316829442,2.0876715190783095,-0.08420073462006357,-0.008956394958301752,0.007115210040307704,-0.0003297520388111032
A00739,9.004501679223103e-14,-0.201801075610473,2.1852706668265274,-0.015162382525563761,-0.012296920141564398,-0.0017447134313317556,0.0001805577506610028
A00740,1.1956612887472245e-13,-0.8735938939973943,-2.226854928889162,0.0032451965643880048,0.010868877756169232,-0.004021350020238515,8.016520555457323e-05
A00741,5.0073126605445987e-14,-1.942391679901734,-0.3335977511980996,-0.11763504028914828,0.002245597687157771,-0.012421199075016742,0.0009995477721797307
A00742,9.030628529439975e-14,-2.10832480775379,0.21361364030076097,-0.005785765975549766,-0.001408730610809002,-0.012079381509542587,-0.00012268506813643143
A00743,5.463366162512064e-14,2.144995538041389,-2.4977860615510643,-0.30530316726927614,0.00724432354892808,0.005538534041325324,0.0011442462656316849
A00744,9.145439401789097e-15,-1.2444800831795824,1.6926565258151351,-0.03607029028161204,-0.009297581742483735,-0.007393294084289074,-0.00010511393220862969
A00745,1.277086033623933e-15,2.503931254928936,1.02698320612763,0.025789316886799866,-0.004454341593485005,0.009424638604728015,-1.6298865977886318e-06
A00746,1.431226730668624e-14,-1.1461358876283618,2.3754233803547087,-0.007374190201863256,-0.009689822069693084,-0.004513070093076228,-0.0001692475533224259
A00747,1.484748566808648e-14,-1.6318558182341856,2.257494208908914,-0.048821256089374154,-0.007394898863674121,-0.006285078615212038,0.000150784080302356
A00748,9.216499234504297e-14,-2.5440446493689777,-0.2403666590379981,-0.3456899971589487,0.0006847691003077168,-0.010794278044758026,0.0005401446536935863
A00749,7.933740183333066e-14,1.9503924337365417,2.40173205552877,0.18288253447192537,-0.007448808056901495,0.005970024336322347,0.001342911475819523
A00750,6.871591454165386e-14,-0.1333664969333126,3.136842247130504,0.000993316687483579,-0.009598398816826205,0.0009386357004878003,-0.00023427760781783184
A00751,1.0439018479496783e-13,-0.20151658275136067,-2.1751536800298483,-0.39242606285866066,0.011925211455903199,-0.0015076726236937796,0.00025005464445525884
A00752,2.53904976066901e-15,1.038380214851761,-1.9217495573431747,-0.5393293862990698,0.010848310107663102,0.005121009405420358,-0.0002726801184861647
A00753,4.08835805625621e-14,1.5536495064512639,1.4592813730145198,0.05266363268484163,-0.00912082467590725,0.00833469908123897,-8.855568389484018e-05
A00754,1.1728517000183914e-13,-1.496338104194619,-2.244649980526804,-0.21726129931264634,0.009130385409755838,-0.005039576349117658,-7.07559293874904e-05
A00755,1.3728807675148683e-13,-2.2370599671957137,-1.3778521983576038,0.10382389105335764,0.006339067598601224,-0.009178711981993416,-0.00039538037967953334
A00756,6.613202137054029e-14,2.563133097509294,0.09780402749437327,0.03826866589772281,-0.00022655668697781032,0.010176279776694152,-0.0012824238719793028
A00757,1.2293930789782982e-14,-2.749663608903729,1.0262146898556805,-0.0063268188665729875,-0.003929062267851471,-0.008253684923287681,-0.0002164300320905644
A00758,1.2050411775878297e-13,0.6407115481090047,-3.3520958969302157,-0.8108654755530544,0.008712090457100256,0.0006526391792851091,0.0007341542685136914
A00759,1.3354551228401072e-13,0.8648100849090111,-2.0519461170103352,-0.3655432833042308,0.010052721378733677,0.004862592401805557,-0.0006871982569434548
A00760,6.240912236435307e-14,2.765449784960648,-0.0741002867862293,-0.36422361778665335,0.0007670960302746636,0.009908974509330802,-0.0010542287591254562
A00761,3.671533028953375e-14,2.5070415970488975,1.526071471918334,0.34807916613965156,-0.005378806811017542,0.008271474821111964,-0.001424823493113086
A00762,6.634476001757816e-15,-0.6303757988743841,2.1195718947005164,0.24387082862056636,-0.010435554541803945,-0.004674058596476725,0.0023232391496729827
A00763,8.91767316004943e-14,0.7923760026492339,1.9140282877880856,-0.10197433921594883,-0.011350105715416404,0.0042574610185684356,0.0005296378344833326
A00764,1.3727184081191026e-13,0.5580574338540242,2.2001230927238105,0.007712907567713653,-0.010744966239794889,0.003741866375510682,1.8795377781080028e-05
A00765,1.0227296854771367e-13,-0.2678254143810861,3.4591831631927747,0.1233129159184865,-0.008779994954276043,-0.0008034737481280344,0.0003808475471926461
A00766,4.786356450930737e-14,0.40627129842542786,-2.0412726462594497,0.27103909409427607,0.01183518434134728,0.001354193716575904,0.00043188251052788903
A00767,9.699258947767168e-14,-2.039003508803325,-0.8633716350859157,-0.03836983967429896,0.004482445312282003,-0.010998024334890182,0.00032700006749475136
A00768,1.255340488747631e-13,-1.28954910183985,-1.7885685944523428,0.009919012965900286,0.009271121517631417,-0.005504615165830664,0.0038311242218303644
A00769,7.178863245348334e-14,2.255372806505142,1.0108255038544658,0.47390696101623386,-0.004372301053427703,0.0090754131972162,-0.0005313043855216915
A00770,1.2367535202988307e-13,-0.19376709921067373,2.8537728938325144,-0.2829808981050018,-0.009990761207422398,-0.001124802393719267,0.0007221718164225911
A00771,5.912762631079652e-14,2.096640605878334,0.8026719448766879,-0.19919942697247975,-0.0037759532638857013,0.011107743771440354,0.00019081577286055186
A00772,5.257929718479665e-14,-2.4873144777814415,-0.032319427762119546,0.025051953260981315,0.00016247935389131826,-0.011430110938825604,-0.0013277038140376632
A00773,8.795556622676747e-14,0.5347669632468269,2.6166288824090835,0.046574881215925415,-0.01022625156268602,0.0020452067418889374,0.0026352808533414863
A00774,7.010739946890156e-14,3.3348115998765526,1.3654410016287488,-0.517345833477398,-0.002861180411831845,0.007683301601630467,-4.147852921075189e-05
A00775,1.4741665653814464e-13,1.8905418804649294,-0.3650697594301869,-0.3046834619250868,0.0012748458380773217,0.012639377144874694,0.000714149019008942
A00776,7.790779376557298e-14,-2.3373950398087384,-2.1125433076595117,-0.26439078864099974,0.005605068383384376,-0.007753928275126356,-0.0012345079616673269
A00777,5.811112237186256e-14,2.7872810724352988,0.7642563811086012,-0.1255264089135156,-0.0036521875941943932,0.00928189715174924,0.0005359474053473285
A00778,5.958383481018961e-14,-0.4228085245113634,-2.161492778826124,0.01713243051069361,0.011719407428995488,-0.0017394054064288457,0.00025598594983516513
A00779,8.266779848023072e-14,2.3745626585229864,-1.716878715916163,0.30580983684788804,0.005327692468901386,0.008623260154049826,-0.00021592774031297662
A00780,5.354581989691603e-14,-2.801420218323008,-1.2098844504902988,-0.12064211647543521,0.004692932056671347,-0.00881334862730474,-0.00034227115982065807
A00781,1.0906488792029994e-13,2.5650667835950625,0.4135477726396816,0.14211734528445757,-0.001443949446289039,0.010074796235548161,8.911550601454486e-05
A00782,5.743083760256105e-14,0.7201510216880097,-2.9182117656643176,0.6799680185161299,0.009345709738102824,0.003520413632936527,0.00014812931022267162
A00783,5.795608272349415e-14,2.6823475984048435,0.339421773734972,-0.028790823349436025,-0.0018591550080862122,0.010137843933532988,0.00012718365687057722
A00784,9.308280126921303e-14,0.19381449917099175,-2.6559157719838002,0.38272359255300753,0.010727454106402813,0.0002356410734721429,0.0006036761423154185
A00785,9.180425634749478e-15,-1.1611350389851378,-2.6260949506838998,-0.3363168761579473,0.009103192013492403,-0.005492604849488287,-0.0014370564390654799
A00786,9.88734152788957e-14,2.4748350201720974,-0.5624416529557071,-0.04777693114973235,0.0005536301466092846,0.010702114367688116,-0.0008895241986893753
A00787,7.618528827459755e-14,-0.3438504019730351,-3.191635991997688,0.12410468749006583,0.009374327537892451,-0.0006241579314272669,-0.000254159016553876
A00788,6.834821810732784e-14,-1.658516863499182,2.1777911715885527,-0.1297850631186791,-0.007762776908525006,-0.005982660594814432,0.0009223669307114505
A00789,1.0851367028891293e-13,0.420851534852922,-2.906550948669176,0.01495000151165815,0.01001791133418694,0.0017538712447797043,-0.0012438868447687218
A00790,1.1439799260017818e-13,0.27860532774696184,-2.909902300754297,0.13671897377060138,0.00972885985553614,0.0015009464336840253,0.0008123099319835674
A00791,1.2767525422202716e-13,1.1648743292469483,-2.187031935241476,-0.044693317255538566,0.009342358045715548,0.004523447493460196,0.0023666003614166873
A00792,5.654677286663282e-14,-0.6117990750514273,-2.768479455204184,-0.06857675026243815,0.009390354832652258,-0.0025581720380136647,0.0006734865313610695
A00793,4.934043794390767e-14,2.118302482680876,-1.8173123988672284,0.34828080522987526,0.005538263550866349,0.007754157542729139,-0.00017643446679774675
A00794,1.0777276806099883e-13,0.4298743417935063,-2.147787115765091,0.1660533891563211,0.011158815940550473,0.0032010502492449554,-3.455775922292563e-05
A00795,8.777697221344785e-14,-2.4711055976774006,-0.29510770772326095,0.018815309213513497,0.0017638140615385668,-0.009802052212288088,-0.0009673168576032597
A00796,9.531993548004175e-14,-1.5475120309352273,-2.427611672048092,-0.28774700762679634,0.007601784590016935,-0.005004319038746813,0.0021658296274779513
A00797,8.38118335246916e-14,-0.15381751908125768,2.0936709474203727,-0.5127708787662923,-0.011418515969493585,-0.0018933851920360375,-0.00034341570391113795
A00798,1.165761285149553e-13,0.9722481626522808,2.1696925555681865,-0.14494282987772675,-0.010264224005425732,0.0035165607655220253,0.001126063219557559
A00799,2.8671831361175905e-14,-1.9353248108596606,-2.0854385635863317,0.2894808148211081,0.008186858554870566,-0.006385185613087199,-0.00045611645685014426
A00800,8.384038185654613e-14,-2.4257054290281164,-0.9203698415444475,-0.24389576577466368,0.003463837512158591,-0.010692560387560009,-0.0011503613047948447
A00801,2.3853203005979472e-14,2.441748001280839,-1.7244743623235235,0.2380185789868967,0.004924625861213845,0.00858021781171633,-0.00021250634576304613
A00802,6.144230213951344e-14,-0.7933092578488861,-2.5711530426551277,0.09090191392535575,0.009632186195539127,-0.002878555351687557,4.723818475141968e-05
A00803,1.001767605400127e-13,2.888707107010255,-0.25669970501384715,0.05003010308341546,0.001417103206702239,0.010391594295981861,-0.0001502773993048605
A00804,7.438985220930807e-14,-0.3173241439331279,-2.9241164463410243,0.15935482348087104,0.009793014229302736,-0.0002728535172610836,-0.0002882654060681275
A00805,5.72691976293923e-14,1.6229557186615011,-1.531627953536581,0.46212268418793245,0.007452056884163146,0.007761347951936985,-0.0034765469095890847
A00806,1.3351527327778666e-13,0.3471691660272766,2.2759825675097383,-0.07088098821760387,-0.011071058054151626,0.0017131715148690808,0.0008003761339490334
A00807,1.1659614755240412e-13,-2.179854757849911,-1.899193971053513,0.16649755409399097,0.00723198201513259,-0.007194048322168766,0.0002601502650230946
A00808,7.94016048566624e-14,0.9320815229404958,2.1671440152739505,0.0007900364775152784,-0.009823453078831092,0.00498669724187031,-0.0007161376836305491
A00809,1.4333432068348563e-13,-0.28175459812264103,-2.6366711806179572,-0.3526230987411574,0.009964249066835396,-0.003529774977048933,-0.0008363135323679307
A00810,6.402418063395914e-14,3.2738717242729742,-0.9989463001621516,0.6126612410595704,0.002991425889373056,0.008348777618443624,0.001108620044952267
A00811,1.188964833281388e-13,-1.6848994282698713,-1.529591468762042,0.18126405052168662,0.006945890904648538,-0.008438573802872282,-0.0004682390460530245
A00812,2.5336919342099994e-14,2.060256182557487,-0.7708300869517705,0.15440331205488944,0.0029372422836404003,0.01092396775521697,-0.00012778676854901023
A00813,4.311780280351325e-14,0.1260537529091286,-3.103890124942688,0.3060330511452491,0.009837335309867834,0.0014611776278978313,0.0010143396741393394
A00814,5.100722480832254e-14,2.712441947519814,0.7626939017650408,0.09628211777220724,-0.0031325013309384565,0.00967222863409271,-0.0004371943023026395
A00815,1.5965601689039453e-14,-2.0963202929503066,-0.6338825459371268,-0.010633718112957467,0.0025811621959948433,-0.011545895709453387,0.0001396649843339385
A00816,7.570742466218011e-14,-1.6626518187912493,-2.786621998964483,-0.004489469710631517,0.008037514448146167,-0.005013394006837845,-4.3178205581885315e-06
A00817,2.90066473106532e-14,-3.155631738221637,0.10047710650891362,-0.001907114109124593,-0.0003427714598017875,-0.009702431326068886,7.606180680402877e-05
A00818,9.567965956187829e-14,-2.794259079484297,0.5371308609203126,-0.22815045729268363,-0.0011483269320991848,-0.009937257705581154,-3.7846315781670977e-06
A00819,2.86795967651239e-14,2.8976452096892062,0.4860471393576494,0.16715611804753325,0.00030122434693276464,0.009816826505587996,-0.00015279840128128058
A00820,1.8633800708849147e-14,1.8753776844282048,-1.7720218587124927,-0.4248153465084529,0.006695955209623993,0.0075961782105152835,-0.0012597605773373177
A00821,1.462059016193102e-13,0.34600701351607255,2.114627391484732,-0.011695998393398212,-0.011657877718304576,0.0016273422611136567,0.00016766729694791854
A00822,9.930873158912434e-14,2.792279269975367,-0.7496671991117316,-0.06841610085796895,0.002048945828233104,0.009675166899708305,-0.0010509002754124418
A00823,1.412821606368876e-13,2.466667211229205,0.2315122271689833,-0.17866788105287074,-0.0005676304650542299,0.010791768211116295,-9.437237975352592e-05
A00824,7.390951219288075e-14,3.056175215011358,0.05460706541561244,-0.358131736360193,0.0005855886377179449,0.009387795254206216,-0.0010409029095238846
A00825,5.0399078268966645e-15,-3.113794620889968,0.830848713522196,0.12511868513207164,-0.0019483990445655903,-0.00917615619728038,0.0007886091735018796
A00826,8.665545708925091e-14,-2.2588908704477584,-0.5857705500323167,-0.07068190123462834,0.002958949022307303,-0.010279901309098916,0.0007803571327883515
A00827,8.423516961373604e-14,-1.786201084526393,-1.966724731438033,0.04977553316806603,0.007718385066390404,-0.0076609313182018,-0.00032437378264686727
A00828,2.259861504258176e-15,0.5751844832350725,-2.147279516246385,-0.013326201896481794,0.011192010918110585,0.003969692800290149,0.0009524176123885111
A00829,1.299354539311657e-13,-2.7402037228818177,-2.095809716999849,0.26863362510324246,0.005424798186852142,-0.006928226153049059,0.00038930670953225496
A00830,9.35350215061061e-14,-1.2306690837268162,2.4634208148782624,-0.06677920912026504,-0.008660895423518798,-0.004089308456949667,-0.00026238634423363837
A00831,1.1235150951318072e-13,2.481697211008363,1.2552972166537217,-0.01638526035879787,-0.004082152914303661,0.00943241651511227,0.0013939738895680648
A00832,7.451801532140199e-14,2.666139768378564,1.0985769097490772,-0.1940388543603347,-0.0033984789561313715,0.009187070254690632,-0.001029718880715697
A00833,9.329842188720021e-14,2.0246569226976776,1.7495877878974258,0.18874309996897598,-0.006180952716701616,0.008073731053603251,0.0012478787293859304
A00834,3.8844795495362785e-14,0.5225642224131046,-2.913957433586644,0.2138646988652927,0.009797870950226654,0.001007344131619302,0.0009955104145174954
A00835,1.4691061799917845e-13,3.0347059992103707,0.5976350463890132,-0.04325222961726391,-0.0020222704086979024,0.009327674625069308,-5.319239421150495e-05
A00836,6.045683442259224e-14,-3.0178076076563554,-0.06472874142786955,-0.24622137331571645,0.00018977304993756576,-0.00921892700193894,-0.0021358787608893007
A00837,2.4490600348341886e-14,1.7076031453122233,2.0574380392777103,-0.6731690158212497,-0.00855220094400481,0.006386921353413731,0.0013082954680487169
A00838,8.436420764190469e-15,3.0195021905185544,-0.7369652453705782,0.0724139355123123,0.002166771208673864,0.009738977708775203,-0.00031620992484187005
A00839,9.597929249809061e-14,1.4307970780437005,2.1269301814430728,-0.2984384489375754,-0.007718374636157583,0.007298557717148109,0.0014348637908114708
A00840,1.4836229461499825e-13,0.33419769758086315,-2.4197889686125076,0.1773267264454457,0.011497786281425577,0.0006409026503887267,0.0006571041529814297
A00841,1.351483569072642e-13,-2.091889352622709,0.10901295398360032,0.01646237905822043,0.0008887891815509017,-0.011941725893642645,0.0005854595180257584
A00842,1.0592650034516818e-13,1.841705189712747,-1.9682334017403442,0.00069621694721667,0.008022998447008427,0.007593268429358418,-0.0006494970807675832
A00843,1.4945128068310273e-13,2.284184924751919,-1.1267206729763188,-0.18777166861553382,0.004039385149643192,0.01030623054532538,-6.771248128278646e-05
A00844,1.0905306883401303e-13,-2.032873937758166,1.2533653601431538,0.0024865664831939128,-0.00622676953877513,-0.009763296868221551,-3.555089642713725e-06
A00845,5.118306927904137e-14,0.948972982902139,2.021460369863384,0.06180648983847636,-0.009751875694293494,0.0058798602742396455,0.0008211799610076751
A00846,9.070583850896362e-14,-0.535538712902375,-2.6501628018098256,-0.5486696353055884,0.010717884574801861,-0.002536387633514334,-0.0005104181226384994
A00847,1.2034837326701423e-14,-1.1719304600816056,2.2079904127181913,-0.13905457224126908,-0.00935113317810033,-0.005736311593515821,0.0010690162645828891
A00848,3.344557644031443e-14,2.078138731762241,-2.1856988862155955,-0.23276144171704943,0.006902562770983888,0.006776471750688307,0.0007067930199274989
A00849,6.299448985315933e-14,-0.8112155974959622,-2.538180509537236,-0.31436862414646977,0.009144407160646168,-0.002766720124854623,2.765271942993302e-06
A00850,3.044870993800259e-14,3.741298048949886,0.0767586368676973,-0.08509936816666656,-0.0005122925157949394,0.007965300972843054,0.001742452432273298
A00851,1.4385449664688749e-13,-1.105438789571275,2.048469078730356,-0.05203920338900322,-0.01023389467340541,-0.0046365952001022745,0.0003777999396349372
A00852,1.5020556630266894e-13,-0.1514044284156862,-2.4727009626175187,0.034279087610729266,0.010574080512290035,-0.0001876514215525375,0.0009830461844359513
A00853,5.5963331154394836e-14,0.8398253023091358,2.586990671007067,0.3856934409765664,-0.01031226815995951,0.0037342203271471734,-0.00029858357969504197
A00854,1.0700135611509024e-13,3.254671631059906,0.7723130397589804,0.004041289963810346,-0.0026228578617644464,0.0087677937644057,-5.969308083807554e-06
A00855,6.152057181060891e-14,0.1306366995059948,-2.3835917809152836,0.037347003489284346,0.010972718626639951,0.0014677828890915586,-6.376270212071736e-05
A00856,2.104815350830414e-14,1.704084597822602,2.1079923481459626,0.6202561018613953,-0.008366947727941944,0.005470823837044273,0.0010702026711494044
A00857,5.083240752125245e-14,2.8257303863520655,-1.0645850596299904,-0.4740662193659491,0.004020425565181338,0.008580930055789368,0.002022690587670966
A00858,3.520911869075231e-14,3.030681223896344,0.15431642530131243,0.09640824917024521,-0.0014029929026411062,0.009666164548340775,0.002254096190674075
A00859,4.949742165786032e-14,0.21533083575798304,2.5043289876621726,0.5978522493435718,-0.010197902150758312,0.0010423012521598837,-0.0027821231382095073
A00860,3.2440666189395146e-14,-2.53240667003944,0.6248437958577958,-0.06718001940593255,-0.003093776157641937,-0.010356520866916451,-0.0013714293334699246
A00861,1.6949928021219765e-14,1.425179910836211,-2.5647685557578854,-0.18647929454421075,0.008990299799252956,0.0044596585007969335,-0.0012560244228583806
A00862,3.2803769420858504e-14,2.6580342325174944,-1.393884143000545,-0.4019481376747967,0.004379110275469752,0.008740408797588793,0.00028058403022854705
A00863,1.3665139720082326e-13,-2.6788159345103573,-1.758690248713573,-0.1922416925949105,0.003958105548428514,-0.00841170748948794,0.0010822802445525765
A00864,1.2857834169629333e-14,-0.056595912486005796,2.6528192631820744,-0.1824155707632339,-0.010760964179717544,0.00027063477323042414,-9.306261551341245e-05
A00865,4.8996297842022554e-14,2.0951492636560114,0.4784617037631038,-0.0023651206679618647,-0.0020466308561208476,0.011706381528206826,-0.000178594360778214
A00866,7.972734811231554e-14,2.8957822890961324,0.551009348309688,0.14111585178259503,0.0005868226760899554,0.010300164722144959,0.0007318603196711045
A00867,5.3485565455275097e-14,3.2384907386974717,-1.1138982561251733,0.09791189975189539,0.002970359414528916,0.00832086578228837,-0.00013017518831421086
A00868,7.80915029638723e-14,3.0331432054986416,0.43971220308292935,-0.5030789426694838,-0.0015797006974295458,0.00951552714856208,-0.0003533074762915802
A00869,6.551255311996638e-15,-0.6025736977160758,2.070438039222959,-0.013775442633465234,-0.011609076005135315,-0.002487943976567275,9.287217094967182e-05
A00870,9.784972438089585e-14,0.42445171364027345,2.3463733595650043,0.029489816390055917,-0.010940170768454544,0.0013114080775645848,0.00021144099376299282
A00871,8.501213344330893e-14,-3.0331908304291395,0.02277054579246829,0.4380361079484313,-0.0008941535688526007,-0.009686962005516334,-0.00039974016817572366
A00872,1.0273738039303666e-13,-0.7577132567233577,-2.0364027971124083,-0.05459249778445555,0.0106607171043202,-0.00442474095817137,-0.0009011644378365736
A00873,8.558227053481082e-14,-1.5475243326104955,2.8677973566604194,-0.03768788776994185,-0.008551860601879504,-0.004145977261825783,-0.0009722631844276327
A00874,6.60666928966072e-14,2.2304354126689936,-1.1767884244999698,0.23068563083519217,0.004730167468455121,0.009737755367338312,0.0001683346630787213
A00875,5.282609873253428e-14,-0.02565761008674387,-2.618331996397114,0.3771831791507266,0.011137438164429582,0.000304482857413043,0.0002649921783021924
A00876,3.416261275993239e-14,-2.9965448706263347,-1.1733559521779917,0.23427261015004502,0.0034833741449858554,-0.008849256678454862,0.0002984394096858779
A00877,7.544535143816953e-14,0.6380211432663574,2.17428350865219,-0.04363002326375144,-0.011392565706183088,0.003819066648087394,-0.0010264596899648814
A00878,3.9310171442363805e-15,-0.8991318320196672,2.3267319586857167,0.008331341119506312,-0.010234460817997336,-0.0034441348883732016,-0.0011875352692111403
A00879,4.952195416021848e-14,-2.3328586590342537,-1.2852498425197367,-0.345415896774623,0.004233832528060911,-0.009916136986435032,-0.0006041070297334439
A00880,1.0227059507916401e-13,0.041499499736773825,2.646254232205777,-0.05438966193851327,-0.01080002545815779,-0.0008881165588396002,-4.9991362790679635e-05
A00881,1.6402562366476785e-14,-0.47074060654871835,-2.3069287393580002,-0.2831207822368617,0.011085743898887696,-0.0031565372226676114,0.0017596797599334405
A00882,9.488858169656197e-15,2.7283419239017066,-0.40970211057675987,0.1162724631247287,0.0015523703595934895,0.010132486843046715,-0.001935305101686797
A00883,9.839420730954165e-14,-1.8619317178679389,2.8516497502820526,-0.08555107526777737,-0.007420429899403993,-0.0051825673028843364,0.0002138328716487913
A00884,6.001248123833095e-14,-2.7172241773206767,-1.076313183247674,-0.3156305091719651,0.0036407812008010564,-0.008799826629656567,-0.00035879553434925264
A00885,1.209712538483245e-13,1.7505508289339256,1.4221354331756308,-0.49791299012598855,-0.007309651879790461,0.008658868019512786,-0.0003935675083045657
A00886,1.4141196692939456e-13,1.5455142840823568,1.82673561344741,-0.02021265598298431,-0.008625976260650321,0.0074896071060165294,-6.050829620268491e-06
A00887,1.4438848917978111e-13,-1.7277772882884728,-1.889681434809791,0.039976738558573394,0.008482144411029905,-0.0067048453751965996,-0.00010072821498850796
A00888,6.420938237710395e-14,-1.9469136339909614,-0.6414529556175702,0.019511608001421692,0.002632428159808576,-0.012313412799596031,0.0005944558404126722
A00889,3.9879355964779657e-14,-2.239872491710534,0.07702145292379636,-0.0869075367189535,5.328063372883135e-05,-0.011576745957494864,0.0013893772838715504
A00890,9.182160807505502e-14,2.0329429968952826,-2.195932947231614,0.602407056084951,0.006914200792125983,0.006660637891311023,0.0004756547407154698
A00891,9.477550558245536e-14,-0.17765334809730143,-2.0870958151995254,0.1739277501043886,0.012627628727439373,-0.0021520197776947387,-0.0003008621086080406
A00892,9.389322367339358e-14,1.788619678160205,2.57945554426461,-0.1360736534005561,-0.008329192847787699,0.005124404999682382,0.0010097209016473986
A00893,4.854700465033449e-14,-1.4826789832540916,1.6753961076570776,0.0133387328052606,-0.00823254087046092,-0.007012367148474578,-0.004920570472959179
A00894,9.618680278532989e-15,1.6940759982628308,-1.1772105708388638,-0.11208164903151673,0.00783870087663879,0.009368311030831281,-0.0017986898470839987
A00895,3.168377780043996e-14,-2.0263935363201653,-2.0819100252921166,-0.49294639292682896,0.008035600920374537,-0.006190083114816305,-0.0003077407795871124
A00896,2.329764793396033e-14,3.3753932703405125,0.030058198593403664,-0.23190199580540793,6.655895661228886e-05,0.008981003091913142,0.0001654937936957053
A00897,1.8693256541284143e-14,0.23462180154072132,2.2142150361141297,-0.42739026253493856,-0.011742324596671195,0.00022988257534591912,-0.0009865214792010991
A00898,1.3974818329577557e-13,2.033665420446113,-1.3483912278134649,0.016218704725704206,0.005511086979247103,0.009237145656303848,-6.994836402139942e-05
A00899,2.0896870179305717e-15,2.030111253784862,1.4557870938444648,0.19920675942827457,-0.006620819279727073,0.008001466716479878,-0.0001630437133319243
A00900,9.080233542027653e-14,-1.7458901359898473,2.022660277325975,0.693604053869934,-0.007965038628763159,-0.006508521903096555,0.0005065176329482618
A00901,1.4294517455543473e-13,-2.526318571586607,0.6202366128099256,-0.0780497125799677,-0.0028589760968668965,-0.010382168570202221,-0.000976736948912863
A00902,5.432145226989136e-14,1.6115469119440524,-1.5525964873745235,0.2776993293814016,0.008087330774311804,0.008536771034734297,-0.001026025583466312
A00903,7.952340224074267e-14,1.2653137091240891,-1.6212800647990573,0.5536673549222402,0.009430183904466068,0.0071546186712579665,-0.00034827659545258287
A00904,1.0497287022629681e-13,-1.0870860276470928,2.592326242445212,-0.04322501015974989,-0.009193348519571475,-0.0039313438330873165,5.4280805511890305e-05
A00905,4.7851660436303786e-14,0.7446802983131197,3.0903265299973546,0.9216171930061959,-0.008877754830491741,0.002552282691792221,0.0014531611177516662
A00906,7.206350543894906e-14,-0.12631684845807167,2.857447237603649,-0.5334201280689107,-0.010021549237062714,0.00022550565554879497,-9.350970952367583e-06
A00907,1.2327620632796837e-13,0.9551625310517364,2.604313829250999,-0.08850512024007812,-0.00955862212240215,0.003321540464023612,0.0006947425419886985
A00908,1.1245176151936605e-13,-0.40085610377077696,2.159347775079781,-0.10010883430045991,-0.01056285085469489,-0.004804209269932892,0.0013365853077401374
A00909,1.219706684025611e-13,1.6017462379235012,-1.7662895950842707,0.1299015979491692,0.007121254464070785,0.008581834903561795,3.5664064359443945e-05
A00910,1.4895978402899375e-13,2.1303896513438776,1.012915159585469,-0.04447384193133556,-0.005300175892277802,0.010047705380161363,-0.00042605357915645226
A00911,5.587153547872423e-14,-0.7608962631847911,-3.0746036229389317,-0.26864837725154633,0.008767609901221834,-0.003279242458856114,-0.0009497701946686487
A00912,1.1271360985555176e-13,-1.2521515915522534,3.4011813822705563,0.3801400395186563,-0.00784394690717381,-0.0026319416387946062,0.00011844203526766139
A00913,9.094216525571307e-14,1.289734911231292,-2.4727638223227193,-0.3474189068807931,0.009533561357712926,0.005047312112143567,-0.001087976704989305
A00914,1.0057067170316459e-13,-0.6574317253927073,-3.2223837709273804,5.529020774301243e-05,0.009346295335851722,-0.001666441963081933,-2.587070651737181e-06
A00915,1.1162473237010139e-13,1.2813816172854129,3.1409976310605185,-0.06902530599630165,-0.008150101461038815,0.004147751802955057,-0.00035457177342146086
A00916,1.1311191285389144e-13,-2.256551477114977,2.6710991859247373,0.22868418517208927,-0.006556982594645539,-0.005894694956807638,0.0002373744730551226
A00917,1.3363221926571513e-13,0.24359706792074537,2.090412663703729,0.03405085368803348,-0.011812615657851992,0.0023707916875826385,-0.00012363769732770695
A00918,5.270240599513263e-14,-1.6684381277809484,1.4874288114202705,0.11019753893374376,-0.007443438951006905,-0.008877267789650485,0.0002771089728551164
A00919,9.859075236348401e-14,-1.9350030716493027,-1.3963709310130015,-0.005681153772460627,0.007578632461770549,-0.008441667176015664,-0.0005199886654152155
A00920,4.228771326126376e-14,-1.4718387583816317,2.0325092676398184,0.04779450413962488,-0.0083671421588031,-0.007565654393887774,-0.001291289286602999
A00921,8.97026442271633e-14,-2.1129158786742055,-0.441842082132219,0.12658536787254973,0.0023325347246840027,-0.01165752225448495,6.119354599293331e-05
A00922,1.1332974139737497e-13,-0.4834299819634899,2.8998236494135985,-0.03096769828002724,-0.01015906344784026,-0.0017017510696691182,8.001386221139396e-05
A00923,1.1933825244907187e-13,-0.2619322003417262,2.8150555546023153,0.2472298953760069,-0.010167158010427522,-0.0007899402329802763,-0.0003108858585359635
A00924,6.338437631557622e-14,2.1941293549100536,-1.9197166261994916,-0.09689736280842995,0.007210284506804463,0.00651373213044895,0.0007968578869840274
A00925,7.675074717757106e-14,2.3530030469920042,0.24444118988265026,0.38394910407633137,0.0012544822224535505,0.010755987092509746,-0.00019369185901443937
A00926,5.036818332748328e-14,1.6668843532837434,-1.7062264952456925,-0.30906350252972326,0.00804830090409219,0.007590665088675843,0.00048406745194063327
A00927,2.5502891633035758e-14,2.392557536574411,-1.0565723159697558,0.024419511446906374,0.0035632522382886543,0.009160790171964429,-6.230584691622368e-05
A00928,3.93045713741492e-14,1.8115474774715512,-2.5285817456714943,-0.28973777829917197,0.008320705671386885,0.00498858072794336,0.000672298677009197
A00929,1.3761393902495005e-13,1.8246925499701716,2.595004198881287,0.3464985206103741,-0.0067911487920021074,0.005747646631925161,0.00036414783228417495
A00930,4.661450952403224e-14,-2.357942563972431,2.3905745838448342,0.2616652101515258,-0.00529923563088819,-0.0069703262122926615,-0.00017238733731470018
A00931,1.4706172348808355e-13,1.7568310022714277,-1.5188971664668693,0.026252969445221336,0.0063671035911709115,0.009392153920089172,-0.0022542815275138376
A00932,3.643212323370697e-14,0.3660475370074204,2.543150064383276,-0.19518097576749563,-0.010471450904529112,0.0012663111329196143,0.00130508821799934
A00933,1.090897037286084e-13,-2.6575419812539702,0.8173975088448237,0.18739819694706317,-0.0025046632972889464,-0.00959731852778088,-0.0003569712466132831
A00934,8.658486885306649e-14,2.448070777791518,1.6084590098703908,0.1008721823448931,-0.005244098713143228,0.008676228733284158,-0.0004509829196877649
A00935,1.0513677248708306e-13,2.8845412006905766,0.05197137794119571,-0.01628147267519008,-0.002365825787740883,0.010054407091667753,4.749609679082912e-06
A00936,9.715396260683225e-14,-1.5902114827214946,-1.4446845349857194,0.3412460667007051,0.00795150759121109,-0.009157950937141855,-0.00023161103340306856
A00937,1.0662713962528636e-13,-2.546929877147158,-2.034666534900756,-0.0007658819882091604,0.005569454346791001,-0.007713204338057275,-2.6641736229445987e-05
A00938,1.366197171612291e-13,-1.8774689340269681,0.985764306028205,-0.1628219339313179,-0.0059586590683797635,-0.010418604020808006,0.0017722386936972578
A00939,8.501072953036675e-14,3.4742123583860662,0.5401683465535206,-0.19925533905087703,-0.002516190290825213,0.008232683496589314,0.0005027109635121214
A00940,1.0236798655456536e-14,1.0879813112156296,1.9826081491801022,-0.15311172216099875,-0.009736626143593387,0.005670733649670503,-7.722011297477703e-05
A00941,4.085973613312518e-14,-2.5276732272277758,0.21791554390224346,0.5703392047185196,-0.00032986484620027145,-0.01015660682807433,-0.0016304589271979842
A00942,1.0684897730599342e-13,-3.4244292873654945,0.11498907859783936,7.086976593017802e-05,-0.0012767623161638818,-0.0087518660564151,-1.4617155548648319e-06
A00943,7.454117704469972e-14,0.179399801155278,-2.414643481762883,-0.5243010042606053,0.01022165291499108,0.001105673770966314,-0.0023840139329561623
A00944,8.276013529694863e-14,-2.8275361811648,0.45412491003321054,-0.04170570097316278,-0.0017739350497421272,-0.009481768371784166,0.00045639839554106226
A00945,9.000615550329252e-14,-2.34264833378323,0.03038065731875029,0.6176706460048834,-0.0007178373189867739,-0.011479688725640615,-0.0008542223923313304
A00946,5.772749866284028e-14,0.007578491229274943,-2.5181991719167587,-0.5003864162086606,0.010301469810896496,-5.526538056611243e-05,-0.0010725774051734815
A00947,1.1675754908589593e-13,1.5216539385054864,-2.6266639837409236,-0.5840033577273456,0.007717416242638892,0.005414692385536499,-0.0015076247975991045
A00948,1.0915967635120503e-13,3.12859147458638,-0.5979205244983183,-0.23177465168339595,0.0017764561760452418,0.009247554059556615,0.0011631873236816568
A00949,1.0776632755763073e-13,-2.8809981629796297,-0.7993109651933259,0.21756018984777367,0.0023643908972719044,-0.009872624678750155,-0.001041044220584162
A00950,1.0791882045004922e-13,1.0609583901464426,2.3160860427620165,-0.23858038909444781,-0.00980723300903397,0.0040366952102159695,-0.0003681937520847362
A00951,1.3432815689362812e-13,-2.246280898504742,-1.729150650178603,-0.02572280111938175,0.0055727625098020575,-0.00838075807266947,0.00029391820073840544
A00952,8.982697171202125e-14,-0.24254337752625205,-2.0870613737028445,-0.2971618699393602,0.012344482490523969,-0.0013678831056525677,-0.0013648213898419953
A00953,1.4590197125271591e-13,-0.9646067292060652,-2.1162949072402775,0.20924139458475538,0.010191900669822087,-0.005169293372429642,0.0001011636148576034
A00954,1.798301514456189e-14,-1.934464514405028,1.4523821140568112,-0.20921762125345708,-0.006488048587650371,-0.008539467485697248,0.000404437013809632
A00955,9.534368686436442e-14,-3.0285353918876483,1.2976607165224767,0.3956389634872616,-0.004112131914481624,-0.008364372108587668,0.00041237964866742505
A00956,1.0816268128470268e-13,-2.508354828434401,-2.183042262585039,0.3722569100262329,0.006749703504084115,-0.006194927976864834,-6.313311975288675e-05
A00957,7.199839377305008e-14,0.36241869672823684,-3.0467295652346715,-0.11195005198422105,0.0097650180394945,-0.000187151193004253,-0.00017096961649253666
A00958,4.3482289261942336e-14,-2.518707523118772,0.8820441279062708,0.5025554210706841,-0.003049271224364256,-0.010021163702790367,0.00021605312749646772
A00959,8.298424707231036e-14,2.827813782553196,0.11183293563201185,-0.03027492321788614,0.0010038079217317322,0.00985876369239681,-0.0004293481342933538
A00960,5.502971598240382e-14,-2.4265418291701257,1.7554170651689078,0.16852476773531783,-0.00495648886799251,-0.008009341664094572,-0.0008663750027826156
A00961,1.371593799233953e-13,-0.8359056550357625,-2.5744765695867793,-0.3159022236632615,0.01007124885702487,-0.0028856739180208326,-0.000322411184354914
A00962,5.382951061246282e-14,-0.8242904244782999,2.6820893584633327,0.4249433297785933,-0.009516671821600878,-0.002162202649377742,-0.0005567219655635355
A00963,2.6509287091907863e-14,-0.5771051105807636,-1.9578648028353085,0.29677231631551826,0.011886016299563141,-0.003918188952408761,-0.0003058143410239476
A00964,8.695990669232911e-14,2.139895655181997,-1.139155143015494,-0.21526690588489697,0.004810967713069175,0.009358986192068463,0.0006196434532063165
A00965,5.974361263761557e-14,-2.9636649127937904,0.4798916552952195,0.9782406186735223,-0.0008763408961199243,-0.009579734140317852,0.002034998878745056
A00966,1.4468585164527253e-14,-2.3457281303899125,-0.12308900741423806,0.5850806618339496,0.0007539636974347733,-0.011582844612160036,-0.00041287111818353765
A00967,8.521785114033479e-14,-2.6578911455947156,-1.7999344748853625,-0.31259207263320704,0.004750740967310953,-0.008204945997736114,-0.0017271132932555877
A00968,8.114499363998415e-14,-2.255111977036411,0.46575013694276773,0.09293743841581595,-0.0017058709547975249,-0.011210532165202467,-0.00046518618294839247
A00969,2.6130619417377126e-14,2.883083222482327,0.12605277384078217,-0.10091257218649041,0.00012952831309702998,0.00981255484607922,-0.0009926403122120615
A00970,9.016573196969726e-14,-2.1123608555645284,0.6392515785910697,0.3357015846520281,-0.004290682748968628,-0.010805185217574256,0.0021941583080701795
A00971,8.559753217210862e-14,2.2416724486697603,-0.8207294881084531,-0.4252751730716444,0.00359619211232426,0.01035923672827982,0.0002035125513119781
A00972,1.1671486786315823e-13,0.35875458327743776,2.26028547069627,-0.00020634665744089507,-0.01079311713576207,0.001730131064695322,-3.737857652494529e-05
A00973,5.455029111973551e-14,-0.11809309892508688,-2.535881274182399,0.06848573481279635,0.010068389265899967,-0.00015613006427341215,-0.00031882792548741944
A00974,3.753066847353399e-14,-2.0120609382753183,2.3656678524936154,-0.0033642097569151442,-0.007108028159972499,-0.006908029888785155,-0.00018136725463107283
A00975,1.4351034457213118e-13,2.633002305836144,-0.5440781856431037,-0.08440007417805817,0.0030843458850518574,0.009530099395056793,-8.048203555041325e-05
A00976,8.467097598521158e-14,0.6997524012865369,-2.7329297365037846,0.6409020801942206,0.009597590367579591,0.00282940159423312,-0.00010530398738142897
A00977,4.095088447547716e-15,0.8867064376648911,-2.7497045551161783,-0.11335501243804162,0.009396567710043068,0.0022265076197260166,-0.0004548407463225937
A00978,1.2382066841432803e-13,-0.35231258793290343,-2.1412884196903423,0.21867771422608717,0.012259473784011776,-0.0026431004431846337,0.000231096534014986
A00979,2.968524620317194e-14,2.7796796721299484,0.19880187612583555,-0.3562190846512841,-0.0003284379483379973,0.010039491787489125,0.000996804439264903
A00980,1.1858922149061106e-13,-1.9252038528513093,0.6067189317625706,0.32171457126421343,-0.0033785420921734694,-0.012307084775624599,-0.0005953305535537749
A00981,1.0638783737464597e-13,-0.8162087865623099,-3.3646230379808215,0.21556969325637046,0.00871197064125582,-0.002102666290573132,0.0007656801270231503
A00982,1.4616471380771292e-13,-2.455969547596249,-1.7337459316249588,0.1067672411481995,0.005619112780023394,-0.008353592246277464,-0.00020053471864764718
A00983,1.4567673884899256e-13,-2.8863115798876446,-0.34933992442055434,0.8728791389591547,0.0008756099050120077,-0.00959775918645614,-0.0019292321405008166
A00984,4.1400631131524903e-14,-1.3533824150103866,-1.9560304115236165,-0.7166734244145881,0.009490498057491938,-0.006131001022020435,-0.0004551120895799492
A00985,1.1563418503545154e-13,1.6791413217697864,1.4960754823049043,0.14252503895027785,-0.0076962803465237374,0.008405466941003747,0.0014544961499421017
A00986,4.7804195627236727e-14,1.5287407462636944,2.9787123895671495,-0.15762033006384593,-0.008227324583198557,0.003978624013918663,-0.000515304939508363
A00987,9.492713113647148e-14,-1.9314353159670399,1.809990526825008,-0.03641777095985611,-0.0074007133421765525,-0.007154112634525649,7.314580602864578e-05
A00988,9.018201317610676e-14,-1.9112457694505511,-1.3018100450344214,0.04936104650234366,0.006479629137863852,-0.008825859024155974,-0.00016592437405777948
A00989,8.229442809211997e-15,2.049685873780502,-1.3516374193383784,0.19252342684124588,0.005629236887049956,0.009053956897978043,-0.002880096533899993
A00990,7.822696690709123e-16,-1.948006181277734,-2.2053119529810954,-0.15373713759433408,0.007940690558847227,-0.006218435772629914,-0.0016918706111037384
