name,mass,x,y,z,vx,vy,vz
Sun,1.00000000000000000e+00,-7.13409948189029034e-03,-2.79493568801676045e-03,2.06077223349661478e-04,5.37525158559862449e-06,-7.39536260813211708e-06,-9.42658307767655794e-08
Mercury,1.66012059523150968e-07,-1.37222719880887800e-01,-4.50087272290108642e-01,-2.43927424914313039e-02,2.13716486762938647e-02,-6.45528941241872798e-03,-2.48793056454733310e-03
Venus,2.44786192399181284e-06,-7.25450455119961757e-01,-3.55015973241379415e-02,4.12217015716446131e-02,8.04203794309446855e-04,-2.03022194342540596e-02,-3.23559938023912244e-04
Earth,3.00350017852922082e-06,-1.84305348586515122e-01,9.64419549278930588e-01,2.05818774055652610e-04,-1.71977421363883158e-02,-3.17164990500801505e-03,-9.34203106100824137e-08
Mars,3.22715454595744471e-07,1.38353364819613134e+00,-1.61859998463478941e-02,-3.42551819999561274e-02,6.77966945792936272e-04,1.51804228985060706e-02,3.01529084713600805e-04
Jupiter,9.54603287955060995e-04,3.99118684030225657e+00,2.94291597538049032e+00,-1.01511737392502091e-01,-4.56449839965650164e-03,6.42532159719754695e-03,7.56008138306181113e-05
Saturn,2.85817739266873525e-04,6.40765038777318718e+00,6.54287252921507534e+00,-3.68940695631004956e-01,-4.27566703701880418e-03,3.88569904936269432e-03,1.02308231315323745e-04
Uranus,4.36566807646079715e-05,1.44183317830276216e+01,-1.37404406614054455e+01,-2.37827043152239487e-01,2.68706404245979942e-03,2.65618755425696407e-03,-2.49702923632683468e-05
Neptune,5.15034172001589189e-05,1.67976287124369819e+01,-2.49955047959278041e+01,1.27609287309982472e-01,2.58868866688005727e-03,1.76097371293223157e-03,-9.60349881853062975e-05
Moon,3.69228602895693643e-08,-1.86260774966062109e-01,9.62612097148346724e-01,4.43432764129815255e-04,-1.68304578343267397e-02,-3.60071262794887026e-03,-4.95342652168148443e-06
asteroid_1,1.32585775036799589e-12,-7.56314256741491664e-01,-2.93245959785352639e+00,-4.44905210928284098e-02,9.54370837213460409e-03,-2.47223127517292316e-03,7.11963496671004482e-04
asteroid_2,2.08641260382060217e-11,-5.00890205654249909e-01,-2.57845316995941598e+00,3.98474928208676106e-04,1.04191978498303743e-02,-2.02402782183952945e-03,3.31274183987139258e-05
asteroid_3,9.15134522636326894e-11,1.15044854308771671e+00,-2.85659556183462549e+00,5.61442446736171386e-01,8.98397087637981158e-03,3.27099246035207408e-03,-1.76633182368447707e-03
asteroid_4,2.11502012596026275e-11,-2.72795432692923256e+00,-9.91754065829477671e-01,-4.46909220549244868e-01,3.47757720203336566e-03,-9.40987609464582868e-03,-3.45459195294801923e-04
asteroid_5,6.74543146983595424e-11,1.35009626712234376e+00,-1.71848113233238631e+00,-3.48551857813271859e-01,9.11079751808841279e-03,7.11829886216081877e-03,1.94494532829414676e-04
asteroid_6,7.89706716252930373e-11,3.16818797641344796e+00,1.30433650426174906e-02,8.12526670408996399e-01,-3.55758665091589175e-05,9.51161955647430828e-03,-1.39718410610106713e-05
asteroid_7,8.13228952424915451e-11,1.03973506673805338e+00,2.76983660924909003e+00,-5.72136956726521095e-01,-9.15656311705114606e-03,3.64843704594344049e-03,1.02278785860023327e-03
asteroid_8,1.05360195980461117e-12,2.66572704208584277e+00,-1.37837533600919970e+00,5.05486578747263438e-01,4.68225190598979806e-03,8.58148904566359387e-03,-1.29200794707092989e-03
asteroid_9,9.50147096192255488e-13,6.44009240746244216e-01,2.15176086731783389e+00,1.85754796818672102e-01,-1.09624795833201810e-02,3.31360224738774583e-03,-3.77602591353894069e-04
asteroid_10,9.89011205492871299e-11,1.58749073076221170e+00,-2.09725526916706473e+00,2.31168840215458471e-01,8.44020636949128697e-03,6.38992120799479566e-03,1.10159558679549621e-05
asteroid_11,5.27474057580819380e-11,1.90723466762374749e+00,1.68181887103135774e+00,1.03684817909097282e-01,-7.13821641227351932e-03,8.05206996017735800e-03,6.95671729501522694e-04
asteroid_12,6.37969832597862758e-12,3.02676765025139716e+00,-1.03618875094378460e+00,2.87562904016041732e-01,3.09682403085532066e-03,9.08376939587654531e-03,1.36084552333264676e-04
asteroid_13,2.69061995392671610e-12,-2.86534784059090608e+00,-1.54953681037862029e-01,-1.33495378473342974e-01,5.86012716214122853e-04,-1.00959735268824000e-02,-8.59370643565922267e-04
asteroid_14,8.10790151395495823e-11,2.59627754679941569e+00,-1.66679301164603899e+00,1.12477976821333855e-01,5.29022453845329546e-03,8.23770743569950462e-03,-3.85675580912821098e-05
asteroid_15,9.04964626009266275e-11,-7.58914756812636565e-02,-2.62591527785223722e+00,-1.63536717681698474e-01,1.05717387295607389e-02,-3.51274960491777040e-04,7.34473789629011943e-04
asteroid_16,5.24540049142923809e-11,2.01716541484221068e+00,-1.24088376389158506e+00,1.44541482927380449e-01,5.76445272511030664e-03,9.50009323690032860e-03,1.11149254377819104e-03
asteroid_17,3.71776897265102164e-11,-2.21728468779219190e+00,-1.63761827586875564e+00,-2.23282095581951279e-01,6.14879374286865336e-03,-8.31810317148797863e-03,-5.26170279525339180e-05
asteroid_18,7.02386354584255392e-11,-1.97274829586112976e+00,-9.14938508879620360e-01,9.30336586703329055e-02,4.90872889288372551e-03,-1.05759611158038613e-02,7.88151849882031379e-05
asteroid_19,2.24861080325166527e-12,3.08832866442178045e+00,1.60290541159569339e-01,-6.44650574936354442e-02,-5.24072392375216946e-04,9.72225605045877808e-03,-9.32630952675121130e-04
asteroid_20,8.98925877565070505e-11,-2.73429867127008164e+00,8.01015787421801129e-01,-2.23903843328262325e-01,-2.77146557188084376e-03,-9.73962106156225915e-03,-9.98534012767710207e-04
asteroid_21,2.56164891922262959e-11,-2.67723920366300794e+00,-1.28820366476230386e+00,-4.80881987284484391e-01,4.42002057811561721e-03,-8.82233787880046944e-03,-9.74219034761140490e-04
asteroid_22,1.90989665517732557e-11,2.45871667103731628e+00,-4.00566127406246641e-01,-4.14803160433234785e-01,1.88596556906516009e-03,1.06189180862343267e-02,9.24477263421365062e-04
asteroid_23,3.10861278858339667e-11,4.96318142664355255e-01,-3.22548136405850316e+00,-9.54097316641100562e-02,9.39845167465504228e-03,1.45864375376489309e-03,-4.21405288352126486e-04
asteroid_24,6.38212629631334837e-12,6.28147549703622493e-02,3.17107282529928147e+00,-1.78879975665270120e-02,-9.65680874937888643e-03,1.91711631307344869e-04,7.49926837614267133e-05
asteroid_25,3.89621451659596417e-11,1.08301634703415406e+00,-2.83361254645658800e+00,5.68929216733548362e-02,9.19225676899169258e-03,3.52862051889099408e-03,7.62467909617518314e-04
asteroid_26,7.14776371273246105e-11,3.64728329476592783e-01,2.30357878130918392e+00,7.76557650724798709e-02,-1.11176377416657285e-02,1.76944231969316883e-03,-2.72128426425273355e-04
asteroid_27,4.98256540642325869e-11,2.56866474472842921e+00,-6.64809946668591945e-01,1.89568077599439028e-01,2.68990278956696572e-03,1.01676819815521985e-02,-7.90651824433773491e-04
asteroid_28,6.68012235085674359e-11,1.70553406800221863e+00,-1.20134711036909536e+00,-5.30521132011862351e-01,6.88460465626431362e-03,9.46475251731077744e-03,7.00207167143077481e-04
asteroid_29,2.13850579235529535e-11,-2.28197891676149034e+00,-6.19511299139789556e-02,1.03115843500515877e-01,3.16218511664157821e-04,-1.13739444679795791e-02,1.64623250519536918e-04
asteroid_30,3.97950657010012237e-11,2.48780919805625711e+00,1.50893704841972132e+00,2.41498568840303768e-01,-5.22813897946918828e-03,8.60272839126803752e-03,1.06156549442437272e-04
asteroid_31,5.19529434355683383e-11,5.08805814000794943e-01,2.92250172149670373e+00,-4.03022779057871317e-01,-9.67649771792119563e-03,1.86595615689986853e-03,1.31457031776716126e-03
asteroid_32,5.72601215867369637e-11,-1.38140276754295122e+00,-2.94691155828382678e+00,-2.04048600919879669e-01,8.59524047851469020e-03,-3.95178747456810444e-03,-1.11699271155939412e-03
asteroid_33,1.86477844313804105e-11,-2.05454382780356992e+00,-1.40823375412434526e+00,2.75803292914170821e-02,6.16170379158201796e-03,-8.99028650158975075e-03,-3.38798361906240318e-05
asteroid_34,8.07688368233404358e-11,-2.51921002735725397e+00,-3.42470616168744191e-01,-1.05060937578344768e-01,1.45667450052834103e-03,-1.06845949038209959e-02,-1.00029643213281005e-04
asteroid_35,9.03071992756922588e-12,-1.60509974826004798e+00,2.06600032304676384e+00,-4.99353364258637911e-01,-8.41077627095556876e-03,-6.14295501360692317e-03,1.61967033867788102e-03
asteroid_36,9.83774221041508168e-12,-2.32272302889760196e+00,1.35417684128994409e-01,5.70136979485176554e-02,-6.59374291503560988e-04,-1.12558208484135804e-02,-1.28156206986249766e-04
asteroid_37,2.49775753856346452e-11,-2.21916612431653970e+00,2.37471482219061336e-01,3.28663985218037358e-01,-1.08310401182473226e-03,-1.13661965149748322e-02,8.99276509579661522e-04
asteroid_38,6.54308536311933061e-11,-2.20283725653420914e+00,-1.44912300896437984e+00,-4.25403818667467015e-01,5.91928375797364827e-03,-8.59459616220349318e-03,-1.37420426663613132e-03
asteroid_39,7.71794540995038502e-12,1.56494758159634290e-01,2.36210055216925197e+00,-1.54129812805861771e-01,-1.11395992926165265e-02,7.55877675559862459e-04,2.73601691661175706e-04
asteroid_40,7.82482455605279475e-13,-2.01314180739021342e+00,-2.03127922771726954e+00,5.03074974076739179e-01,7.24283365338465341e-03,-6.99127397059919487e-03,7.54602513352127893e-04
asteroid_41,4.72234357430523490e-11,1.75614212914748724e+00,-1.94717034321057270e+00,-1.13687027058109374e-01,7.88152951906392202e-03,7.11452992548175511e-03,-1.06570173818689996e-04
asteroid_42,3.46722397918063774e-11,3.02631641055232681e+00,6.27902065100288898e-01,-2.28635903982212119e-01,-1.99223113956183921e-03,9.56560420669660613e-03,-9.99806047711782200e-05
asteroid_43,1.56830639580890548e-11,1.58723451154949742e-02,2.93869963111248511e+00,9.62455593241211826e-02,-1.00035983951812478e-02,7.85694519865259242e-05,-7.49244473727249307e-04
asteroid_44,6.55958278338463699e-11,2.27815210490011433e+00,7.27988312065155685e-01,6.36308792847261162e-01,-3.27119390397590708e-03,1.04315797013022887e-02,-2.22833351729423825e-04
asteroid_45,6.41467271490804583e-11,9.62312573035806862e-01,2.94039775520215807e+00,-1.73292050935975800e-01,-9.28647454552848986e-03,3.04208080498530146e-03,4.86828780532225504e-05
asteroid_46,1.21980673194400300e-11,-1.28126538243722021e+00,2.78473738868389331e+00,4.71043946773693420e-02,-8.92306621254652238e-03,-4.10052059657022711e-03,-2.95998390151504807e-04
asteroid_47,2.29878357971387798e-11,-2.19092533676898293e+00,1.32736380135734433e+00,1.30550409929663574e-01,-5.30015427235306421e-03,-8.99609693571797736e-03,2.51895909073166164e-03
asteroid_48,3.65042820648505270e-11,2.44320238304771964e+00,8.47597337308736987e-02,8.03940567411465523e-02,-3.90884145631279639e-04,1.09881266537781835e-02,2.94280294907054243e-04
asteroid_49,9.90040899771795632e-11,2.89147673971244856e+00,-3.39361866336091667e-01,-2.11483545589132155e-01,1.30286380099619973e-03,9.74329387412092331e-03,2.17841052800491755e-03
asteroid_50,7.68613704932006848e-11,2.09277350514252136e+00,7.89864086745758476e-01,-3.72680275364355496e-01,-4.10376539232714787e-03,1.06501515628114225e-02,-4.72467308195900347e-04
asteroid_51,3.37231620274290480e-11,-1.18178525787044787e-02,2.32986765157516018e+00,2.16012827718297329e-01,-1.11657937332168954e-02,6.72231552431455854e-05,-1.33592417704717862e-03
asteroid_52,9.65441278303372836e-11,4.31064608055464413e-02,-2.08198575473018410e+00,-3.32657544669213268e-01,1.17665541266163253e-02,2.52539055775120432e-05,1.36667945728910414e-03
asteroid_53,4.54986616115681023e-11,2.85725104253799467e+00,-8.99933957318448385e-01,5.42267627927151663e-01,2.84859305706248360e-03,9.41817382695126284e-03,6.20706351270938501e-04
asteroid_54,3.80393907924507062e-11,-2.14250325366220418e+00,-1.95097762492570492e+00,-2.70707385571860859e-02,6.79924031002524659e-03,-7.47055465581162800e-03,2.76700711246107749e-04
asteroid_55,9.44291357326837340e-11,-2.16515417405699928e+00,1.97223794633687977e+00,-3.20109696848141168e-01,-6.36780085028230622e-03,-7.37254158672909221e-03,-2.35274249782775613e-03
asteroid_56,7.36201864158826993e-11,-2.69967304221879179e+00,1.18143897802728359e+00,-7.33877498833163000e-01,-3.87746640816159002e-03,-9.07135657019660958e-03,-3.39787909818561450e-04
asteroid_57,5.47889478226957671e-11,1.80757313378669360e+00,-1.89272293156629678e+00,-4.20100096719252192e-01,7.32724208540720505e-03,7.39678922222017626e-03,-1.79849195090815575e-03
asteroid_58,6.00736488223227535e-11,-5.20168836116399969e-01,-2.69593885241265996e+00,4.51204546375875204e-01,1.01245905734219984e-02,-1.95944130293636016e-03,-3.55436198616320700e-05
asteroid_59,9.72813236111058438e-11,2.14023426727714838e+00,7.23520131517701448e-01,1.96557828670788498e-01,-3.53853604275994630e-03,1.07942907870332352e-02,-1.20366915306511038e-03
asteroid_60,1.52986259809516654e-11,1.15893683456168239e+00,-1.88810875142213619e+00,3.13099034288161271e-01,9.80100899463608351e-03,6.01624992872755796e-03,1.86459029013548529e-06
asteroid_61,3.47190761138401765e-11,2.89038706957992186e+00,-2.60204871047186703e-01,6.70584432263357857e-03,9.05306889354359832e-04,1.00570790166486304e-02,3.18560402959271120e-05
asteroid_62,4.21074269407707839e-11,-2.64767359705964056e+00,3.05665455587302515e-01,1.73085728005335088e-02,-1.18926602873071054e-03,-1.03791202614434939e-02,1.37216738970651780e-03
asteroid_63,9.84700913013339657e-11,-7.06763178613535881e-01,2.67040761677333416e+00,2.97097995686715743e-01,-9.86606936359640807e-03,-2.75180908775688078e-03,1.26381668495321878e-03
asteroid_64,8.42856708544265867e-12,-2.52338892805679071e+00,1.58152871483420343e+00,4.89480301904894832e-01,-5.17281201245918532e-03,-8.42515638140905673e-03,5.54895026319476565e-04
asteroid_65,1.11739961969876700e-11,4.38145196578784535e-01,-2.82584411162955806e+00,-1.08365834829844923e-01,1.00226240439769132e-02,1.52352456846693461e-03,7.94730658361952522e-04
asteroid_66,4.35426804279943141e-11,2.69138678736485693e+00,-6.23418160885968131e-01,-9.54743780867860353e-02,2.35954782349615411e-03,9.99934342091193286e-03,1.22214517778650904e-03
asteroid_67,1.69326730319279520e-11,2.42423580029139574e+00,-1.33434748603337239e+00,1.45972172980067566e-01,4.84572922762500479e-03,8.98143673999078108e-03,1.62474297673118008e-03
asteroid_68,6.84861677625234631e-11,-1.23080060505403455e+00,2.11809935405705696e+00,2.71530559272682381e-01,-9.48388082599726720e-03,-5.48343680241921653e-03,-2.14717304148471150e-04
asteroid_69,3.60741464562470995e-11,-5.76230479818681363e-01,2.03381853790920664e+00,-3.13416813943893535e-01,-1.11802000787928294e-02,-2.80220847282335213e-03,2.37124647974474396e-03
asteroid_70,8.46222843814828654e-11,1.76703941882042970e+00,-1.92936041238934730e+00,2.02078018532674486e-01,7.62855097877816225e-03,7.17216631360348498e-03,1.77032351739422325e-03
asteroid_71,7.48635688228225908e-11,-2.34845968581380404e+00,-2.06278199894210895e-01,4.87002272887674152e-04,9.80295569471458872e-04,-1.11605743989564507e-02,2.93280654433113030e-06
asteroid_72,4.70859713919188557e-11,8.34832678934467665e-01,-2.45201234515922151e+00,-1.99040012731966330e-03,1.01178533026100772e-02,3.44475670091917577e-03,6.46206551051956371e-05
asteroid_73,8.44994893621182572e-11,-1.95783978408584569e+00,-2.42999751013763099e+00,-1.47899863808845594e-01,7.51375237779408796e-03,-5.95109264674520931e-03,-1.68751351352319453e-03
asteroid_74,1.00908763097057877e-11,1.92181509954456531e+00,1.39855133588941238e+00,-1.36175461788693108e-01,-6.57970340427679445e-03,8.94226389230475156e-03,-1.01896654935356161e-03
asteroid_75,5.81140894694768663e-11,2.15569579263870947e+00,1.26097933890423064e-01,2.14045884643014411e-01,-4.44121439026661880e-04,1.14462122861406970e-02,-2.27032163423074090e-03
asteroid_76,6.05172453513132165e-11,2.05852093383093404e+00,-1.30556682886383002e+00,1.32802294380031122e-02,5.89277692316624805e-03,9.29633133523393058e-03,4.95260018357174150e-04
asteroid_77,2.46096511718414328e-11,-1.32186774598554746e+00,2.06553226354450148e+00,8.87545758083667369e-03,-9.25235906777360090e-03,-5.92118648065246330e-03,7.53570651689958439e-07
asteroid_78,4.97163643576297077e-12,-2.84630451962982400e+00,4.76243720952864047e-01,2.20712333967918506e-01,-1.61387591299287344e-03,-9.95880819029585848e-03,6.76163224981915934e-04
asteroid_79,5.35245442567200711e-11,2.32770193293823624e+00,1.48145553751266434e+00,2.26595208592597269e-01,-5.34265480827238615e-03,8.66831160086760887e-03,-1.79002151136589227e-03
asteroid_80,5.13725681854894899e-11,-2.95588746098728983e+00,7.07860313992422885e-01,8.59353651003506441e-02,-2.29222995130379508e-03,-9.27241731529085400e-03,-2.46694173278105573e-03
asteroid_81,6.53646398174557509e-11,-2.76862717134704006e+00,-5.94022764179291229e-01,-6.12756685779468069e-01,2.30070513210055717e-03,-9.80022441409751296e-03,-8.94708060597017014e-04
asteroid_82,2.13007448052941824e-11,2.55732760089185662e+00,-3.09712366883717838e-01,2.45275310684833575e-01,1.19663978342510603e-03,1.05888441250938711e-02,8.94081142757496708e-04
asteroid_83,1.79725397420226196e-11,1.74275855386118450e+00,2.48714998894248840e+00,-4.93686462182746977e-01,-8.07895345706216919e-03,5.39365228150215457e-03,-1.34669082944727518e-03
asteroid_84,9.77918097766749900e-11,1.37883665402432398e+00,1.84120909542089817e+00,-2.11943720831150213e-02,-9.07819975955808517e-03,6.79636160919720993e-03,-1.80791881691526833e-04
asteroid_85,1.13777126435046579e-11,-6.12264954519631588e-01,2.03359369258534395e+00,1.21819434582216057e-01,-1.12122583714232994e-02,-3.27834940073313359e-03,-1.62570282072968791e-03
asteroid_86,9.99408645162710281e-11,1.08489791001404368e+00,1.85478418782535970e+00,5.08222164570773516e-01,-9.87698495904798870e-03,5.98868584564034648e-03,-7.71708713977854342e-04
asteroid_87,7.20004776475005248e-11,2.11055172789163947e+00,2.06655766886657011e+00,2.77485670541803786e-01,-6.95027147519483145e-03,7.15794237473972583e-03,-4.44683274253468593e-04
asteroid_88,6.29359306086432631e-11,1.16229133750826485e+00,-2.38618998368571766e+00,1.52799923348676241e-02,9.18773992940813064e-03,4.49207598820465168e-03,2.62540693084335709e-03
asteroid_89,3.39849517136428779e-11,2.94418315308896505e-01,2.27201950856421675e+00,1.07272268130547271e-01,-1.12557524455490082e-02,1.47673039662466962e-03,-3.84634334554016832e-04
asteroid_90,8.67816322574899203e-11,-9.45104161282097344e-02,-2.69904633015070550e+00,-5.46662917372215257e-02,1.04583054400411973e-02,-3.62216001662109364e-04,-1.97215300025447264e-04
asteroid_91,9.10070606128979758e-11,-4.76125960072392718e-01,-2.22785431162379721e+00,1.45012966144942496e-01,1.10330520894218534e-02,-2.44784265716130800e-03,-1.38135440336112423e-03
asteroid_92,7.21911811593803477e-11,2.27088948917817701e+00,-1.82613088309553540e+00,-3.54912650344112013e-01,6.35261213881018263e-03,7.50593181462568849e-03,2.02660074543717416e-03
asteroid_93,7.09917590319753316e-11,2.61887070349934747e+00,2.92327191598282521e-01,3.64484336466824113e-02,-1.16003371985475934e-03,1.04983759440649919e-02,-8.50034664666824129e-04
asteroid_94,4.93205317378168791e-11,-1.88921564095267014e+00,-1.71211863671922560e+00,1.97271759065253793e-01,6.96777021035204554e-03,-7.92785340866520791e-03,-2.07736326849008177e-03
asteroid_95,7.79270818740246820e-12,-2.40517333833216762e+00,5.24435319738924877e-01,-2.52878380069085536e-02,-2.33825157247188366e-03,-1.07009543503050926e-02,4.72239825543319580e-04
asteroid_96,9.99029141140193260e-11,-1.46004168858899019e+00,-2.45408341385936524e+00,6.65280893567314902e-02,8.60686889494144750e-03,-5.06747391000817327e-03,1.95982965058730469e-03
asteroid_97,1.56538256898865676e-12,1.29272488084345016e+00,-2.17959624721486733e+00,1.63151643603153575e-02,9.19057771097570378e-03,5.46270078660086953e-03,1.56870364675436931e-03
asteroid_98,4.95447859645734646e-11,1.37240755865169817e+00,1.72381025528511000e+00,8.82842121533126412e-02,-9.05392741101771967e-03,7.22146483651013756e-03,-2.57766688260777294e-04
asteroid_99,3.67197599256591076e-11,-1.87062119354736556e+00,-1.22982463621422067e+00,-1.14499025874391744e-01,6.29696277147342390e-03,-9.38567376327815832e-03,-2.06551271455769755e-03
asteroid_100,7.76154745454353969e-11,2.73097474312263433e+00,1.70944082328631208e+00,-4.58158380926071529e-01,-5.16068068695102466e-03,7.93484093688131414e-03,-1.15581775133157243e-03
asteroid_101,7.35806785772232105e-11,1.67224459240448997e+00,2.69633059223687832e+00,3.33756223471969871e-01,-8.20011212844349961e-03,4.98481679600158972e-03,8.14603956494147348e-04
asteroid_102,6.28086902499641784e-11,2.40867340066756785e+00,-1.68510232698524898e+00,1.60080037403707992e-02,5.73880523033899921e-03,8.20860648490788318e-03,5.89353878723906932e-04
asteroid_103,7.48310687681106573e-12,-1.04627897712773632e+00,-2.18107021381148547e+00,-2.58352979008654154e-03,9.96628081111090858e-03,-4.78046100751380789e-03,-3.82802259565111821e-04
asteroid_104,2.36925762796203169e-11,-1.86767554202728392e+00,-2.67164107822012298e+00,1.46174776555977826e-01,7.62837291365578690e-03,-5.20571158052247733e-03,2.32278526027537152e-03
asteroid_105,9.42490139884208644e-12,2.98034770439997176e+00,5.54523839854723088e-01,1.35010019309147439e-01,-1.71023061739836689e-03,9.58841216462492929e-03,-1.62892530647081816e-03
asteroid_106,9.78978464079780698e-11,1.10959084154174814e+00,2.73348782930745715e+00,-2.45031481907740850e-01,-9.14835792490304930e-03,3.54030395727561453e-03,-1.93263488295221148e-03
asteroid_107,1.27870117499063919e-11,-1.19701003780793469e+00,2.30321938764937650e+00,-4.77391334635036690e-01,-9.40751079010623305e-03,-4.85756695753658888e-03,1.52584363928673453e-04
asteroid_108,9.67196005044991794e-11,6.76411240158112825e-01,2.33024326247234148e+00,3.54671327246467716e-02,-1.03472957594550729e-02,3.03968924576144888e-03,-2.37369704123162285e-03
asteroid_109,1.12800901225834112e-11,1.62200695033058251e+00,1.50939288442988540e+00,4.04673789287550521e-03,-7.86499573174910364e-03,8.45311043991574425e-03,-4.91014773872384697e-04
asteroid_110,8.62244121088697654e-11,-5.78733255448053652e-01,3.10649235329780238e+00,3.83463584603504493e-01,-9.45716542240235963e-03,-1.81915940950385085e-03,4.64264848042491359e-04
asteroid_111,5.74672711760331700e-11,-2.50101759580061733e+00,8.35891551524009624e-01,2.29004188448928614e-01,-3.18177295748417856e-03,-9.95650293426549038e-03,1.59336183079206444e-03
asteroid_112,8.31742486037206702e-11,-2.29169328038272546e+00,-4.86820976468917199e-01,-5.28633319701310531e-03,2.33376168335661755e-03,-1.09893955424547260e-02,3.03102539742237584e-04
asteroid_113,6.34070554836524817e-11,-4.15764664014915852e-01,-2.43117146977694620e+00,5.80002660274248349e-02,1.07883405600910157e-02,-1.85317021862058617e-03,-3.44201454119265175e-04
asteroid_114,7.68860283388398039e-11,-4.98337855489982898e-02,2.79453232579547617e+00,2.20351172966618374e-02,-1.01468352021692031e-02,-1.67555520020633140e-04,-1.69801194607049639e-03
asteroid_115,7.30838519304197206e-11,7.64131945346585573e-01,2.15112783406821206e+00,-3.66993522812610773e-01,-1.04216973418662581e-02,4.01110515697348288e-03,1.81160713625475489e-03
asteroid_116,2.60260958191535847e-11,-1.75924974048722360e+00,2.58570584966384809e+00,-5.61815547963666825e-02,-7.90618660717904743e-03,-5.41533035329311210e-03,-1.66415179835745827e-03
asteroid_117,9.35054787674459286e-11,6.22555208595234055e-01,-2.94506449487957322e+00,-2.15700418123067547e-02,9.70011452885660708e-03,2.05095123265451595e-03,-6.15127277855941225e-05
asteroid_118,6.43681739614235135e-11,-2.19582838561161031e+00,-1.88903632823345546e+00,-6.25584167261801882e-01,6.23006381982604655e-03,-7.69323100093002605e-03,1.36295307190198900e-03
asteroid_119,2.02163910163444199e-11,1.24765839549014945e+00,2.30215015711938786e+00,-7.51209268153938629e-03,-9.33947750113460831e-03,5.06282547771469502e-03,3.86970093448325673e-04
asteroid_120,3.06111426084310176e-11,2.98867730061244452e-01,-2.83178350714889104e+00,1.73148477456888050e-01,1.01280680632013110e-02,1.07159930263093649e-03,4.38035587674585322e-05
asteroid_121,5.33097702084797171e-11,-9.16944343315718280e-01,2.64537019447463129e+00,-7.98047521231619039e-02,-9.42490896240545488e-03,-3.18909388657640826e-03,2.57858133680089916e-03
asteroid_122,8.81838551820704744e-11,-2.35218173804321573e+00,-1.65511997873614547e+00,-1.45460204303905882e-01,5.64087424562751284e-03,-8.18940287644218980e-03,1.96674361159071597e-03
asteroid_123,7.96773444684044843e-11,2.10023241002641603e+00,4.46530789875899226e-01,-4.85285349633880925e-01,-2.13754956742480363e-03,1.13343185187046551e-02,1.17821673732798875e-03
asteroid_124,3.02117801909329939e-11,-2.34534957485602868e+00,-9.80134750830710444e-01,-5.41581475573487681e-01,4.06585966992065694e-03,-9.86245948837522445e-03,2.41287840957941842e-04
asteroid_125,6.88517463642852751e-11,1.72537089867111848e+00,-1.24111012638600049e+00,3.23990829031040817e-01,6.94289967209476503e-03,9.41229280114125669e-03,-9.17881347161842082e-04
asteroid_126,1.75666439256670993e-13,1.92028687582641444e+00,1.87978272591473350e+00,1.73285098466987669e-01,-7.34599833579779610e-03,7.46814960529282139e-03,3.91987378601703102e-04
asteroid_127,3.32707783386199759e-11,2.37007033378796539e+00,7.60817462709109771e-01,1.81956136007266206e-01,-3.29095040633311077e-03,1.03680331887548802e-02,-4.85813657480841884e-04
asteroid_128,8.39611264644406696e-11,1.69061203258746762e+00,-1.41784005015575065e+00,5.47759150184389920e-01,7.42437072898223093e-03,8.64602016809594420e-03,-5.35010359805239465e-04
asteroid_129,1.51286077786024512e-11,1.69270127110969315e+00,1.35713677431641178e+00,4.89377022427545660e-01,-7.13110719560266799e-03,9.05523449698778307e-03,-4.46194879402838057e-04
asteroid_130,3.53459924295179978e-11,2.56425248651410254e+00,1.11633608818658958e+00,-2.17718197715458639e-01,-4.05503068831504065e-03,9.42064656582181081e-03,5.44213627149176438e-04
asteroid_131,1.14321273915260912e-13,-5.81600335638776222e-01,-2.22767052782043251e+00,1.04500977064763856e-01,1.09337824430771318e-02,-2.80867231298100647e-03,9.78890414570824773e-04
asteroid_132,2.32304129336764011e-12,1.80919421658580037e+00,2.64004787731365509e+00,-2.48975711497997410e-01,-7.91678437106714886e-03,5.43144558092220966e-03,6.53713507588575413e-05
asteroid_133,1.46104389103564982e-11,1.31434784819288719e+00,-2.46630773268883940e+00,1.20640768153384148e-01,9.03675171347643330e-03,4.85288942958563875e-03,7.56655964705022421e-04
asteroid_134,1.01952868993024922e-11,1.10652417003393855e+00,-2.19537364176830163e+00,-5.36117077963797817e-01,9.73248230599644930e-03,4.72735409011857972e-03,7.29165992520779908e-04
asteroid_135,4.89780370797621373e-11,-5.25816767301237817e-02,2.80859800177509777e+00,-6.87886533077978080e-03,-1.02617525426531991e-02,-1.92085765981850663e-04,1.28591521998675400e-05
asteroid_136,9.00014365654272188e-11,-2.11329257084555522e+00,1.30930766932124881e-01,-2.06232824928761771e-01,-7.96568984765110488e-04,-1.17458864263180612e-02,7.05442499877939415e-04
asteroid_137,8.47332422321989087e-12,-3.16082770560316240e+00,7.57185923544562711e-01,9.98145440214165403e-03,-2.14850758798505563e-03,-8.99954767837825818e-03,2.33117435565170436e-03
asteroid_138,8.69849885829390353e-11,-2.65190943117560085e+00,7.28983262426665616e-03,3.78286215698659611e-01,-4.41807629173337257e-05,-1.05096385182715159e-02,-1.07193639192942528e-04
asteroid_139,6.68191022539664397e-11,8.26441465310654766e-01,-2.90784096671211101e+00,3.14153067590494828e-01,9.49194391321612346e-03,2.63781079293722237e-03,-5.54512332102211785e-04
asteroid_140,1.68977985940814615e-11,-2.15800242989782776e+00,4.05614934712210884e-01,-1.23761710799782140e-01,-2.10089831340112354e-03,-1.13870241014899128e-02,-6.86830940320836856e-04
asteroid_141,2.89807520554081772e-11,7.72128925939078226e-01,-2.57037949029391610e+00,-2.77218619812311974e-02,1.00542647854073817e-02,3.02210287888098061e-03,-1.71798978488501810e-04
asteroid_142,1.94264064207631778e-11,-1.59750344546400957e+00,2.16278497093089372e+00,-1.57985124939203671e-02,-8.42597527706913374e-03,-6.21922143419833141e-03,6.13088589245506469e-04
asteroid_143,7.89319526909918725e-11,-4.46922841100489063e-02,-3.22417957741312300e+00,-7.62926425314527784e-02,9.57740960600359827e-03,-1.33009561290528365e-04,1.06222557888480791e-05
asteroid_144,7.25127846236185544e-11,2.69082329854633118e+00,7.19169336015903382e-01,6.68722436313750612e-02,-2.66579759659050976e-03,9.95234099221345599e-03,2.35850004188399939e-04
asteroid_145,3.04478905393034312e-11,-2.60630248352042360e+00,5.69347223395098689e-01,4.74812755696675942e-02,-2.25294032501046487e-03,-1.02791100114619782e-02,-4.09871471773971471e-04
asteroid_146,5.44288961615973039e-12,1.47245707000594117e+00,-1.91333141419231767e+00,1.70961589784145135e-01,8.77401548707757925e-03,6.71735575249446295e-03,-3.90926142066479285e-04
asteroid_147,1.68823885896470494e-11,1.38259442219459183e+00,2.08034513098508844e+00,3.90721226623404021e-03,-9.06481817021590787e-03,6.02441575937783230e-03,2.63738671375866768e-05
asteroid_148,6.29913373690051646e-11,2.64212757918466057e+00,5.13311466518169168e-01,4.24553580965724153e-01,-2.25766696537136984e-03,9.97780471486953840e-03,1.98637491428516879e-03
asteroid_149,9.04637691311621634e-12,-2.43024535987653101e+00,9.96706613744990810e-01,-1.86698539267055172e-03,-4.02560375951122994e-03,-9.81488698490669276e-03,3.43916047802158274e-04
asteroid_150,5.36511854292326560e-11,-9.01927332885035238e-02,2.11627884976799630e+00,-1.81181073953065735e-01,-1.17730823950856784e-02,-4.48640891023121158e-04,6.20358678629733787e-04
asteroid_151,6.12967719274325131e-11,-1.13612114515815388e+00,-2.85264279159502765e+00,3.59640320833059191e-01,8.82649482146829339e-03,-3.75751897722520836e-03,-1.92106385280598900e-03
asteroid_152,6.87784833107033365e-11,-2.89979286161319161e+00,1.29223790625586976e+00,-6.66542510470876093e-02,-3.93211215746370590e-03,-8.81454478983130160e-03,1.77360952674443127e-04
asteroid_153,1.25443209441080791e-11,-1.72918832690229518e+00,-1.46681620482027286e+00,5.94800972091030361e-02,7.30365950564411653e-03,-8.66728597993987084e-03,-1.41077049796285324e-03
asteroid_154,4.59759910271699024e-11,-2.40961108714119288e+00,1.28618303009821600e+00,-4.28796565833956922e-01,-4.58880215471401624e-03,-9.13201345726427118e-03,-1.60498531355322458e-03
asteroid_155,4.63450282260781478e-11,-2.16997885566638926e+00,-5.06893061150084590e-01,9.19164930368750466e-02,2.65900318435338722e-03,-1.10920161497686937e-02,1.60487701216842685e-03
asteroid_156,8.35299068708346739e-11,-1.83477318949498835e+00,-2.25326089242578309e+00,7.25153236871580037e-02,7.82240159457621952e-03,-6.35365232569224531e-03,4.95018319075504688e-04
asteroid_157,4.68770138001371235e-11,2.22963599627842823e+00,8.72095873713603864e-01,4.57693671562184434e-01,-4.08313503170132201e-03,1.02256241146196671e-02,4.06779161278614070e-04
asteroid_158,4.06855080833921638e-11,1.69412638380317698e-01,2.88085893071250965e+00,1.77787182286998996e-01,-9.96384015099288124e-03,4.82026791718478194e-04,1.68375051994094590e-03
asteroid_159,1.23548103005698993e-11,2.94077852484493851e+00,3.63787713544348246e-01,-2.33673932953509855e-01,-1.18202805148384985e-03,9.89339157539180156e-03,5.26424104254545589e-04
asteroid_160,6.94494904685691044e-11,2.98946952017004453e+00,4.44240315234181449e-01,-2.20272966336254906e-02,-1.45503638180165696e-03,9.78676668085976843e-03,-9.58174187751537629e-05
asteroid_161,6.19827502398451026e-11,-1.86538838967263465e+00,1.22067445000374741e+00,-3.17661256374162640e-03,-6.30856021174873178e-03,-9.64054696837789854e-03,-1.71232128797595747e-05
asteroid_162,7.16978155395806353e-11,-7.34131928910849996e-01,-3.06139414312601188e+00,-5.69111412206427580e-01,9.33138792277678382e-03,-2.02370069459175328e-03,-1.15113551977528766e-03
asteroid_163,6.56317626641684974e-11,-6.85155468433997661e-01,2.27533630193163949e+00,-1.73919712453320151e-03,-1.06472738197418895e-02,-3.20685330278302778e-03,-9.38279656910489743e-04
asteroid_164,8.75296299334089493e-11,1.39096187348869682e+00,-1.63165726417071921e+00,5.91142029089533547e-02,8.94100071858571627e-03,7.61216526295838223e-03,-2.73138471283898814e-04
asteroid_165,8.77358371662400708e-11,-2.60673133734698315e+00,-9.24342596002058703e-01,-1.78651688995805080e-02,3.41665323187275057e-03,-9.66230259885352688e-03,1.39829739934589506e-03
asteroid_166,3.07752489362096665e-11,6.30979347259712386e-01,-2.39116073741792334e+00,6.01484590316342049e-01,1.03968363600720152e-02,2.83539823045269842e-03,3.65269380289385745e-04
asteroid_167,1.82493817881042447e-11,-1.79923273280754992e+00,-2.51920630028546633e+00,-3.86792275266879685e-03,7.95604365360470453e-03,-5.68222807204210589e-03,-1.79441184287570656e-05
asteroid_168,9.26484853547426830e-11,-2.42243748419866378e+00,1.88542374348144626e+00,3.56482606203208374e-02,-6.02916201936124808e-03,-7.74808400728426317e-03,8.84609728539320059e-05
asteroid_169,7.13068601592379618e-11,2.25386694070944937e+00,1.00523487044265569e+00,2.50594652816907515e-01,-4.40376041167474860e-03,9.98499494490567158e-03,-4.46039418150471839e-04
asteroid_170,9.70980302474802315e-11,-5.59103704766052978e-01,-3.15027140409274731e+00,5.32307175682303235e-01,9.36730823112070544e-03,-1.76530095443627548e-03,-6.08446392363505843e-04
asteroid_171,4.97006008030382907e-11,2.17150310465473639e+00,1.13213387276300215e+00,-3.07385157901056034e-02,-5.05773933282097077e-03,9.66414514773916884e-03,-1.35955135201570486e-03
asteroid_172,9.62247132257250312e-11,-2.50708206099926301e+00,1.04946516810932611e+00,3.25433625347743907e-02,-3.94529257137398327e-03,-9.34973439594126432e-03,-2.42604467768057531e-03
asteroid_173,1.22806522023993362e-11,2.10475536978576155e-01,-2.39778436013598473e+00,-2.72097557895949471e-02,1.10448597513764079e-02,9.69801682700916151e-04,-2.58186877985095553e-05
asteroid_174,5.90405525556966196e-11,-2.46974748013886902e+00,-2.05684288900277723e+00,2.43104917672190807e-01,6.15107627636245213e-03,-7.33252400611144640e-03,4.51472863348899116e-04
asteroid_175,4.96785631935681676e-11,2.08771035677302796e+00,-9.54923601654479315e-01,-9.07063296378446265e-02,4.67049292106228205e-03,1.03003121476369815e-02,-9.41221323703875668e-04
asteroid_176,2.74465699318426331e-13,-2.10653978495109540e+00,4.24642749686570842e-01,1.46364678359946904e-01,-2.35724933689684599e-03,-1.14619440966663103e-02,-6.72348372321385874e-04
asteroid_177,1.92979424807480808e-11,2.46537139289260532e+00,8.69696230636977541e-01,2.02650325130393494e-01,-3.59437726354058405e-03,9.93867678780718453e-03,1.07498046589000009e-03
asteroid_178,1.53556804008212224e-11,-3.27061060251602509e+00,-2.87934207174582846e-01,-2.23379400313744120e-01,9.40389302025688447e-04,-9.25485762673942600e-03,-1.83927939573631728e-03
asteroid_179,6.09032075327077178e-12,-2.75680219584742892e+00,1.55630855945046109e+00,1.64091323905908359e-01,-4.71127407624854881e-03,-8.41167809087163716e-03,6.28405518767720037e-04
asteroid_180,9.48154260670484798e-11,1.31430829485409983e+00,2.63261797894915839e+00,5.76104863058408911e-01,-8.90669242157053793e-03,4.39373004181751840e-03,2.41496011521021773e-04
asteroid_181,9.65370648052681023e-11,-3.11832917017718358e+00,-5.64134262112782947e-01,5.10800942910910692e-03,1.71839922874194966e-03,-9.50203764023772011e-03,-3.70115163967081628e-04
asteroid_182,8.91760821607058088e-11,2.76576083005607520e+00,-1.54320548040694860e+00,-1.77568221674314630e-01,4.72667408506925041e-03,8.32104923158672079e-03,1.30519561338006862e-03
asteroid_183,9.88881983386770696e-11,-6.04930358769906751e-01,-2.64810583555099122e+00,-1.85226991642138517e-01,1.01268007815336330e-02,-2.36483307849106672e-03,7.35956698768112125e-04
asteroid_184,8.30681150945939656e-11,-1.89802540853489576e+00,-1.58054230225550607e+00,2.13063556955706945e-01,6.86669751893949354e-03,-8.41007179949852801e-03,-1.21704473607717428e-03
asteroid_185,9.32187851994683673e-11,-2.96399273921920869e+00,-6.10499189632680461e-01,-3.50005776221024995e-02,1.99127433691169637e-03,-9.68228298573981828e-03,2.54374093044029811e-04
asteroid_186,1.97711366420619307e-11,2.61707335822159193e+00,1.00847170704074873e+00,7.13519672668613159e-01,-3.59853738348071871e-03,9.44863906564490617e-03,-1.55635306389899234e-04
asteroid_187,2.56958170954746320e-11,-6.32162599719459428e-01,-2.43817298680915373e+00,3.87260673259407828e-01,1.01832732834838853e-02,-2.94715276665465185e-03,-1.93199000771031326e-03
asteroid_188,8.62079892587216757e-11,-1.88447934953852525e+00,-1.06117297028690261e+00,4.70756843078095955e-01,5.73461655757929230e-03,-1.00346827542288526e-02,3.36123369027355623e-04
asteroid_189,4.79515782589710950e-11,-2.88310591047619713e+00,5.62898618385386906e-01,-5.89699497716627774e-01,-2.12856972639187533e-03,-9.63127247032702707e-03,1.21326539186679991e-03
asteroid_190,7.17000730040716208e-11,1.77670840006464292e+00,-1.63302994267231183e+00,-9.22855352115064670e-02,7.48962506802903615e-03,8.15090019271090885e-03,-4.10064558854768908e-05
asteroid_191,5.61952901055726986e-11,3.20138005475347986e+00,-2.25511948165901005e-01,-3.09224143187481704e-01,7.53251918709959048e-04,9.51152606316544268e-03,8.61779075465349590e-04
asteroid_192,3.05708176228372590e-11,2.37299581445263374e+00,1.94471925380287070e-01,-1.97937997374321967e-01,-9.02647521103102312e-04,1.10921284237657149e-02,7.64319222792278832e-05
asteroid_193,2.84906364307278071e-11,-1.81655621738246342e+00,1.24588290007387337e+00,-4.45308187779250186e-01,-6.21940442894830005e-03,-9.54899910333160441e-03,-1.34521872330020643e-03
asteroid_194,7.48204783633939215e-11,8.07087121965816334e-01,-2.98952686737197348e+00,6.94612737536692837e-02,9.42979216807728060e-03,2.53573461200713333e-03,-4.32141089945506374e-04
asteroid_195,5.32141903517987237e-11,1.25177500704540656e+00,-1.90699879665802641e+00,1.13146960851523995e-01,9.52062331495208240e-03,6.22966275387677217e-03,-3.33362395583642311e-04
asteroid_196,3.59449742054736638e-11,-2.09947980665365819e+00,8.83804969727365775e-01,4.13355841787382827e-01,-4.36770111774871430e-03,-1.04272737026765185e-02,1.10742407130384071e-04
asteroid_197,6.17077994554114097e-11,-2.79628331662275587e+00,-3.54437947973701317e-01,5.82806639391033957e-02,1.28596523651068736e-03,-1.01634284588346547e-02,-1.09497563752357986e-04
asteroid_198,4.19995590831933422e-11,2.08544478685160684e+00,-2.28569746107695737e+00,5.87959575442807192e-01,7.10764606413471101e-03,6.58027764371850107e-03,3.70638529066635294e-04
asteroid_199,4.75127335763095413e-11,-1.93703684935074416e+00,1.29575587972555772e+00,1.56525818264489969e-01,-6.26987344624829485e-03,-9.34474451877467978e-03,-2.32985534383838889e-04
asteroid_200,6.77941910377940649e-11,1.11211972527678316e+00,-2.17908621785597667e+00,3.57039786637959211e-01,9.63257955813701626e-03,5.08412920179707097e-03,1.02558357706031755e-03
asteroid_201,4.58019405450452497e-11,2.88724617921642546e+00,7.58516354972852969e-01,-5.35591963535975601e-01,-2.72689164407403494e-03,9.38966715503767452e-03,-1.40217073214545635e-03
asteroid_202,9.49945618796463548e-11,1.99030062868584001e+00,-2.54552043510648485e+00,4.76484434895344311e-01,7.42863679992736715e-03,5.92063574462083162e-03,5.99975072937723990e-04
asteroid_203,4.85244114048858372e-11,-4.62580858605832757e-01,2.65940078549005898e+00,-9.17065376709030461e-02,-1.03049454054533595e-02,-1.77654495430562597e-03,4.61531398709574305e-04
asteroid_204,9.61826638240393200e-11,1.76339562152563278e+00,-1.43367679458987141e+00,8.21528352188435201e-03,7.19733907679426937e-03,8.85340006306793194e-03,1.40957884601058270e-04
asteroid_205,8.47703385861979261e-11,8.49823017002537540e-02,2.11489323005627217e+00,2.28735846542218839e-02,-1.18139629871696506e-02,4.74151203169138544e-04,5.24009360121536897e-05
asteroid_206,8.90938269081155159e-11,6.20692851151672498e-01,-2.29283199563169715e+00,-3.28106716842232610e-02,1.07719177282097414e-02,2.91308040133036669e-03,2.08724074343047942e-04
asteroid_207,7.63299002237424717e-11,-2.11687824341670394e+00,-7.11654867476497643e-01,3.34336431782705334e-01,3.59603743370715120e-03,-1.08620624264771076e-02,-3.51939482281067193e-04
asteroid_208,6.04565188399958474e-11,-5.70666335163773075e-01,2.84447138570230829e+00,2.64576690298068462e-01,-9.88029039286504769e-03,-1.98809892423508798e-03,6.32761452388594408e-05
asteroid_209,5.32714394108379186e-11,1.11416983435019468e+00,1.94842466005300285e+00,-8.76179027039778319e-02,-9.96233603046474403e-03,5.67084472409192224e-03,-5.76601122517154886e-04
asteroid_210,5.51699955422829550e-11,-2.39905535729097474e+00,1.24652442679862330e+00,1.47600477366988975e-01,-4.81021208931136420e-03,-9.27989331463110675e-03,1.87320615067748485e-04
asteroid_211,2.01534595802302410e-11,2.80358401236508215e+00,7.78056938393561826e-01,-3.71089256666359057e-01,-2.88480151189006656e-03,9.38533110575369423e-03,-2.11663743295922467e-03
asteroid_212,2.14473433402356924e-11,-2.75053362316372274e+00,-5.02265900636746920e-01,-8.60490722471955738e-02,1.84898696274811208e-03,-1.01174329888819581e-02,-4.71732864900618209e-05
asteroid_213,3.42584120619251979e-12,-9.49258818658671788e-01,2.13831588136071860e+00,-2.92064876439537685e-02,-1.02423058648886713e-02,-4.55894254427159466e-03,-8.85422420430557197e-04
asteroid_214,7.45585746448337030e-11,2.42984174259361518e+00,1.86807281135672043e+00,-9.38587094120644366e-03,-5.94623464580345835e-03,7.72831659263022944e-03,-1.20937624767713061e-03
asteroid_215,1.24951019612734526e-11,-2.57781251563230240e+00,1.45173590963912358e+00,1.27156363218880496e-04,-4.90754422521610077e-03,-8.71420807425155389e-03,-1.09568184096152123e-06
asteroid_216,5.82190916413761423e-11,1.65510654855857453e+00,-2.43711432900182867e+00,4.91889861258398009e-01,8.26817933312854782e-03,5.26779945997014193e-03,-1.72088973444347107e-03
asteroid_217,1.38009306146707843e-11,-2.24117292916578226e+00,2.68268086865472710e-01,2.09961020943818695e-02,-1.36296134285287152e-03,-1.13647904786104096e-02,-2.77264120329324460e-04
asteroid_218,6.66400767804389002e-12,1.48454575977451708e-01,2.23512160340907329e+00,1.94847203944429587e-01,-1.12967101036180097e-02,9.05489131267288912e-04,-1.78001020057614082e-03
asteroid_219,5.33641009110871631e-11,2.20386136098957586e+00,-2.29848868595871769e+00,-4.28714603218162404e-01,6.80984876741959778e-03,6.69985102209778687e-03,-9.13356336039977245e-04
asteroid_220,8.73108583199923104e-11,1.02110045060422805e+00,2.36596780601016965e+00,3.10295451515782209e-02,-9.62999772638688765e-03,4.12660202905297969e-03,2.24906515499479626e-03
asteroid_221,3.56078833659895643e-11,-1.13743121156330274e+00,2.14228726131636726e+00,4.17202470343960852e-01,-9.69150909933959304e-03,-5.12842227014007664e-03,-8.83773212942787369e-05
asteroid_222,9.19235586061774076e-11,-2.64048196522444734e+00,1.84936359863044936e-01,4.58111137817619307e-01,-5.39591951815864045e-04,-1.04239787562711538e-02,1.09796472428203072e-03
asteroid_223,1.04061074567310139e-12,-8.52191951010284221e-01,-2.75807386299714929e+00,2.24395156329157047e-01,9.61097976010370954e-03,-3.03388326029676962e-03,-7.90010504798630692e-04
asteroid_224,4.65792434472230676e-11,1.25166755359573245e+00,2.98293098391029554e+00,-2.77169734223276343e-01,-8.73321542407498250e-03,3.74866386701462433e-03,9.05305238357387342e-04
asteroid_225,1.46849764641147255e-11,-6.36354265475502223e-02,-2.41511838489663377e+00,3.67419076528005983e-01,1.09441301111140674e-02,-1.14708033512520016e-04,1.14147831175346139e-03
asteroid_226,3.15848910619306329e-11,1.50135349036664811e+00,2.82772645487466434e+00,2.29183301382831883e-01,-8.36627961973032512e-03,4.54311251860222299e-03,-1.24763168229549411e-03
asteroid_227,2.38293550269100490e-12,-1.90602974782111834e+00,-9.26155604072787741e-01,-2.13232609751700469e-01,5.22541278332112804e-03,-1.05141654175380690e-02,-1.04129938808227994e-03
asteroid_228,3.54439524532773434e-12,-2.28456114244916897e+00,-1.55975948964264388e+00,-1.20894224694866872e-03,5.82358914235365545e-03,-8.52931045223618428e-03,-5.56309640237380204e-04
asteroid_229,7.12842405642249009e-11,1.49292207448908965e+00,2.44028038005919390e+00,1.48696296767386726e-02,-8.65783631184157722e-03,5.29254510074735583e-03,6.84682641777186233e-04
asteroid_230,6.54574623524108855e-11,-2.22379841803420630e+00,3.71499973154158711e-02,-1.14943129965554350e-01,-2.38539658438387595e-04,-1.14891377316193692e-02,9.01686592479807362e-04
asteroid_231,2.08414617766036711e-11,2.06634398358853222e+00,-9.35880623841663151e-01,-4.76027448583221310e-03,4.71219634910605926e-03,1.04040532989961992e-02,1.40083343673169140e-05
asteroid_232,9.01158862560271189e-11,-6.21846666677387749e-01,2.52363105490646866e+00,-1.40978726879815969e-01,-1.03190915173496153e-02,-2.48634749412741853e-03,1.00915164211420015e-03
asteroid_233,6.88008138338383648e-11,-1.37912503087485216e+00,2.95333844349404906e+00,-2.22265143349859636e-03,-8.63321534534843352e-03,-4.03146771316417046e-03,-2.34012846031356202e-06
asteroid_234,3.36239482921697376e-11,-1.52777055044203069e+00,-2.34677546492490396e+00,-2.90173422478781917e-01,8.48266199699477738e-03,-5.65582788226944976e-03,1.08003316399051582e-03
asteroid_235,4.07712413394243984e-11,-2.75766619527410661e+00,-1.60153548946413471e+00,4.43130710332191979e-01,4.63913952609204278e-03,-8.30910002393857317e-03,-1.16020017478711654e-03
asteroid_236,2.92626541351826102e-11,1.27991701087651610e+00,2.78495874470210403e+00,-3.83560316017981448e-02,-8.83937201163864303e-03,4.04264559488011835e-03,-1.43553437803149524e-03
asteroid_237,8.30615151882728837e-11,3.56612615445485781e-01,2.62577781696662971e+00,-2.41419093673219509e-01,-1.03406387978806323e-02,1.25301627786903445e-03,-1.64634824162112866e-03
asteroid_238,4.94010538304502240e-11,-2.71292069544571612e+00,-1.37553566692941742e+00,-1.02348135257539649e-05,4.46041506764204444e-03,-8.79712001523051332e-03,-7.40345828707561464e-09
asteroid_239,1.35394057296447705e-11,3.29934896815468170e-01,-2.09557502430670217e+00,7.98810688180573089e-03,1.16655976565643860e-02,1.83599405243949554e-03,-1.78324860014992024e-04
asteroid_240,2.01793574243227215e-11,-1.33741882749923424e+00,-1.76841464777394242e+00,-2.47507839091286042e-01,8.97695623247163517e-03,-7.02133881423401465e-03,1.65929341324630095e-03
asteroid_241,2.96649415480350538e-11,1.29096288616548582e+00,2.79899056285333403e+00,2.82909006145990238e-01,-8.64923251289073484e-03,4.17460762567299724e-03,-1.83397901319817336e-03
asteroid_242,4.03212859310217014e-11,-2.45007231956308624e+00,1.76060868481089483e+00,4.87485356778735224e-01,-5.58872045796637677e-03,-8.04211558682820654e-03,9.56437448017704293e-04
asteroid_243,5.92680637769026547e-11,-6.70326163782234974e-01,-2.27333479048593023e+00,2.07500297278795542e-01,1.06178000320636054e-02,-2.97907299739577462e-03,1.66245002752738228e-03
asteroid_244,9.64168563659020217e-11,-1.61082123419533629e+00,2.16585474999611094e+00,-4.52855877694742226e-01,-8.23126378907830525e-03,-6.29754016536136340e-03,-8.40140988487216630e-04
asteroid_245,2.62002450908027435e-11,-7.35609379258292062e-01,-2.72062937523359016e+00,2.24102280227373052e-01,9.68479530488149630e-03,-2.76634850360550372e-03,-1.79374675780751480e-03
asteroid_246,3.28470725351006289e-11,5.81352140281780172e-01,-3.04220984746892853e+00,5.24090969508520188e-01,9.52243691642248868e-03,1.67297856362252874e-03,-8.51640740198467269e-04
asteroid_247,2.40496052962733254e-12,-1.90568541627858468e-01,-2.77017299705830178e+00,5.13096814016458014e-01,1.01843926832454780e-02,-8.18262375744505327e-04,-6.35169558418319387e-04
asteroid_248,3.72614699853174839e-11,1.53095825339292047e+00,2.09508705728361244e+00,3.53240652131771166e-02,-8.61976152348243804e-03,6.30126417480482426e-03,-1.47264208491439558e-04
asteroid_249,6.75109958488069077e-11,-2.36935924622808836e+00,9.39891643716799896e-01,1.57405453332139650e-02,-3.97337938100447100e-03,-1.00136612838704602e-02,-1.65598546906408842e-04
asteroid_250,9.63064905129374810e-11,-4.84234738368815754e-01,2.55427844014213923e+00,-2.42497170819711283e-01,-1.04609976840721181e-02,-1.96608244227042392e-03,1.80028833501570624e-04
asteroid_251,7.40215509900557546e-11,1.09282005148511385e+00,2.66709711196937338e+00,9.48413219970269984e-03,-9.28832947145798865e-03,3.80085347900160691e-03,1.39468262008240660e-03
asteroid_252,1.18084713011514504e-11,1.19992393512402717e+00,2.89831529725814718e+00,-1.60503476984128174e-01,-8.83775071811835310e-03,3.55588902677393117e-03,-1.86002860055190303e-03
asteroid_253,8.90049598407406387e-11,-2.31989963746783978e+00,1.24859062511428154e+00,-2.31083610804032474e-01,-5.00904255473589872e-03,-9.31646778487943937e-03,-5.18354743774977810e-05
asteroid_254,8.38695260967674668e-11,2.31107023577131354e+00,6.36017460937800649e-01,-4.47074769703084546e-02,-2.95465788322423146e-03,1.06819379037429787e-02,-7.72194489876032453e-04
asteroid_255,1.89103541712845835e-11,2.35723742175587470e+00,3.51547209458897447e-01,5.72509663587284570e-02,-1.55615298518525704e-03,1.08005299543559481e-02,-2.24754486533911696e-03
asteroid_256,9.34349442197067236e-11,1.91290887695846346e+00,-2.30414717562671756e+00,-5.48736279372448801e-02,7.62525635688143452e-03,6.34532653471018768e-03,-6.22259553502560307e-04
asteroid_257,7.14127634570792115e-11,-1.16547728105231463e+00,-2.81145814712359821e+00,4.72273339661743896e-01,8.86608545403260936e-03,-3.91939774760894331e-03,-1.45255195070079246e-03
asteroid_258,7.82839057349024103e-11,-4.29159227332869042e-01,2.18445744693939803e+00,-2.30161958551659239e-02,-1.13000148272700308e-02,-2.22549386706697924e-03,-5.20981789810382682e-04
asteroid_259,4.59193750201194520e-11,1.52398669037373091e+00,-1.54513418725397211e+00,-2.04599284625453459e-01,8.29148948541522969e-03,8.18510421967964460e-03,-5.35912769064361580e-05
asteroid_260,2.00763622727559410e-11,3.87586907180051121e-01,2.78534479297766602e+00,8.00151674452152795e-02,-1.01020650673317829e-02,1.43544496140682884e-03,-1.03456626943204807e-03
asteroid_261,7.99125304017314429e-11,9.20400204073335448e-01,-2.07542833267133719e+00,1.51465441456767519e-01,1.04030619654104563e-02,4.64785854257780684e-03,4.70846345392303758e-04
asteroid_262,4.77495000500168252e-11,-2.00783271322199885e+00,-2.34823555556659924e+00,-2.71479255708809977e-03,7.43824544991136816e-03,-6.35998928590789797e-03,1.58717402320720985e-07
asteroid_263,9.67433603052094910e-11,2.38414900900367988e+00,6.37405165477729296e-01,-1.49391675254619438e-01,-2.81768583506005312e-03,1.05702107887865257e-02,1.32029215049675501e-04
asteroid_264,1.53419185626452196e-11,-7.80235077687934875e-01,-2.12642747755780004e+00,1.85635934200523989e-01,1.07171668571173426e-02,-3.89901136644567325e-03,3.82170675859619337e-04
asteroid_265,3.55467973574804500e-11,3.11480957850663387e+00,7.55670437703931275e-01,-1.83866240288827983e-03,-2.25729569219087394e-03,9.30629914009202183e-03,7.88019071301042590e-04
asteroid_266,7.35573494096443353e-11,7.54839224362048450e-02,-2.26330015074497837e+00,-3.94349552365493794e-01,1.12751702379417385e-02,1.57058410417870411e-04,1.25681327327058440e-03
asteroid_267,5.72324388343634718e-11,2.27975074344031459e+00,8.74097833948522696e-01,2.03247599154428096e-02,-3.94023959543665300e-03,1.02789646404236375e-02,-1.01185962670066588e-04
asteroid_268,4.33331746233788878e-11,2.24040594070554322e+00,4.26936808072418794e-01,1.28442527205442608e-01,-2.06955678322654673e-03,1.11502315246332570e-02,-9.63831429672526788e-04
asteroid_269,7.01640376119510257e-11,-1.89394985613078132e-01,2.23055783253067919e+00,-4.22740509824102734e-03,-1.14554876306671230e-02,-9.72886840107094739e-04,-1.10811799442438579e-04
asteroid_270,7.33377726781323164e-11,1.25419961603361552e+00,-1.70247771917822033e+00,-2.13969541653166812e-01,9.11119115742492665e-03,7.03724158273618880e-03,-2.58679129541159424e-03
asteroid_271,5.77341283258692068e-11,6.38235354331207067e-02,2.13734455272754564e+00,-3.48276527190539253e-01,-1.15906663666234585e-02,1.02618529769072536e-04,-1.49429005201982671e-03
asteroid_272,3.19171488079177147e-11,2.03668511840287136e+00,9.18986843633061601e-01,5.84370952115212727e-01,-4.58495886622748913e-03,1.03450033877987655e-02,-2.88865349621972832e-04
asteroid_273,6.18797578016673954e-11,2.08600228059255555e+00,5.53625293709202992e-01,-1.58877085263027434e-01,-2.73612276666459391e-03,1.10622006722485740e-02,2.62313324989722459e-03
asteroid_274,5.45287976271740030e-11,6.96813841940977619e-01,-2.71403022629442248e+00,-2.02644244795606415e-01,9.93999069782806194e-03,2.52122542458333397e-03,4.12748447281870178e-04
asteroid_275,7.97676235601381124e-11,2.89801253848807416e+00,-7.28241652610500251e-02,3.22919877467322813e-01,9.11408760325810150e-05,9.96968458635429100e-03,1.43040608100299658e-03
asteroid_276,6.53492499509614691e-11,-2.37923704461784213e+00,-9.70486492716215232e-01,-1.20021931466284315e-01,4.07246680586719097e-03,-9.89755281098483007e-03,-6.99226986803734270e-04
asteroid_277,4.96822070307367561e-11,-1.76716739387117316e+00,-1.65918065275292559e+00,-5.31530336438078121e-01,7.29766866841452186e-03,-8.07002420467014571e-03,9.28311841701627799e-04
asteroid_278,1.88028347507409823e-12,2.68328475237665964e+00,-2.12721342316900763e-01,-2.72198613356041397e-01,7.86526249087673838e-04,1.04214067040874023e-02,-3.90823928495581902e-04
asteroid_279,1.67023624836510706e-11,-1.15533506636476813e+00,2.91439141262678936e+00,-3.06693563290720339e-01,-9.00473244037843130e-03,-3.58311710887789176e-03,-1.27562445486267432e-04
asteroid_280,3.36660632823500312e-11,-1.47037413222469104e+00,-2.74272801736441396e+00,-2.41492028289920335e-01,8.44179738172535880e-03,-4.33356976895556047e-03,-2.18142719982792254e-03
asteroid_281,6.01418487737472709e-11,-2.06549037334476759e+00,3.95461605811720018e-01,-4.57379126281339976e-01,-2.08895522458746406e-03,-1.15259691878596311e-02,-5.32078013293545149e-04
asteroid_282,7.92379516071483100e-11,8.99107240624363757e-01,-2.07771827720068414e+00,-4.96871133672990684e-01,1.01513421756213133e-02,4.74208491678205970e-03,-1.46028054822901362e-03
asteroid_283,9.59958122515366713e-11,-2.35457857536377890e+00,-3.72362492712225657e-01,-3.47759942614515802e-02,1.74168365158150289e-03,-1.10033952373719476e-02,-1.05800920078584241e-04
asteroid_284,5.99845413614610740e-11,-2.03018701914562438e+00,1.27154744158326505e+00,1.34092311414334781e-01,-5.87608392124143800e-03,-9.41761814371263120e-03,3.38564945688564533e-04
asteroid_285,7.28871110981773942e-11,1.90381580206275602e+00,2.03289474127742809e+00,-4.14564418021434733e-02,-7.49246517879826202e-03,7.03296973065641907e-03,7.96343723159822960e-04
asteroid_286,6.21479060842840236e-11,2.15504693168486527e+00,-1.43242812017054955e+00,-2.47790585938454960e-01,5.94467151349007197e-03,8.83909780447621717e-03,6.04033653598454461e-04
asteroid_287,4.30334694947826957e-11,-1.32036499587055700e+00,-1.70487182309579954e+00,-1.08547240056086430e-01,9.15575349142420947e-03,-7.17493877561354958e-03,1.32121765611682490e-03
asteroid_288,6.09715719009216633e-11,1.06928981033518755e+00,-2.30864949542242881e+00,-1.44146112862127196e-01,9.75206807898672083e-03,4.55122002971760937e-03,-5.50724518561201840e-04
asteroid_289,4.00732907077428693e-11,1.17320085952150510e+00,-2.43104638341678392e+00,-3.97925601449908184e-01,9.18151867150983000e-03,4.67762693919165917e-03,-1.50722259181462650e-03
asteroid_290,4.53694023891373720e-11,-2.10762512234934540e+00,-6.98174868806033855e-01,8.82049888271900645e-02,3.60687268768023319e-03,-1.09507705084654332e-02,-4.94498939144266811e-04
asteroid_291,9.11012787868595145e-11,-1.63855942186755366e+00,-2.59332866766479775e+00,4.47996769233114822e-01,8.12511546353597743e-03,-5.31863653116724719e-03,-1.07029363949976970e-03
asteroid_292,5.63903276062043590e-11,-2.15141292988615307e+00,1.65086699722398172e-01,-1.41225510774028035e-01,-7.13427417905004640e-04,-1.14118017106310584e-02,-2.47164771410813763e-03
asteroid_293,1.00500902818222818e-11,3.20944509985323156e+00,1.64022308147529217e-02,-4.55512104703749629e-02,-6.98227832231235743e-05,9.48261127432625632e-03,-1.50504036923623428e-03
asteroid_294,5.23813297959332857e-11,3.70515403438817337e-01,-2.18768710870112892e+00,-2.04792861388642146e-02,1.13358553495845615e-02,1.92984459053116694e-03,-1.06386102418370510e-03
asteroid_295,9.53264888876861704e-11,-1.46663568795855781e+00,2.74206481105738975e+00,1.28097671043382960e-01,-8.58998111665817445e-03,-4.60673775704459592e-03,2.62304790608338875e-04
asteroid_296,1.00132863972371376e-11,3.09487142458341857e+00,-7.43584551566559115e-01,-3.88820116869111262e-02,2.25498291070104278e-03,9.36883418151104007e-03,3.17931330091679063e-04
asteroid_297,9.71190189390988457e-11,2.57361702388670865e+00,-2.02277168472739310e+00,-1.17008163319825761e-01,5.71517490829106644e-03,7.37615551298825053e-03,-1.80848130033491386e-03
asteroid_298,9.87641586363101592e-11,-2.97849678265133022e+00,6.47610253127732016e-01,2.96043663238462318e-01,-2.15273073793977943e-03,-9.56269089254156192e-03,-7.39772319297208984e-04
asteroid_299,5.60757094947512903e-11,-7.38794437925869740e-01,2.94386232469165421e+00,3.67006525106541165e-02,-9.57664976906397701e-03,-2.40325140529243407e-03,-9.10922621234810234e-06
asteroid_300,3.32505485588273838e-11,2.83674038394529049e+00,5.82825640956440155e-02,-4.38215588653392663e-01,1.15646980704684830e-04,9.93831415474980516e-03,2.07042130783438626e-03
asteroid_301,8.73381037050905908e-13,2.68296971145999530e+00,1.31540162437502040e+00,-5.30449415586308759e-01,-4.34003681025683496e-03,8.86953776255701605e-03,4.30146044318382783e-05
asteroid_302,1.56034589861805824e-12,-2.13830777952149864e+00,-5.57132196284021664e-01,-4.81099650467336604e-01,2.75244590045298481e-03,-1.10863915786499709e-02,6.04883431415054467e-04
asteroid_303,3.88156591921129005e-11,5.59043202964401020e-01,2.67359544108261060e+00,2.54857387993613460e-01,-1.01563971963116902e-02,2.05747789843508874e-03,6.94511119390831292e-04
asteroid_304,7.83093486756010034e-11,2.58323156164949230e+00,-5.31197506311682610e-01,6.53604930116468696e-01,2.24603178564578617e-03,1.01731556360009530e-02,-6.09030430527631871e-04
asteroid_305,9.42379285179808051e-11,-2.19345897522638955e+00,-2.23156551155803351e+00,5.98937569054318591e-03,6.92653809542509696e-03,-6.80689770224751547e-03,5.07398396013671233e-04
asteroid_306,1.54862827290107678e-11,2.63697650022728602e+00,-3.02618418237715958e-01,7.55626680755466518e-02,1.19092641181978891e-03,1.04809332207517810e-02,4.13940802341393043e-04
asteroid_307,4.87803830125238181e-11,-6.25693289565751876e-01,2.45668045656574741e+00,3.70976207964750393e-01,-1.01708500259167778e-02,-2.88248199572976958e-03,1.93409862819114231e-03
asteroid_308,5.01775462119741957e-11,-2.12186962216819763e+00,-1.83149678817763140e+00,-6.04737136819115895e-01,6.44847945559456643e-03,-7.78975695403357794e-03,9.65844728946654006e-04
asteroid_309,3.80365345058158922e-11,-1.60928089595363044e+00,-1.77969921753976723e+00,-3.13216699103362639e-01,8.18726235525069936e-03,-7.43185503702189446e-03,1.62385006729095767e-04
asteroid_310,5.40002070676849431e-11,-1.33599038928210678e+00,-1.83120664348464635e+00,-6.61468089958800881e-02,9.23016329887354874e-03,-6.72773339364781797e-03,-1.74450936232126668e-04
asteroid_311,9.25029729584717925e-11,-2.01688439631245542e+00,-1.74332010090220568e+00,-2.00902590780195150e-01,6.86121135884458846e-03,-7.97050995980900373e-03,2.83122769596677528e-04
asteroid_312,4.38585297602266572e-11,2.42555367699141033e+00,-8.18043474064625076e-01,-4.57038254442955261e-01,3.55294672502527416e-03,1.00156992413945722e-02,9.28993549873175992e-04
asteroid_313,1.37865950118564391e-11,-1.77275323450988753e+00,-1.52034410701671585e+00,-4.53806242004172411e-01,7.39471419604442563e-03,-8.25968083543749711e-03,-1.21515830827325787e-03
asteroid_314,6.65483022499927682e-11,2.43538037195773249e+00,-7.02711440726817016e-01,1.78527583195437239e-01,2.94461940661883050e-03,1.03632235485050621e-02,6.22242471389614256e-04
asteroid_315,3.14713870809482776e-12,-2.04376095343899911e+00,1.50717018423519966e+00,3.75191067586830712e-02,-6.40563811842999493e-03,-8.68787965269707772e-03,6.71686689457329044e-05
asteroid_316,9.40121252965205836e-11,2.24385027126298287e+00,1.05820914634671226e+00,-2.45666081831973387e-01,-4.45993623232512643e-03,9.81783593120278200e-03,1.55452739818203573e-03
asteroid_317,9.39893667324714818e-11,2.00833008110647693e-01,2.50416817421107218e+00,4.67607444745763157e-01,-1.06975188558344810e-02,9.77310882024974223e-04,-6.39288187770429531e-04
asteroid_318,9.22333893225722946e-12,2.78222571981763789e+00,8.72543104690820304e-01,-2.02944088716904891e-01,-2.94194237776653020e-03,9.58280538113658910e-03,8.68529900898954224e-04
asteroid_319,5.50931757155797611e-11,-1.85281514761070287e+00,-1.58002518549777804e+00,-3.22132266433990899e-01,7.01549981039371537e-03,-8.39894358220276589e-03,8.44740198522057374e-04
asteroid_320,7.97410629375706633e-11,2.04719597098678552e+00,-2.49770233111340234e+00,2.43295782745682393e-01,7.27897662635542796e-03,5.73857918580785407e-03,-2.33554813938004766e-03
asteroid_321,4.64632021898044180e-11,2.55947311805311661e-01,-3.18897573634429676e+00,4.97761273304367924e-02,9.56671662032646843e-03,7.77158707930389672e-04,5.97974625574005389e-04
asteroid_322,4.78823757387467734e-11,2.39156197218607280e+00,-1.15300840496356782e+00,-3.43259784387868361e-01,4.64610992612533944e-03,9.39666113537361569e-03,8.07057985925597045e-04
asteroid_323,9.70202983505280296e-11,7.55210900754455516e-01,2.37617284575567167e+00,6.05139014585660551e-02,-1.02387799234278272e-02,3.29782177687564741e-03,-1.71458698339109570e-03
asteroid_324,2.30585042170477061e-11,2.72929770077787381e+00,-2.60483508518034979e-01,6.71411904332549492e-02,1.01274215854064986e-03,1.02333963309956342e-02,-1.46622161146145479e-03
asteroid_325,5.26357557878726900e-11,-1.11632846264101016e+00,-2.83046549205200781e+00,-6.82568520878709006e-01,9.00426435799091436e-03,-3.67932169819738071e-03,5.31047802307092385e-04
asteroid_326,1.15056664651402989e-11,-1.99338796991040845e-01,2.86907044181708981e+00,2.02465260462062036e-01,-9.99781815734728831e-03,-7.95605265717569811e-04,1.43083562356516422e-03
asteroid_327,3.02509906263811764e-11,4.13489590151312536e-01,-3.01735623854611523e+00,-3.47086513605161628e-01,9.70040023868433410e-03,1.40724404968449457e-03,-6.77474013705477249e-04
asteroid_328,8.50919337046491705e-11,1.71128772165920817e+00,-2.13763301543482021e+00,-7.48441722033238860e-02,8.10961461976885366e-03,6.49837346379297798e-03,-1.77084417407246693e-04
asteroid_329,7.16477012611791800e-11,7.64335898989035423e-01,-2.70758069554020064e+00,-5.11413987679089743e-01,9.76275492957752108e-03,2.83101410387403326e-03,-3.97281020147990677e-04
asteroid_330,6.12042586516977692e-11,1.74308190873682123e+00,1.71439049969492219e+00,6.63583978710745731e-02,-7.71578713972098217e-03,7.83578870255748940e-03,2.35799328080591093e-04
asteroid_331,1.13977176091565645e-11,-2.93909903508101422e+00,5.02966311423693302e-01,1.67675883050132403e-02,-1.68053879210198543e-03,-9.81892009033685786e-03,-4.07883513114646636e-05
asteroid_332,8.50713479682064725e-11,2.79127273611301963e-01,-2.32283860352214067e+00,-1.24985232270583044e-01,1.10745096168422211e-02,1.40084408405262450e-03,-1.30205014676794796e-03
asteroid_333,2.98179486287903300e-11,-2.33477620614094494e+00,1.76141061885219918e+00,-2.30623636264772752e-01,-5.91907422323142453e-03,-8.01273636710884279e-03,-1.27482711255251144e-03
asteroid_334,5.35029345666422845e-11,-2.49897278809512713e+00,1.76343692781882067e+00,6.78420992689934721e-01,-5.29557239518514515e-03,-8.03274169773513479e-03,1.37339799107103226e-03
asteroid_335,2.33551350960297562e-11,-4.12536796857575272e-01,-2.22052350018993616e+00,4.09221209134449839e-03,1.10580306352901954e-02,-2.05831139649591526e-03,-2.12215022060021448e-03
asteroid_336,5.20784494912368577e-11,-2.78200768871256399e+00,-1.33980972748105692e-01,-5.40834689775128052e-01,2.69240937066560161e-04,-1.01463772244961125e-02,1.12860943447555019e-03
asteroid_337,5.62183320885582609e-11,-1.59880884870927087e+00,1.53148831572144628e+00,-2.56629128067511064e-02,-7.97331137304757229e-03,-8.30639995625167063e-03,1.03831931452256620e-03
asteroid_338,3.40534394912129246e-11,-2.59478013135572461e+00,-1.39200434326393974e+00,-3.94260971988012798e-01,4.72483822873993962e-03,-8.79075636598399511e-03,-5.87055768234281212e-05
asteroid_339,5.05971054794894926e-11,-1.13010594186594227e+00,-1.88689929444475935e+00,9.27240284544048471e-02,9.69571719891709413e-03,-5.66524896941026854e-03,2.88418588333215053e-03
asteroid_340,4.06111770610418290e-11,3.18544835646667912e-01,3.20519262209827360e+00,-1.17567749885286010e-01,-9.48061928441952181e-03,9.78342669975532835e-04,9.84746208194201347e-04
asteroid_341,6.97525660645233832e-11,1.44242774586550238e+00,1.74158567115142171e+00,-1.26515089572805439e-01,-8.70313679984035388e-03,7.04027198568730247e-03,-2.31125935932552373e-03
asteroid_342,5.43936944028146815e-11,-3.18825454142652553e+00,-5.10332170912228045e-01,-3.75979259027970525e-01,1.58491955849959050e-03,-9.38200825332122929e-03,-7.05321728208556029e-04
asteroid_343,8.78088292699197171e-11,7.39573063139067011e-01,2.96671533602194737e+00,-1.47398487798246408e-01,-9.53094855828478214e-03,2.39228537251664130e-03,3.28340430335952030e-04
asteroid_344,4.97369933246419887e-12,-9.90568256989381668e-01,2.62567004019422567e+00,-1.85279937060246147e-01,-9.47472607114731823e-03,-3.67310676677846861e-03,-1.39790366040782894e-03
asteroid_345,2.67359948011510592e-12,2.41422977205057432e+00,-1.84593058800268550e+00,2.14723945002957620e-02,5.98700953619832419e-03,7.82370722484362555e-03,-5.58679653732773503e-04
asteroid_346,1.88630497760282505e-11,-1.74634551376467795e+00,-2.50560026888978316e+00,1.54333877198188575e-03,8.07533137250892805e-03,-5.62831574377931076e-03,6.00874820974525223e-06
asteroid_347,1.18664718270089033e-11,2.62307105344799041e+00,1.88783006307438739e+00,1.49415766485186730e-01,-5.56724096176072249e-03,7.76646842090307748e-03,-3.91551413284036678e-04
asteroid_348,5.25943183219009164e-11,-1.46963493849810889e+00,1.89895369315559348e+00,1.16844429520283719e-01,-8.77761147490229744e-03,-6.78368510491080857e-03,-1.53885101559242361e-04
asteroid_349,2.00214038180826158e-11,-2.78041481632195353e+00,3.91336939987199761e-01,3.90426801344375476e-02,-1.41056401057058868e-03,-1.01202040135790310e-02,9.84988638761312950e-04
asteroid_350,1.61470197979514128e-12,7.19507535215521798e-01,-2.03469489781492241e+00,-4.94351089042580516e-01,1.08297650656355889e-02,3.99087662571165781e-03,-6.63736251580207678e-04
asteroid_351,2.82693793222548259e-11,-2.25165832609458905e+00,1.71107361109995737e+00,-2.53865422387509920e-01,-6.13470119528330537e-03,-8.14519564285236253e-03,-4.87574464079670259e-04
asteroid_352,5.09252117436862554e-11,-2.13692771588512764e+00,7.49593310763454923e-01,-4.32676093404239459e-01,-3.95716394096439286e-03,-1.05369292974379948e-02,1.28909730143083028e-03
asteroid_353,7.14283722537816838e-11,-2.73079430120376498e+00,-3.42336746780977919e-01,3.77521862463630065e-01,1.35294876774485085e-03,-1.02186607056962645e-02,5.20239334087688860e-04
asteroid_354,4.38450967404240378e-11,-2.78649663336162945e+00,4.83087386361604823e-02,2.64712259882461535e-03,-1.78633294322673772e-04,-1.03027584522164175e-02,-1.80603410037185316e-05
asteroid_355,9.62718056944074443e-11,2.65832191617233082e+00,-3.55841266070765841e-02,5.75173485770392942e-02,1.30922095471785538e-04,1.05376876654139171e-02,4.68403655498444039e-04
asteroid_356,1.99532717004146675e-11,-2.65873817794099221e+00,1.19453801648749539e-01,5.95175234543785070e-01,-2.24811778605148697e-04,-1.03585764740024375e-02,1.07473504227855138e-03
asteroid_357,5.14110578143960737e-11,2.80966212672133819e+00,-1.01619821586950554e+00,-4.16734312620583691e-01,3.26039699528354269e-03,9.32196947979789005e-03,-7.49529828902680299e-04
asteroid_358,2.53258410882107356e-11,-2.40049778836040861e+00,1.76018755330955989e+00,7.05268859916583946e-01,-5.93239476477640595e-03,-7.81433337861182735e-03,-6.89110479286063034e-04
asteroid_359,8.06687241893634505e-11,1.53479129517230506e+00,-2.19926311906735750e+00,2.16561570966260858e-01,8.60442373671669279e-03,5.99447198310757486e-03,-1.04235946640777384e-04
asteroid_360,1.87839685226019238e-11,-2.12991322656754090e+00,1.81031465034920380e+00,3.68617910940359117e-01,-6.43777701563191893e-03,-7.85175972440710530e-03,1.36251991539916898e-03
asteroid_361,9.61604927417389625e-11,2.95207682741570476e+00,1.11348425924474292e+00,6.30551482213145720e-01,-3.45915296904477981e-03,8.93478886329299518e-03,4.16997772376135440e-04
asteroid_362,7.16634834972709622e-11,7.72624191066230259e-01,2.10604716047032392e+00,-4.14552009995288254e-02,-1.04519433613209107e-02,3.77743476393766668e-03,-2.89393184124656522e-03
asteroid_363,5.56909394635440759e-11,1.78572227066465250e+00,1.35318373656170921e+00,6.22834686855710650e-03,-6.94094049907898782e-03,9.15937373985798928e-03,4.43852442997084428e-05
asteroid_364,5.32394835860642565e-11,2.16656183516127143e+00,3.90105811632298793e-01,1.30224514178115314e-01,-1.83121481538139745e-03,1.10964786443128634e-02,-2.77490516354437621e-03
asteroid_365,3.62533988874480819e-11,4.02689113413563338e-01,-2.86026322490381801e+00,-7.46714497213182282e-02,9.96814721585075579e-03,1.42955086337063792e-03,-1.00208845791774728e-03
asteroid_366,2.11239575599879028e-12,-2.52715400185449357e-01,2.52735267252103224e+00,5.66343200594739193e-01,-1.06107529151759031e-02,-1.05941516117885192e-03,-7.03624641161979219e-06
asteroid_367,9.15132253543379080e-11,2.16733753027651366e+00,-2.07216720261462628e+00,4.29810557725346820e-01,6.83830231976704107e-03,7.13569960575106011e-03,-8.03762719171348091e-05
asteroid_368,7.94957842441923823e-11,2.83905706869047059e+00,4.82372343865572650e-01,-3.85840024327769870e-01,-1.60202796896925987e-03,9.94316344988402032e-03,6.42904347855599492e-04
asteroid_369,1.34944596590174182e-11,-1.64693013875488181e+00,-1.86674440894892801e+00,-2.33908343458634538e-01,8.16326452882595519e-03,-7.19026452509182422e-03,-9.37986296202167612e-05
asteroid_370,1.22167398232136326e-11,-2.98609084284051862e+00,9.73684969258766353e-01,-4.84908641465617740e-01,-3.17087267677299955e-03,-8.99515794295110624e-03,1.46432486049087878e-03
asteroid_371,3.08169861781430724e-11,2.56100567196510553e+00,1.58463432803754989e+00,-1.43671890984028189e-01,-5.18610133494252709e-03,8.42641636252469510e-03,4.95251337843298956e-04
asteroid_372,7.63163090158703614e-11,1.90658387145249630e+00,1.48130602359376917e+00,2.22618260468506690e-01,-6.82250577843106047e-03,8.63193596937975038e-03,9.93362956231782796e-04
asteroid_373,5.03214713683755766e-11,-1.52375477433440820e+00,-2.01644923164458101e+00,2.20515855731545113e-01,8.62304469226122042e-03,-6.37737460051975447e-03,1.26863170485508932e-03
asteroid_374,6.54244462375058228e-11,-2.41751871642552807e+00,3.12684744465522746e-01,4.41571521044461623e-01,-1.54408582068890697e-03,-1.07889671201856982e-02,-8.13709506017562187e-04
asteroid_375,6.29366056899914170e-13,-2.25335520783752452e+00,3.95325017356827069e-01,-7.90114472708211280e-02,-1.99659128719707887e-03,-1.11119312762449855e-02,1.34417168584591382e-03
asteroid_376,9.23712177721508436e-11,1.13531476145684040e-01,2.23989857696196193e+00,3.95275421381758141e-01,-1.13734077982353046e-02,6.47838766680235655e-04,-4.04410056381870702e-04
asteroid_377,1.65769244373148971e-11,8.15134674568997242e-01,3.09297069687046289e+00,-3.98863397541020626e-01,-9.25322002277385695e-03,2.47231144113031027e-03,2.61157954369138222e-04
asteroid_378,3.18969385200979180e-11,6.35860229378630737e-01,2.50898233621247435e+00,-4.40295440238505087e-01,-1.02672951758980072e-02,2.67118292501571791e-03,3.93794925330753418e-04
asteroid_379,9.47155850136133648e-11,1.02119780526827575e+00,2.30530664905768479e+00,-4.42982265709296053e-01,-9.84831333831746696e-03,4.30116616207784890e-03,-3.19581675165748493e-04
asteroid_380,7.32920245886681672e-11,2.78145348688372751e+00,9.05808366158968981e-01,-5.45306383602730316e-01,-3.04688808439495303e-03,9.49265212425537755e-03,2.26929719554794121e-04
asteroid_381,5.11115598785932547e-11,-2.56340545628103111e+00,8.57114125808240979e-01,5.75974657807839963e-01,-3.37780129566699104e-03,-9.76825690528377970e-03,-4.96833132541659415e-04
asteroid_382,8.62929722701974387e-11,2.50942244474460807e+00,-1.97937917934945817e+00,4.18280073366048777e-01,5.97906566071554173e-03,7.46802474193581246e-03,-5.30622653766095746e-04
asteroid_383,6.13561804850985811e-12,-2.57979390025285360e-01,-3.02265062183007283e+00,-1.28541000415444168e-01,9.83146948869689091e-03,-8.50722750451305852e-04,2.73229154875794585e-04
asteroid_384,7.63852036605720849e-12,-2.29824638322901009e+00,1.29918663255819355e+00,-4.32556720809476658e-01,-5.05381019057847547e-03,-9.19222624806706294e-03,-7.57164221846980080e-04
asteroid_385,1.55245402742155967e-11,9.87471654593323867e-01,-2.35227140688341674e+00,-5.04142717711870345e-02,9.92905875936817700e-03,4.16912574484060855e-03,-4.46540144957675248e-05
asteroid_386,2.64644576066438528e-11,3.00077530873012011e+00,1.32416874237052751e+00,-1.62184692546296610e-01,-3.84314251314719175e-03,8.67540688362480883e-03,-2.75639692249457892e-04
asteroid_387,7.09058764983335913e-11,-9.06323083129545126e-01,-2.76013753949574836e+00,-5.74099007759115487e-01,9.51637220414032828e-03,-2.98058235677972107e-03,-6.93417926834986355e-04
asteroid_388,5.32464387353185114e-11,9.35792096855754263e-01,3.09516721018270369e+00,-2.26107991561625310e-01,-9.09132016354280426e-03,2.81129806085383830e-03,8.57342615966164338e-04
asteroid_389,4.26101978856508558e-11,1.01635068708368981e+00,-1.98379636272915461e+00,2.42752612250568739e-01,1.01564120530374512e-02,5.30460219144793504e-03,8.27073137744831492e-04
asteroid_390,7.82610232084911179e-11,-7.16060690913549402e-01,-3.01318344943158412e+00,3.82595330488991303e-01,9.16638975005848629e-03,-2.45567320614676178e-03,-2.18429870353136543e-03
asteroid_391,3.17228882301909563e-11,-2.83229486279338527e+00,4.06888965624345178e-01,-1.33575700030663685e-01,-1.42528478965688651e-03,-1.00551371561975467e-02,-4.07990142824464280e-04
asteroid_392,8.55489131504150078e-12,7.88033530000714744e-01,2.10351318977365942e+00,-1.12305202470099827e-02,-1.07480421436929666e-02,4.02644299913827199e-03,-1.26115735100693842e-05
asteroid_393,3.96826706678800786e-11,2.68872118944495764e+00,8.00399265460856379e-01,5.71669873642240214e-02,-2.92518128193022895e-03,9.84163648157494221e-03,-2.14139587482300292e-04
asteroid_394,7.66434632428750738e-11,1.75806026954101946e+00,2.32814737193566801e+00,1.86355100079315272e-01,-8.02686045514954156e-03,6.06560292745802945e-03,-5.31944626904792524e-05
asteroid_395,4.74138306600032637e-11,2.56730144687995432e-01,2.09568168823590684e+00,-1.20130695640397592e-01,-1.15632923468159936e-02,1.29439129260193984e-03,-2.13112549282264661e-03
asteroid_396,9.77150217703785346e-11,2.51009519159808425e+00,7.15998651330706837e-01,4.28664805112482672e-01,-3.08033826198738769e-03,1.00382228889333170e-02,1.27042902328768407e-03
asteroid_397,8.56141690853268709e-11,1.76323688158274772e+00,2.50963548603926556e+00,3.79194450787410153e-01,-7.92235488049904991e-03,5.68718821150895025e-03,-8.01122053535407368e-04
asteroid_398,7.90974763063400912e-11,-2.44627724053153184e+00,1.83992235145869071e-01,-7.81359145646694508e-02,-8.42552086059701892e-04,-1.09287708308895698e-02,6.43839901256001361e-04
asteroid_399,7.73203281678371496e-11,2.35685506225193109e+00,1.15849730548537910e+00,-3.56348250125752997e-01,-4.63251509984696167e-03,9.49432874241846504e-03,2.27270939096163935e-04
asteroid_400,5.81165957096363808e-11,2.43547488415788838e+00,-9.94679023175288002e-01,-7.94375219114227746e-03,4.00987636335521733e-03,9.81840674153257147e-03,-2.64428283036812713e-05
asteroid_401,9.01159587140317407e-11,1.95224986180335303e+00,1.43696853152500936e+00,4.32234409711337919e-01,-6.53800545890475485e-03,8.79464462016153400e-03,2.91954286061610682e-04
asteroid_402,5.89913125338968142e-11,-3.11422698002167575e+00,6.92996474143883545e-01,2.73832977120406995e-01,-2.17775349910440032e-03,-9.27225188269973494e-03,-1.30145333264929629e-03
asteroid_403,3.72599253135111112e-11,-2.10455292546107620e+00,-2.19028053762684394e+00,-1.59819121000320183e-02,7.11713533910488059e-03,-6.83841147952030451e-03,-2.18013299092808871e-05
asteroid_404,1.95981783255378805e-11,1.42374385413762861e+00,-1.71694720699304981e+00,-1.00111062304126558e-01,8.60026530195900397e-03,7.27086702579020795e-03,-2.38854687211999869e-03
asteroid_405,8.13113603510331421e-11,-3.21157286056311264e+00,3.53053961140609551e-01,-6.53972334412497358e-01,-1.02061242177962832e-03,-9.41913978581386882e-03,-7.29288602406982182e-05
asteroid_406,3.71200186163019216e-11,1.86752120476939942e+00,2.53244355373473473e+00,-2.31023337662276174e-01,-7.77570417227083262e-03,5.76387393519517920e-03,3.26343514719851203e-04
asteroid_407,7.90924144066541570e-11,-1.89619445183337043e+00,1.52898793172927694e+00,1.53658041987726729e-01,-6.91255746357239981e-03,-8.40324072551752038e-03,-1.68620822132935829e-03
asteroid_408,9.83004519925265799e-11,-2.86714690401063255e+00,-1.18725345044796060e+00,-8.01667710598454458e-02,3.72639177682239755e-03,-8.89704290015156697e-03,-1.51019883248337426e-03
asteroid_409,3.98766727848225548e-11,2.13499083346402507e+00,-6.34063007574768522e-01,-4.94049817463670937e-02,3.27231242141777382e-03,1.10455242099346661e-02,-3.48168873373686676e-04
asteroid_410,3.40807196953017099e-11,-2.12396914674331372e+00,2.52420765459256602e+00,6.43426029784791974e-03,-7.23817924737776321e-03,-6.08927311190061733e-03,-4.78625346398196469e-04
asteroid_411,1.70175776526588999e-11,-1.69549172568769713e+00,-2.32256780819285025e+00,3.66270031810532859e-01,8.00006976276331459e-03,-6.03967401447434455e-03,-1.26546075313968207e-03
asteroid_412,4.75404065977672782e-11,1.71746048201061097e+00,-2.28819220222409037e+00,-3.31315662866628169e-01,7.76834275035860958e-03,6.14316778504085670e-03,-2.15784225848080977e-03
asteroid_413,6.54053060270056002e-11,-6.11191588382593909e-01,2.11252976045133378e+00,2.03132059601884629e-01,-1.10750320807086154e-02,-3.07189317110890051e-03,-1.37595564407458175e-03
asteroid_414,3.12855458457103336e-11,-5.54079982613398414e-01,-3.11344735811475060e+00,-2.98684607126468105e-01,9.42130547333888853e-03,-1.78260111257240970e-03,1.10443572844777190e-03
asteroid_415,4.85717042408466713e-11,1.26907223952284431e-01,2.11371744871540868e+00,2.71038001326877165e-01,-1.16887533335030443e-02,5.34558301766638344e-04,1.30417884388011511e-03
asteroid_416,5.37119091221694758e-11,-2.37645012294620139e+00,-2.17942298138233070e-01,-1.10800367580631762e-01,9.56542546782552724e-04,-1.10261350343292350e-02,1.17224842205517453e-03
asteroid_417,2.75309817698426934e-11,2.18057635474889100e+00,6.36028181670381665e-01,-2.89954104755835718e-02,-3.19493539271513719e-03,1.09568193514644318e-02,7.05393255082163657e-05
asteroid_418,2.36090894964956025e-12,2.11448477808793028e-01,-3.02340213414920012e+00,-8.99446610577629424e-02,9.80405582327681553e-03,7.14846815837119642e-04,-9.80788713526179346e-04
asteroid_419,2.15702355142488741e-11,-2.20880875479814165e+00,-7.33700398517613928e-01,-2.19925427546865643e-01,3.24825201326860982e-03,-1.04996214079701375e-02,2.40449197944915712e-03
asteroid_420,8.03169321348755469e-11,-2.99772608288112474e+00,-1.06021424796769792e+00,2.88683212857166249e-01,2.99647769640269202e-03,-8.96691510024077813e-03,-1.81594141594042550e-03
asteroid_421,2.78134536897659556e-11,2.11534309336378268e+00,-1.93022394772089489e+00,3.70603969304713288e-01,6.87534835747315946e-03,7.13959404758792490e-03,-2.05800616820702928e-03
asteroid_422,1.39205505399526398e-12,2.13161010451913402e+00,2.07503105826686962e-01,-8.55805598552632635e-02,-1.13727914356604961e-03,1.16945921703691148e-02,2.83765687896401812e-05
asteroid_423,4.25006161819531830e-11,1.64608588573468251e+00,1.28468479096495369e+00,2.78199684254181678e-01,-7.29049171933695075e-03,9.34468928186333800e-03,-1.51138828506805102e-05
asteroid_424,6.82502994164514803e-11,-1.53099281155938760e+00,-1.51993828397082265e+00,1.41588219099848422e-01,8.23869777390155884e-03,-8.14854436304120189e-03,1.61102762562322479e-03
asteroid_425,7.52434198694649670e-11,6.67028569119057391e-01,-2.74643561981767226e+00,-6.86762814001254107e-02,9.92682709351731113e-03,2.42353879020301049e-03,-5.04045743836234743e-04
asteroid_426,4.13956950184624872e-11,-1.75729633805723329e+00,2.50608931713648131e+00,7.68862512801723602e-02,-8.04717908577318695e-03,-5.62883061526167454e-03,-4.54256328802603684e-04
asteroid_427,5.71901205647578830e-11,1.70531341062259001e+00,1.60316012367463023e+00,4.64797515938388861e-01,-7.52010595717526875e-03,8.18740096394532900e-03,-6.48835661803625957e-04
asteroid_428,7.45533700702753882e-11,-3.69128091696502014e-01,3.09734763367293331e+00,1.24902818696540768e-02,-9.52148891789935704e-03,-1.14159967143020601e-03,1.70388520888953483e-03
asteroid_429,8.89252578200413514e-11,9.07849798796164897e-01,-1.94866403899659524e+00,-2.85802199224929665e-01,1.05975938727067252e-02,4.75701595319325075e-03,1.22881330196858364e-03
asteroid_430,6.39935245968995744e-11,3.05148721321729344e+00,1.16798765805990662e-01,-2.13222219297047266e-01,-3.79542093626987584e-04,9.82447127689197244e-03,-5.00966821295718108e-05
asteroid_431,6.90893681540188726e-11,1.04805867108995820e+00,-3.03750896264795900e+00,-2.75603086466393622e-02,8.98852322765973828e-03,3.11288358294819698e-03,-1.26675191813601339e-03
asteroid_432,9.87652603160095243e-12,-5.25215298852171775e-01,-2.98056840477094021e+00,1.56586388986026219e-02,9.73790455895555407e-03,-1.71610854577759764e-03,-3.08109523101079868e-05
asteroid_433,4.20508242655662099e-11,-2.12702629520097242e+00,2.02401031098339601e+00,9.73998850199285227e-02,-6.91646729310001034e-03,-7.27216219960549314e-03,7.62164434021816198e-05
asteroid_434,8.88969953970931859e-11,-2.37231408684595335e+00,1.96341553822645043e+00,-4.02155714992882052e-01,-6.18054725980581466e-03,-7.54582675132726543e-03,-3.81429773959563129e-04
asteroid_435,1.60803983939317076e-11,9.74201591728488192e-01,1.91097706612966567e+00,-1.17396438570377418e-01,-1.04550351538376992e-02,5.28680658354340523e-03,-7.01433154480581651e-04
asteroid_436,3.10028425192595877e-11,-1.76852395697419151e+00,1.53523775494839798e+00,3.13202252605314577e-02,-7.16323490124778396e-03,-8.19444543983239779e-03,-2.80746742603222785e-03
asteroid_437,6.77995768052694014e-11,1.58006868102896081e+00,-1.58827630290369171e+00,-2.07000544695499028e-01,8.04165681574326753e-03,8.12239039465336918e-03,-9.38307234443312189e-04
asteroid_438,9.02083756586056015e-11,2.70188993535869670e+00,-1.27874102730586303e-01,-5.31918276114357463e-02,4.96362574608390358e-04,1.04460719280663108e-02,1.00296793738063384e-04
asteroid_439,5.91344626013960930e-12,1.56899134449938416e+00,2.55019210360813764e+00,-1.32008130555887337e-02,-8.46699710464236290e-03,5.20935175564053200e-03,1.53430751277562960e-05
asteroid_440,8.70504927217839720e-11,-2.71913974139580761e+00,-8.12725028908646840e-01,3.20272199564480275e-01,2.71366693858460413e-03,-9.68806070102476609e-03,-1.54521621409774504e-03
asteroid_441,2.20400681611492875e-11,2.86633979890295887e+00,-1.23566785467901097e+00,-9.62431670765634406e-03,3.85188556420774193e-03,8.93170171099915040e-03,4.35999954357159825e-04
asteroid_442,8.60869725319038171e-11,2.28346039509012311e+00,-2.47671680008875392e-02,1.10271657734879361e-01,1.28574378223244207e-04,1.13755373787141362e-02,-1.07504098338927245e-04
asteroid_443,8.89246641400137272e-11,2.90568676511944135e+00,-6.01592730383739172e-01,2.91003517613481255e-01,1.96694952070139732e-03,9.75231784400035044e-03,5.20902051718468112e-04
asteroid_444,7.75504877098032666e-11,-2.28265808023251271e+00,4.48290938715000420e-01,-1.58423678022069969e-01,-2.16141636824035638e-03,-1.10553018514449701e-02,-1.40238551008710360e-04
asteroid_445,9.23824167947248570e-11,2.36717079989589330e+00,-3.55524232989347488e-01,-3.87680105959973653e-01,1.61134513997885568e-03,1.09270603747743077e-02,-1.81865392559241537e-04
asteroid_446,9.61161973116851786e-11,-2.41584292794258593e+00,-1.69323107533902850e+00,1.01490321674388539e-01,5.66907457878759648e-03,-8.16168960990586341e-03,-1.22211402599650427e-03
asteroid_447,9.25193584137729049e-11,-2.70059275859871839e+00,1.85482001750999492e+00,-1.50869488249553308e-02,-5.37931207664761428e-03,-7.82997842341536833e-03,2.73781270350487074e-04
asteroid_448,5.13177757383986698e-11,1.50724611243603257e+00,2.34518536440982839e+00,5.08953608225060306e-01,-8.45704416572823706e-03,5.64989656711476027e-03,-9.88710542573912731e-04
asteroid_449,4.63730395481175460e-11,-1.73879947396925560e+00,1.28663864309406573e+00,1.00479791095564625e-01,-6.87356546385524490e-03,-9.38144393018775120e-03,1.18209118928319602e-03
asteroid_450,1.05295739354530751e-11,2.74731627530542388e+00,-7.04145888610637871e-01,-1.39978477861242040e-01,2.57911242283014172e-03,9.75547353544800773e-03,1.54567299883435366e-03
asteroid_451,2.16169359865904045e-11,1.95207931099847376e+00,9.03003010722592037e-01,1.20242973482976548e-03,-4.92451867832912130e-03,1.06456602587489870e-02,-1.01762190344440709e-05
asteroid_452,6.52400149257662411e-11,8.10407798529634515e-01,3.05519067896403795e+00,2.84805301771189692e-02,-9.23057582520504273e-03,2.43376357266850921e-03,1.57717750922787658e-03
asteroid_453,1.27429088463789167e-11,-2.08592916523459815e+00,2.07946367494645612e+00,-1.89860034176041942e-01,-7.08116381126054021e-03,-7.06977225392135204e-03,3.65909159554563066e-04
asteroid_454,9.42386291478976375e-11,-8.89987609156434822e-01,-2.11293254274148801e+00,-2.62990404918784226e-01,1.04468219676581969e-02,-4.31490736584630181e-03,-6.86085540357105972e-04
asteroid_455,2.27123290745685214e-11,-1.52614916819884749e+00,1.59315183624176671e+00,-1.30859322285231811e-01,-8.36918802333814181e-03,-7.96914755284837059e-03,5.85111414901017001e-04
asteroid_456,8.80221966053042908e-12,-2.27253788554004332e+00,3.58597745637708132e-01,3.00819366986586068e-01,-1.39004573701062648e-03,-1.09208878622707867e-02,2.51737172166911121e-03
asteroid_457,2.35321787012802616e-11,-3.25913517177714596e+00,-2.97637051969971811e-01,-1.47782999598833592e-01,8.80813293809668257e-04,-9.45541489541841355e-03,-3.81693233672304873e-04
asteroid_458,4.90066983581251587e-12,-2.42297115649404082e+00,-9.27445831294895551e-01,-5.41295450979995874e-01,3.50262364728531634e-03,-9.88868868150204368e-03,1.26449801853425027e-03
asteroid_459,1.66173016237884345e-11,2.57405034417147505e+00,1.60104746930528696e+00,2.40763848318985479e-01,-5.22566706067150583e-03,8.06848229120951492e-03,2.21423168924100985e-03
asteroid_460,5.87725295166977755e-11,-1.37760427180779588e+00,-2.50127012840270213e+00,-2.15811703720466236e-01,8.84561019856182525e-03,-4.94209715721267637e-03,8.14458121058495694e-04
asteroid_461,2.89234522250314171e-11,1.42407875620419722e+00,-2.39480339288706245e+00,6.08645533103750122e-02,8.82201403677706358e-03,5.26606362762143711e-03,7.87720656274789178e-04
asteroid_462,8.01180309445597553e-11,1.94885757562841255e+00,1.16722555327961008e+00,1.06421614243866494e-01,-5.79809181233369338e-03,9.77221047453900350e-03,-1.00279088990748379e-03
asteroid_463,4.04793261752228557e-11,-2.75759204825620818e+00,-1.54733984485341236e+00,-6.84203485775242592e-01,4.88931761367395606e-03,-8.10253427857274104e-03,-1.38170772145213504e-03
asteroid_464,7.13993213747188752e-11,8.24215049502534769e-01,-2.31952398589447295e+00,2.74394497500979329e-03,1.01952905875492741e-02,3.62486628001022076e-03,1.76838306829010480e-03
asteroid_465,7.08323058339967959e-11,1.84718497444070362e+00,-2.07150265387300969e+00,-3.17963537872267277e-01,7.58644688982545654e-03,6.89943518035818909e-03,-8.76287840811275430e-04
asteroid_466,1.35864663184382959e-11,2.14910481505917961e-01,-2.93180405449602599e+00,1.89105338158720646e-02,1.00058765454098947e-02,7.33018461954059635e-04,-6.88107220096724270e-05
asteroid_467,5.66757257265243651e-12,-1.46528140214265501e+00,-2.40783917078118126e+00,5.86823104551522201e-01,8.53788161944864753e-03,-5.40124110257694367e-03,-8.43390014990337165e-04
asteroid_468,8.42009790580344170e-11,2.75872212989234988e+00,-1.67706526523869925e+00,3.86500420458585348e-02,4.97395804571780595e-03,8.17795576646138285e-03,-1.76004395514848443e-04
asteroid_469,7.00880917194270676e-11,2.27242487363068957e+00,-1.60964089102721697e-01,6.11698373287074011e-03,8.04852458845336290e-04,1.13677737994422306e-02,1.36768006353621489e-04
asteroid_470,1.75063411105003314e-11,-1.09719688147530281e+00,2.47101301667237516e+00,-1.85687603565002468e-01,-9.54172255206122040e-03,-4.25388249061862955e-03,-2.27536878488549806e-04
asteroid_471,6.80023897592190532e-11,2.36244921430068278e+00,-1.02482602714049698e+00,-2.23539055417142252e-01,4.16494638569936751e-03,9.80929162246179341e-03,-9.54388241517908995e-04
asteroid_472,3.29535032878778519e-11,-2.46883553754806639e+00,-9.24098464060935432e-01,-4.17692866637625393e-01,3.90313415801694019e-03,-9.61097090871274561e-03,-1.80686078823786081e-03
asteroid_473,5.68484081779511097e-12,1.07585689879804636e+00,-1.93864255369313843e+00,3.39881998745640124e-01,9.82525928779072119e-03,5.73171103974088724e-03,1.59221712789265886e-03
asteroid_474,2.28839851324688675e-11,-2.25402665107608291e+00,-1.32085017619500866e-01,1.16822099148712694e-01,6.70547040328072007e-04,-1.14206583459648195e-02,2.51069007317400894e-05
asteroid_475,7.55829272072097019e-11,-2.25164446900782300e+00,9.22359151217200024e-01,-4.69146595695466365e-02,-4.14208681180915084e-03,-1.01650436145023036e-02,-1.05114565149379605e-03
asteroid_476,3.90788175564481830e-11,1.91084875256382181e+00,1.47612608733355954e+00,-4.99115890019120378e-01,-6.67321974567986094e-03,8.68687298772621332e-03,1.43065386911490531e-04
asteroid_477,5.44907533335492720e-11,2.59491900261217623e+00,3.10891373793362180e-01,-6.30803762025551520e-03,-1.25726839368996753e-03,1.04643562305392727e-02,-1.46346016781141578e-03
asteroid_478,1.36628525052205565e-11,-2.17014908364711134e+00,-1.81887276096898032e+00,9.53540676007629262e-02,6.56974871919023887e-03,-7.82201836288071335e-03,3.15435171842975536e-04
asteroid_479,9.27511874908704852e-12,-1.44959662942578271e+00,2.46217682529335757e+00,1.57643816072494447e-01,-8.75423092905580624e-03,-5.09696867217209176e-03,-8.91030854272496179e-04
asteroid_480,2.39328313617558290e-11,-1.88521374083943050e+00,-1.74957851949847032e+00,3.38641555627972546e-01,7.12890210188677799e-03,-7.88383051646154333e-03,-1.04498788618949921e-03
asteroid_481,4.72590395019336557e-11,-2.19765677285061578e+00,-1.20626417917090367e+00,6.52784450114763382e-01,5.15530010652880989e-03,-9.36203878808032110e-03,5.58961861212470916e-05
asteroid_482,8.47006472576562216e-11,-9.98203872197693465e-01,-2.13912658040569603e+00,5.26859563313728865e-02,1.00133679672589695e-02,-4.62551234280905287e-03,1.91372208424237921e-03
asteroid_483,7.63415277217653236e-11,-2.02002720831878690e+00,-1.94751208372881157e+00,-1.18474353372479049e-02,7.12758199035195064e-03,-7.39295158215184153e-03,-3.96789430204687611e-06
asteroid_484,1.60148404882408852e-11,-1.62477566544415142e+00,1.81810741853067315e+00,4.55211113121693045e-01,-8.14595596896547890e-03,-7.27605804160771311e-03,-1.47094981973976571e-05
asteroid_485,7.15644607907907602e-12,1.14179743058519501e+00,1.81330233356252735e+00,-4.29800900060996333e-02,-9.91584182571132386e-03,6.26119618337474867e-03,7.34268623340311494e-04
asteroid_486,2.25585194661192241e-11,-1.10894958649602393e+00,2.31580810542908155e+00,4.22000279145059110e-01,-9.61667717178592632e-03,-4.30535074134654958e-03,-1.64465301065296250e-03
asteroid_487,8.52343251856240291e-11,2.47718321566231614e+00,9.58088174990166075e-01,2.62628311890266031e-01,-3.77851445844906621e-03,9.82608872667533120e-03,-2.06325123267903901e-04
asteroid_488,5.15895908722823468e-11,1.60464557901238614e+00,-1.74501757992304563e+00,-1.72902287599487406e-02,8.20998038835342621e-03,7.55528220215454134e-03,-5.77871480382080344e-04
asteroid_489,8.06921891051081715e-11,-5.47791274702703945e-01,2.72803307218780366e+00,-1.57632173190057068e-01,-1.00554110483764940e-02,-1.95463781273134702e-03,1.11620511859418796e-03
asteroid_490,3.69645242716097834e-11,-2.61664557704573886e+00,9.35310637471416850e-01,-2.81284218377793604e-02,-3.47223317512942130e-03,-9.69351694175601443e-03,6.80950753318144671e-04
asteroid_491,5.90484050315178132e-11,-2.93665868478958503e+00,-9.30350311453946865e-02,-1.58472125354923721e-01,3.01127926373285907e-04,-1.00193027789511457e-02,3.01858801798325334e-04
asteroid_492,5.94773369627572836e-11,1.86244646776403677e-01,2.84511140015367481e+00,-3.88432776425852611e-01,-1.01035885846251297e-02,5.72381736632330607e-04,-6.51977635140559594e-04
asteroid_493,6.26765422305044155e-11,-2.58981603475982913e+00,1.17149845606899539e+00,-4.81321186592085504e-01,-3.97899871642001194e-03,-9.25121413021396354e-03,-1.10717833970528658e-03
asteroid_494,4.70204259508872981e-11,3.59787608608858223e-01,-2.39564893942479529e+00,-5.28323728645062829e-01,1.07799464792187258e-02,1.71601372168530913e-03,-4.40024316720404854e-04
asteroid_495,2.39315677282550699e-11,-3.00238225447439788e+00,-4.07068534223444189e-01,-3.02532132757686645e-01,1.35355643161014835e-03,-9.76012289516039848e-03,-3.00314842903468416e-04
asteroid_496,4.28542000609065433e-11,-2.14615982705599473e+00,1.73326037252492249e+00,4.17124552669448923e-02,-6.50771222451603654e-03,-8.05579683403430391e-03,-9.10308618812114749e-05
asteroid_497,9.74760980598935296e-11,-1.76192608844457288e+00,-1.90750084347256266e+00,-3.30786764951365719e-01,7.80994139763798931e-03,-7.21439915860734669e-03,2.82049516023426322e-06
asteroid_498,2.72185040135352402e-11,8.98698356308980317e-01,2.69254124097553049e+00,2.68309104988515956e-01,-9.66320649389383439e-03,3.16122827314524934e-03,6.43177186113743976e-04
asteroid_499,7.24855850018379087e-11,1.00430684415964078e+00,2.32470835537829057e+00,4.60210539136951466e-02,-9.91474992767520276e-03,4.27299023765999840e-03,5.21394025491941459e-04
asteroid_500,9.44734680422668191e-11,-2.33300133053995129e+00,-1.33934110680938034e+00,3.68855244763809986e-01,4.86822673983322574e-03,-9.02232219040769931e-03,-1.96930242256830590e-03
asteroid_501,5.66299048245404963e-11,2.62661139039687130e+00,1.27367675708632699e+00,-6.19027934040486616e-01,-4.02512236452426831e-03,8.99552136922362675e-03,1.42958691650092447e-03
asteroid_502,4.89387050902336530e-11,3.15421008331406139e+00,2.43104829594782773e-01,-2.74199374130714262e-02,-7.44023220606748596e-04,9.64211417562186798e-03,-1.00693922747594120e-04
asteroid_503,1.20925710982789763e-11,1.35127863555518357e+00,-2.84930891077638959e+00,5.73787254845125716e-01,8.55569494505578274e-03,4.25794453252585896e-03,9.95266976939594185e-04
asteroid_504,7.53291862829230618e-11,-2.64860395054830366e+00,-4.28045887185775076e-01,-3.39461620981076073e-01,1.80456872545494882e-03,-1.02367357871426378e-02,-1.17184146541333143e-03
asteroid_505,9.11499864951671507e-11,-2.17898980317621582e+00,-1.63287657403910980e+00,8.77053631610591328e-02,6.25467088945995658e-03,-8.31275929465183708e-03,6.28857466700382685e-04
asteroid_506,9.80686746901020645e-11,2.65164539843852909e+00,-1.48968743318253427e+00,3.35046792537811555e-01,4.89619922766798554e-03,8.44070790093813007e-03,-1.22062850264677020e-03
asteroid_507,2.01737335337644721e-11,1.54403821285321285e+00,-1.93720883259941279e+00,-1.96347802115507224e-02,8.54024503114596094e-03,6.81056542160688328e-03,-3.57672173469272489e-04
asteroid_508,9.20063407473319580e-11,1.45626882706330307e+00,2.74185526139152635e+00,4.07334386755670227e-02,-8.62041521750686775e-03,4.58034416947896740e-03,-1.22719874262140359e-04
asteroid_509,3.70330927579890497e-11,-1.87044405066696551e+00,-1.93585188870631497e+00,-7.74842499454604927e-02,7.34156546560296806e-03,-6.98628648612804534e-03,-2.67888711126255648e-03
asteroid_510,6.19190598085106137e-11,-1.16439628817715213e+00,1.91057702756734082e+00,8.44002398521270930e-02,-9.65121712270021470e-03,-5.96392173041798614e-03,1.85651674162172335e-03
asteroid_511,2.23728271159711480e-11,1.75517703840545147e+00,1.30383683400095651e+00,4.29012575254164152e-03,-6.92327968898111702e-03,9.31732901541078469e-03,7.70321419620273559e-04
asteroid_512,2.48464932280906514e-11,2.64197900470592950e+00,-1.60434599533094602e+00,-3.47215130295525032e-01,5.02471294704573586e-03,8.35224013595431067e-03,-3.59134416998674463e-04
asteroid_513,6.18996262444153966e-11,2.01891801614215183e+00,7.80574921983221648e-01,9.58204516733377337e-02,-3.97178147055115508e-03,1.06202296857949748e-02,-2.83012432755488019e-03
asteroid_514,4.84884397070125783e-11,2.38558404854639505e+00,-4.39443259664307306e-01,-2.31407881063663029e-01,2.05854037940915793e-03,1.08028075696461751e-02,7.06977306579085053e-04
asteroid_515,9.64401891855818909e-11,2.20964372278556320e+00,-1.05102492010614679e+00,-5.17302998936240432e-01,4.86875261247634358e-03,9.65519253889476556e-03,1.17989008841615966e-03
asteroid_516,2.64537474412947963e-11,1.51056494547395936e+00,-1.73993466789470319e+00,1.25729444227387077e-01,8.25459084387208247e-03,7.34547048028529135e-03,2.47788554683035008e-03
asteroid_517,8.78048858139940407e-11,2.35956913745991370e+00,7.46584807437508879e-01,-9.45992769757710017e-02,-3.25399471121142750e-03,1.03970327154206746e-02,8.90505471338155232e-04
asteroid_518,4.60528623724405294e-11,2.70080875395761044e+00,-1.19141558692782246e+00,4.83347026626545939e-01,4.12266113718797594e-03,9.01470344890784731e-03,-8.15689487342058503e-04
asteroid_519,1.34640610223807282e-11,1.95065230457735606e+00,7.45714008748542878e-01,-3.50967489997003945e-01,-4.30225395765977507e-03,1.09968356385447170e-02,-5.46224978899626065e-04
asteroid_520,2.39202803072661969e-11,-2.02978354562793450e+00,2.32979597948390449e+00,1.27492628645366118e-01,-7.28368924267910282e-03,-6.24070387661957576e-03,-1.91968569445782693e-03
asteroid_521,7.55724047647890371e-11,3.09618936865302885e+00,3.45955884414074266e-01,2.78243171215150964e-01,-1.04905366140798642e-03,9.66374236946914052e-03,-3.42002084600795061e-04
asteroid_522,8.26651085389492476e-11,1.76170820053903876e+00,-1.83877642627327509e+00,-3.22039873409142099e-02,7.78388421154491746e-03,7.45665716979186308e-03,5.61180480859016075e-05
asteroid_523,3.96593830340690308e-12,1.52280981816820371e+00,1.69965870499946092e+00,1.01976096448765666e-01,-8.47796190026079387e-03,7.59358199962593353e-03,3.75173409740585788e-05
asteroid_524,4.10088633596636802e-11,2.66589349727411440e+00,8.56385706070066699e-01,-3.43080576037044671e-01,-3.24034795679191022e-03,9.65599143106298831e-03,-1.07604316071733749e-03
asteroid_525,4.94223233199181756e-11,2.11241012898320868e+00,6.05937811043236185e-01,-4.52034829830140483e-01,-3.17713606902805638e-03,1.10360412439058243e-02,-5.36678544587133852e-05
asteroid_526,6.15071852321714126e-11,4.37710066662683250e-01,-2.48061756248154630e+00,3.09676004582058018e-01,1.04690415626578683e-02,2.05515472449817153e-03,1.66512101451849240e-03
asteroid_527,6.50652079785963665e-11,3.21238441305679112e+00,1.10116571005688876e-01,4.81360932976738876e-01,-2.76524483341338901e-04,9.53194133728011393e-03,-3.35136783902990464e-04
asteroid_528,8.30575679988006143e-11,-1.84581698510399073e+00,-2.72830290102743556e+00,5.85762994920566368e-02,7.84764655373919491e-03,-5.31197906092388712e-03,-1.25794565292280009e-04
asteroid_529,2.73462224877477119e-11,2.97744821570119100e+00,5.42687815015282182e-01,-1.22840451049277179e-02,-1.77311540697807843e-03,9.72772165083764240e-03,-1.98059325867146474e-05
asteroid_530,1.12016939451160150e-11,-3.89913834688410885e-02,2.45579871867216593e+00,2.89865663235865101e-01,-1.07795000544999263e-02,-3.85676418502942748e-04,1.81751790906503033e-03
asteroid_531,1.86568124963451592e-11,1.47739952136364883e+00,2.51790123072857286e+00,-1.85061424784683209e-01,-8.64393450840203470e-03,4.97682543999338010e-03,-1.29356944706233816e-03
asteroid_532,9.36852546542817978e-11,-2.52707382802046698e+00,-1.45245884311172047e+00,-4.31335810141119491e-01,5.12430472891858488e-03,-8.49495244828843421e-03,-1.41636179412439199e-03
asteroid_533,5.46727460265406576e-11,2.28267341885590413e+00,-1.17076934775508246e+00,-5.46266979660760526e-03,4.89607712516445994e-03,9.54811602971464973e-03,-4.57004763325093947e-04
asteroid_534,2.19172982909814547e-11,2.83728579059980035e+00,-4.24140345741492342e-01,-3.81588297129465334e-02,1.50718724429186896e-03,9.98581554849427289e-03,1.07271876683290995e-03
asteroid_535,7.85886186121399555e-11,-1.97985374928572111e+00,5.47390419867251676e-01,4.94748328913113822e-01,-3.27221405146673567e-03,-1.13608613836959395e-02,-5.24870040404875281e-04
asteroid_536,5.87048699772528902e-11,8.58772767829440120e-01,-2.18838207121241668e+00,8.89908079936895663e-03,1.04327986353454777e-02,4.09611800881514668e-03,5.02057670815626335e-04
asteroid_537,3.67391066203171862e-11,-2.48018937486533986e+00,-1.14060738023655328e+00,-3.39711822690171791e-02,4.35090347563387055e-03,-9.45763418626577833e-03,-1.06479040702270515e-04
asteroid_538,1.84006999424431438e-12,-2.09722125940908777e+00,8.50135671790305802e-01,-3.90962616096063698e-01,-4.26562901082572481e-03,-1.05194022591240856e-02,7.79803422996542030e-06
asteroid_539,7.82808181730840993e-11,-1.59187416593159270e+00,-1.65828595208911445e+00,-4.27911547590281577e-02,8.10929041023731277e-03,-7.73947147021053321e-03,-1.74599383610258663e-03
asteroid_540,7.17469821706808229e-11,1.72161370780591527e+00,2.49065355700985824e+00,-6.81768092556149230e-01,-7.83878720945753622e-03,5.71830173231907199e-03,1.09559987543540976e-03
asteroid_541,2.62180441011692291e-11,9.79215225486279262e-01,-3.04578719896534800e+00,-7.53937208258751546e-01,8.98491764861773269e-03,3.00968751367891195e-03,-4.89032159102136986e-04
asteroid_542,2.65693412105914947e-11,-1.67078428406160495e+00,2.13888615399181159e+00,-5.39294632568813381e-01,-8.15507250977678781e-03,-6.35842707749971568e-03,4.71270173153149783e-05
asteroid_543,2.71560880702812231e-11,2.47087480463114995e+00,1.88345743745126581e+00,9.58978197208109652e-03,-5.91637085637975770e-03,7.76138681568961514e-03,3.85786597687044750e-05
asteroid_544,6.70452737776280304e-11,-2.24840996303459040e+00,-2.36392007609992660e+00,4.12331151459379985e-01,6.87078232512487817e-03,-6.54052230786018526e-03,-3.13741953077885862e-05
asteroid_545,2.94247866184909286e-11,2.05805887354483152e+00,-8.04021667753445080e-01,-5.20055034532661553e-01,4.24970246560888321e-03,1.05877960225290672e-02,4.48645696919885799e-04
asteroid_546,3.10431718756477147e-11,2.47518745455878042e+00,8.64168929168076971e-01,-2.91800898510955808e-01,-3.46288861165701487e-03,1.00059396569440653e-02,2.58819321459339158e-04
asteroid_547,3.76681331991609989e-11,1.18287215077908647e+00,-2.19126508653299323e+00,6.40047255206933285e-01,9.45556433005513564e-03,5.06633136365256930e-03,-1.29753984987428348e-04
asteroid_548,9.80203306140048574e-11,2.14563265398325820e+00,4.60428242746701299e-01,8.33192382849337471e-02,-2.33038798816550706e-03,1.12078715517397766e-02,-1.92349381654161652e-03
asteroid_549,4.60152397100681403e-11,-1.90648852136257196e+00,-2.32413929514352846e+00,4.57843889679512075e-02,7.66593136157908868e-03,-6.29309702233150914e-03,-2.40779261141260844e-04
asteroid_550,3.77437617786125123e-11,1.88156668833192087e+00,-1.80658937475573311e+00,2.51285571073851743e-01,7.26019999848213221e-03,7.69759217838643633e-03,9.78320290551349878e-04
asteroid_551,4.70075975346632689e-11,-2.44097456926237300e-01,2.61629567250588435e+00,4.33597421964423135e-01,-1.04485880621149694e-02,-1.11341697672763377e-03,8.36154056987762576e-04
asteroid_552,7.19231584496361324e-11,-2.25936548953246596e+00,3.10486064900418079e-01,-3.08083281829793013e-02,-1.55222465194141020e-03,-1.12834560090057309e-02,1.19674000578751395e-04
asteroid_553,8.83702366225993257e-11,-2.22775885189985612e+00,6.36043894238778718e-01,3.93268692999351674e-02,-3.07399240423376907e-03,-1.08285648072315582e-02,1.00004756300082110e-03
asteroid_554,9.90802736066763927e-11,-8.90274755703948317e-01,3.01707605493958519e+00,5.20913089533598828e-01,-9.16023485288731086e-03,-2.85306194990711959e-03,8.69202666579880828e-04
asteroid_555,4.86115622247247365e-11,1.95760660343014581e+00,-8.93597223965361454e-01,8.46315260941713776e-02,4.87233774039208534e-03,1.06604488953053276e-02,-1.41472052042327848e-04
asteroid_556,4.60197019673327593e-11,2.14428806290740104e+00,1.02310793263456246e+00,1.30120891014413376e-01,-4.74933207173902291e-03,1.00572050969641689e-02,-8.12092860721541718e-04
asteroid_557,3.30378552434996569e-11,1.55127692066285361e+00,1.85021336415742388e+00,-4.18401131436684171e-01,-8.47557640374486942e-03,6.96746273145467526e-03,-6.13462500821885539e-04
asteroid_558,7.79114705366651665e-11,-1.19564020809765315e+00,-2.37746725390016289e+00,-3.80410818914044102e-01,9.17717668087524550e-03,-4.85640105792001838e-03,1.50714181099537072e-03
asteroid_559,6.55620609381476844e-11,-1.50479276441362220e-01,2.77386345603950302e+00,-3.79424592740412514e-01,-1.02582424062507144e-02,-5.57317357009519268e-04,-5.98104397010841348e-06
asteroid_560,3.63428177121440279e-11,-1.83329758895465988e+00,1.94046348770560084e+00,3.46706333800588129e-01,-7.24718984437458351e-03,-7.24372875038416415e-03,2.22071364585454695e-03
asteroid_561,5.18589827428141835e-11,-1.63528498268363354e-01,-2.13321769593425925e+00,-5.16498343719201003e-01,1.15354599251867793e-02,-1.02397327018853633e-03,5.76926267727156483e-04
asteroid_562,2.05900191207835509e-11,-2.15982648510648012e+00,-1.00719103866531889e+00,-2.10471011934397101e-01,4.75976002928027962e-03,-1.00049943511191144e-02,-9.66000589714497782e-04
asteroid_563,6.94024249266114099e-11,1.86165293939132892e-01,3.10502155124587098e+00,1.03114845776361222e-01,-9.73059463690612546e-03,5.75078547525428125e-04,2.50863266698340482e-04
asteroid_564,2.52198334758815802e-11,-2.84497911482765797e+00,3.11534861735742796e-01,-1.33696604060118907e-01,-9.92599218102091551e-04,-9.91712734370113827e-03,-1.98663872435788334e-03
asteroid_565,3.49611114415657384e-11,-2.72720801949704894e+00,9.08013188128867776e-01,-1.62381482410117434e-01,-3.18526452100601886e-03,-9.62023438688360336e-03,-2.98191330411737309e-04
asteroid_566,6.82117688336595490e-12,7.26112137309194217e-01,2.78504605136617034e+00,3.88474354120222021e-01,-9.67668241956348187e-03,2.27898015766385756e-03,1.74861443820753526e-03
asteroid_567,2.19948450906086616e-11,2.04602220937654955e-01,2.97414745588252449e+00,-4.53570635641214803e-01,-9.88156934427475084e-03,6.36576571312564882e-04,-2.83348246216795431e-04
asteroid_568,1.94963062569799657e-11,2.13399436328305425e+00,3.92077329804595365e-01,-8.51296297567247749e-03,-2.09447434053345628e-03,1.14258785834428934e-02,1.20187635699269923e-03
asteroid_569,7.35333152839542742e-11,1.34901974295671134e-01,2.51820046707062950e+00,-3.02840856584663365e-01,-1.07464703416601335e-02,4.68254001821758815e-04,-8.93415184317914498e-04
asteroid_570,6.94498341660970376e-11,2.28602690722663571e+00,1.48960246355552850e+00,3.21796741158211552e-01,-5.72647601825364456e-03,8.62020490445797836e-03,7.77508803791192023e-04
asteroid_571,5.38189994474034191e-11,2.42024486028638819e+00,4.06248871753652097e-01,-5.08087950495342167e-01,-2.06723566914614881e-03,1.05767673146746413e-02,-1.39034337298391984e-03
asteroid_572,3.87117805818614688e-11,-2.90450781079135023e+00,-1.11983133348402264e+00,5.39801821388374223e-02,3.51055273614439903e-03,-9.08025601587335654e-03,5.20054556732844008e-04
asteroid_573,8.89424178275623157e-11,1.60912314257990885e+00,2.11780325153278781e+00,-3.21153092145422814e-01,-8.02115608017922241e-03,6.42701848637531464e-03,2.19251436920993911e-03
asteroid_574,8.84094939388376454e-11,-2.64491619737505479e+00,1.46244428541952276e+00,-1.71267750218059324e-02,-4.78816056351096843e-03,-8.65898138708838701e-03,5.87140871486826327e-05
asteroid_575,6.02874889681663393e-11,-8.80971355847354087e-01,2.99542832569190720e+00,2.82250943168310051e-02,-9.15605725747513886e-03,-2.67451599173419491e-03,-1.94519162844914578e-03
asteroid_576,6.57982250218947579e-11,-1.68463918371947352e-01,-2.69853129359436084e+00,-1.03104970188152026e-01,1.01495647051206509e-02,-5.39565101739811659e-04,-2.46158965522985142e-03
asteroid_577,7.96471060619691153e-11,3.14943617866329095e+00,-4.92202891207523641e-01,1.55634793547436534e-01,1.52280563875598334e-03,9.46774613154848822e-03,-8.73372524904686746e-04
asteroid_578,7.22802681125375421e-11,-2.22539572457890555e+00,1.70672743419421491e+00,1.37442982922558899e-02,-6.24929132087175768e-03,-8.14995776500745256e-03,1.89920059272055632e-04
asteroid_579,2.24978992039362024e-11,-3.03426337206875907e+00,3.27991821072054379e-01,-6.49708559466512181e-01,-1.00667113262213831e-03,-9.68427013093524185e-03,-1.87554941041386241e-04
asteroid_580,5.03410365625987780e-11,2.25983268921231195e+00,-9.42223637337883280e-01,5.46801109591503742e-01,4.13393734397652160e-03,1.00407892581513818e-02,2.17011687437000363e-04
asteroid_581,1.51970715111353883e-11,2.68722461964826831e+00,-9.65096479554162084e-02,2.27696372604423214e-01,3.97613351719940068e-04,1.04608678298455052e-02,-2.58685351911553589e-04
asteroid_582,8.09399915405148980e-11,1.05788584787608819e+00,-2.52073863537652443e+00,1.47372289555802866e-01,9.53905608421321168e-03,3.92780108962123998e-03,-1.29110075901434844e-03
asteroid_583,6.53611506162709201e-11,-2.16382074321756601e+00,-4.87826553006354191e-01,-1.86742282836448448e-01,2.30511320756137924e-03,-1.10759541884878701e-02,2.22388188005582773e-03
asteroid_584,9.79093308355502606e-11,1.35555744020502278e+00,2.19313171570074594e+00,-8.80014370963620382e-03,-9.10242814639630922e-03,5.62398377008316123e-03,-5.37152935164263243e-04
asteroid_585,1.36596035467818362e-11,2.98549161308132494e+00,1.09199949401793095e+00,3.73538360601601005e-01,-3.15847518835104092e-03,9.01378174972134079e-03,-1.10683123487076299e-03
asteroid_586,5.10196669904936950e-11,-2.73562383293994271e+00,7.93686181622784259e-01,-2.21056543641452052e-01,-2.88817541381098004e-03,-9.72327832468795547e-03,8.31144133210271071e-04
asteroid_587,7.24037937227549560e-11,2.30811592867072335e+00,1.25915211902836915e-01,8.21690922089008957e-02,-6.27377861181105303e-04,1.12887213633363955e-02,3.24198447308759086e-04
asteroid_588,8.67355598302597967e-11,2.32758465511491108e+00,7.75791412480094644e-01,-5.13493023553065031e-01,-3.27975104282911658e-03,1.03316843094207276e-02,7.42626961470982069e-04
asteroid_589,8.53412391465672383e-11,2.63207300426409885e-01,2.30823202413267392e+00,1.77005298337719857e-01,-1.11926886842356518e-02,1.24354796600386892e-03,4.27106618421502931e-04
asteroid_590,2.02079260481844166e-11,9.75515713182469879e-01,-1.85206293529327493e+00,-3.92718565703047029e-01,1.04569002023090756e-02,5.11534835800833004e-03,1.85100330627753235e-03
asteroid_591,9.82322706566002649e-11,-2.60359817755136236e+00,1.83929945690415653e+00,4.01644279868430265e-01,-5.59825258611719966e-03,-7.75695869206122560e-03,-7.67421164946563688e-04
asteroid_592,9.81344653363235336e-11,6.47207983224947325e-01,2.53558556218281561e+00,3.31924604124402001e-01,-1.02353728949120329e-02,2.67761935032566735e-03,-4.96853546819245599e-04
asteroid_593,9.69061741966790375e-11,-1.87887558702828539e+00,1.57906708763005610e+00,-2.69337127296938095e-01,-7.05906703557008120e-03,-8.36533560762167325e-03,1.99313722145742138e-04
asteroid_594,6.13651448414628603e-11,-1.37999193796547059e+00,-2.43939615106036145e+00,-2.95068875157239285e-01,8.91902615344947018e-03,-5.04503720148283784e-03,-4.54082122069695152e-06
asteroid_595,8.31952064947991307e-11,6.90010146097978838e-01,-1.94186855861546603e+00,4.47184973908314409e-01,1.11490809676167875e-02,3.99939656379733575e-03,1.63966719875426693e-04
asteroid_596,7.61260043400344045e-12,1.47790235382675172e+00,1.89465191582944548e+00,3.85534470310849975e-01,-8.58311054946363401e-03,6.86946590429468856e-03,-8.56596433058720227e-04
asteroid_597,2.55534870666443117e-11,1.28275617877133752e+00,2.64450357455029161e+00,1.61724502603784626e-01,-8.80335679052549405e-03,4.38885944293898947e-03,-1.94030071525120836e-03
asteroid_598,9.20867008768441910e-12,2.78516034714030880e+00,6.51887356491370418e-01,-2.28191104574729589e-02,-2.31259729489770652e-03,9.84140536747426728e-03,-1.11601876583728365e-03
asteroid_599,5.05610160970598701e-11,1.76564200577774577e+00,2.75366633170981956e+00,-2.14964693571641607e-01,-7.98994767189960785e-03,5.13753452648091791e-03,1.84535513418996819e-04
asteroid_600,9.64733686495206441e-11,2.62193762942421227e+00,-1.10251409154515256e+00,-2.61440749039062205e-02,3.95452855300027720e-03,9.39940910206969217e-03,2.12141088743447026e-04
asteroid_601,6.49205833157181938e-11,-4.77114105311364500e-02,2.67257280097572725e+00,6.70263651076833267e-03,-1.03031408698319397e-02,-1.89262148176192038e-04,2.12446037411843274e-03
asteroid_602,4.61305991811230891e-11,2.99939892230221572e+00,2.65325274770574826e-01,1.25344610679753998e-01,-9.09909987618952310e-04,9.81704092662558092e-03,9.93053903876396724e-04
asteroid_603,7.92856452359109073e-11,-2.81124456371703024e+00,1.45546010930267578e+00,3.41107226020711196e-01,-4.34583059162768973e-03,-8.57180693711904161e-03,7.58501774033052897e-04
asteroid_604,5.50381169912172386e-11,8.81374252936568348e-01,-2.82886010703712243e+00,1.04772635274363160e-01,9.45980544575601712e-03,2.99077052009835611e-03,1.17246698633410645e-03
asteroid_605,4.57701902183700406e-11,-6.94988169022798696e-01,-3.16109724664041680e+00,3.53606347477720406e-01,9.31352583409188542e-03,-2.01581406059205643e-03,2.84514094905498533e-04
asteroid_606,6.29365248200260055e-11,2.99134397751560011e+00,1.39016919918770271e-01,-5.14244854175570421e-01,-5.51219625352261547e-04,9.83807316949906509e-03,-5.46877376298689558e-04
asteroid_607,5.11849506797014623e-11,-1.15323261365208363e+00,2.88543764549294757e+00,4.52680679594840263e-01,-9.02869990330041998e-03,-3.50749082674982077e-03,-6.44041435343076295e-04
asteroid_608,6.41581057871728714e-11,-1.09993831421462263e+00,1.86902335199515313e+00,5.48379756767522930e-01,-9.97952808880372619e-03,-5.67985074907092699e-03,-6.58469997003548147e-04
asteroid_609,8.02656757052416166e-11,-2.21119517513092578e+00,1.99345884129682949e+00,-1.02763501844262750e-01,-6.67615527652058380e-03,-7.39946308800512511e-03,1.14410486435642685e-04
asteroid_610,4.62472269694458583e-11,-2.60105248729899063e+00,3.74068050560797394e-01,3.92747864889715845e-02,-1.47029292012976339e-03,-1.03893818981348855e-02,1.57930269647053238e-03
asteroid_611,4.15079746585094004e-11,2.59971617164025659e+00,-9.37291679965678193e-01,-3.36688746512167902e-02,3.51061739528584849e-03,9.73304624034187528e-03,1.15998922239325824e-04
asteroid_612,5.58709670707609450e-11,-2.76877543135402027e+00,-5.94267193264929161e-01,5.50916693285800507e-01,1.94891420598134715e-03,-9.89916278486748825e-03,-8.83331215823957559e-04
asteroid_613,9.04763158747448479e-11,-3.19726095641507779e+00,4.09815908991565614e-01,-5.11684516834095215e-01,-1.26238989964479143e-03,-9.43188312141700520e-03,3.33905321307036650e-04
asteroid_614,4.23039985530534159e-11,2.44161630416031228e-01,3.26139246773910685e+00,2.68151371001202454e-01,-9.44614010761768430e-03,6.47474524753892562e-04,7.26143711299615511e-04
asteroid_615,8.47764945015686892e-11,-2.24072173569664113e+00,-8.37725674718759139e-01,-5.09588957208068738e-01,3.83509731680059833e-03,-1.03087014631513003e-02,8.33573252027300420e-05
asteroid_616,6.17201154294388312e-11,1.42750828821769948e+00,2.61449047025328518e+00,-1.00324154195501072e-01,-8.70668690996365298e-03,4.71026307807237248e-03,-1.13561681927093028e-03
asteroid_617,1.24959068778946103e-12,-2.56385403645760590e+00,1.54895266159565348e+00,1.65165388020465875e-01,-5.14507437448666772e-03,-8.49204798678691516e-03,-2.26678069899195305e-04
asteroid_618,4.76254951290277276e-11,-2.70019192998143698e-01,2.50096090149444406e+00,-3.86101264099772273e-02,-1.07037563485419610e-02,-1.13514548134541183e-03,1.32776527030082562e-03
asteroid_619,2.10614374412753130e-11,-2.24153510346296336e+00,1.75456627197931231e-01,3.36745549511328207e-02,-8.97017090625507269e-04,-1.14357110568472399e-02,-1.25436116525252402e-04
asteroid_620,1.50451323439536153e-11,-1.77645430252592451e+00,1.16525130956320266e+00,-3.24324771733460915e-01,-6.06569269805942550e-03,-9.82666329289125576e-03,-2.08157513162534344e-03
asteroid_621,2.34514442533357404e-11,-2.90546766309114890e+00,8.25861704484423864e-01,-2.72318257090954252e-01,-2.80579171413523247e-03,-9.32495460745796229e-03,1.65620253761851379e-03
asteroid_622,7.12448105218124546e-11,-3.36837451293685530e-01,-2.61404906338987697e+00,-5.26018183933666172e-01,1.04101106724330643e-02,-1.28187274050110237e-03,-2.95877432851738881e-04
asteroid_623,6.27419986626860392e-11,1.65577336171200407e+00,-2.74185945733469261e+00,7.18610129426596522e-01,8.17804575115826417e-03,4.78967317522884222e-03,-5.68290921410009105e-04
asteroid_624,5.36899443019218194e-11,-2.49469356022142108e+00,9.07510301075566184e-01,-1.33130638083968855e-01,-3.63355990290635316e-03,-9.67954961273731831e-03,2.10565735402932922e-03
asteroid_625,4.95319013565905452e-11,-5.44059450734431738e-01,-3.22298193589729376e+00,1.79419785258310843e-01,9.33779588882948514e-03,-1.52408596811888248e-03,9.37547428801848901e-04
asteroid_626,3.89239088026321800e-11,-1.85546377163728327e+00,1.81134640201654995e+00,6.74535035372682279e-02,-7.46338794456842709e-03,-7.63841592398541765e-03,-1.81291455046547978e-04
asteroid_627,8.86579238591429010e-11,2.84625349351831902e+00,-1.09022181823672937e+00,-1.65881371186846066e-01,3.55080202272293945e-03,9.14867957288478112e-03,7.98116042833317812e-04
asteroid_628,9.32460992642489775e-11,-1.73573074319348009e+00,-1.24535726553407633e+00,5.33078798736232096e-01,6.75929033757757987e-03,-9.41852345332486185e-03,5.40525698950725700e-06
asteroid_629,7.64461353758076459e-11,-1.21269406103485489e+00,-2.48615042669151087e+00,-4.74393691436090573e-02,8.99209679618000884e-03,-4.43457669753689627e-03,2.53718314497780985e-03
asteroid_630,2.88295724043842779e-11,-2.67950622388075121e+00,-1.44682059368684102e+00,-3.25099601678359218e-01,4.44613014000306075e-03,-8.60776158883981221e-03,1.66242390691302287e-03
asteroid_631,9.13872696023496917e-11,-2.64031936884584839e+00,1.82088833527541349e+00,1.21988005069921426e-01,-5.43603380920628862e-03,-7.90655776812775567e-03,3.61457308786364024e-04
asteroid_632,8.19153463249679995e-11,-1.52760639944351850e-01,-3.08321127641518355e+00,-2.56324711705041390e-02,9.76640393942826944e-03,-4.79799565910265797e-04,-4.91512645216867611e-04
asteroid_633,1.24114040099941400e-11,-5.30170520046525651e-01,-2.07604955476606134e+00,8.50774520518938759e-02,1.11159719757692645e-02,-2.73050955097328294e-03,2.64097596031182035e-03
asteroid_634,3.41743383017061087e-11,1.63142605229052728e+00,1.95528299298802088e+00,6.13464272459521356e-02,-8.27722184028959959e-03,6.89668801222428126e-03,3.04802959675700574e-04
asteroid_635,3.27673175735462175e-11,-2.08672179946525382e+00,-5.50792794624273885e-01,-3.27833620072411625e-02,2.92760587422638422e-03,-1.11970973331634877e-02,1.77472749163255306e-03
asteroid_636,7.30073776492110815e-11,1.93436548257774055e+00,-1.11180571368870917e+00,9.91733916389554368e-03,5.71517329876003888e-03,9.93334870339353769e-03,-1.13741310947423403e-03
asteroid_637,5.23946170733905035e-11,1.52184706111622914e+00,2.47846753880105419e+00,-1.06840192829476988e-01,-8.55820223520387981e-03,5.28536929987115899e-03,7.05177688542760108e-04
asteroid_638,2.66957895888981843e-11,2.14373362416462943e+00,-1.99474950702609921e+00,4.03464383667817617e-01,6.88507948750091171e-03,7.17314480096011963e-03,-1.11818877978407064e-03
asteroid_639,2.30871537460055460e-11,-2.86023592340099775e+00,-7.26542152152259479e-01,6.80283856476107784e-01,2.18392568065411442e-03,-9.58297181250459575e-03,-1.05234053698553321e-03
asteroid_640,4.57559292596139839e-11,-2.55882845178734053e-01,3.06935572195865491e+00,-6.03375568355011160e-01,-9.64678743532979693e-03,-9.23704954415040941e-04,-6.07800001661546038e-04
asteroid_641,6.65990434058304779e-11,-1.87358270007262839e+00,-2.32668929479308639e+00,1.64985960315586801e-02,7.68487382742790749e-03,-6.19724780759530695e-03,-1.26213623039461145e-03
asteroid_642,5.08775061514304016e-11,2.16790501423140736e+00,-2.16001281092666853e+00,6.73392327171083716e-02,6.91250634390556604e-03,6.90312613805852023e-03,-1.11103538296098044e-03
asteroid_643,2.61107405968404627e-11,2.08728534997760473e+00,-5.26993291001060626e-01,1.60459830315172858e-01,2.98222245636190408e-03,1.10156013868064253e-02,-2.61499227267840027e-03
asteroid_644,6.20023072459278656e-11,-2.16643757785634250e+00,9.66323488132337483e-01,2.09842790538712187e-01,-4.61663922854536109e-03,-1.00540731019828217e-02,-1.36375291972701740e-03
asteroid_645,9.98912416485430907e-11,-9.11901033154668417e-02,2.82982345195742013e+00,-2.91681716914567735e-01,-1.01557912787098217e-02,-4.10740442773889101e-04,-8.09839177346328076e-04
asteroid_646,1.76751084379885419e-11,-3.02467749661833452e+00,5.90072084576629519e-01,-5.46331700629813399e-01,-1.80343828348876272e-03,-9.54920734396652766e-03,-3.29289863086728197e-04
asteroid_647,5.28446735726774474e-11,1.91713059567487476e+00,8.66150106706207512e-01,8.42856043179889824e-02,-4.89615923898653084e-03,1.07824366810186246e-02,5.61993912523592928e-04
asteroid_648,3.75718564358514534e-11,-1.51953235077553006e+00,2.25275171581092515e+00,3.51776091933606178e-02,-8.64967111574586368e-03,-5.83611565660174109e-03,1.09856105195203161e-04
asteroid_649,2.18494040907075428e-11,2.78813774573892204e+00,-5.42252303240651545e-01,-6.45238779010583241e-01,1.95679564006051923e-03,9.88643246777032997e-03,1.47038602382129770e-04
asteroid_650,8.75504679918848633e-11,1.77302839010601576e+00,1.14379915026071055e+00,-3.29510031424392558e-01,-6.32243111856032030e-03,9.92064957990336505e-03,4.16924156259218233e-04
asteroid_651,9.57774725450121212e-11,-1.63852731299188092e+00,1.99488072800465166e+00,2.18033033749705472e-02,-8.26822086824071170e-03,-6.78628427310312438e-03,-4.53051132550345370e-04
asteroid_652,3.50260762966263899e-11,-1.21548955663822333e+00,2.92959587579369174e+00,-1.38441305583096141e-01,-8.90911439207094438e-03,-3.66691476179745006e-03,6.23781602210307456e-04
asteroid_653,3.47355852238766511e-11,-1.86709292198754717e+00,2.20884877422002290e+00,2.81800446330309651e-01,-7.33407284105435948e-03,-6.50472881220455230e-03,2.39377467772816654e-03
asteroid_654,9.18529089476396454e-12,6.01476415414023191e-01,-2.30487648472432038e+00,1.22073829526689104e-01,1.06203799445970717e-02,2.86421569609183416e-03,1.75103334201870018e-03
asteroid_655,6.17791440500379283e-11,-5.22175851814972836e-01,-3.04234488387215585e+00,-4.76136770250008112e-01,9.58898565021702037e-03,-1.54663875213057952e-03,-6.33700806266883614e-04
asteroid_656,2.66427023652741741e-12,9.31294263951302548e-01,2.33876789569391441e+00,-3.68151219835738466e-02,-1.00721997111391081e-02,4.00869539316697689e-03,-1.29667564402766985e-04
asteroid_657,4.96260797591460080e-11,-1.05234555881783831e+00,-2.83520047351343285e+00,7.83369712447694710e-01,9.13279501783508495e-03,-3.36211156310209239e-03,1.00330635269028269e-04
asteroid_658,1.52899251226194139e-11,-2.32731312098253396e+00,-7.47309882494495925e-01,-2.65530599915863030e-01,3.04951511347063874e-03,-1.02956167532689859e-02,2.24772440565483263e-03
asteroid_659,6.72351052824456057e-11,-2.30127930026266547e+00,-1.58094157598868246e+00,-3.02918632526986364e-01,5.70039866960856713e-03,-8.48213168188695181e-03,9.62453728444353498e-04
asteroid_660,9.28917203120644451e-11,-7.03609386693787919e-01,2.47805702080178580e+00,-4.04180045637847415e-02,-1.02807720623934087e-02,-2.90520579005837734e-03,8.50663485299862129e-04
asteroid_661,8.88738101541504529e-12,3.52676495064064455e-01,-2.38028753722735997e+00,3.37239188154949243e-01,1.08129868298539218e-02,1.78554430345327295e-03,1.29469697379816311e-03
asteroid_662,7.77762706761561288e-11,-2.54048545356865674e+00,-1.85814593100734360e+00,3.21395209262166692e-01,5.75532209361605089e-03,-7.54904706683388275e-03,1.84844376049483655e-03
asteroid_663,8.30585045964604083e-11,-1.76602072798653009e+00,-1.51099827499074468e+00,6.48286908487467617e-02,7.13373894805206625e-03,-8.43574074749553308e-03,-2.28384786877080517e-03
asteroid_664,1.76288686558346697e-11,4.35406766443014792e-01,2.10374682720211892e+00,4.82160329405416754e-01,-1.11894114051345334e-02,2.65254660291207745e-03,-1.46909859308692620e-03
asteroid_665,9.22650037401879009e-11,3.58117780858776713e-01,2.48358470321294744e+00,7.22955900881137870e-02,-1.05941378018866231e-02,1.57926437029026539e-03,-1.77448876898380682e-03
asteroid_666,6.20955747604893582e-11,2.78943275182869455e+00,-9.93065517181838775e-01,3.73586441292290683e-02,3.33128718458741008e-03,9.38851975549130809e-03,8.30159895960960498e-04
asteroid_667,5.34983447808759368e-11,2.13337493649187682e+00,2.19495653384800526e+00,2.21662894010429101e-01,-6.94647731296490871e-03,6.85875833928003935e-03,-1.06123235261638971e-03
asteroid_668,6.71445363531908396e-11,1.03870453927152906e+00,3.12407721917839787e+00,-2.03185072205423145e-01,-8.76265888833968783e-03,3.03845893730191182e-03,1.92222184330841529e-03
asteroid_669,2.88180323788114571e-11,1.67375994873509448e+00,-1.79570975428089152e+00,6.39902715317387238e-02,8.02597922361348269e-03,7.45575486432291032e-03,-7.06214200856492393e-04
asteroid_670,2.55083256445469424e-12,-2.31757065470660617e+00,-1.14615903427747745e+00,1.44406085045621302e-01,4.75012771780498281e-03,-9.57315480043767139e-03,2.52058241336241022e-04
asteroid_671,4.42107018519721324e-11,-1.62786350973061156e+00,1.53275007873253077e+00,3.56754426121757728e-01,-7.93127497770108880e-03,-8.14752345370149851e-03,-1.18545384650285733e-03
asteroid_672,7.43372069064648158e-11,-1.90838903795238335e+00,-2.01007094728941293e+00,3.17661031700401608e-01,7.48533807339066184e-03,-7.06986605161191804e-03,2.32967741297650401e-04
asteroid_673,9.18658527583050682e-11,2.52212271547866207e+00,-2.11488748779541513e+00,-1.92328495318647624e-01,5.87217547763090302e-03,7.17863283909867846e-03,-1.93238973175380107e-03
asteroid_674,4.30160806916306962e-11,1.81374782837386284e+00,2.31362263604393315e+00,8.53618074029704743e-02,-7.89612198945420680e-03,6.18125759313374080e-03,2.39880397076713917e-04
asteroid_675,2.63721326832584349e-11,-1.07721041759795355e+00,-2.59154776254435815e+00,-2.08641834057845088e-01,9.44447780102570383e-03,-3.96450770424678148e-03,4.81788299777152404e-04
asteroid_676,1.31382373229654092e-11,1.73853686344996206e+00,-1.88547835953255682e+00,-1.78028665673307024e-01,7.88131022023361855e-03,7.27832332987151873e-03,-1.18929060735952210e-04
asteroid_677,9.35500785340067451e-11,2.67474093229825627e+00,1.72498145802911806e+00,-3.15748456874751227e-01,-5.27388505334130606e-03,7.90909430839575878e-03,-1.46710200013866823e-03
asteroid_678,2.31021981371032271e-11,-9.74304928353386446e-01,-2.49610939974013002e+00,-3.00334820935407754e-01,9.55705284473913792e-03,-3.93595216415841380e-03,1.70837169370573715e-03
asteroid_679,9.11080125229776645e-11,5.17202629642011358e-01,-2.18753954177034071e+00,2.45723155658453207e-01,1.11051896196501260e-02,2.68824503292337119e-03,5.57574776232377663e-04
asteroid_680,1.83837827941299724e-11,-1.10605984497914167e+00,2.26994447677486111e+00,2.60256014301508631e-01,-9.64633640142196352e-03,-4.78843564149614674e-03,7.68695749720014056e-04
asteroid_681,1.82309258911328123e-12,-1.57894960376097804e+00,-1.50397227630265884e+00,1.38286322745904901e-03,8.02985923663454039e-03,-8.42980062701113517e-03,4.02514251565922636e-04
asteroid_682,2.24297903392286904e-11,-1.68036823527687007e+00,-1.59898291039488871e+00,-3.26092259472126167e-01,7.55705963013813143e-03,-8.21292380087616444e-03,1.32993603743054118e-03
asteroid_683,4.92840257926610282e-11,1.42911460855487937e+00,-1.56685715191714037e+00,4.57198526289237309e-02,8.39168407823319938e-03,7.74218793784533631e-03,3.02328698303119120e-03
asteroid_684,3.48770124560252151e-11,-1.31380743099472963e+00,-2.25164618499922575e+00,4.40904223265930983e-01,8.97258201127099086e-03,-5.47247195721806048e-03,-1.21075203002953945e-03
asteroid_685,9.07729964510712795e-11,-2.74977718605338328e+00,-7.91508625669397281e-01,-1.12249189428957775e-02,2.81040441089845270e-03,-9.75521557407574291e-03,-5.92312564642456167e-04
asteroid_686,5.45130028274488731e-11,-2.38379141580110288e+00,-7.78459880809335814e-01,-1.46411405015708124e-01,3.23891357301524067e-03,-1.02276149748553487e-02,1.64531965517589955e-03
asteroid_687,1.17857709071398275e-11,-2.45973566800891774e+00,-8.37326104988075137e-01,1.78290679814899211e-01,3.40813969620672131e-03,-1.00924948874165470e-02,-3.79081292673181234e-04
asteroid_688,6.25369453427075440e-11,3.20967765021704743e+00,5.16375785699742518e-01,2.56683208776235412e-02,-1.51541282113979076e-03,9.41934123146312245e-03,2.60763819809470220e-06
asteroid_689,3.89007956624407398e-11,6.05768416850073349e-02,3.00118965524441395e+00,-5.77158936816574014e-02,-9.91671848526326331e-03,1.91960847815874714e-04,-4.26443627042876697e-04
asteroid_690,6.78973451267909729e-11,-1.32382871489253895e+00,2.40914238479614573e+00,-2.57924813603690184e-02,-9.08867072544279966e-03,-4.99703840074421438e-03,-2.61073102985852931e-04
asteroid_691,7.86198078895503739e-11,-8.73752519243338410e-01,-2.27639389607227027e+00,-1.23534729699661158e-01,1.02794300939585657e-02,-3.94062376704156208e-03,-9.11974389610780046e-05
asteroid_692,9.85552889822130525e-11,-2.94330126558474392e+00,-1.19030251454638036e+00,-9.82351249842390584e-02,3.48550831220493856e-03,-8.78160094238657207e-03,1.97343523487921108e-03
asteroid_693,5.76688394174692420e-11,2.35458714628090249e+00,-3.52134411238120892e-01,7.99996147223406145e-02,1.61909610465951542e-03,1.10005619430520001e-02,7.67172775685693079e-04
asteroid_694,3.66813995301406453e-11,1.03115712290494743e+00,-2.22346925968599107e+00,4.41642124157042515e-01,9.78067880625896335e-03,4.72113790994576742e-03,9.32629323729838758e-04
asteroid_695,4.33656991441819880e-11,1.92200263585605202e+00,2.54103536929817597e+00,-1.75345685584690353e-01,-7.37928685782383593e-03,5.74083635722333688e-03,2.30778099975900057e-03
asteroid_696,4.02681481791787565e-11,2.02230420044944958e+00,-1.83030837103167565e+00,2.07234749950451241e-01,6.84476487624441614e-03,7.71492330495100308e-03,1.34384772181224432e-03
asteroid_697,4.50592278325062311e-11,1.98048917684574710e+00,2.23680359609704160e+00,1.38370909917063495e-01,-7.35910930798377560e-03,6.58843532113640579e-03,-1.17365335952009748e-03
asteroid_698,3.01556627281160293e-12,-1.45336374661936207e+00,-2.35043239456216746e+00,-5.03076032253729544e-01,8.77884244690394118e-03,-5.25819277418865857e-03,-7.94760017718371082e-04
asteroid_699,2.47403505897973657e-11,1.57547992962882000e+00,-2.41541735768570698e+00,-4.25537865459022571e-02,8.48046678918391861e-03,5.53516148315464154e-03,-2.09614807190804624e-04
asteroid_700,9.87762028387388188e-11,-2.03046019991533200e+00,1.38227196531894814e+00,1.20478592417427158e-01,-6.09680648444799970e-03,-9.05193654026657107e-03,1.10322668560718573e-03
asteroid_701,9.28021725674290776e-11,2.05419310818518452e+00,-1.20846449060889882e+00,1.74110653588660541e-01,5.53372594105965270e-03,9.57947493396817812e-03,1.20103854277803105e-03
asteroid_702,4.83841385238198288e-12,1.00470618093493136e+00,2.24432511000434820e+00,3.72415913274096455e-01,-9.93699661073173604e-03,4.16704542129232771e-03,1.69583849316288235e-03
asteroid_703,9.79582919579823266e-11,-1.63678140309554920e+00,1.52158906038126585e+00,-4.83665429574453298e-01,-7.73991874804750169e-03,-8.33713471270581055e-03,-3.54333893956647312e-05
asteroid_704,7.91974967220043366e-11,3.06122359700094471e+00,7.39005170794520327e-01,-9.93605750776382565e-03,-2.22545529461971783e-03,9.18992822684768298e-03,-2.13482893723588793e-03
asteroid_705,2.84685142494713985e-13,2.67427636197726692e-01,-2.41115164382739344e+00,-2.60622834242102031e-01,1.08062209992137899e-02,1.37349956655362848e-03,-1.61855963568470658e-03
asteroid_706,9.13472208858330666e-11,6.08067916831112942e-01,-2.69334805834791124e+00,-2.64623284349780663e-01,1.00019183462980200e-02,2.35992207459139900e-03,-1.03636339099431093e-03
asteroid_707,9.60373194390710836e-11,1.16033691723469801e+00,-2.82104702591294165e+00,8.05260919728061422e-03,8.89366653081184559e-03,3.66413747110021963e-03,2.11788622668703831e-03
asteroid_708,6.28795142266050407e-11,-2.53579895162532765e+00,1.62103672474867766e+00,4.32602199251450215e-01,-5.43916879947341139e-03,-8.04408262968207659e-03,-1.74036373622938017e-03
asteroid_709,7.88350168877546235e-11,-1.77152812603265808e+00,1.92497874823291326e+00,-2.28811008610688205e-01,-7.72207456015543397e-03,-7.22040224637483016e-03,-9.58208281408171720e-04
asteroid_710,3.32598402240921409e-11,1.87479317209836971e+00,-1.82372069400627934e+00,5.44198954352315245e-01,7.00622283028587509e-03,7.68516228137904826e-03,1.61773696528981275e-03
asteroid_711,5.72364029422760205e-11,-3.23068538385532689e+00,1.33769685005297734e-01,-6.26782176191379103e-01,-6.16286288058713345e-04,-9.38544143067995482e-03,1.17351703227026893e-03
asteroid_712,7.31576794143203905e-11,8.22663832337171663e-01,2.76576671771114091e+00,-3.72890995738497377e-01,-9.64627020666597966e-03,2.91878751002774481e-03,3.67527606984922482e-04
asteroid_713,5.61304766643367588e-11,-1.24683452560249775e+00,-2.81330410007055853e+00,-4.62277139156305264e-02,8.96484891196549886e-03,-3.97151317296065912e-03,-9.96987928610647864e-05
asteroid_714,3.04674613118256300e-11,-1.77591130981913103e+00,-2.63741439850456150e+00,-1.48612233921473824e-01,7.98364249402275759e-03,-5.39517494924612526e-03,3.43653369292613875e-04
asteroid_715,6.49235351277427934e-11,-1.83537599416759112e+00,-2.42838977531669675e+00,-8.36635760426901187e-02,7.73797724475005014e-03,-5.78044019158216807e-03,-1.97141729009210837e-03
asteroid_716,8.38435083695439215e-11,-2.07520953131182750e+00,1.04083210411138016e+00,5.34549537265358587e-02,-5.05591406434162567e-03,-1.00907913742220405e-02,2.00889938473538160e-04
asteroid_717,8.36024614031143544e-11,-2.57306788038589529e+00,-1.01396258575143228e+00,-2.22786445804874972e-01,3.84158559477158117e-03,-9.53807207706473814e-03,-9.57923075368413289e-04
asteroid_718,1.32257749833634234e-11,-1.21710931404064526e+00,-1.83842298643244417e+00,2.78106233806797720e-01,9.49966739078628684e-03,-6.45663341453170132e-03,-1.10709356785791430e-03
asteroid_719,4.45476254102218487e-11,-9.20798831280651320e-01,-2.72232208518170316e+00,2.36012736013443414e-01,9.31835368225402208e-03,-3.33866852841108392e-03,-2.15497645807708046e-03
asteroid_720,3.88353490958002590e-12,8.55980137951478870e-01,-3.06355198783323290e+00,-6.48988121966822762e-01,9.20277826766431432e-03,2.38575171498010439e-03,8.76011413684070722e-04
asteroid_721,6.32803367772451280e-11,5.57607173564374170e-01,-2.60766789046928427e+00,-5.11741752775826120e-01,1.01610403883359533e-02,2.30207579464696476e-03,-6.58887256873285157e-04
asteroid_722,2.42237998619806636e-11,2.00332474591317666e+00,-1.66501736555243074e+00,-2.76655665891160196e-01,6.78066767736387570e-03,8.18307710475353264e-03,-1.48509993677930910e-04
asteroid_723,9.30361802557377767e-11,2.13788102851082806e+00,1.43986873127775333e-01,-3.50703225248262182e-02,-7.95609588558314571e-04,1.17172949584564666e-02,-3.92981355856608216e-04
asteroid_724,6.18294117150135100e-11,-3.14694781986894112e+00,-5.91275212005031747e-01,-5.66442678278641254e-01,1.77598028034711285e-03,-9.37232137113465889e-03,-8.34964727858594817e-05
asteroid_725,4.00677552980900046e-11,5.60564270380792040e-01,2.14973065981149203e+00,9.40057087928255902e-02,-1.11574234829879340e-02,2.92027391492742129e-03,-2.48382956699214324e-04
asteroid_726,7.31490042957759354e-11,-1.83980222652803471e+00,-1.07583819062827968e+00,-2.77792320718739827e-01,5.81788852362173387e-03,-1.01577081539079728e-02,8.07387695955777830e-04
asteroid_727,2.07470955980655281e-11,1.81930019241846264e+00,-1.52390803704074940e+00,-3.24371801798611248e-01,7.21756134203196866e-03,8.10840522127063631e-03,2.38752829246895865e-03
asteroid_728,9.15226626780131452e-12,2.16629285441449815e+00,2.31586518827855886e-01,2.06268402611850093e-04,-1.22616940650864211e-03,1.14682706835872519e-02,1.67325208049547386e-03
asteroid_729,8.74727926214467084e-12,1.20491739211132609e+00,-2.31645871689058147e+00,4.29252207423536314e-01,9.33639851052510406e-03,4.94351452163729194e-03,4.70255847767204788e-04
asteroid_730,5.82846879331868478e-11,2.61917862007800695e+00,-6.14869469572179139e-01,-3.95550933058385457e-01,2.52105558250953878e-03,1.00686329529535365e-02,1.04209052283272684e-03
asteroid_731,8.88879658819587593e-11,1.55410829586006116e+00,1.85221986550158690e+00,5.29215909488494729e-01,-8.41633566651020515e-03,6.97321518029071340e-03,3.09834594491344595e-04
asteroid_732,2.22835828971424980e-11,1.46569505391843657e+00,1.57124118533133506e+00,2.31343071096543479e-01,-8.58302017899005738e-03,7.94078750386997129e-03,4.46081455968426130e-04
asteroid_733,7.60072380922561513e-11,8.26903185239834304e-01,2.06644474234596931e+00,-1.90886850792454904e-01,-1.05980195131655259e-02,4.34486621886662639e-03,1.12574470483932897e-03
asteroid_734,3.77197633311121813e-12,1.86280631204689295e+00,1.75436676089698063e+00,1.13783940720361854e-01,-7.36431012703362906e-03,7.82797438230567987e-03,-1.30551577551394585e-04
asteroid_735,3.53404739190337520e-11,-2.14112851272908955e+00,-2.95033727237463406e-01,-2.21049547328768137e-01,1.43432243331018160e-03,-1.14915461353233082e-02,1.44458576584810647e-03
asteroid_736,6.53751137907113707e-11,2.89098450094486070e+00,5.12820039264547556e-01,-1.00277841736351930e-01,-1.72525191850476651e-03,9.86220184184025128e-03,6.96646217500511943e-04
asteroid_737,8.26267937522434969e-11,2.16518861410926089e+00,-8.69348448960967080e-01,2.67001639599606655e-01,4.25379714672140686e-03,1.03598362171414965e-02,-7.63911421127987014e-04
asteroid_738,9.43197461250813271e-11,2.12444037535680752e-01,2.40388147562970556e+00,4.89957246859858808e-01,-1.09163378103730394e-02,9.91907311061471925e-04,-1.33311082715684425e-04
asteroid_739,6.32607107922604133e-11,-1.19071934286143044e+00,-2.28082998605906839e+00,8.86131295159531783e-03,9.50660119282243157e-03,-4.96309840975526009e-03,-3.26984917743911111e-05
asteroid_740,4.62727965138942700e-11,-1.49955426877132925e+00,-2.10103646460448479e+00,-3.10848651995680736e-01,8.71512680169109211e-03,-6.08491719540692460e-03,-9.14183429415192260e-04
asteroid_741,6.07303283787351289e-12,-1.41981988229267952e+00,1.54882364838717979e+00,6.02556733594090191e-02,-8.74878206314800080e-03,-8.00383729821827795e-03,-4.17591114270585324e-04
asteroid_742,2.75720082076533343e-11,-2.03160139802963408e-01,-2.22035796812161657e+00,1.47163809504418763e-01,1.14519774304637778e-02,-1.07199459008880285e-03,-3.64399333464699652e-04
asteroid_743,9.23119494641302239e-11,-2.08614254608296346e+00,2.34053340905297391e+00,-1.13277052856862945e-02,-7.25226054498737810e-03,-6.46362558073011132e-03,8.10104823164356226e-05
asteroid_744,5.82938253425903612e-11,6.85283550951864107e-01,1.98658531378654146e+00,9.05926821534558391e-03,-1.12060578467927576e-02,3.86798000677978857e-03,-5.23790879545449600e-04
asteroid_745,3.42743020587999757e-11,-2.64129593171943977e+00,-5.15436304457141059e-01,-3.17650340794304042e-01,1.67377853753026455e-03,-1.00386571149177085e-02,2.37161364714353999e-03
asteroid_746,2.48891991650977673e-11,-1.72257093193812949e+00,2.04617884575331077e+00,2.60831779369733230e-01,-7.63372044302432825e-03,-6.74682761898459313e-03,2.51346294458073887e-03
asteroid_747,1.13745661984887308e-11,-4.92375931695111901e-01,-2.42979150190797366e+00,-3.19756544233089690e-01,1.05995615266475298e-02,-1.95193114158460673e-03,-1.48920574324138766e-03
asteroid_748,7.51629818014708155e-11,-1.14549506321164229e+00,-2.32903784528428215e+00,-3.39431693413458246e-01,9.44192348558787163e-03,-4.78774707075232866e-03,9.87436906959374095e-04
asteroid_749,4.12434898924654957e-11,1.11890419509025318e+00,2.76061811483657760e+00,-5.90399790851303341e-01,-9.17456586877304046e-03,3.60266787353357701e-03,-5.41785498982342998e-04
asteroid_750,9.36555710439071721e-11,2.73816595326780687e+00,1.41217296307944262e+00,4.20546675815531956e-01,-4.16531412012084191e-03,8.62607925953708284e-03,-1.84568002544035136e-03
asteroid_751,4.54446272024535623e-11,-2.05789071012894809e+00,1.25439092421106246e+00,-1.06541341642152884e-01,-5.66328690566750195e-03,-9.41144047430567121e-03,-1.41916743700739667e-03
asteroid_752,8.18394725940095559e-11,-2.43141875742053815e+00,-5.22790076373054524e-01,-2.30353840576733807e-03,2.29296350041447838e-03,-1.06637898919575355e-02,-1.00251398089937140e-04
asteroid_753,1.30324599481486235e-11,2.00495118451279497e+00,1.22702828091368787e+00,4.37441367270985815e-01,-5.84942883469117582e-03,9.45879587274427169e-03,2.78001214995175576e-04
asteroid_754,1.50992536513986804e-11,-9.58017731763712521e-01,-2.48490092574540844e+00,-2.59938733982901793e-01,9.44594527468570720e-03,-3.90101795681406906e-03,2.47850736189460154e-03
asteroid_755,2.73284593550654037e-11,1.79995085597257387e+00,-2.29665675182030826e+00,-1.06860932849651438e-01,7.92357561443382541e-03,6.18334608928938420e-03,5.71052143455213156e-04
asteroid_756,1.91315535965996750e-11,-6.56511228655735968e-01,2.27874931123699342e+00,1.08222806044033601e-01,-1.06447978693787280e-02,-3.12623537212037639e-03,1.25183755548826975e-03
asteroid_757,9.76742913198155019e-11,1.23609228175065533e-01,-2.49207285841988080e+00,9.33691369670746896e-02,1.08337140647114197e-02,5.01991235539753959e-04,-9.44083917002813927e-04
asteroid_758,8.08160936481060768e-11,-3.11627961414314969e+00,7.33199744416228150e-01,-3.11198243382079631e-01,-2.22501669143885779e-03,-9.32479319426834409e-03,3.11178394951677382e-04
asteroid_759,3.48477402169575923e-11,2.81842267399695756e-01,2.10512946997976647e+00,3.83641756170724990e-01,-1.15667942801110923e-02,1.67753458275183404e-03,-7.07472417282887936e-04
asteroid_760,5.19871174856370423e-11,1.53971200316778445e+00,-2.15050248275013445e+00,-2.06468533477019961e-01,8.60042585180326516e-03,6.09582726225453651e-03,6.44588559042977901e-04
asteroid_761,5.33294791956551254e-11,-1.54622773243540501e+00,-2.41176204369945735e+00,7.19673226342304351e-01,8.44042789999130058e-03,-5.37816359731364130e-03,1.11123855735692782e-04
asteroid_762,6.07248334091198244e-11,1.64258906949003514e+00,1.56459343997666855e+00,-2.34164823230316455e-01,-7.88134823186712428e-03,7.97122792491539514e-03,-2.02458051592916376e-03
asteroid_763,1.03706386158099167e-11,5.22329376189068939e-01,-2.09261968410797072e+00,-1.05702446685837226e-02,1.13641881056570464e-02,2.83687895244899525e-03,-6.23876952673774003e-05
asteroid_764,3.49045267001569731e-11,-2.12813931328056505e+00,6.11599241974273289e-01,-4.80655330963932259e-01,-3.19181921000799085e-03,-1.09717695390590952e-02,1.71245387692024281e-04
asteroid_765,8.60212064834246503e-12,3.11964430774497981e+00,4.18794289447356805e-01,5.90761846662392398e-01,-1.41727483832168404e-03,9.47638453834215300e-03,7.66362376266043420e-04
asteroid_766,9.19073312148408414e-11,-8.69389318640426900e-01,-1.91426474314193817e+00,-1.91168713187133271e-01,1.06808599973463557e-02,-4.96892974158781933e-03,1.18231386358161349e-03
asteroid_767,4.03513528222732150e-11,1.93896322852933478e+00,1.24888087371678291e+00,-3.01547266689945970e-01,-6.11235919201129352e-03,9.47930743272804889e-03,-4.34889170169772333e-05
asteroid_768,7.27044342540346678e-11,1.92226427578239134e+00,-9.29142298274390210e-01,-1.03309323930156557e-01,5.11262934952045212e-03,1.03005546258015702e-02,2.48906628752507044e-03
asteroid_769,9.20834326863278817e-11,1.40966501439319924e+00,1.73117779132091942e+00,3.26267442538938912e-02,-8.88453547938316927e-03,7.21063837605258069e-03,1.26650137787087344e-03
asteroid_770,3.09506382342805493e-11,-3.61207188991587103e-01,-2.81867110013370370e+00,1.18226895394018497e-01,1.01174616357641960e-02,-1.29493718329904621e-03,3.80443224535112023e-05
asteroid_771,8.79404104911372056e-12,-1.65823542906262955e+00,-1.71889740277763270e+00,8.71077617822052924e-02,8.00724588309300461e-03,-7.68335037207929037e-03,8.15172057119201588e-04
asteroid_772,3.36282623281817394e-11,-1.60794000036874629e+00,-2.26792807861736234e+00,1.28153484680053303e-01,8.41471220277987750e-03,-5.93571950652099257e-03,5.35041298144983842e-04
asteroid_773,6.71020443548360004e-11,-3.78674132572185851e-01,2.78224925899145648e+00,-4.33098218749801908e-02,-1.00075273948742379e-02,-1.39029345951251822e-03,-1.81370388199084305e-03
asteroid_774,4.99847486755992668e-11,2.74504779450328273e+00,1.48124673211742053e+00,2.81595064328841425e-02,-4.61682328271747263e-03,8.56440612860755179e-03,-4.47380735218591617e-04
asteroid_775,7.50460724756305674e-12,1.60686360448293142e+00,1.35865447993818322e+00,7.73068778931308292e-02,-7.60488211146602509e-03,8.88361822991786884e-03,1.94343089844256894e-03
asteroid_776,7.02892171321901512e-12,2.62567886055085165e+00,-1.65014851218245906e+00,-3.77448366327172213e-01,5.16362008140346454e-03,8.24851587817259854e-03,-1.41126885622243174e-04
asteroid_777,6.99591648997482941e-11,-2.80083533279641017e+00,4.34516861511815455e-01,-2.20999749750220104e-01,-1.69120093731044553e-03,-9.84409611602088397e-03,2.07850729171696162e-03
asteroid_778,7.36571684490105300e-11,-1.23937925998836729e+00,-1.93083857743148291e+00,-6.45572974206337913e-02,9.46077732875568941e-03,-6.11961793181671227e-03,1.40190467818903579e-03
asteroid_779,1.09596830165744584e-11,2.78018379234738200e+00,1.17634246329796044e+00,-2.29571998772272107e-01,-3.90807320058134382e-03,8.79497236907299598e-03,-2.26187127815042060e-03
asteroid_780,7.94738420543912540e-11,-3.06190347851018974e+00,-1.80523340346803063e-01,6.06401272203578090e-01,8.17386558742553984e-04,-9.61107424210526015e-03,1.26605196292793988e-03
asteroid_781,3.45624564803672698e-11,2.08856997445214132e+00,-1.18950551956605932e+00,-8.68096910820876505e-02,5.49781510919538762e-03,9.62701982298120804e-03,3.59157432288421073e-04
asteroid_782,6.83023172235699906e-12,-2.85138815826211856e+00,-1.34649494252328816e+00,-5.59355812383602546e-01,4.04351563783490048e-03,-8.71308212736592383e-03,3.62002872474436062e-04
asteroid_783,3.33927653018151935e-11,2.10187970314816530e+00,-1.60381069537457677e+00,8.81127469461742835e-02,6.42190633797274507e-03,8.38997895056396714e-03,-4.78212448048565366e-04
asteroid_784,7.30502061285554850e-11,3.20820876562601442e-01,-2.74106718791235915e+00,5.99348171063973090e-01,1.01562496059814742e-02,1.24805731565571739e-03,2.71414952530068913e-04
asteroid_785,6.55812661258328750e-11,2.06130052336078151e+00,-2.52932715828852084e+00,3.49725466625701031e-01,7.38251391545391607e-03,5.84992030899017437e-03,-1.20442325906394416e-03
asteroid_786,4.81522730310714145e-11,1.26345683129468545e+00,2.19344428517308110e+00,-1.13317446605337394e-01,-9.33074450297525886e-03,5.40959124507917576e-03,6.76366443013532294e-04
asteroid_787,2.79724714707896126e-11,3.04613239949756531e+00,-3.80335815959899459e-01,-1.92129305424510732e-01,1.20370212817322297e-03,9.73266104086442999e-03,-1.82395529865910335e-04
asteroid_788,4.17989389559162965e-11,-2.37567343175524054e-01,-2.45846367351026185e+00,-2.45426149379531305e-01,1.08582096830352227e-02,-9.91396160486454061e-04,-5.79582003741421379e-04
asteroid_789,3.81672519454826125e-11,1.83946840296213221e+00,2.43227260500213438e+00,2.41310935329597492e-01,-7.60640172317157953e-03,5.94043805269169143e-03,-1.89394279475628728e-03
asteroid_790,3.90083721880902925e-11,2.66567436839299710e+00,7.18299265322198899e-01,-5.79304984986043547e-01,-2.61119341166525520e-03,9.90023272390463255e-03,2.60205845993861072e-04
asteroid_791,4.89743981118884877e-11,2.21461407226239926e+00,-8.14283095129796908e-01,-1.63202001374360313e-02,3.86413634294030485e-03,1.05105296310086457e-02,-5.97956622333252103e-05
asteroid_792,4.55338309297562665e-11,2.30788412638177931e+00,1.18613223929984346e+00,1.01459528451295480e-01,-4.89351822500516849e-03,9.45867383836841193e-03,7.33642803931722686e-04
asteroid_793,1.02558658828580438e-11,-2.36806465065591709e+00,-7.03298812144351859e-01,2.31968185094037910e-01,3.16159545214971839e-03,-1.04333443197205233e-02,6.42776780347485590e-04
asteroid_794,2.90240549224539099e-11,-1.88923448727042143e+00,-1.10477574028006065e+00,1.50715769785265630e-01,5.90196366959138893e-03,-9.87663994225809055e-03,1.58391589587119274e-03
asteroid_795,1.29196384955460222e-11,-3.16577495504730966e-01,2.11150792333070525e+00,-5.44241105027795866e-02,-1.16367397516536578e-02,-1.73567972868979487e-03,3.49632299914175799e-04
asteroid_796,6.02136004965378861e-11,-2.00276401426559003e+00,1.51631150003648085e+00,1.37318978047737322e-01,-6.49862476320397023e-03,-8.65084348151329112e-03,7.43973189478298706e-04
asteroid_797,4.22872735598197275e-11,-7.76893840594987534e-02,-2.06488083508968723e+00,-4.86503146682139065e-01,1.17982114444080688e-02,-3.97671391277801712e-04,-1.96199646924732435e-04
asteroid_798,6.71958515366102876e-11,-1.14341685937320570e+00,1.99361827027694849e+00,3.97303576728135766e-02,-9.77930399832973446e-03,-5.58094315132576062e-03,-1.39819614068028794e-03
asteroid_799,8.76944415181695211e-12,2.56520240649891296e+00,-1.48340847387344454e+00,2.03574735050908090e-01,5.02118733458805418e-03,8.43495560620016044e-03,-1.80708677376644942e-03
asteroid_800,3.44974581868895525e-11,-1.09216390523525586e+00,2.73257746734834495e+00,-2.02446096730494657e-01,-9.22039154111342629e-03,-3.76414812325271287e-03,-1.06520953233515134e-03
asteroid_801,1.80433701826541617e-11,2.24186493598736947e+00,1.94972483747897818e+00,3.00967168154371467e-01,-6.56877434979650891e-03,7.44893009339407924e-03,6.74295713819832230e-04
asteroid_802,9.21785057415066552e-12,1.58080146981782876e+00,1.88709695386829379e+00,3.05332302773758946e-01,-8.41692333495596030e-03,6.86436661257964261e-03,1.15205450328241229e-03
asteroid_803,7.73469434427535630e-11,-3.06150612622775720e+00,-7.98540350677837352e-01,-1.60889665024339240e-01,2.41537827923465594e-03,-9.34787694845376320e-03,4.34841712589785674e-04
asteroid_804,1.31023527668433778e-11,-2.66044160695417231e+00,8.98164062952932829e-01,1.61405484856307485e-01,-3.29675086541447943e-03,-9.70763599040771856e-03,-3.20704016621420926e-04
asteroid_805,1.74997426581449787e-11,-2.83245864155483473e-01,2.16831243235026916e+00,-5.35010970400874419e-01,-1.13479581660330970e-02,-1.21220139540498826e-03,1.09498850188134754e-03
asteroid_806,3.66841020941819823e-11,-1.05238983363759653e+00,-1.96101358711171625e+00,-4.59332864284914932e-01,9.89077212619346620e-03,-5.57541333046882547e-03,1.14190231782694616e-03
asteroid_807,2.92833513829394746e-11,2.84383954110355264e+00,-6.20064155637055969e-01,-3.50780685146972526e-01,2.29321663242599899e-03,9.66448597618520949e-03,1.50789031869961792e-03
asteroid_808,9.19826706509004029e-11,2.21806709000210889e+00,6.35690739725645715e-01,2.79810429346252637e-02,-3.12255562418687444e-03,1.08784535214792866e-02,3.82605487389687854e-04
asteroid_809,9.88647570307588867e-11,-6.85273166231106901e-01,-2.62059044770804039e+00,1.54817153884577643e-02,1.01118601067513459e-02,-2.64387017041000901e-03,5.71951014855388349e-05
asteroid_810,4.22458461309216713e-11,1.39693549271204787e+00,2.97519776512086942e+00,-1.47379667156343597e-01,-8.58223039471000398e-03,4.03430686730679375e-03,9.52541873060431458e-05
asteroid_811,2.01214720596223100e-11,-2.02876528244235882e-01,-2.03453860544619447e+00,-4.99715151643872368e-01,1.17965382556722807e-02,-1.02493651268518201e-03,-6.16286743374927981e-04
asteroid_812,4.98161875124200541e-11,1.62928172906269109e+00,-1.28874040961128222e+00,4.22548514253340057e-01,7.44605834285275332e-03,9.13300379138525312e-03,-8.55891695874601765e-04
asteroid_813,4.95719036875487347e-11,-1.21526480891169819e+00,-3.02981393877048966e+00,4.22679186467311729e-01,8.81145137536736532e-03,-3.47299702138779021e-03,4.39368658683141273e-04
asteroid_814,4.66092035584508344e-11,-1.97998628325288806e+00,1.88684576044751107e+00,6.06830136061015324e-01,-6.82108515644756601e-03,-7.57642849646424695e-03,1.30167718160554722e-03
asteroid_815,2.04341952303196437e-12,2.11096648425928191e+00,7.84486923979261674e-01,-3.49269146772165223e-02,-3.99623170852399495e-03,1.07355039199297751e-02,-4.02232852377018937e-04
asteroid_816,1.28464116772086322e-11,2.20340577600169629e+00,2.26769849934262213e+00,3.07192726779958181e-01,-6.95153798544535621e-03,6.61167815107573716e-03,1.05395180181643401e-03
asteroid_817,1.41094487861499677e-11,-2.37527157693043911e+00,2.07640095819455750e+00,9.93013100965369766e-02,-6.37659800265940463e-03,-7.27766981976041803e-03,-3.50362004492431659e-04
asteroid_818,3.51825925460347099e-11,-2.43288858131037333e+00,1.26218146474860271e+00,1.20070206987286168e-01,-4.74481381791844268e-03,-9.21207853380206707e-03,6.97187264155039467e-04
asteroid_819,5.80829790110915828e-11,1.11574111591626224e+00,-2.54853244353318331e+00,6.00563443696473742e-01,9.37532312924091449e-03,3.81178088483157158e-03,-1.24214393248840726e-03
asteroid_820,8.77855742919308232e-11,1.28518110658512641e+00,-2.05122925301203374e+00,1.87351295519770061e-01,9.04602142668709842e-03,5.88122000020140437e-03,2.33761223403899454e-03
asteroid_821,2.23433851988282759e-11,1.90905080695610518e+00,1.01091450351331180e+00,4.32594262626525561e-02,-5.47215146920902902e-03,1.03426330102233295e-02,-2.05794141067015466e-04
asteroid_822,7.71222937804426718e-11,-2.42555644290738004e-01,2.79999635665936797e+00,1.29858518194596900e-01,-1.02082656989897040e-02,-8.62352921044808821e-04,-4.73495520234699062e-04
asteroid_823,2.26285238576356489e-11,1.43084198988766920e+00,1.95913001542749421e+00,3.67661603668486825e-01,-8.90015652021308029e-03,6.41833494814628147e-03,4.36175597649140372e-04
asteroid_824,3.27134396267678475e-12,-2.77865452942821889e-01,-2.88295582166908604e+00,-1.31286813890286978e-02,1.00600411260987361e-02,-9.68899044618928514e-04,-1.55746245376426571e-04
asteroid_825,6.49893346075967205e-11,-2.86116763175718214e+00,-1.13689897382356864e+00,3.90969092808935381e-01,3.67634534668992517e-03,-9.02119328316117533e-03,6.71293275217027443e-04
asteroid_826,2.14711467484846657e-11,1.46790032059801812e+00,-1.50274291994379738e+00,2.98389722321334150e-01,8.36410107668980260e-03,8.30801833683541581e-03,6.94223248857072425e-04
asteroid_827,9.19663042839750002e-11,2.01865081056296880e+00,1.95917074677003100e+00,1.00579184598758822e-01,-7.14231573651385315e-03,7.32378778435060183e-03,6.88916582843267277e-04
asteroid_828,9.33426071857699508e-11,-1.00917794083877754e+00,2.14991558922275638e+00,-1.10015243205657101e-01,-1.00666323563015532e-02,-4.76020781108218733e-03,-6.81920671046234669e-04
asteroid_829,1.05121284833433454e-11,1.94459534939265954e+00,-2.47175353769313944e+00,-1.51928269929524240e-01,7.62455202223431133e-03,5.97725467670466148e-03,3.44689048495854758e-04
asteroid_830,1.94799208257614995e-11,3.86858164794225690e-01,2.30964728773393801e+00,5.44974367826096762e-01,-1.08615454293708637e-02,2.04507191228940708e-03,-9.56957417804616892e-04
asteroid_831,2.10492567460464515e-11,1.25438841670861123e+00,2.53899265732779122e+00,7.40626876963341313e-02,-9.10707160366611666e-03,4.52862466753973462e-03,-1.00373955110848569e-03
asteroid_832,9.11447362319851827e-11,1.76526986475554737e+00,2.11860466245001433e+00,-1.90811864553741356e-01,-7.93686105744190358e-03,6.48632811200508357e-03,-1.40838551003090993e-03
asteroid_833,7.81160031454052950e-12,-2.13891783274230640e+00,1.43417592050312348e+00,-2.92243739407267306e-02,-5.95926761515285734e-03,-8.87055336287136467e-03,8.36621431673204626e-04
asteroid_834,7.51192920586056299e-11,-1.16123324853544291e-01,-2.86169562647886888e+00,-5.32566257188992642e-01,1.00696402727493573e-02,-4.20308745558444505e-04,6.28571373659799306e-05
asteroid_835,2.87775856525861061e-11,-2.81807479925673965e+00,-9.37863432886761106e-01,-7.24804543700911519e-02,3.14887327384247382e-03,-9.46976321303625961e-03,1.04638093128958968e-04
asteroid_836,5.82476317947959633e-11,6.83474313508523279e-01,-2.69500244849415127e+00,-5.80875296457619185e-03,9.99831853319911937e-03,2.53523962573796481e-03,1.92278246538067784e-04
asteroid_837,1.77364329698380100e-11,-2.75619263293025218e+00,1.14857980315694452e+00,-3.80668962177412473e-01,-3.60095441898366933e-03,-9.12283400071713796e-03,-1.45370097023785885e-03
asteroid_838,8.06549004691567314e-11,5.64092868152012872e-01,3.17670825591705164e+00,5.91086394026595574e-01,-9.35337978965747503e-03,1.55961895013763678e-03,5.44286657123703487e-04
asteroid_839,6.70804863712381924e-11,-1.03924334159144194e+00,2.37988019378945115e+00,1.80036157355395576e-01,-9.77218697683285113e-03,-4.26351017638061137e-03,-5.01944931779428074e-05
asteroid_840,2.12446232102088376e-12,1.29508945975874767e+00,2.38865231401084621e+00,-4.34491471719590863e-02,-9.12780780435651189e-03,4.96630736850845605e-03,9.54078789786621216e-04
asteroid_841,2.37208841013437159e-11,-1.89534025782093818e+00,-8.97988885688069671e-01,-2.72714814412646500e-01,4.65317726980209526e-03,-1.05822002934158367e-02,2.50570928774424429e-03
asteroid_842,4.66403627974172927e-11,-2.45960818526953640e+00,1.81052284645725403e+00,-8.24076887214395676e-02,-5.83500018310995072e-03,-7.92497176880493578e-03,4.21291572455591870e-05
asteroid_843,5.31222334204455749e-11,-1.78869694306863142e-01,-2.71757274567521412e+00,6.69639228402288816e-02,1.03901081301810451e-02,-6.94440219431131630e-04,-4.28833132051380022e-04
asteroid_844,8.27288752520290967e-11,6.70017453926532003e-01,-2.48735981849115939e+00,-2.64397797040231919e-01,1.03237789263796904e-02,2.72764635207067840e-03,5.01040997473026282e-04
asteroid_845,3.87025876618317189e-11,6.39052921193906109e-01,2.11602802723947603e+00,1.04416354686280577e-01,-1.10611081636507406e-02,3.30815021712865158e-03,6.55978712012858707e-04
asteroid_846,9.26851721866202924e-11,-3.07108351052951978e+00,-5.61441667258131272e-01,-5.35575579063127027e-01,1.73464737008323486e-03,-9.50838334707636811e-03,2.08293001064398142e-05
asteroid_847,1.93966012759542715e-11,-2.52277104083519133e+00,5.09668342145906395e-01,-3.72180425008274002e-02,-2.11609156672320055e-03,-1.03339575000087162e-02,1.92174366632986982e-03
asteroid_848,8.57727211489410347e-11,-1.98684360820022832e+00,2.13500162623392242e+00,-1.23907976074277046e-01,-7.34530465287872719e-03,-6.75923608178998804e-03,1.31542438427982447e-03
asteroid_849,9.04309100072511816e-11,-1.65044791336579055e+00,1.54518883908221216e+00,2.88771682317285894e-01,-7.85295820424683835e-03,-8.18217931289935696e-03,-1.10082237197079141e-03
asteroid_850,6.26724298172695429e-11,-4.39267346260917846e-01,3.22250206912612258e+00,-1.00631106398899509e-01,-9.38835315637621265e-03,-1.31218622118590283e-03,-1.03870303953860696e-03
asteroid_851,9.67527056131730450e-11,-2.01494630656318341e+00,1.07504405319936192e+00,-3.73456624966665818e-01,-5.10070702339621498e-03,-1.00092047699913127e-02,-1.29248018461003054e-03
asteroid_852,4.10646237553197602e-11,1.84167672112514635e+00,-1.44260770420593198e+00,-1.17473752168662047e-02,6.93451649207175655e-03,8.85371244370715751e-03,-1.10338384956705306e-04
asteroid_853,6.99313235117096618e-11,-2.81673340811260253e+00,-1.36391676571431453e+00,8.67399553296859943e-02,4.24307514755269382e-03,-8.71511182844172082e-03,7.48494544531643998e-04
asteroid_854,1.01966698205226635e-12,1.16986762644400910e+00,-2.92253271382111413e+00,5.46691654576025976e-01,8.89198275803629486e-03,3.64919136748350584e-03,4.80048277200620160e-04
asteroid_855,2.74752986215669334e-11,-2.34723257627533144e+00,1.18465594396191393e-01,1.43169347839617184e-01,-5.22351805813308333e-04,-1.11773623930091579e-02,6.84865205211821490e-04
asteroid_856,5.66412369428321013e-11,1.96655707418574988e+00,-1.79591474483658997e+00,5.44657596351609541e-02,7.10779533059704895e-03,7.78247098585637363e-03,-2.25975823324762199e-05
asteroid_857,8.75946167661812837e-11,2.59641699604738774e+00,1.44711166292235727e+00,-2.14574492182287968e-01,-4.87809301842513122e-03,8.67202429341943498e-03,-5.41425609373646379e-04
asteroid_858,9.52930379973938226e-11,-1.05783255690338129e+00,2.95963018480269291e+00,2.63705727897548980e-01,-9.03990052527062216e-03,-3.08843234562007022e-03,-1.60058522940040283e-03
asteroid_859,5.79475429121614785e-11,2.46462699075130098e+00,-6.68067954504402373e-01,8.13950201067160789e-02,2.81488858836672750e-03,1.03874437058776043e-02,2.29483114122327329e-05
asteroid_860,8.55884946204935051e-11,-2.65938275192455498e+00,-5.15306447271604018e-01,2.50691111876288231e-01,1.80084551782216311e-03,-1.01285250906195182e-02,-1.71588361610449259e-03
asteroid_861,7.99252485838608849e-11,-1.20267851083927413e+00,2.73679853817817165e+00,-6.28897960250473786e-02,-8.90558131292523009e-03,-3.95937258965878801e-03,-1.99482033371431835e-03
asteroid_862,7.73696621696153092e-11,-2.94332759514689224e+00,-1.22061597900821786e-01,4.31989689515257957e-01,5.28197586998975467e-04,-9.92353405229381112e-03,7.94871078157426765e-04
asteroid_863,1.11547548432178216e-11,-2.21803570419643964e-01,3.02653528580723341e+00,1.72524343636952265e-01,-9.83736832712160496e-03,-7.04439383684248499e-04,-2.89540397621407557e-04
asteroid_864,4.78691130940223474e-11,2.76121277538620413e+00,1.73326511127890603e-02,3.54425446591802973e-01,1.55981313431107047e-04,1.01654779907972802e-02,-1.71232704822033639e-03
asteroid_865,4.86310847053709422e-11,2.18581609563516954e+00,-4.16259809848559426e-01,-4.42229948507671874e-02,2.16598428007820512e-03,1.13094860778609630e-02,6.05087423921914095e-04
asteroid_866,7.87479487814333928e-11,9.69544705636592341e-01,3.02930461094499837e+00,1.61380070637008655e-01,-8.90083843707473524e-03,2.96655744273916552e-03,-2.21121081507712897e-03
asteroid_867,5.86148901637643102e-11,-1.32785466070795399e+00,2.79263372884408234e+00,5.37917499926262477e-01,-8.70029025267853029e-03,-4.26181501495947329e-03,6.48737762550278163e-04
asteroid_868,8.19870714701229071e-11,-2.98809812720086398e+00,6.48355815432242300e-01,-2.31754159485424022e-02,-2.08494620707369094e-03,-9.61323254689180721e-03,-1.19582328728078539e-04
asteroid_869,9.56454934562765514e-11,-1.95547473135978755e+00,1.04768251379493726e+00,7.84042782512612418e-02,-5.41058627993301188e-03,-9.92186011831876907e-03,-2.36346033790617218e-03
asteroid_870,5.54708387578511957e-11,9.53954145131100217e-01,2.14236934206712260e+00,2.34211385936279187e-02,-1.01658258836169382e-02,4.54282584757485525e-03,-1.48067446415643981e-03
asteroid_871,7.91731862691429486e-11,-2.36826623464495611e+00,-1.82247406096428288e+00,1.54547544136349607e-01,6.07357878041719576e-03,-7.80280393158477512e-03,1.05756310737982321e-03
asteroid_872,5.60603930422993982e-11,1.50134779917671479e+00,1.50737504504597997e+00,-3.42403898945643284e-02,-8.32055236776295740e-03,8.25816899209222063e-03,-1.28167725187495465e-03
asteroid_873,6.25740110235566874e-11,1.05976399793387999e+00,3.05582217685395863e+00,-5.14715181346543260e-01,-8.97051039106640247e-03,3.13923208166760328e-03,1.67687025825697316e-04
asteroid_874,4.76058726577899974e-11,-2.46261695026595229e+00,5.82816364441053114e-01,3.33878584040384896e-01,-2.64402942032335294e-03,-1.03343010902066934e-02,-1.46230366484847345e-03
asteroid_875,9.59599404232292626e-11,4.93596336985968887e-01,2.84530303487448588e+00,6.64093077865903547e-01,-9.80223847912542294e-03,1.84409298839019616e-03,-6.15357067433065503e-04
asteroid_876,8.17595550522127055e-11,1.29352493115656708e+00,2.88309037411380897e+00,-1.79855893984648019e-01,-8.80392659178184933e-03,3.97603470130042033e-03,4.17939241546600793e-04
asteroid_877,7.51966187886913514e-11,1.23148529205508783e+00,2.23515517192129298e+00,-3.32738827275451177e-01,-9.27396119722728035e-03,5.27165860449673156e-03,1.08862612739031345e-03
asteroid_878,3.29650366896803317e-11,-2.39299136330229301e+00,4.96835232523899051e-01,4.37986774490747022e-01,-2.27329314759150978e-03,-1.06729155422029612e-02,-3.13457851511732277e-04
asteroid_879,4.85466449256516285e-11,6.41799617940638889e-01,-2.71489452727210656e+00,-4.78655349018587362e-01,9.95802261616979267e-03,2.26782807590458768e-03,4.89164236678204536e-04
asteroid_880,8.62922683829045267e-11,-2.38085602879883274e+00,-1.44052342845377601e+00,-2.84030500766988603e-01,5.37857884356345625e-03,-8.72916599204262046e-03,-8.13482154362428684e-04
asteroid_881,9.36389598782246350e-11,3.85692381196670098e-01,-2.55921111996904216e+00,1.21634158037128737e-01,1.05306062296467839e-02,1.54093757750305886e-03,-9.70040081972313516e-04
asteroid_882,9.97550255453800726e-11,2.58808024195877762e+00,9.89926521587137120e-01,-5.35072169343272841e-01,-3.54473318103227901e-03,9.58835335480910309e-03,5.93772940609396476e-04
asteroid_883,7.34455797041419453e-11,-1.46412476049539442e+00,2.87046889717129217e+00,-3.13091056702506990e-02,-8.50717562641729354e-03,-4.34734750923438003e-03,-7.46087549670711278e-04
asteroid_884,7.30865468513687174e-11,-1.36732011414285837e+00,2.28179862228547936e+00,-7.51499570466161865e-02,-9.04262662951816829e-03,-5.40244035580898872e-03,4.90809520180119610e-04
asteroid_885,9.39659630528386421e-12,2.25970835376581070e+00,5.74143768771744889e-01,1.46275285244463094e-01,-2.83621681176470441e-03,1.07959867444666815e-02,1.43957542250498153e-03
asteroid_886,7.51565678650899295e-11,-1.95681503881336372e-01,2.54144074700398104e+00,1.37095956576627681e-01,-1.07261499259261178e-02,-7.99795971384136711e-04,-4.83421094622782529e-04
asteroid_887,3.46806640419183716e-11,2.44690410019816618e+00,-7.95101502334172872e-01,2.08415320434917790e-02,3.31390575756002363e-03,1.01993508951579662e-02,3.40490194328063692e-05
asteroid_888,8.64637073445306695e-11,3.92631354499640262e-01,2.22280780147396051e+00,2.25116578636088138e-02,-1.12746019253144106e-02,1.99046275834310286e-03,1.04216117988076049e-04
asteroid_889,1.13496540210249009e-12,-3.65561219340314325e-01,2.25839270245735380e+00,-1.87346791257585549e-01,-1.10359742832380394e-02,-1.93848217947402337e-03,-1.83365719835888600e-03
asteroid_890,9.34392203344837073e-11,-2.08474245750694243e+00,-1.97002929162883400e+00,-5.54839310476713532e-01,7.04768374897595321e-03,-6.98847635691005054e-03,-1.66733393639442403e-03
asteroid_891,4.83932452356798667e-11,-1.88201173118670706e+00,1.65664021442708576e+00,2.22695868704577277e-02,-7.11882347240019777e-03,-8.10457154643103028e-03,1.28650151353747470e-03
asteroid_892,1.28042959578199914e-11,-3.10763673079065761e+00,9.35596556865369022e-01,-5.45662808222234230e-02,-2.74556307705887525e-03,-9.13882458277148410e-03,-3.30609823410638981e-04
asteroid_893,6.01038484005411212e-11,1.96900963199431711e+00,-1.35866933910757770e+00,1.39639447494731110e-02,6.18361568848133699e-03,8.93712900475921758e-03,-2.36292060356365664e-03
asteroid_894,6.92066650192503475e-11,1.97139775540879159e+00,-1.01700226887275047e+00,-4.43700789710563814e-02,5.29676446510649480e-03,1.02345072298720176e-02,7.55295114246700436e-04
asteroid_895,7.79820336911890720e-11,1.23525046470034527e+00,2.73469153779334162e+00,-1.44461144277437031e-01,-8.79918086854960049e-03,3.84181911977354200e-03,-2.51280039415834912e-03
asteroid_896,7.01877338008630814e-11,2.56413534986420943e+00,-1.78989214608631797e+00,-4.35523857329451924e-01,5.59008154629256696e-03,7.88897877980985172e-03,4.89765461201177588e-04
asteroid_897,5.53419956606815769e-11,1.08565986507622347e+00,-2.17470477590895506e+00,1.22771536534440825e-01,9.86836494294159212e-03,4.90530198898424166e-03,-3.75527512798059994e-04
asteroid_898,8.20358308643394901e-12,2.19490868666120464e+00,8.18244916641889142e-01,1.35709650545445190e-02,-3.90091112393996806e-03,1.04399214656503633e-02,1.45391594045865048e-03
asteroid_899,8.62912085596726314e-11,-2.31839822067188406e+00,-6.48683453582210301e-02,1.29522777115559651e-01,3.57590315371443502e-04,-1.12550743026716346e-02,7.63871082691797154e-04
asteroid_900,9.83406153907460005e-11,2.31727093447010857e+00,-1.43646124824444299e+00,-1.31130103155327905e-02,5.38378903782635136e-03,8.66575484998564731e-03,2.11063861135652895e-03
asteroid_901,7.78029185369633090e-11,-1.38683060603456876e+00,-2.27211487569370485e+00,3.11626283943028624e-02,8.99477077278914260e-03,-5.49376769567063231e-03,-2.64672891683466623e-04
asteroid_902,3.48387012022310088e-12,2.36877623801736270e+00,3.77232985279268851e-01,2.47176466949932061e-01,-1.93014958596594670e-03,1.06867696512982537e-02,2.18746737169593078e-03
asteroid_903,7.55722305636891288e-11,2.10959231227995270e+00,-3.12855391591775001e-01,-3.03895983300025152e-01,1.93490566513162881e-03,1.14405090913132709e-02,1.65397765024193196e-03
asteroid_904,2.69714072782403158e-11,-2.29735859840547851e+00,-1.34350965007812895e+00,-2.96112271425989726e-01,5.00810075153643956e-03,-9.01396008526141046e-03,2.04293808504250884e-03
asteroid_905,9.62103974807808041e-11,-2.68423752039596986e+00,-1.75146820876749754e+00,-5.45455586180580654e-01,5.36203765745065647e-03,-7.74084280762489182e-03,-1.53109180736695849e-03
asteroid_906,6.36012092583067017e-12,2.67689870561768384e+00,-1.05711786641470762e+00,1.68928951775287495e-01,3.72827374056866438e-03,9.41917989697774530e-03,-1.36316445495214490e-04
asteroid_907,9.23491669904304059e-12,-2.13492101390629951e+00,-1.60612992765324991e+00,-3.51241344262471444e-01,6.33780792100689487e-03,-8.33570947464313747e-03,-4.05666529694884473e-04
asteroid_908,1.81452200340607386e-11,2.17464960859194223e+00,4.87283264935102434e-01,1.37790026629845602e-01,-2.60693287235427666e-03,1.09445201873396864e-02,2.43910265986462330e-03
asteroid_909,7.53182795140068143e-11,7.49502703526285452e-01,2.28148522183448677e+00,-8.43354057322304451e-02,-1.05090862064377288e-02,3.41458053181130459e-03,-1.02298080474720718e-03
asteroid_910,6.51439821711910947e-11,-2.25422811071327045e+00,9.68621014189771201e-01,-3.18383846410684040e-02,-4.33406812468225492e-03,-1.00897448407935506e-02,-9.92726306943054505e-05
asteroid_911,7.27263981827828161e-11,-3.01688433786414656e+00,-5.98399710443456509e-02,4.15838626394413255e-02,1.85585836536205696e-04,-9.87271260112350217e-03,-7.42880306063308611e-04
asteroid_912,3.53948855717689553e-11,-1.87094101824978343e+00,2.53506602718264062e+00,-9.19662220964299337e-02,-7.79300016755598950e-03,-5.73168328266728932e-03,5.44200893616528757e-04
asteroid_913,8.79587799269270256e-11,-2.58227023468195682e+00,1.79561903291390990e+00,4.82252249259324806e-01,-5.22275616595417689e-03,-7.94438477579703477e-03,1.61434336296665030e-03
asteroid_914,4.46311450608384947e-11,-3.24516336459928345e+00,3.53893040887267141e-01,-3.34366167735449860e-01,-9.63894379953006094e-04,-9.42657418126299600e-03,-6.22085285717357194e-04
asteroid_915,1.34201030606671114e-11,-2.51499222511403975e+00,-2.08968809103370878e+00,-2.42507040642005262e-01,5.90290718797166838e-03,-7.28279091157945941e-03,1.53808216499671624e-03
asteroid_916,7.67497289929694287e-11,2.87079991031404402e+00,-1.31528824357578289e+00,7.41254962994669864e-01,4.16029623896611335e-03,8.54513697945084687e-03,-9.49821446109445824e-04
asteroid_917,5.29585423377166046e-11,-1.60921602356743221e+00,1.47886526691808506e+00,5.28490732113578304e-02,-7.86595469600991082e-03,-8.52833811227379258e-03,-8.65811184922493518e-04
asteroid_918,5.93451669396124443e-11,1.85741432493174741e+00,-1.23050006667292688e+00,-4.09514831031825011e-01,6.43213731968198671e-03,9.40225098409165280e-03,9.22246292651833803e-04
asteroid_919,3.85182300176708841e-11,2.16527364838172387e+00,1.17876227851092086e+00,1.04220196965341162e-02,-5.23843323189218928e-03,9.62209429418219887e-03,4.60219400932024809e-05
asteroid_920,7.10748468165531115e-11,2.34288773526111127e+00,-1.46382770181240107e+00,-6.99689224942868088e-02,5.48506893648845369e-03,8.77398208011542780e-03,1.04370826670165161e-04
asteroid_921,3.56643974235047781e-12,3.54641987883198395e-01,-2.18743639306342841e+00,4.07729015440365244e-02,1.13987932002310773e-02,1.83983058178315288e-03,-4.40937673186867927e-04
asteroid_922,4.91226648157724418e-11,2.89451665676176972e+00,1.14578830130890275e+00,1.09066726119929944e-01,-3.55411804708769983e-03,9.04697967159595606e-03,-7.19463995048875483e-04
asteroid_923,4.27215861110961401e-11,-2.31902438996869575e+00,1.63578856832970843e+00,1.11945373200768569e-01,-5.82331945055597055e-03,-8.32381591901864420e-03,9.96763739337628131e-04
asteroid_924,7.46503383842920311e-11,-1.89657324563597740e+00,-1.98923354259199825e+00,-1.14304825802239940e-01,7.41966034418036630e-03,-7.14402681902126090e-03,1.21787051524874907e-03
asteroid_925,2.65942622567544066e-11,1.46172052693210386e+00,-1.77209357326908434e+00,7.46901528117868835e-02,8.72676947995953446e-03,7.22479084124424964e-03,6.28025697564562257e-04
asteroid_926,2.33788060742833231e-11,-2.13320538994843734e+00,1.10799382091316456e+00,-2.34787338214815754e-02,-5.11212650539014015e-03,-9.84567429702200986e-03,-1.58887121247789558e-04
asteroid_927,3.19900287364283472e-11,-1.25189594888999056e+00,-1.91956419301513370e+00,5.48668321228978420e-02,9.34395952228056492e-03,-6.15068805927343303e-03,-1.98618152780968837e-03
asteroid_928,4.80595536250592694e-11,-2.43941287371956461e+00,-1.94886351131961399e+00,8.75858255302064577e-03,6.07621952814702427e-03,-7.60590927670928146e-03,-5.37666083702009975e-05
asteroid_929,2.09956411203848413e-11,2.75282408639936982e+00,5.10247547349066410e-01,-8.72889548083870953e-02,-1.76665228847510064e-03,9.89697925149683223e-03,2.13803015105070056e-03
asteroid_930,6.84238592857088745e-11,2.85581464765109372e+00,-8.42237473162671835e-01,1.67955494273529904e-01,2.86540947332906927e-03,9.25068889620942608e-03,-2.33276979826493132e-03
asteroid_931,3.31678099204687516e-11,-2.41461700271606272e+00,-3.22690190332548643e-01,3.06098769766994516e-01,1.25366934984919584e-03,-1.08029505620751351e-02,-1.49910711973320963e-03
asteroid_932,4.21585053829199575e-11,2.51862661099659890e+00,6.05293627802222997e-02,-3.63926573818023236e-01,-3.53339344958092459e-04,1.07560834959922001e-02,-6.56371405897194864e-04
asteroid_933,5.57637667743711979e-11,2.30911786026575738e+00,-1.14056323978396201e+00,2.31486684202133419e-01,4.56064199474235515e-03,9.54994181522051712e-03,1.56057655507812207e-03
asteroid_934,3.76937646782775131e-11,-1.82235911293068908e+00,-2.34888284801567826e+00,-4.83744620520258517e-01,7.87372629318437711e-03,-5.99547305271826928e-03,-5.50069256687975815e-04
asteroid_935,7.01256946157906813e-11,2.16622816164864052e+00,1.99409719389723517e+00,7.01920899355406802e-01,-6.56346252035515908e-03,7.36475117883778497e-03,-6.66844811691626009e-04
asteroid_936,6.56229578597447063e-11,1.45939768931143621e+00,-1.78090809640051173e+00,-4.60929883944072027e-01,8.79439556052570570e-03,6.75793650700460755e-03,1.73400933087222014e-03
asteroid_937,7.56859202004603159e-11,-2.57003924625161595e+00,1.93043595929922751e+00,-3.16582565419488315e-01,-5.78041703071034522e-03,-7.61225415071098682e-03,5.08333377601801416e-04
asteroid_938,5.23052277324694688e-11,-6.50771014650214030e-01,2.13190793107401211e+00,2.65577980420613147e-01,-1.08713087342511804e-02,-3.47436122365811723e-03,1.25117915288802803e-03
asteroid_939,3.67485112365317750e-11,2.30801822257114075e+00,2.07806916469077274e+00,-6.61442226630943209e-01,-6.47665811581694777e-03,7.15756940923031968e-03,-1.12361543035823059e-04
asteroid_940,2.01207598281738491e-11,-1.88455334432636096e-01,2.21246300392486983e+00,-5.18286503818017326e-04,-1.15024062399428067e-02,-9.79762815374053990e-04,1.60739685281638843e-06
asteroid_941,4.36942423954674505e-11,-1.94269745792067083e+00,1.43579561980999082e+00,9.20394597470801518e-02,-6.56290971109297749e-03,-8.78618697096623762e-03,-1.46219072697834226e-03
asteroid_942,8.73027376885144150e-11,-2.89374029384392317e+00,1.04493001543119890e+00,-4.92379436747458321e-01,-3.39543960877470522e-03,-9.11412898476565182e-03,6.13131759778877666e-04
asteroid_943,1.21113996202557299e-11,-5.35515421653250057e-01,2.25196949243716205e+00,5.37563460315772235e-02,-1.07966361274414238e-02,-2.61740744372627359e-03,2.09382840604312951e-03
asteroid_944,2.15480215887303050e-11,9.65370137786138449e-01,2.40904273355914489e+00,-7.24660157759079576e-02,-9.87778297130314717e-03,3.92866961877927096e-03,-9.85064648434034670e-04
asteroid_945,6.65279284073957911e-11,2.27737874142689378e+00,-1.33421243252137511e+00,-4.61714842213739318e-02,5.34873751620640325e-03,9.10221060503173945e-03,7.97430726791576588e-04
asteroid_946,5.74994201332312830e-11,2.07739491166436929e+00,1.19032274201121790e+00,1.69175299779768459e-02,-5.52402711364029849e-03,9.63328649341818784e-03,5.24061394230791711e-04
asteroid_947,9.16193907608935242e-11,2.74942331489251446e+00,-1.03013276405530885e+00,3.09094181356665887e-01,3.39466736390948900e-03,9.36396002794640837e-03,1.01180950117440343e-03
asteroid_948,2.91303681282575937e-12,3.03487577952954179e+00,-2.74245806001448406e-02,-7.30187178046670549e-01,1.95165347464371883e-04,9.72409580501029484e-03,4.45945021557530934e-04
asteroid_949,8.78528434768622096e-11,-3.08576225767176338e+00,1.12372384245515919e-01,6.20267727376176414e-01,-5.90107117954442200e-04,-9.60083828117085092e-03,-1.19635626908321945e-03
asteroid_950,7.25517370235871702e-11,2.29885937518110817e+00,9.79704706800477609e-01,2.03491478673786419e-01,-4.29312595123117809e-03,9.96629731984604444e-03,5.17291676688345242e-04
asteroid_951,7.75539135460328922e-11,-2.55229636251051284e+00,-9.86347463402523106e-01,-6.46763463095818697e-02,3.75512962308327579e-03,-9.67378682898413673e-03,-6.56941523602756392e-04
asteroid_952,3.78729212555588981e-11,-2.02151891599391575e+00,-1.22369607666081825e+00,-4.08477327963129411e-01,5.52620777091216830e-03,-9.55240871656136761e-03,1.26790764395123975e-03
asteroid_953,3.07394490993201389e-11,-5.65205315630237015e-01,2.28572235993750184e+00,4.31373484818329544e-01,-1.07485810646399654e-02,-2.77504723528530740e-03,6.20882765824486301e-04
asteroid_954,1.44763962010103985e-12,1.71318198378091058e+00,-1.49491259633048745e+00,3.00679951720841332e-01,7.48386208466017382e-03,8.54319074901946536e-03,-1.65937997169464602e-04
asteroid_955,7.87426423964107385e-11,-3.15943921173508535e+00,6.05524620829421489e-01,-2.67236004252002113e-01,-1.84513601085355161e-03,-9.37794926496525981e-03,5.65103086585271464e-04
asteroid_956,1.61637060064914736e-11,8.89254970572147974e-01,-3.03782536016412097e+00,-4.22038462387585300e-02,9.27602892019126907e-03,2.71138144180454576e-03,2.85555003463253284e-04
asteroid_957,2.26206562021953237e-11,9.11541013216337515e-01,-2.89104520708508250e+00,-9.49271647896945819e-02,9.24553510100600481e-03,2.84968442681788909e-03,1.99224247622213678e-03
asteroid_958,2.76633791302060675e-11,2.38301197249646535e+00,-1.23907219613451258e+00,4.36863671974027257e-01,4.79315822318218763e-03,9.26039481382769265e-03,1.19360593416872440e-04
asteroid_959,8.69687356586726365e-11,-2.04965969750920476e-02,-2.68153376927603126e+00,1.95506650687733680e-01,1.04667731512057809e-02,-1.30834333864169249e-04,-6.97180648576667026e-04
asteroid_960,2.87971607115406681e-11,-2.63434108832785974e+00,-5.50281527006903803e-01,4.91389160391929092e-01,1.80863758688964418e-03,-1.01117359710605880e-02,-1.62749459343070296e-03
asteroid_961,4.25740665057569959e-11,2.71994500756063884e+00,1.09458498502647217e-01,3.44680021439424888e-01,-2.60580623372279525e-04,1.03098753738461342e-02,-1.21776281320068089e-03
asteroid_962,7.47369788800023685e-11,2.57069627573308157e+00,4.95389015088526397e-01,-1.35074927118555843e-01,-2.08047283165264897e-03,1.01144248023975793e-02,-2.50001111420353975e-03
asteroid_963,8.92281773673259907e-11,-8.56586956513929687e-01,2.07069486124989321e+00,2.78430205124567676e-01,-1.05708299880678171e-02,-4.39126733991940937e-03,1.36980927853554385e-04
asteroid_964,7.91203408804439577e-11,2.23869768626516841e+00,-2.28159502831907612e-01,4.75536631342209776e-02,1.12642039923443516e-03,1.13316502387108466e-02,1.33972735226513240e-03
asteroid_965,5.35460325469498337e-11,8.14178239711804363e-01,3.09985077481813853e+00,-4.93092330516304356e-01,-8.99735552740075009e-03,2.65101334758874579e-03,1.80958948049645893e-03
asteroid_966,2.27898040746745040e-13,2.67742396478846434e+00,-6.85880715213867675e-02,-2.68491736642369645e-02,2.86900823880253063e-04,1.01773449558888018e-02,2.61127878716079127e-03
asteroid_967,1.57926495455881392e-11,2.59562344490666508e+00,-1.94546354514869035e+00,-2.12481757469763187e-02,5.56059288698713527e-03,7.39294939342445209e-03,2.37628536256042494e-03
asteroid_968,2.53677408930622585e-11,-1.78923059344720037e+00,1.36875884582763185e+00,-4.45096863375762652e-01,-7.02597767145087763e-03,-8.86057542173370946e-03,9.95520857314687512e-04
asteroid_969,4.13824177440145001e-11,2.48987006426983903e+00,1.16858332910874152e+00,2.86082846805828961e-01,-4.32575078439475635e-03,9.37452395061347775e-03,-6.44411314832781163e-04
asteroid_970,3.62253395663479454e-11,-2.34452189765230390e+00,-1.08468844241712811e-01,1.02359350911045408e-01,5.01955684298004330e-04,-1.12055994016290305e-02,-3.77223207249200864e-04
asteroid_971,5.14454902574726270e-11,3.15062971169559614e-01,-2.37629806580386127e+00,1.79724127526505517e-01,1.09814650233314610e-02,1.39998584424335108e-03,-7.40408903626591538e-04
asteroid_972,4.12086324882189978e-11,1.98530990265638896e+00,-6.18677502018745273e-01,4.88424544593290710e-01,3.70757036211771720e-03,1.11281549442669922e-02,-9.74433117621671327e-04
asteroid_973,7.26094097555541999e-11,7.60730121848208873e-01,-2.10857578239761922e+00,-7.14029377943454363e-02,1.07503475343871859e-02,3.91333073496493225e-03,-1.02854628651133915e-03
asteroid_974,5.23254855384541840e-12,-2.55530226539644811e+00,-1.88966242096397075e+00,-3.75502443948729336e-01,5.50032373165831086e-03,-7.73976637768252190e-03,1.51944677916575257e-03
asteroid_975,9.94728703055322867e-11,1.83367078274160367e+00,1.62798791096944484e+00,-4.08295589455434371e-01,-6.89367277131346014e-03,8.24082814171066790e-03,1.89872794260871548e-03
asteroid_976,8.43074546652025780e-11,2.26547818384884536e+00,-1.55692658435767317e+00,-6.71641181545319821e-01,5.60069173515909471e-03,8.51409422642093565e-03,-8.45056434850503975e-04
asteroid_977,3.35033170571758639e-11,1.43868106353643865e+00,-2.16045900790447565e+00,-5.72422766545521822e-01,8.87002468923369508e-03,5.57681595154118845e-03,1.24497895125559696e-03
asteroid_978,3.96862428061091391e-11,-1.94999548832440794e+00,1.67434001350560391e+00,2.30862553185530978e-01,-6.84713162318838567e-03,-8.14252755201303087e-03,1.21927057611768063e-03
asteroid_979,9.63710338682619893e-11,2.46982061109521700e+00,-1.13749334289862292e+00,-3.22770811344213482e-01,4.28581720947186079e-03,9.45604490222265621e-03,-5.29751889201026793e-04
asteroid_980,9.35810712791710974e-11,-8.52864644120769344e-01,-2.14493563527528019e+00,-2.75756103149985832e-01,1.00947403635847019e-02,-4.34239843965592790e-03,2.55558444600675460e-03
asteroid_981,3.93234248184923003e-11,-3.25344292605193619e+00,4.52292662435116011e-01,-1.02324802128835199e-01,-1.31912134150430804e-03,-9.38601447696202525e-03,4.54049445638199779e-04
asteroid_982,5.97098671907171521e-12,2.40916348383114043e+00,-1.91641926577310917e+00,-1.47662283981928877e-01,6.09572830697401209e-03,7.67106615326639072e-03,-1.04108647161356419e-04
asteroid_983,9.87967570130984238e-11,2.85563245861316606e+00,-7.44785022651533124e-01,4.79984520301518558e-01,2.76223854986106920e-03,9.36638804629247139e-03,-1.90004570901983975e-03
asteroid_984,6.53788004958293169e-11,-2.47823512167275828e+00,8.51980456565356370e-01,4.70580111545224278e-01,-3.37007087358799423e-03,-9.98376646448718638e-03,3.27565711813362524e-04
asteroid_985,6.93032510251332029e-11,4.67552190218977259e-01,2.21360732595221998e+00,-3.09019559680451084e-01,-1.11193576252093945e-02,2.40523206076663455e-03,4.05667844983890005e-04
asteroid_986,2.74668001535542846e-11,-7.76522522011903193e-01,-3.10771166980714098e+00,-9.93869829607542249e-02,9.32025674602852440e-03,-2.33353825716518630e-03,1.46646965980425130e-04
asteroid_987,8.18722599296830014e-11,-1.61899058372444360e+00,-1.91049521209071416e+00,-1.65206963747493246e-01,8.17327205741984024e-03,-7.03574179229501506e-03,1.26689882652426832e-03
asteroid_988,5.57526128170187797e-11,1.60010656210546065e+00,1.44651430971362194e+00,1.15794807658837096e-01,-7.51001096533551390e-03,8.53111653862774662e-03,-2.79429043826872302e-03
asteroid_989,4.70295309588652504e-11,5.57860683398691770e-01,2.44266487820638512e+00,-1.63463396474707090e-01,-1.04515598358426894e-02,2.49088308947885200e-03,1.55312033921897979e-03
asteroid_990,7.41227870740580858e-11,-3.00020800797903364e+00,-5.36310717311574314e-01,1.84551885963622597e-01,1.67485623862650480e-03,-9.66330447624859194e-03,-8.54050637809343721e-04
asteroid_991,3.71962285924369315e-11,-1.89972908003815344e+00,2.10352176966507010e+00,-2.70297914355977331e-01,-7.45081402564515358e-03,-6.87041997385282131e-03,-1.10082206137567386e-03
asteroid_992,4.29461877386846562e-11,2.34013317861523706e+00,1.87074164939877763e+00,-1.73612241374213078e-01,-6.14447364374752329e-03,7.48113493586319983e-03,-2.20961336903677166e-03
asteroid_993,6.52361595324621816e-11,2.18596380584933137e+00,-2.00450361455160087e+00,7.21418110293279291e-01,6.67716676393529610e-03,7.23490834382258842e-03,-1.29806757142098770e-04
asteroid_994,6.39622461485450125e-11,1.30804273547631955e+00,1.94475548345158278e+00,2.23367862295628078e-01,-9.31973875832850518e-03,6.21189106519691014e-03,4.92494160048472743e-04
asteroid_995,9.71188848417276291e-11,-1.00402537969358829e+00,3.04362765212406750e+00,-1.51632948263724698e-01,-9.03634775172217942e-03,-2.90849797915834676e-03,1.45309848206361981e-03
asteroid_996,5.62895024136925571e-11,2.57435498566336118e+00,-4.88107209282916843e-01,1.67802275367336162e-01,1.95278704856808932e-03,1.04282840901642800e-02,3.75165177597359240e-04
asteroid_997,3.21053350741452144e-11,2.80040585426061739e+00,-5.84933107307393230e-01,1.84976925512543050e-01,2.13050371260634173e-03,9.88320012344019554e-03,-1.00155254742587563e-03
asteroid_998,2.87510133581988779e-11,-1.18983723285407114e-01,2.09932422031789345e+00,1.80161382495521438e-02,-1.18242344150445659e-02,-6.75955814266540481e-04,6.74893636171090502e-04
asteroid_999,5.34065604503046961e-11,-3.09763585268246855e+00,-1.11452126815942609e+00,-6.02503312600166305e-03,3.18100876297772346e-03,-8.83400379287734711e-03,-1.31479471870069075e-03
asteroid_1000,1.19646985909072346e-11,-2.06175244320156270e-01,-2.41503421481023839e+00,2.53848966666170739e-01,1.09236870182174567e-02,-8.06261861478933285e-04,1.20167461107234096e-03
asteroid_1001,5.88140098351224729e-11,-1.62491257146035878e-01,2.16797172501474877e+00,-4.28938444135629135e-02,-1.15911588096808925e-02,-8.48894668065925599e-04,1.00439420785671299e-03
asteroid_1002,3.90315915288329548e-11,1.73858347973861815e+00,-1.99305541034478040e+00,1.64633552978772219e-01,7.94344919902265599e-03,6.95955809448165017e-03,3.67090202198975266e-04
asteroid_1003,3.52061878809438010e-11,2.25290070069007964e+00,-3.79565662935665085e-02,8.53430035097113432e-02,1.97910427974023930e-04,1.14533072078670545e-02,-1.30582790413459420e-04
asteroid_1004,1.92558106275376618e-11,1.71729416019056713e+00,-1.50358953594337885e+00,3.54799706120446229e-02,7.50034369701254797e-03,8.55748492911404847e-03,-3.76314767526680547e-04
asteroid_1005,4.95463821098822508e-11,-2.59151888892004312e+00,-1.20181112024593117e+00,1.09866725795370254e-01,4.27370756439256812e-03,-9.04709771722696579e-03,1.84306244554889543e-03
asteroid_1006,3.77291779270579896e-12,2.88433960012464297e-01,2.55363224118314314e+00,-9.19057532582764486e-02,-1.06502675595945995e-02,1.18532070494547733e-03,-4.89911431212788125e-04
asteroid_1007,6.07223207457334300e-11,-5.47013664309075942e-01,-3.15766441683453181e+00,9.89799166048916934e-02,9.46589980531590408e-03,-1.64005130416471751e-03,-7.62888555047973428e-06
asteroid_1008,2.85620529368885123e-11,2.44181137933932568e+00,-3.07083439692874792e-02,4.49268926320363804e-01,-2.36015877615383804e-04,1.07264236146141206e-02,2.01593501914714476e-03
asteroid_1009,9.05079519619708752e-11,-2.64755298576687670e+00,1.33899476362963266e+00,1.63921234567368956e-01,-4.51976389854818680e-03,-8.88823161123996480e-03,-3.96646714847570091e-04
asteroid_1010,5.26409258625717446e-11,1.54920647802537403e+00,2.08500966485268568e+00,5.41107548977337593e-01,-8.56789636512520804e-03,6.06046871067630888e-03,1.17777827681224997e-03
asteroid_1011,7.80609178294200159e-11,-4.43623452740918023e-01,2.82067384201010984e+00,4.58610186837717260e-01,-9.99013906139601532e-03,-1.58517148977886939e-03,8.58938019075831418e-05
asteroid_1012,8.51203743624381117e-11,-2.71050188983447704e+00,5.73523522118809082e-01,5.24012006233473548e-01,-2.13955071464855132e-03,-1.00179247843025804e-02,-1.02556331148512486e-04
asteroid_1013,8.78995283502857996e-11,1.98656623634345375e+00,1.76678984387118754e+00,2.16136542888948679e-01,-6.86924653069934804e-03,7.88071840099104949e-03,-1.28326289745250149e-03
asteroid_1014,8.70643926841944529e-11,-1.87617726603268431e+00,-2.64085801757843797e+00,-6.24729908704586001e-02,7.78800572506998211e-03,-5.52315963790005107e-03,-4.12960491169952668e-04
asteroid_1015,2.25546189508046121e-11,2.38960157547546270e+00,-5.63891948411960775e-01,-5.27483405830043828e-01,2.33947146313705483e-03,1.05763768696688909e-02,-7.08134250207947697e-04
asteroid_1016,3.03385219123373069e-11,1.00159117936194164e+00,-2.03836528380646964e+00,-4.36328883382358812e-01,9.99698508396018766e-03,5.16220424690762639e-03,-1.16784807037599971e-03
asteroid_1017,7.07967318087747554e-11,-9.29194136708553664e-01,-2.76125652980011926e+00,-4.22296051804527672e-02,9.50812371421983285e-03,-3.21350315787599389e-03,9.09640800609407625e-04
asteroid_1018,5.37664625650115321e-11,-1.90720916078260161e+00,-2.45013543543708012e+00,2.52818387567348146e-01,7.65093324300115604e-03,-5.77322109200810365e-03,1.76710404549638707e-03
asteroid_1019,6.09371354596967257e-11,7.55779693661266960e-01,-1.98784145507375198e+00,-3.04130855045560700e-01,1.09665369941877918e-02,4.18001706010369747e-03,-6.88033609556227844e-05
asteroid_1020,6.77761542057211888e-11,6.41680881263252068e-01,2.48360596855635807e+00,-6.22269995821894240e-01,-1.02517580045108983e-02,2.64728166552674051e-03,-5.70904254419471345e-06
asteroid_1021,1.14341189715014315e-11,-3.08495613955574521e+00,3.32118374399436644e-01,6.54133255704249406e-01,-1.09668611495160264e-03,-9.59296974215546362e-03,-3.01508974414534169e-04
asteroid_1022,1.68389608603849776e-11,2.92606738089311991e+00,-6.59836025411448479e-01,-6.06413507478416043e-04,2.18481239769207627e-03,9.68853383633587820e-03,1.06580121776053664e-04
asteroid_1023,6.37872441427171601e-11,1.45169804277703163e+00,2.93495243529100369e+00,3.22243313803236009e-01,-8.40160196726350873e-03,3.94105746940382699e-03,1.95433974156582506e-03
asteroid_1024,6.25408782731879140e-11,-1.84433477370634602e+00,-2.01761007722232089e+00,1.50536871309653125e-01,7.53401037666589536e-03,-6.69711715925123529e-03,2.54466730291996084e-03
asteroid_1025,8.17449870067043216e-11,2.81338353152624965e+00,-6.66320962574029174e-01,6.72589358578514901e-02,2.33187832469389537e-03,9.65010203342107561e-03,-1.93881747766123697e-03
asteroid_1026,6.93812461070667357e-11,6.42663805037810287e-01,-2.37645960443536142e+00,7.53353874596107559e-02,1.05800728272293955e-02,2.86360764177444284e-03,7.72282867477561548e-05
asteroid_1027,2.07755869749798223e-11,-1.89103265189237146e+00,-2.54905634621852117e+00,-6.36201871885106685e-01,7.74105276758083050e-03,-5.56757082976065340e-03,-7.01871224571450590e-04
asteroid_1028,7.01653597845403079e-12,2.24114738235895983e+00,1.11601643211729473e+00,-4.25848599819331153e-01,-4.84124995047208011e-03,9.64580123804383016e-03,-1.99793943875321844e-04
asteroid_1029,3.91085670104262444e-11,6.03248103745493314e-01,2.92419097391292793e+00,5.16341952433539975e-02,-9.70934380027510882e-03,2.01826809623775576e-03,-8.64894158132579137e-04
asteroid_1030,3.71335220632659618e-11,-2.52556744214956197e+00,5.40484938487204358e-01,7.24118084148178826e-02,-2.11387220499107201e-03,-1.02040727852075064e-02,2.43635448007094345e-03
asteroid_1031,7.67439293088701822e-11,-1.34677980710865475e+00,-2.42523794973681373e+00,2.22436618688751121e-02,8.93657211756769716e-03,-4.94869130246888399e-03,1.52137380211293935e-03
asteroid_1032,6.71516209287062925e-11,1.82840791053424012e+00,-2.33215497225774948e+00,4.15548709251392367e-02,7.68823184260147754e-03,5.98822080928295645e-03,-2.20828465217764308e-03
asteroid_1033,8.72215237854185291e-11,-3.65775762901248552e-02,2.70943037420237021e+00,7.52154975277269378e-02,-1.02901192848868575e-02,-1.88897684229246521e-04,1.80039359627788033e-03
asteroid_1034,5.04311353248873444e-11,-3.02873263599052267e+00,9.80428777888691649e-01,1.79145720654482782e-01,-2.98910857762060746e-03,-9.14525551381974340e-03,-4.85297747258581116e-04
asteroid_1035,2.88770209101743027e-11,-1.10959453416554554e+00,-2.33354770734890460e+00,-3.15916484280265919e-01,9.51004574006625129e-03,-4.20240034796762543e-03,-2.36072858679358972e-03
asteroid_1036,5.04299949511975565e-11,-2.74167096910338071e+00,-8.40279752302429350e-01,-2.26589608985414470e-01,3.04496853711007116e-03,-9.58944744048127393e-03,-1.28197988126543144e-03
asteroid_1037,2.15580462356152799e-11,7.49642360319486833e-01,2.38977619248134188e+00,1.76912624633959015e-01,-1.02629178274128516e-02,3.31177278349800795e-03,-1.24851354990355035e-03
asteroid_1038,6.06245544726157031e-12,2.35431950526860323e+00,-1.04888317108161888e+00,-2.53032913275623772e-01,4.30859927495803527e-03,9.77330691076352433e-03,-4.23809810776950224e-04
asteroid_1039,4.99733082920993684e-11,-2.94560911529704490e-02,-2.62628327628250524e+00,9.20246579949107607e-02,1.06102920489654813e-02,-1.16442714976726947e-04,7.30910053045584642e-05
asteroid_1040,4.13663753557427642e-11,-8.22969340589608911e-01,2.08247214943720937e+00,-2.29978364189623335e-01,-1.04832747849945979e-02,-4.32849032528230017e-03,-1.68079643423935912e-03
asteroid_1041,3.23258304103440390e-12,-2.18492414563521731e+00,2.80248944676142420e-01,1.78799902789935822e-01,-1.39469250769960079e-03,-1.14511162462161940e-02,9.05290802907739319e-04
asteroid_1042,7.21301619660962097e-11,1.04431121563859097e+00,-2.65596748784619185e+00,5.20558958676772487e-01,9.37943815061922405e-03,3.36579869074212900e-03,-1.64361893993458363e-03
asteroid_1043,6.44386688933464725e-11,2.56374616280006462e+00,-1.12303017585826748e+00,7.06109967140612915e-01,3.93614680581101488e-03,9.31376512277856845e-03,5.21672304970506465e-04
asteroid_1044,7.38947901135935749e-12,2.24973383123534498e+00,-1.75169922348013718e+00,-5.04102623592278198e-01,6.04237346799435006e-03,8.04441773923572634e-03,-9.87236074505837540e-04
asteroid_1045,7.10052574203336161e-11,4.36868240176939482e-01,-2.07393598484513308e+00,1.34614939055278549e-01,1.15509880487118573e-02,2.43113915316717742e-03,-3.14441120427119808e-05
asteroid_1046,8.29140131260260790e-12,-2.34847013476305877e+00,6.91866532334586282e-01,4.64064763678404546e-01,-3.06650330453827648e-03,-1.04567298024125614e-02,7.12615171046433873e-05
asteroid_1047,5.17704867386919862e-11,2.32750092557253074e+00,-2.14579881320511506e-01,-1.38764063711733338e-03,1.03296960565565812e-03,1.12040082236211369e-02,5.97837155804963876e-05
asteroid_1048,6.22284634931188747e-11,-1.02152576571255627e+00,-2.85654762996822198e+00,2.12648479092149671e-02,9.08787495053206724e-03,-3.23412740760924307e-03,2.11896348909467814e-03
asteroid_1049,4.99035650992013539e-11,-1.58418492215384010e-01,-3.12751131373288471e+00,8.79757766431561727e-02,9.63107630263491249e-03,-4.53459985839575145e-04,1.22237454830901346e-03
asteroid_1050,7.47431121542685559e-11,2.24065531153510200e+00,-8.26788202222569102e-01,-1.91780825493675422e-01,3.93593078762121025e-03,1.00757899770906392e-02,2.54728251757975867e-03
asteroid_1051,3.85628065277995259e-11,2.86244054295175809e+00,4.08304963492791106e-01,-2.40735028547056445e-01,-1.37949208213886273e-03,9.98967646761438934e-03,5.40513034618205390e-04
asteroid_1052,2.13034275214178592e-11,-1.39154178581910770e+00,-1.77256475051970774e+00,-8.78191963458945790e-02,8.97980631746840563e-03,-7.08176468650821653e-03,6.50321772873906079e-04
asteroid_1053,4.86459341233587437e-11,2.20330774260835760e+00,-1.02292595752033066e+00,-6.96206837270156448e-02,4.56519744226950748e-03,9.64086062755675939e-03,2.82456695047384734e-03
asteroid_1054,3.42302711540303446e-11,-1.17209859313749543e+00,-1.93940155016757032e+00,3.75403252281251570e-02,9.69987084019243058e-03,-5.83181323323580733e-03,1.57103968123067819e-03
asteroid_1055,1.51361222369379889e-11,-2.42784088739576109e+00,2.33518434194368657e-01,-7.58645251407345372e-02,-9.52345507382258444e-04,-1.06951682318453187e-02,-2.44350804083566520e-03
asteroid_1056,4.71136339809975451e-11,-2.90347057437480283e+00,1.88858906083622241e-01,2.12387374016406935e-02,-6.53411159304604239e-04,-9.77757053176503410e-03,-2.38144096176510275e-03
asteroid_1057,2.01510259443278922e-11,1.37696067568524549e+00,2.86419032614675562e+00,3.02921806187905429e-01,-8.59786422446930446e-03,4.23166072327081991e-03,-9.28823113439650747e-04
asteroid_1058,4.70349171739486895e-11,2.21935502527587136e+00,7.45676481406178815e-01,9.05806923288059729e-02,-3.60285017288271975e-03,1.05694806703658072e-02,1.26506518098086626e-03
asteroid_1059,5.92568769189132012e-11,-2.66857053464082705e+00,5.75667216922696512e-01,-3.35500272057328963e-01,-2.27655412916067442e-03,-1.00878525083133806e-02,7.98506927469491332e-04
asteroid_1060,7.82219389172096804e-11,-2.59170918703250663e+00,-1.35508641345364356e+00,3.16548098924238741e-01,4.74437547004703201e-03,-8.62409324590818031e-03,1.92593134704297474e-03
asteroid_1061,8.53180667873525809e-11,-1.92527204480376946e+00,2.58874271948139123e+00,3.34777686766473903e-01,-7.59564945639943593e-03,-5.36787324389906804e-03,-2.17352831462656361e-03
asteroid_1062,6.68196491611638309e-11,1.65147136628517921e+00,2.29013231356485081e+00,2.20389219476788356e-01,-8.26855184720135840e-03,5.99831903564848352e-03,-3.70560930821213865e-04
asteroid_1063,8.93552840776032873e-11,2.09998035157766916e+00,1.17140560859271914e+00,-8.57024044882499642e-02,-5.23988444540700576e-03,9.54676307654871853e-03,2.09419365716271601e-03
asteroid_1064,5.57833411244972510e-11,2.77889050395119064e+00,-6.08654392791713184e-01,-1.81874461400117426e-01,2.15362358948557832e-03,9.95058201680318506e-03,-3.94675057191310591e-04
asteroid_1065,7.10461213192627582e-11,-1.81051568057116169e-01,2.47798283034513434e+00,2.42467806967536790e-03,-1.07451891713256954e-02,-7.86788190199492403e-04,1.73807729220162529e-03
asteroid_1066,7.70385569921976968e-11,2.82665615333535003e+00,-1.62552177777555684e+00,2.63536305733594822e-01,4.52295621144989651e-03,8.16266260627237020e-03,1.83558703011394591e-03
asteroid_1067,8.24863456594931574e-11,-1.43957732090792700e+00,2.10462192074422161e+00,3.90612964228072956e-01,-8.54316443842720492e-03,-6.18773316856368726e-03,1.85424744762291275e-03
asteroid_1068,7.51876264800797436e-11,6.63675495935354243e-01,2.84010736163386079e+00,-1.85496075650741360e-01,-9.73624503076775394e-03,2.33991746058043269e-03,9.91447152841381813e-04
asteroid_1069,9.02423884517439203e-11,4.80165502358618712e-01,-2.06288625147115523e+00,2.04414599530600177e-01,1.14876259189660677e-02,2.66149239066965602e-03,-1.25263113493357151e-04
asteroid_1070,4.72907537118642107e-11,2.56423780041029437e+00,2.78608119841804613e-01,-6.19878892082897995e-02,-1.13875966831125230e-03,1.06281035771607271e-02,6.61828763235588601e-04
asteroid_1071,9.53486761623420895e-11,-2.07164506017272876e+00,-2.37108046077540280e+00,-9.78660645235364668e-02,7.30092133795656479e-03,-6.37253399493707424e-03,-1.54566177139273488e-04
asteroid_1072,4.00346566570590053e-11,-2.77354641217764497e+00,5.72383203932712248e-01,-3.98464072247197224e-02,-2.06996863087140649e-03,-9.96312889288885999e-03,9.64363796982938178e-04
asteroid_1073,7.02834291776498762e-12,-1.77369585099192734e-01,2.61381379511389111e+00,2.60369803508917474e-01,-1.03392591142283732e-02,-9.16573330128284906e-04,2.15801489891208559e-03
asteroid_1074,1.82197277329032615e-11,-3.19777884773356247e+00,2.07362270315035568e-01,3.46043481513034656e-01,-5.98060791242180909e-04,-9.56087800315762702e-03,2.02573447534122933e-04
asteroid_1075,5.58310064164206422e-11,-3.07853554562233889e+00,-4.70274671056995719e-01,-2.56356191766803410e-01,1.47920762035211274e-03,-9.61747979340634405e-03,-1.20676205067374480e-04
asteroid_1076,1.46864489501442462e-12,-5.32980657476815223e-01,2.39723036189797245e+00,-3.90755986615727746e-01,-1.05396555681663787e-02,-2.54039264097394996e-03,-1.20912751683333129e-03
asteroid_1077,1.57478408198558483e-11,-2.31963417088221302e+00,-1.47940397117452038e+00,1.10420175492140810e-01,5.58394542461549542e-03,-8.72466091741873860e-03,4.11270917625989013e-04
asteroid_1078,3.74139941224292916e-11,5.05716853596467453e-01,2.63721034646084140e+00,-1.16543287613651722e-01,-1.02869660886621955e-02,1.99636121421316011e-03,5.36558795145439422e-04
asteroid_1079,6.24334683793476104e-11,-1.60748595785651860e+00,2.35140871355520709e+00,2.42292714186366248e-01,-8.28872645671249048e-03,-5.42811532028144705e-03,-2.31246625499382423e-03
asteroid_1080,1.65633565897776998e-11,2.83221463362281600e-01,2.48480825726133414e+00,1.34907579325991601e-02,-1.08051086315590870e-02,1.23279989083862154e-03,-2.24796108806204261e-04
asteroid_1081,5.74906708532236241e-11,1.45094353439236379e+00,-1.89288426547033706e+00,1.96013213979444406e-01,8.76374077207444160e-03,6.79927809842939546e-03,7.88485202625829646e-04
asteroid_1082,6.63179319835084018e-11,1.83350531132627936e+00,2.57561606571422574e+00,-4.62388181760664929e-01,-7.86664239165779308e-03,5.52912784290680945e-03,-3.94949769553011283e-04
asteroid_1083,7.63683065630993584e-11,-2.90162185495033409e+00,-1.36583563357105686e+00,-1.02540729471785649e-01,4.09879902973595868e-03,-8.67078986263079485e-03,-4.90449779344440660e-04
asteroid_1084,6.60512709446154477e-11,-3.09945727302577279e+00,-1.73961016167484300e-01,-2.18101230803173174e-01,5.31155232269212929e-04,-9.73442633669905841e-03,2.16036147084862291e-04
asteroid_1085,2.50157762061161016e-11,-2.97095129479441677e+00,-1.36708925095896472e+00,1.50261581830836627e-01,3.98577938132127236e-03,-8.62474139941595171e-03,3.37845200619213545e-04
asteroid_1086,9.97360469208457903e-11,1.97724500487574811e-01,-2.97637284290230841e+00,-2.57069698110280298e-01,9.91745461809987947e-03,6.34970032779011494e-04,2.76252702569744295e-04
asteroid_1087,8.88259853276526456e-11,-1.50338024579855389e+00,-2.52142243025640900e+00,-6.98706371892982681e-01,8.47023424565643453e-03,-5.12327090131058527e-03,2.63268422956866241e-04
asteroid_1088,3.73581610056375709e-11,-2.37598197537690670e+00,-1.83850137073472508e+00,-2.55928270458942231e-01,5.99626003322414024e-03,-7.85159233879113849e-03,7.35196304678934127e-04
asteroid_1089,2.92867429418847897e-12,-5.62562265031366984e-02,2.67601944513355861e+00,2.51822731440461307e-02,-1.04498102603057235e-02,-2.08918247652065651e-04,-1.14356633309782791e-03
asteroid_1090,5.28755353968325223e-11,-2.37470173946076724e+00,-1.15112740065756269e+00,2.15031181162238905e-01,4.64954615686091234e-03,-9.47302456157268595e-03,6.35383230161575669e-04
asteroid_1091,8.65203161949854862e-11,6.90110892777835327e-01,2.21606571286207554e+00,-5.62708289916663218e-01,-1.06555301132172219e-02,3.08428266148595481e-03,-9.21479839289778306e-04
asteroid_1092,8.21961071117179984e-11,-1.11989875274375139e+00,-2.64659162052186669e+00,2.91545427838144425e-03,9.34065481189236616e-03,-3.95281820376667224e-03,-3.11396372676432437e-04
asteroid_1093,8.97567283025159058e-11,2.69043959182509063e-01,2.39508466634755779e+00,-4.24140446399692894e-01,-1.08391650535293663e-02,9.34293062550554791e-04,-1.59970806369433218e-03
asteroid_1094,9.69519305432883760e-11,2.04305695632937789e+00,-1.27599979517159889e+00,-5.29814535392487476e-02,5.83339315788620593e-03,9.37813273078127833e-03,-9.16188026238371790e-04
asteroid_1095,7.13056838250990833e-11,1.93711958057638656e+00,-2.02325402223727568e+00,-1.08079930954901718e-01,7.12814247083846508e-03,6.95903271157915712e-03,-2.51505130307117701e-03
asteroid_1096,1.62481302225254160e-11,1.47409593177674036e+00,-2.12815763331111318e+00,-1.27830797603342039e-01,8.78409932328907961e-03,6.04202801822351435e-03,7.05753471093888986e-04
asteroid_1097,3.65094960297998892e-12,2.09762059746426877e+00,1.08685940586447449e+00,-2.71145571484337905e-02,-5.14564249665873299e-03,9.93614477159834690e-03,2.06041162073148835e-04
asteroid_1098,1.51492141402922740e-11,2.64215848085128657e+00,-1.56689463157024433e+00,2.13837294280659507e-01,4.89761353916378425e-03,8.41455768355781064e-03,1.14317810554767771e-03
asteroid_1099,2.01179765387901621e-11,-2.57766650924276375e+00,-1.77196163503695758e+00,1.71743320571324964e-01,5.49390616024090367e-03,-8.01403687888519595e-03,-2.27711778544311772e-04
asteroid_1100,6.14841602747534070e-12,-1.85273048373557825e+00,-1.35035600040994330e+00,-1.99076145195841409e-01,6.71421645254792910e-03,-8.91835810820722913e-03,-1.99257982628693511e-03
asteroid_1101,4.53506379702847098e-11,-3.03432655450646960e-01,2.05594032773025193e+00,3.59102478006340875e-01,-1.17108530592387478e-02,-1.76591232191444379e-03,2.14855427706526136e-04
asteroid_1102,7.83899325494584439e-11,-1.10921443228636263e+00,2.22686162031866886e+00,-2.78427263065458452e-01,-9.71076778749217252e-03,-4.64677352426297145e-03,1.52141049087605633e-03
asteroid_1103,4.35137022453642272e-13,-1.27720794924193948e+00,-2.77319511735578894e+00,1.53157418556290670e-01,8.93765364265528169e-03,-4.11229505467126857e-03,7.21200013287053823e-05
asteroid_1104,8.03645954717733802e-11,3.01595461726455083e+00,-5.84260640844737833e-01,-4.64930033414796995e-01,1.68859500275018353e-03,9.55410924505258746e-03,-1.05255427657907825e-03
asteroid_1105,9.25314807297067516e-11,-2.19343348446953357e+00,-5.52764362603463844e-01,-1.34290444889880844e-01,2.75143010500354928e-03,-1.10729792770860886e-02,6.37941216128947255e-04
asteroid_1106,1.52070758420171565e-11,8.06375091166010582e-02,2.92555306534254811e+00,-7.81478190655799265e-01,-9.87735108523591504e-03,3.14773385556268027e-04,1.59187110153920035e-04
asteroid_1107,2.14440239784518986e-12,1.41945948582639025e+00,-1.68089262487912072e+00,-4.14923714920190090e-01,8.83606615112885949e-03,7.33782019297868349e-03,5.02140665983529704e-04
asteroid_1108,4.79417007240253066e-11,-4.42830293568266253e-01,-2.51376362746472815e+00,2.82672102669459302e-01,1.04872367878529778e-02,-1.97738492936471236e-03,-1.15544535298903986e-03
asteroid_1109,8.68543357556004906e-11,1.16110533959331286e+00,3.06033366084815084e+00,4.06426398881606699e-01,-8.77349481483238880e-03,3.09179532319063446e-03,1.78390571670062324e-03
asteroid_1110,7.36857738467447417e-11,1.07363973440511429e+00,2.05623195302154782e+00,2.30818087335167371e-01,-9.97841250684908775e-03,5.06149506699411517e-03,1.32403950813486724e-03
asteroid_1111,3.47956219818249580e-12,-2.12508906102514006e+00,-7.94783077847924124e-01,2.69123927073950164e-01,3.86741842474848819e-03,-1.06612688037698803e-02,-9.46729068479218276e-04
asteroid_1112,6.73297088197252865e-11,1.84648795027878654e+00,1.83936780065225802e+00,7.44082923146160563e-02,-7.49506820540112289e-03,7.54784530589511487e-03,-5.87441141534716092e-04
asteroid_1113,8.17763149960820976e-11,2.58006097120026245e+00,1.13731524220100844e+00,3.68609649665266270e-01,-3.93814521623178995e-03,9.33041624872119231e-03,-1.22343472245350481e-03
asteroid_1114,2.71122543608985357e-11,3.18683925030588799e+00,3.73706010105064323e-01,2.63546820575031315e-01,-1.15699343565128050e-03,9.50310085884741029e-03,5.15226050527230976e-04
asteroid_1115,6.53448010941764415e-11,1.14920148286853152e+00,3.06883744162141481e+00,1.43476227091547202e-02,-8.89850132201447201e-03,3.33272396081642219e-03,-9.87730862710187011e-05
asteroid_1116,4.93999564674802758e-11,1.52825578735189271e+00,-1.50937078352436371e+00,3.92691523960620181e-01,8.29680965130060420e-03,8.06049373657029625e-03,-1.30732034707307519e-03
asteroid_1117,2.05708503640941959e-11,2.26264473441423686e+00,1.11936185309144343e-01,-2.89647541511075246e-02,-5.65356724479083644e-04,1.14144107334003906e-02,-5.23332824362794373e-05
asteroid_1118,9.01519248429831543e-11,2.77559705429878356e+00,-1.23895735880338154e+00,-2.38220205084948344e-01,4.07621701870085774e-03,8.83499165433902431e-03,1.54377343663076195e-03
asteroid_1119,2.23086063992026643e-11,-1.41150704000306226e+00,-1.97157193255243257e+00,2.48501347447286931e-03,8.97509785503469888e-03,-6.42496878780506996e-03,4.52986491832904322e-04
asteroid_1120,8.40491376950050179e-11,-2.35358237826169070e+00,-2.08725106498891799e+00,3.18011880325415164e-01,6.37256464095849098e-03,-7.26163032516712048e-03,-4.98376935809042155e-04
asteroid_1121,7.01685030338807462e-11,-2.79583128471218822e+00,-4.02212729566976346e-01,6.39688898882597057e-01,1.36876312033132894e-03,-1.00101887992357606e-02,-3.11705592495173812e-04
asteroid_1122,2.20986920531704728e-11,-1.48920673065121667e+00,1.66516050894105350e+00,3.48558601254436162e-02,-8.57905916417141257e-03,-7.66791098257478716e-03,-2.20625617972523234e-04
asteroid_1123,7.11352102480542243e-11,-3.06123577023321136e+00,2.31194934734324058e-02,4.81995704184132179e-01,-1.92810181948931364e-04,-9.74035404453739428e-03,-7.57362297872643791e-04
asteroid_1124,2.61023178473886637e-12,-2.25348652614734180e+00,4.92325769126892576e-01,1.51776920362943102e-01,-2.49492064211289701e-03,-1.09120530444423471e-02,-1.64705636635643351e-03
asteroid_1125,2.36347952337123104e-11,-2.40507057030469173e+00,1.00799725598364143e+00,4.74920623113928991e-02,-4.05229288107523955e-03,-9.55609518646415718e-03,-2.39056000370154158e-03
asteroid_1126,2.85476466841324782e-11,2.74181184891869423e+00,3.15927104638242917e-01,-1.21398891656360947e-01,-1.18942529859948003e-03,1.02803706290980467e-02,-1.09825134832965403e-04
asteroid_1127,8.89201017289343567e-11,5.37843286403684728e-01,2.59842651533882618e+00,-5.03854874891934479e-01,-1.01681622478227672e-02,2.29075250471176160e-03,9.59550601491527036e-04
asteroid_1128,9.15395950781528064e-11,-1.54384045642503342e+00,-2.47686548217783109e+00,-1.67138476551561721e-01,8.52412977218837062e-03,-5.24337994812456090e-03,-1.03357167202075594e-03
asteroid_1129,2.71064965646914314e-11,1.10265298441209159e+00,-2.65820411992875671e+00,1.76318912431187913e-01,9.33851581938339483e-03,3.81068275922056589e-03,-9.50378638402933802e-04
asteroid_1130,4.74711103009803155e-11,-3.25895648025223439e+00,4.54025505649862382e-01,-1.12862109234620513e-02,-1.29962051586902266e-03,-9.35084503854189189e-03,-8.96265796021639702e-04
asteroid_1131,9.81625285030094730e-11,1.54995853556334495e+00,-2.90193481533217446e+00,2.48646069514476015e-01,8.31218797741380827e-03,4.49392494160232633e-03,6.33553311473839583e-04
asteroid_1132,6.66010931783737045e-11,2.20959909165688861e+00,1.56417564002862441e+00,-2.60908918122064848e-01,-6.07738628855667568e-03,8.41808665810978712e-03,-1.00119665689368895e-03
asteroid_1133,6.98054250045039852e-12,-8.88883552541315347e-01,2.02798658818047528e+00,3.21772158274410145e-03,-1.05835950480426058e-02,-4.63939068170308565e-03,3.22748514388247580e-04
asteroid_1134,3.91492858158973417e-11,-1.64814722611977227e+00,2.47438748474802805e+00,-4.68612085594053984e-02,-8.26197261925298160e-03,-5.48239007363250652e-03,1.09663987711863939e-03
asteroid_1135,4.21496125729143784e-11,2.46372312301661145e+00,2.15311701980800763e+00,-1.09153815891874836e-02,-6.17110235834029356e-03,7.05315067672091824e-03,-1.61504288999028732e-03
asteroid_1136,3.06466025211300562e-11,-1.54953465886497699e+00,-1.92743946617549122e+00,2.10242885975611721e-01,8.41067732632022960e-03,-6.87917295917092868e-03,-1.07757955014257749e-03
asteroid_1137,5.19961212510596473e-11,2.72557703430360676e-01,2.63880878667513308e+00,5.65765558250245076e-02,-1.04977712961666497e-02,1.07573660446882795e-03,3.99197711323700578e-04
asteroid_1138,7.36047118584532696e-11,-1.55394658675996644e+00,2.08653754851224038e+00,-2.05703166839138779e-01,-8.50158521957722173e-03,-6.38703469106628643e-03,-5.62841954881607501e-04
asteroid_1139,6.91531525413598019e-11,1.99942402451606549e+00,7.88039022571439096e-01,2.32933180279794955e-01,-4.33601371486235041e-03,1.08556058990696390e-02,4.93226984087672066e-04
asteroid_1140,3.51613014579741936e-11,2.52658408799091916e+00,1.36298451911678131e+00,4.55688062854660458e-01,-4.88331199024129824e-03,8.79592350108304374e-03,7.66732412823157173e-04
asteroid_1141,7.36666069877456572e-11,2.46402230402987410e+00,1.71397669358423987e-01,5.19441378652066299e-01,-9.97802037827897606e-04,1.07149066922142284e-02,1.19762588685217992e-03
asteroid_1142,5.34120553228088141e-11,9.82057054135070939e-01,-2.84952400717577259e+00,4.33056431240495365e-01,9.32734079383491441e-03,3.18493000076443527e-03,-1.95000740002596848e-04
asteroid_1143,7.69536265191496443e-11,1.98634023419322303e+00,-2.36570181915145961e+00,2.42657900468143006e-01,7.31190404003866264e-03,6.29753442180849658e-03,1.54192158520568938e-03
asteroid_1144,1.13977623750318100e-11,-2.65152951945680959e+00,1.57782695112954041e+00,4.61423713568448728e-03,-5.00716196669517399e-03,-8.41393104499986270e-03,-1.97344787571493684e-04
asteroid_1145,4.04819534127369161e-11,-2.58957088026311988e+00,-2.29383228392295996e-01,3.87533017317863437e-02,8.73072737674024965e-04,-1.03012497468320616e-02,-2.63332880067093959e-03
asteroid_1146,3.94710274770006977e-11,2.39733738278824893e+00,6.40322116610075653e-01,-1.49114853940508191e-01,-2.84675005207237625e-03,1.05144646252971451e-02,-6.16813637038226550e-04
asteroid_1147,3.51867633266461558e-11,2.97254438325905923e+00,2.98900580224099266e-01,-2.57196323276136840e-01,-9.63534383705993568e-04,9.88104240437044992e-03,3.47207869791932419e-04
asteroid_1148,6.98064073921713330e-11,-5.04317822889853273e-01,-3.01467566060288839e+00,-1.76637982843875302e-01,9.69681115309161019e-03,-1.61729628037857133e-03,-8.29434135538927725e-05
asteroid_1149,5.57172806055811263e-11,2.64308896789474046e+00,4.96297707291762591e-01,3.50372455665693486e-02,-1.93785526682304309e-03,1.03069860095723904e-02,1.88095592877995417e-04
asteroid_1150,3.85953463400200383e-11,1.40607309579867201e+00,2.80400742635863809e+00,4.68810707353770006e-01,-8.45197252250362921e-03,4.46848733416306109e-03,-1.37706005672260105e-03
asteroid_1151,5.36348678779943934e-11,-1.75730713635351488e+00,1.43893196391878719e+00,8.04254089942227773e-02,-7.20302068891026312e-03,-8.82992555843394381e-03,5.93624150962799506e-04
asteroid_1152,7.04422483932971456e-11,-2.71656275853029427e+00,1.60333188236229440e+00,5.38281277994360485e-02,-4.92006540272302978e-03,-8.31278972871433638e-03,-6.96766554634474771e-04
asteroid_1153,6.75159934561982862e-11,-1.08519661597159645e+00,-1.92961618124357348e+00,-8.09138740694689690e-02,1.00753290384291566e-02,-5.65148818880150880e-03,-3.52348968742721615e-04
asteroid_1154,7.60698052174811757e-11,-7.89865415996415382e-02,2.26980408185417515e+00,2.43844440427477743e-01,-1.10599886132121301e-02,-6.64617602342134988e-04,2.60396134054209465e-03
asteroid_1155,8.51489940758430778e-11,-2.22390561670409781e+00,1.50745404917406556e+00,-5.41071524471222420e-01,-5.90564458556416556e-03,-8.53541601668631085e-03,4.93185681165031866e-04
asteroid_1156,7.39417930562378642e-11,1.61712222450539889e+00,-1.43405444922753023e+00,2.91995343877648361e-01,7.33255496454710432e-03,8.74402469706004638e-03,2.33486574252882552e-03
asteroid_1157,1.80221121238281402e-11,-2.43462371361118923e-01,-2.11242147374564171e+00,-3.98202149147885265e-01,1.14890836742300179e-02,-1.60438114780889120e-03,1.48660582037687104e-03
asteroid_1158,8.46594222456668491e-11,4.97321790720037515e-01,-2.04051659396274454e+00,3.97230956797749446e-02,1.12226673555777135e-02,2.68109511359321566e-03,-2.78069860270404624e-03
asteroid_1159,3.32090027763525933e-11,1.78382079068009430e-01,2.60372901674447865e+00,-2.68229405039460300e-01,-1.05621881364562249e-02,8.02459278092445823e-04,7.65320371218811005e-04
asteroid_1160,6.66008930949973376e-11,-2.74130914020503713e+00,1.28955332015653057e+00,-2.10119196812123162e-02,-4.20556391702817806e-03,-8.93301164845564447e-03,4.35751484957926853e-04
asteroid_1161,9.90970641380233543e-11,-6.55043677525732337e-01,2.03111021961250859e+00,1.81223853469384466e-01,-1.11896572489984109e-02,-3.59603889425923239e-03,-1.42160570417115514e-04
asteroid_1162,2.94712594875130393e-11,9.89786328886593125e-01,-2.70630621572069296e+00,-7.90038300714117625e-02,9.49775486889200583e-03,3.45252435058609293e-03,7.23506877774494862e-04
asteroid_1163,2.70283911163665160e-11,1.46056706741847653e+00,-2.72024450816781416e+00,3.50840890940929476e-02,8.48368149837701833e-03,4.53157821057713871e-03,-1.82376307875383868e-03
asteroid_1164,1.82245235494212692e-11,-2.08394232597514995e+00,9.76890855947662895e-01,1.53585476054545825e-02,-4.81268008868178995e-03,-1.02667431032158248e-02,9.09719571418903767e-06
asteroid_1165,9.84079546758227107e-11,-2.24443360780598189e+00,3.77708024144532917e-01,3.32708530087437865e-02,-1.88543584728248308e-03,-1.12380542021493311e-02,3.89760578625020085e-04
asteroid_1166,4.26992856887164065e-11,2.05774441910750472e+00,-2.31659452503530128e+00,4.63166702779695405e-01,7.13432079276105253e-03,6.52918325769896116e-03,9.60477922184494837e-04
asteroid_1167,7.83887074172027819e-11,-2.69496349179373640e+00,1.50681512458817179e+00,-2.96163841080484512e-02,-4.77266978527454960e-03,-8.54193484970118197e-03,-3.02055613606903753e-04
asteroid_1168,4.93345798627516030e-12,2.74537409838698876e+00,7.94564907848695490e-02,-3.36760365837334222e-02,-2.99881406013721014e-04,1.03750462499927927e-02,3.20145185293936599e-05
asteroid_1169,1.80505958776282702e-11,-1.67691316096093046e+00,2.58595702674679684e+00,7.69626849540632207e-02,-8.21730110632306818e-03,-5.33272831259832582e-03,1.36506138390773014e-04
asteroid_1170,6.32781127283941454e-12,-2.11144147472817600e+00,6.56702903413120320e-01,-2.08839440900483002e-02,-3.36095391158065067e-03,-1.08722570377844333e-02,-2.07744665559428084e-03
asteroid_1171,8.15653464842095046e-11,-1.12140983237862840e-01,2.56934720089492030e+00,-9.02927098739812056e-02,-1.07124380095539023e-02,-4.71296593777143511e-04,-1.06556251994363948e-04
asteroid_1172,1.06642841482578783e-11,1.66658575160992051e+00,2.47438535170646290e+00,-1.10751448001420491e-01,-8.25525980235666985e-03,5.56443781149606152e-03,9.44913045428559404e-05
asteroid_1173,9.23169264819134024e-11,-2.30853829025622437e+00,6.72763191388872639e-01,1.45065164956785730e-01,-3.10227603591551248e-03,-1.06402256114073619e-02,-2.32369806233235634e-05
asteroid_1174,6.63791087925842196e-11,2.99749859297184473e+00,1.70578504420815930e-01,5.17798533800552796e-02,-5.86478662103863250e-04,9.71963381178867977e-03,1.93141461018416795e-03
asteroid_1175,9.09546957572855529e-11,8.42590668631894246e-01,2.57037724054863137e+00,1.74443777315018110e-02,-9.92422223078472977e-03,3.25693442323435637e-03,-5.44190827478622467e-04
asteroid_1176,4.08917762705367587e-11,2.76183266282470496e+00,-1.17194445520124813e+00,-2.72351167490294289e-02,3.87915728967405541e-03,9.14213956192748596e-03,-1.82287237870002868e-05
asteroid_1177,5.25705280581378080e-11,3.23554396398368360e-01,-2.57650189250193939e+00,-5.65571431487327470e-01,1.03868162539802345e-02,1.53491390062180234e-03,-1.05028025312410198e-03
asteroid_1178,2.76695251116378734e-12,-2.24396209232503896e+00,1.04599016047995441e+00,5.74182702824758695e-01,-4.49829957228997136e-03,-9.80405684880840574e-03,2.80282348645019129e-04
asteroid_1179,4.65959319932437860e-11,-1.65120514701434939e+00,1.68844303437191856e+00,8.11083681263576745e-02,-7.98675873868017611e-03,-7.82893226128392877e-03,3.81329406303932577e-04
asteroid_1180,5.90757866320578066e-11,-2.33314377446863519e+00,-2.66605931262302087e-01,9.01160019952569613e-02,1.24706397862534056e-03,-1.11328552865741989e-02,-6.49226462519244835e-04
asteroid_1181,1.00680021341969720e-11,1.67900140200986914e+00,-2.48638290347159696e+00,-9.79356212537863119e-02,8.21594636302894372e-03,5.56253090213129370e-03,-3.67550358770145228e-04
asteroid_1182,9.81237147224770127e-11,2.20641904246174470e+00,3.25385069208331601e-01,-2.35603153505661994e-01,-1.46926871185604885e-03,1.12523595887909361e-02,1.78065247846212081e-03
asteroid_1183,4.49057524468726785e-13,1.77124976665695466e+00,1.30249298529682012e+00,-1.42067592551896854e-01,-6.87192531836911848e-03,9.33123946850750868e-03,-1.26856269369635084e-04
asteroid_1184,2.67523865787600077e-11,-1.55649842612005340e+00,-1.65063629295419290e+00,4.42689741160714856e-01,8.36155154749121908e-03,-7.43852657744482372e-03,1.66355761221414437e-03
asteroid_1185,6.15660018725728585e-11,-5.78670402809847051e-01,-2.18095328052067039e+00,4.96592977698665838e-01,1.09356275989312846e-02,-2.91322564639907768e-03,-5.13197002444038854e-05
asteroid_1186,4.97688539136671116e-11,1.32204565592501444e+00,2.76366751768695673e+00,3.85238137830946181e-01,-8.74781658625004184e-03,4.30653214101833423e-03,-8.74290580945492890e-04
asteroid_1187,2.39274764984083774e-11,-1.36649100837500126e+00,-2.18628623290379753e+00,3.32503348595900245e-03,9.08469595275349963e-03,-5.67822488206262861e-03,-2.09182034360135509e-05
asteroid_1188,9.86755001226508279e-11,-3.08948312985290974e+00,1.09145538520302288e+00,-2.78978035843976624e-01,-2.92457402849293988e-03,-8.79480932463059389e-03,-2.02066042389871829e-03
asteroid_1189,1.88958515764949716e-11,2.03134229802025423e+00,9.32437241524517790e-01,3.64506208859986025e-01,-4.91330054077851811e-03,1.02578731477153007e-02,1.14064523319223291e-03
asteroid_1190,5.68395061925507283e-11,5.61324262777606275e-01,-2.77832852731383406e+00,-5.33564415279670690e-01,9.92175755662697001e-03,1.83357296139888618e-03,8.90342696705032121e-04
asteroid_1191,1.15972489635292456e-11,1.96297940104777502e+00,-1.76238906201752954e+00,-4.74251742118881117e-02,7.07406763353359176e-03,7.88079161550519353e-03,-5.84477971172880201e-05
asteroid_1192,5.62341341884478521e-12,3.81702065346878006e-01,2.54233348589965180e+00,-5.88689144642526863e-02,-1.04224048509859446e-02,1.61026314969407247e-03,1.96321726205785476e-03
asteroid_1193,4.87922974619326492e-11,-2.44878375421446037e+00,-1.98046796107567413e+00,-6.58888101714355107e-02,5.92856592005197146e-03,-7.39755948676562407e-03,2.01633088429256776e-03
asteroid_1194,8.04719595844573035e-11,1.57838720928936582e+00,-2.76203570747677007e+00,-7.59886641243019967e-01,8.12856752848270005e-03,4.87093639249137900e-03,-8.20745087829293321e-04
asteroid_1195,5.31361897041144394e-11,-2.12675855196349151e+00,-2.31608608636754365e+00,-1.37708502135715866e-01,7.10804949376090539e-03,-6.44345534347125822e-03,-1.40519849167105898e-03
asteroid_1196,2.93701072481263842e-11,-1.39333896279335168e+00,-1.86320115331500125e+00,-1.39763990538636862e-01,9.00791234028083115e-03,-6.63632303121038884e-03,-1.33275038084098500e-03
asteroid_1197,1.68280200991069245e-12,2.34091974324285523e+00,-2.79864859945954836e-01,1.86532620340068539e-01,1.39255726414230134e-03,1.10642384797502765e-02,-8.75842736702916167e-04
asteroid_1198,9.40538044834550791e-11,1.46792099074614879e+00,-2.48422795084384562e+00,1.01268109336384943e-01,8.54216245887652777e-03,5.12147082597714642e-03,1.81381282596096904e-03
asteroid_1199,2.11963405106021928e-11,2.33297476426477957e+00,-4.73277036855425715e-01,-5.66179003385247404e-01,2.03161834519166975e-03,1.07883177830197952e-02,-6.46701380417717578e-04
asteroid_1200,5.74614398364194621e-11,1.32889912860496162e+00,2.62821964355975002e+00,4.65666764936618127e-01,-8.89555435607786854e-03,4.48406649060657889e-03,7.77010543465217967e-05
asteroid_1201,1.56247052913495270e-12,8.81470436809403846e-01,2.63465025267651143e+00,9.15782968768166505e-02,-9.76722699542889768e-03,3.28555957650350549e-03,-5.10803584874535950e-04
asteroid_1202,9.72948440081372557e-12,-1.00175780050679308e+00,-2.57294251106764760e+00,-8.30756184276229548e-03,9.64698630915443445e-03,-3.75587266306489720e-03,-3.60329091530565461e-05
asteroid_1203,1.70252497639895284e-11,1.80311105343664257e+00,2.46464288763235428e+00,-4.98746504945604630e-01,-7.89968267990258551e-03,5.76384334558395755e-03,-7.65712667158246471e-05
asteroid_1204,1.12402635237649992e-11,2.73903256608243151e+00,-9.97227074151242232e-01,-4.70444209763514698e-01,3.62064162811428104e-03,9.19820922622621544e-03,1.58223236670800666e-03
asteroid_1205,5.30800595816390926e-11,-1.93567022216401585e+00,-8.92879377845109179e-01,-3.02708930432027470e-02,4.93605815157989979e-03,-1.06969364596898840e-02,-1.15847520639482133e-04
asteroid_1206,3.97113709639306351e-11,-1.58181354802066215e-01,-2.15354013128011479e+00,-6.33641625337355921e-03,1.16114593997668387e-02,-8.56459498823345538e-04,1.21575384882930564e-03
asteroid_1207,8.01304888413528622e-11,-2.68990034755408303e+00,5.22991613870087191e-01,-6.73696516027016967e-01,-2.07193224197589924e-03,-1.00161781132250202e-02,4.97129038945857732e-04
asteroid_1208,1.16292552239519623e-11,-2.59819117989907200e+00,5.75951956231969819e-01,-3.44210888085304811e-01,-2.30686524224895696e-03,-1.02408670932502849e-02,2.77241345527156539e-04
asteroid_1209,4.31124904932946866e-11,2.16850262883873279e+00,1.04785952749035594e+00,-1.35645646141852205e-01,-4.81111741305350997e-03,9.97517907700378251e-03,1.44978309012316772e-04
asteroid_1210,4.28308102181411030e-11,-1.80334283961458852e+00,-1.86260591466058756e+00,-2.25994454690046753e-01,7.67767736653999361e-03,-7.39234776028766839e-03,-3.38299638307434979e-04
asteroid_1211,2.30888718795603536e-11,-2.28412964534941476e-01,-2.98629975898194200e+00,-2.94763748345152565e-01,9.87505047198541062e-03,-7.96612477316556650e-04,4.18416770944519663e-04
asteroid_1212,9.60518884906413514e-12,2.88403425181325845e+00,1.11129691474342240e+00,8.61400684010055623e-02,-3.51393118807758831e-03,9.12912564202829867e-03,-1.26204396656386353e-04
asteroid_1213,1.07617468868084165e-12,-1.19341092899438572e-02,-2.73350151068339287e+00,4.68988324241490173e-01,1.03234206803387314e-02,-1.02104705255268285e-04,-3.32423063346141035e-04
asteroid_1214,1.89260034174898126e-12,1.19270762639123840e+00,-2.23443877902848964e+00,-3.88391453560960442e-01,9.49880376253303682e-03,5.01527266532202955e-03,3.16628899123093149e-04
asteroid_1215,3.98685169961747458e-11,7.38472854570519643e-02,-2.38964596593570544e+00,-4.04930752941838112e-01,1.10368424945161882e-02,3.86691227608745261e-04,-2.69217077460559052e-04
asteroid_1216,5.43718605286120918e-12,2.70331178596809130e+00,-8.89453750010185257e-02,-3.41932160780964889e-01,4.70044708815925091e-04,1.03573370126875570e-02,1.02195761834889421e-03
asteroid_1217,3.94618102787197577e-11,-1.11964000532143415e+00,-2.21028830198591075e+00,5.18675129407788604e-03,9.74892963755808091e-03,-4.93830353622328432e-03,4.18553910770024857e-05
asteroid_1218,4.37465795742536615e-11,1.98889601948043659e+00,1.93461950278928607e+00,1.13102961421367276e-01,-7.18994266221061051e-03,7.40411223908532881e-03,-2.13005894004107639e-04
asteroid_1219,4.45441414923004721e-11,1.23252503641214428e+00,-2.63669682968066965e+00,-9.14113458292766801e-02,9.13206437969924130e-03,4.25834755974343563e-03,3.01127517631469201e-04
asteroid_1220,1.91736305799532929e-11,-3.11406111851948608e-01,-2.15685732630459670e+00,-1.78783653570830821e-02,1.15299580956742861e-02,-1.66234382716897214e-03,-2.83077217750430439e-04
asteroid_1221,4.98765420723084010e-11,3.79275003404443090e-01,2.06220910127656376e+00,-1.37206993162810570e-01,-1.14547576099673053e-02,2.24874385545301451e-03,2.13456185349100627e-03
asteroid_1222,3.92378050690478591e-11,-2.88370632089508583e-01,-2.33606859227510721e+00,-6.62674202198523105e-02,1.11251295483220936e-02,-1.36885383712442377e-03,-1.57304804851253417e-04
asteroid_1223,9.89528027266450487e-11,-6.69406084207141650e-01,-3.05348279088384977e+00,-5.46528561796061241e-01,9.43847165220403420e-03,-2.02576878923773577e-03,-2.42476281421542063e-04
asteroid_1224,4.54644811178181659e-12,-1.73891873260483498e+00,-2.28798304724603829e+00,-1.00383188315680882e-01,8.06586908250821362e-03,-6.14403881787119448e-03,3.14453198078443370e-04
asteroid_1225,5.39731198100825918e-12,-2.88473509094046288e-01,-2.28712552582774853e+00,7.14238028941890091e-02,1.12380642348885677e-02,-1.41740204293517441e-03,1.50415548898782087e-06
asteroid_1226,8.24547430434361989e-11,2.17739909650949537e+00,2.30112172504917334e+00,-4.47552890383418195e-02,-7.01785846614973521e-03,6.63299299021451964e-03,-3.87762253743255891e-04
asteroid_1227,2.66092404933167006e-11,1.53700010012226307e+00,2.16752185758357507e+00,-1.89984188126676584e-01,-8.59182814333716259e-03,5.98912009210649313e-03,-1.17952978833847232e-03
asteroid_1228,1.83868095921095603e-11,-2.63291171140842106e+00,4.72450741639229427e-02,4.48822365836964776e-01,-1.75345740392606744e-04,-1.05231737791992002e-02,7.90920304219766860e-05
asteroid_1229,8.74497812925813585e-11,-4.43904125955589313e-01,3.17175342278505479e+00,3.58335761946642850e-01,-9.30757925621217459e-03,-1.49673612148563994e-03,1.71795602675161273e-03
asteroid_1230,5.32775825472507985e-11,-2.35872839917885796e-01,-2.15834351742240660e+00,2.87379996056859981e-02,1.15986553916353867e-02,-1.27235879785281346e-03,-3.61179513865548412e-04
asteroid_1231,6.15828084116278213e-11,-1.00449092121671235e+00,-2.12777944357730453e+00,1.57243652424372660e-01,9.97388309407248701e-03,-4.82947645375299099e-03,-1.63685910556776769e-03
asteroid_1232,8.05988519402622113e-13,-2.37213791157941722e+00,1.42490643187843258e+00,-4.46088839758162270e-01,-5.42430536976714912e-03,-8.63420709190534583e-03,1.26491214729349769e-03
asteroid_1233,2.60824929217532151e-11,-1.09347126203765521e+00,2.06253770207021470e+00,2.32464953727300368e-02,-9.90995004962918341e-03,-5.26413049085736398e-03,9.12912599180310718e-04
asteroid_1234,2.59277059547830169e-11,-2.70669988352433677e+00,1.08168536398300486e+00,-5.89801430947823405e-02,-3.73764921551167709e-03,-9.35552693286876950e-03,-5.15742959081504586e-05
asteroid_1235,7.60916108247930893e-11,2.17290503299988735e+00,9.12964474877069998e-01,2.80275974992254436e-03,-4.33619688781726725e-03,1.03217874842395693e-02,-4.57138263434550215e-04
asteroid_1236,3.85613696251124112e-11,1.64163976893353314e+00,1.49271302543563689e+00,-2.71303429220777735e-02,-7.76936949725191752e-03,8.54018633812876626e-03,-2.38056690774069075e-04
asteroid_1237,5.77477538196158095e-11,9.75553438412406493e-01,-2.09768719601262532e+00,-4.03612232427211115e-01,1.01811515853771021e-02,4.40413013135077577e-03,1.71890243720437580e-03
asteroid_1238,9.31910393158485018e-11,4.28900770323057123e-02,2.60429938953652629e+00,-1.17040657282059826e-01,-1.06101858599160076e-02,2.16694799357505585e-04,9.33576821602150227e-04
asteroid_1239,9.84678681236376076e-11,-1.94387316509753094e+00,-1.24742024366315940e+00,-8.78205566630984730e-02,6.01049962388218711e-03,-9.47075517091532787e-03,1.48442232931913923e-03
asteroid_1240,1.27416609239472166e-11,-2.23842687241454730e+00,-3.16643933362419694e-01,-6.44512048229151785e-02,1.63431305329818323e-03,-1.10926922595993207e-02,-2.26305385885149828e-03
asteroid_1241,5.55911519514447160e-11,-9.66962817848638467e-01,2.97701772580770774e+00,-1.17861638702449048e-01,-9.19687449637140476e-03,-3.02167655363662054e-03,-8.70079396071248121e-04
asteroid_1242,6.99172029125006897e-11,-1.99586677142994207e+00,1.45734557203227699e+00,-2.55507163373652368e-01,-6.49922183816988713e-03,-8.64394343384861097e-03,1.46519656746720559e-03
asteroid_1243,7.82074581912641522e-11,-2.52771336454719053e+00,1.54329947246717003e-01,4.98259889817117413e-02,-6.59540554491247857e-04,-1.07884240450299256e-02,-4.32015570127476279e-05
asteroid_1244,9.20116183141292476e-11,-3.70592347067918437e-01,-2.11755369379083414e+00,-2.67562082988862915e-01,1.15151540724135470e-02,-1.98182206994648421e-03,-2.64661304404664906e-04
asteroid_1245,7.28364386977241093e-11,-2.02072328686487257e+00,1.51927276026140601e+00,-5.94757861229806978e-02,-6.49845931082352040e-03,-8.64724743084682897e-03,-9.98627372287494972e-05
asteroid_1246,6.89966203900336190e-11,-2.28025077553837319e+00,-7.97586944646775375e-01,-9.95817822611291537e-02,3.62639392560092566e-03,-1.04370078334441781e-02,5.55660148027321116e-04
asteroid_1247,5.41922631700091066e-12,1.60756865381050162e+00,-2.32386124573059405e+00,1.97264234984647624e-01,8.38824951753136018e-03,5.83063641259139176e-03,3.29015609177038071e-04
asteroid_1248,5.44864677098200011e-11,-1.88525934624105074e+00,1.39290469684587670e+00,-1.07365982921282035e-01,-6.63759811952386886e-03,-8.82707874092163169e-03,2.03336706679556030e-03
asteroid_1249,5.98805550217529451e-11,1.66094351003874596e+00,2.69417644055317096e+00,-8.04985941909576452e-02,-8.12671598911441848e-03,4.95989236516754771e-03,-1.67942090781177957e-03
asteroid_1250,6.96527946938512700e-11,2.20017433936709006e+00,2.33396848613104346e+00,-2.27831053825339191e-01,-6.94908140794415867e-03,6.38126893308021883e-03,-1.73597934941114272e-03
asteroid_1251,5.83404959176752932e-11,3.42754667188337081e-01,-2.19316099280486876e+00,-8.00071857570167251e-03,1.14058330310629098e-02,1.78320621701367750e-03,-1.81960245201398979e-04
asteroid_1252,4.09509155896542873e-11,1.90833272921956665e+00,-1.09717175228745556e+00,3.49860270814539520e-01,5.94300875821609804e-03,9.58782096324085550e-03,-2.34879997826490262e-03
asteroid_1253,4.87508723590472177e-11,-1.83360291703332101e+00,1.28369516488139102e+00,-2.06054395202404476e-02,-6.59468457719448661e-03,-9.41770068875693624e-03,1.25017435250869850e-04
asteroid_1254,9.67322857590020656e-11,2.74028614195856468e+00,-5.87255787242991323e-01,4.80997592082234249e-01,1.89262261971545761e-03,9.93350082545383338e-03,1.34549178877503713e-03
asteroid_1255,3.29170932897346629e-11,1.50705572272931509e+00,-1.65637388852591716e+00,1.77071246300990109e-01,8.46372636582534872e-03,7.48513874506320700e-03,-2.01680901544395042e-03
asteroid_1256,7.84478520136703216e-11,-2.56882035552168508e+00,1.77307429303021635e+00,-9.80637636766472781e-02,-5.50409920277228609e-03,-7.89297357296386490e-03,1.47060981239275647e-03
asteroid_1257,6.07479374183841168e-11,-1.87772729781692793e+00,-2.32843795860574865e+00,-2.88614014765849192e-01,7.74672605092314396e-03,-6.17021390750881280e-03,-6.21171150377935804e-04
asteroid_1258,4.43886553535965253e-11,-1.71261341820830904e+00,2.55721205723106237e+00,1.93036452179724011e-01,-8.05926624253756538e-03,-5.25938152419907091e-03,-1.82894814236559842e-03
asteroid_1259,4.14377077515674340e-11,-2.66391888146975431e+00,2.96700161470216883e-01,5.24743174212459529e-01,-1.12821614052155861e-03,-1.03467054981098636e-02,1.22713197663421156e-04
asteroid_1260,5.37272904597233817e-11,2.67812607422765092e+00,1.91815375772632857e+00,1.09664517614339180e-01,-5.52020067129265456e-03,7.69999174097099962e-03,1.27892418238199310e-04
asteroid_1261,7.99812522088704365e-11,1.66072926731004133e+00,-1.29653049618324423e+00,-4.43215032689822375e-01,7.23019388144357025e-03,9.22800305848615540e-03,9.70346217247370073e-05
asteroid_1262,1.22237939265806769e-11,-2.26732437518264440e-01,2.57138632624608388e+00,2.82794166423884046e-02,-1.06635943391060906e-02,-9.38215013740165854e-04,-1.86336227082825552e-04
asteroid_1263,9.10666314328239638e-11,1.78301132942603258e+00,1.73198697640123145e+00,-1.21814918853531823e-01,-7.49515454736464446e-03,7.80887717539374086e-03,1.32108690678588462e-03
asteroid_1264,7.74169434634939079e-11,1.16635913190030505e+00,-2.99868509556652540e+00,3.66829814736510051e-01,8.88814444696593708e-03,3.31189757960090314e-03,-1.18700965375018652e-03
asteroid_1265,3.49093364287318895e-11,-2.25629186411502536e+00,1.61698397623059509e+00,3.01787689612286136e-01,-6.06044622139453263e-03,-8.10289452789353035e-03,-1.89499078071552287e-03
asteroid_1266,1.02805611240998064e-12,-2.37547664226663402e+00,1.90769176036498012e+00,3.56292733722958999e-01,-6.17667691374741788e-03,-7.62942923185143135e-03,-3.31054894977369021e-04
asteroid_1267,1.05315202501854921e-11,3.81083949917105480e-01,-2.27200461432785694e+00,-5.54336330897745588e-02,1.11600804010176281e-02,1.85609344025887109e-03,6.47164144236279481e-04
asteroid_1268,1.44480903201511023e-11,-2.88088843380070303e+00,-1.54183382878107489e+00,2.11352917730006695e-01,4.51808488112356334e-03,-8.29776688114883774e-03,1.05189366984841212e-03
asteroid_1269,1.03669669675500867e-11,2.44511861734513669e+00,1.14039315229417060e+00,-4.56654603653956284e-02,-4.40734110949477648e-03,9.47630205379367853e-03,6.62167230096761704e-04
asteroid_1270,1.02868701594656913e-11,6.04702162977293511e-01,2.59731364172391821e+00,3.70607415212065527e-01,-1.02069208515578862e-02,2.39060835151345182e-03,-9.98700123383805251e-05
asteroid_1271,9.60149164344559832e-11,-2.32979501475128847e+00,2.26082782042886965e+00,-3.48339622068751908e-01,-6.66051159667041537e-03,-6.78061661917658213e-03,5.39186499094393185e-04
asteroid_1272,6.58494171464685643e-11,1.02099760050219435e+00,2.29202233829705548e+00,4.91758954686913830e-01,-9.75009197634383283e-03,4.49256689577120973e-03,-6.95957166853445968e-04
asteroid_1273,8.20656662803710718e-11,-1.66031237453103042e+00,-1.96433753508628084e+00,-1.60700466706775680e-01,8.18047995187392955e-03,-6.92098558048127432e-03,8.08937403691798763e-05
asteroid_1274,5.62857480904156633e-11,-2.08311154571902168e+00,-1.87149867870624798e+00,-8.76358806654720518e-02,6.87230107968189122e-03,-7.62917080887978716e-03,-4.31177686729552600e-04
asteroid_1275,6.19522750020865031e-11,-2.02963395858706575e+00,9.49441240480550119e-01,2.41132412843782618e-01,-4.77614485790586133e-03,-1.03914016952335979e-02,7.14128470273733221e-04
asteroid_1276,8.81010220371855362e-11,2.46838095473191510e+00,2.87981047456546679e-01,-2.98688165396913292e-02,-1.26516649289173532e-03,1.08379237301732493e-02,-6.01378881914273788e-05
asteroid_1277,2.62043000362161528e-11,1.72338033857876249e+00,-1.56664873799365911e+00,1.14439075091738132e-01,7.58710985930408088e-03,8.31773256850761034e-03,-3.88946928353340097e-04
asteroid_1278,6.94555189326492128e-11,2.01938248612665766e-01,-2.20636769439549063e+00,-1.92542053941476443e-01,1.14779765602066458e-02,1.08321469462568367e-03,-3.74606080358676511e-04
asteroid_1279,8.99319048113688940e-11,1.99711556779199828e+00,-2.42111460391259170e+00,7.34821705058766317e-02,7.44866425306098517e-03,6.10733724872778837e-03,-1.21498772443731119e-03
asteroid_1280,9.36298634625963462e-11,-2.00840744027051432e+00,-1.95255782211086637e+00,-1.84864123382007195e-01,7.14234446533001856e-03,-7.37105153879222784e-03,2.57846537420697080e-04
asteroid_1281,4.44103834635595501e-11,-2.34651648480756458e+00,8.72928912868535467e-01,3.67174149002719663e-01,-3.79695623024765014e-03,-1.01235712206797952e-02,-1.97351492610535169e-04
asteroid_1282,8.56726535779306340e-11,-9.30898051820683303e-01,2.38789267715617948e+00,-3.76279672351151229e-01,-9.69974785833817299e-03,-4.07721911604028240e-03,-1.87755368622630182e-03
asteroid_1283,5.03909176674833716e-11,7.70229441615148169e-01,2.47430591583779558e+00,-3.70881487116789588e-01,-1.01544864748740176e-02,3.14925126150776558e-03,-7.83900562103997516e-05
asteroid_1284,2.57960190462818571e-11,-2.46210213541749168e+00,1.44388775299192473e+00,1.77699934177347724e-01,-5.16423879661834142e-03,-8.75337367576887841e-03,-4.27655314038786604e-04
asteroid_1285,2.51033975347940398e-11,3.20701728916084106e+00,-1.74571484948662980e-01,-4.79666964889457412e-02,5.22590778668383538e-04,9.58367052826430282e-03,6.09186619380782792e-05
asteroid_1286,4.51821338153553059e-11,-1.17550477783990304e+00,2.99536803785684480e+00,1.00400086019276510e-01,-8.92141264014540900e-03,-3.50675730132716168e-03,1.67983455124106988e-04
asteroid_1287,2.57962735618114605e-11,1.28432779527259755e+00,-2.19535017017344058e+00,3.67099875098403527e-01,9.23233645442545631e-03,5.45858749844147732e-03,3.43679413808618015e-04
asteroid_1288,3.00756454200336306e-12,1.60994710267166474e+00,1.90095697706820177e+00,1.41532749638140137e-01,-8.25821860290762780e-03,6.85716630188951386e-03,1.83785723906018769e-03
asteroid_1289,1.05636438159185192e-11,-2.16384879825322107e+00,1.51450265446275867e+00,-1.65012160558302839e-02,-6.06836657884639308e-03,-8.67150639077834788e-03,-1.20701287775491718e-04
asteroid_1290,8.49235213638043984e-11,1.02841378542155026e+00,2.58283019727532182e+00,9.06242632538556137e-02,-9.57192468254933031e-03,3.82431408946653974e-03,-3.71364316583211093e-04
asteroid_1291,8.82520499757699409e-11,4.87457535484119686e-01,-2.60053403292357910e+00,-2.10445471360794389e-01,1.03705436542513886e-02,1.96611275251415722e-03,-2.74386869780930383e-04
asteroid_1292,8.73056550659576753e-11,-1.31403427713421328e+00,2.57285416459462057e+00,9.35375370727966338e-02,-8.99544450104829488e-03,-4.56588297963382659e-03,-7.80129299070119104e-04
asteroid_1293,5.53756971054063567e-11,-2.73130333488482702e+00,4.26098861452581801e-01,-7.20336727442771746e-02,-1.47935459924839721e-03,-9.91449952925330460e-03,-2.55423337271462993e-03
asteroid_1294,9.35223834668786414e-11,1.70308050758481411e+00,1.80813579646828870e+00,6.84417027566236735e-02,-7.94485766290037483e-03,7.46439062029933317e-03,4.98239238105596585e-04
asteroid_1295,4.99142702620329900e-11,2.51292513520550997e+00,-9.84392492370965572e-02,1.10967464779520800e-02,4.23792336696060122e-04,1.08377053252107815e-02,1.70965487892931487e-04
asteroid_1296,4.62598462840975841e-11,-7.51324132710083248e-01,-2.43883321587676649e+00,1.10050171765023214e-01,1.02406993785260081e-02,-3.19446024434157485e-03,-8.78428177183675934e-04
asteroid_1297,4.74434718261741019e-11,2.16032562275996431e+00,4.79216413856067058e-01,5.68057371399320957e-02,-2.49619657308470643e-03,1.12859479264428627e-02,-2.78388711985263788e-04
asteroid_1298,2.54186522051530107e-11,-1.16924177884529046e+00,-1.97977732892362246e+00,4.65261243884285830e-03,9.76241930173298890e-03,-5.76649398582811373e-03,-3.75176387026274812e-04
asteroid_1299,6.13542018599202808e-11,1.11139598055001287e+00,2.74220929816020975e+00,2.29232293410543742e-01,-9.20797821145461111e-03,3.79308610174352136e-03,-7.31685755201200660e-04
asteroid_1300,4.49006240165940053e-11,-9.44664598386176224e-01,2.38641510484465424e+00,4.11068281110592987e-02,-9.95725101799670859e-03,-3.92706676184776012e-03,-8.42952310640638649e-04
asteroid_1301,9.74660201103084157e-11,1.44953639201745688e+00,-1.85871962322289397e+00,-3.95078478557665189e-02,8.83541313417590679e-03,6.88626791557681982e-03,1.92659723504372325e-04
asteroid_1302,1.72064198064206203e-11,-2.77480865579496738e+00,4.50064472889234804e-02,-1.35882545195539824e-02,-1.57412719594628110e-04,-1.01959921829771170e-02,-1.62605195878833724e-03
asteroid_1303,7.67965880950512568e-12,-2.46514658047595558e+00,1.68593016420968889e+00,3.47304927388954354e-01,-5.64829014049221360e-03,-8.13272577931455597e-03,-6.12301755627317002e-04
asteroid_1304,3.51204705445312238e-11,-1.85473574316400835e+00,1.53637687698448033e+00,-4.83068702465692043e-02,-7.06986902475259613e-03,-8.53564168467781798e-03,-2.53325222871983372e-05
asteroid_1305,2.15628357712925254e-11,-2.82274514725646197e+00,-1.06533330897041356e+00,6.77165527829089231e-01,3.35398730949654569e-03,-9.17816272743518166e-03,-4.58309016174013361e-04
asteroid_1306,9.91905394396077633e-11,7.77008244347098254e-01,-3.11090049540254387e+00,-2.04848162050658283e-01,9.29811057398887558e-03,2.34670227822810287e-03,-3.69291607522892343e-04
asteroid_1307,5.58622401835897147e-11,-2.38853038647856258e-01,-2.78151541848482209e+00,-3.75362692393688246e-01,1.00038627980973283e-02,-5.68047344766371611e-04,-2.15636928242146555e-03
asteroid_1308,3.59781658462421968e-11,-2.80306069945545744e-01,2.82190863034786332e+00,6.19793020221060864e-01,-1.00046564769648398e-02,-7.43726691990559039e-04,-1.13850454013399529e-03
asteroid_1309,6.42776862965938338e-11,-1.56271722215775100e+00,-1.49265639105773373e+00,-9.41024499491442540e-02,7.99560224915291801e-03,-8.44811315662325445e-03,1.22488584941629359e-03
asteroid_1310,4.53166193059898103e-11,1.90300220263793629e+00,-2.60911742484562348e+00,-1.84066443140900149e-01,7.73218004789618871e-03,5.62718197102535147e-03,1.75899139504647096e-04
asteroid_1311,2.08904256704782747e-11,6.67172442679524691e-01,-2.42744492213899044e+00,-5.21860983744384943e-01,1.03582478246759691e-02,2.67107057069399792e-03,8.17958848925905949e-04
asteroid_1312,3.94579855363850343e-11,-2.67597401854960149e+00,1.76157256029712772e+00,-1.77920189379991683e-01,-5.23077041646528157e-03,-8.02012518545528949e-03,-7.34187198440961874e-04
asteroid_1313,2.86425722069964253e-11,-1.97601983752935251e+00,-1.97334525685714302e+00,1.09591908779939767e-01,7.26510266305484438e-03,-7.28475693976648239e-03,-1.76596710259921679e-04
asteroid_1314,6.37628818559617517e-11,6.98609731620357777e-01,1.96359092644383226e+00,-2.99273424478558203e-01,-1.11790623142783273e-02,3.93661421959126071e-03,-2.66985820024906722e-04
asteroid_1315,8.16586944929425449e-11,-2.12676988258717747e+00,9.39023197732948567e-02,-2.72805786002594752e-01,-5.37487834510177120e-04,-1.17286703503086814e-02,1.53089073200964330e-04
asteroid_1316,2.62650840390934307e-11,-2.85748389797661906e+00,4.18375640585353301e-02,-5.82256484044418876e-01,-3.39854621405415787e-04,-1.00223571050796646e-02,9.47723410625910152e-04
asteroid_1317,6.21364539520967685e-11,-2.35314135081158948e+00,1.46132171861826987e+00,-1.70319201985803248e-01,-5.45556577240460978e-03,-8.56888928684865041e-03,1.85424419635682675e-03
asteroid_1318,7.08509014055160181e-11,-7.74108396242720320e-01,1.93145590122697697e+00,-4.63650184000093557e-01,-1.09754491327435956e-02,-4.21136803332565306e-03,7.81010551666567196e-04
asteroid_1319,3.70073815164215973e-11,-2.52762485945852466e+00,1.54471706200656889e+00,4.21823518581678159e-01,-5.29749647625976650e-03,-8.31770626844587774e-03,-1.28390422250938851e-03
asteroid_1320,4.87586893861665491e-11,-3.09443586110418467e+00,4.12008783273756729e-01,-7.20164949865943343e-02,-1.30391259896214177e-03,-9.51116750342402388e-03,1.61337142826811124e-03
asteroid_1321,3.58880792425650481e-11,-2.45847068575618266e+00,1.08823753315748006e+00,1.96124262888994455e-01,-4.13991151110001086e-03,-9.55733035809329563e-03,1.13598652974765272e-03
asteroid_1322,3.72967677798907982e-11,3.84152841669112843e-01,2.61906428783639855e+00,-2.50450673976839622e-01,-1.01014940829832721e-02,1.72142136185337680e-03,2.50746203272425279e-03
asteroid_1323,4.46271920267385678e-11,-1.91085150863355469e+00,-7.25831679576129152e-01,5.09354972969089825e-01,4.04319924060254909e-03,-1.11204068906060050e-02,-6.78486047466284872e-04
asteroid_1324,2.95493383427550530e-11,-1.24307891076537236e+00,-2.77476618483748094e+00,1.45738056457412862e-01,8.82832225435296707e-03,-3.84362449010263851e-03,2.12121635893446113e-03
asteroid_1325,4.88381133470621462e-11,2.39684932689930053e+00,6.18441230193135016e-01,-3.27032129213209732e-01,-2.90057925095550499e-03,1.03594127951105730e-02,-1.66822579022017897e-03
asteroid_1326,7.52269997749475572e-11,-3.05159070671722787e+00,7.92810369516529168e-01,1.01090254628620799e-01,-2.36463783386319827e-03,-9.28344407057491057e-03,1.42549730376122208e-03
asteroid_1327,3.94358299911223923e-11,-2.50681797148558827e+00,-4.36127386043501319e-01,1.27643147629307646e-01,1.82084548114002298e-03,-1.06108335445339718e-02,-4.94714548120955356e-04
asteroid_1328,9.45443257644867453e-11,2.04749169083159543e+00,-1.85247646004575328e+00,-3.06450967448078371e-01,6.95328651540623628e-03,7.34618472937493758e-03,2.04979637421905461e-03
asteroid_1329,2.18073729118033009e-11,7.02920751566397523e-02,2.42339075013321414e+00,9.22814698417958983e-04,-1.10431782791113875e-02,3.20302993003774162e-04,3.09998076413272623e-05
asteroid_1330,4.49559798291004772e-11,2.14022899547186229e+00,8.14571146261974466e-01,-1.11330062817381933e-01,-4.05646814909756213e-03,1.06046748798432934e-02,-3.90807102736786865e-04
asteroid_1331,6.01724841499091766e-11,2.66386102132288682e+00,-1.40823544878195306e+00,-3.17722623483545685e-01,4.60769556090102287e-03,8.74187637396212254e-03,-1.14438170872189232e-04
asteroid_1332,5.43310095023773939e-11,7.66850685102367424e-01,2.58454190384678606e+00,-2.49333183588417535e-03,-9.92641366646839288e-03,2.94368774085697815e-03,-1.60139240127912461e-03
asteroid_1333,9.46945975747975284e-11,-1.98388522917017029e-01,2.71309553518337854e+00,-3.57929500896818464e-01,-1.03407951560645726e-02,-6.65375935733945574e-04,6.88031010922054141e-04
asteroid_1334,3.24395603312528688e-11,1.49219654527966661e+00,2.89288531701354179e+00,-1.49601756246990292e-01,-8.46858884417377167e-03,4.36973509238476783e-03,2.90335584129882415e-05
asteroid_1335,3.77694460117702236e-11,-2.67858032952711866e+00,-1.84958130495392359e+00,-8.78599354528635246e-02,5.41758812075127626e-03,-7.84355645398948295e-03,-4.72296280794362973e-05
asteroid_1336,5.95722001376097386e-11,-2.69252141424811597e+00,-1.58137430776819077e+00,-1.62104226185867367e-01,4.91349382874167653e-03,-8.39225666202229534e-03,2.56697297995512014e-04
asteroid_1337,5.96407256966049430e-11,-1.63322681037499517e+00,1.64636710398420316e+00,-1.68167819812660796e-01,-8.02852097617769850e-03,-7.90049114237734683e-03,6.26082825715986281e-04
asteroid_1338,7.87462228383241470e-11,2.80610667904047517e+00,1.98601670282278764e-01,-2.74086895499580556e-03,-7.24100687219329168e-04,1.02305486022793955e-02,-3.63878714651365336e-05
asteroid_1339,7.94536294917964612e-11,-3.03208170857599457e+00,-8.19812082713919699e-01,-2.84072978294367118e-01,2.62903999310788511e-03,-9.19931251427545324e-03,-1.51283844360394944e-03
asteroid_1340,1.09698713464800981e-12,-2.44114776212265738e+00,7.34852077905762791e-01,3.11960782336067862e-03,-3.09982180894466473e-03,-1.02945143035193757e-02,-6.98114966939135536e-04
asteroid_1341,7.64222961794982318e-11,7.40607265386856506e-01,2.09419816570764405e+00,1.14164484919882878e-02,-1.08337467712681344e-02,3.83709520345962155e-03,-1.05866255838148486e-03
asteroid_1342,7.17896887241612054e-11,-2.77223184303634351e+00,1.30513429972006967e+00,-2.35880666703013914e-01,-4.14713890989729279e-03,-8.88366917282417193e-03,-4.13559969410982236e-04
asteroid_1343,5.85811603022534150e-11,-2.44278018362724536e+00,-1.05326391513988993e+00,-3.09462130759076304e-01,4.22771387688227699e-03,-9.59803989617533625e-03,-7.04792541964521964e-04
asteroid_1344,3.17055052520919345e-11,1.01219394423108477e+00,2.51268215852251409e+00,6.12476284537420423e-01,-9.59858092667404371e-03,3.78007435356735207e-03,3.55115955646376354e-04
asteroid_1345,9.07065361033430148e-11,-3.20155180617272617e+00,-7.05457435554544432e-01,3.79180103912108019e-02,2.03890932483562085e-03,-9.27218066330399993e-03,-3.54843543850540859e-04
asteroid_1346,7.38245804336132898e-11,2.48871352397305401e+00,-1.33944640979046570e+00,-1.16061015366063766e-01,4.86137606345049024e-03,8.96243961382119439e-03,8.08753828625578147e-04
asteroid_1347,2.57361674752153658e-11,-2.43860213858335406e+00,8.02585891882554026e-01,-4.70155685142876589e-01,-3.32124713036824164e-03,-1.01165640946307579e-02,-4.29884449664495532e-05
asteroid_1348,3.05289677918861034e-11,-6.24925251744576693e-01,2.46587403237136593e+00,-2.78252203637632915e-02,-1.04544149937927863e-02,-2.64991994341590154e-03,-4.10007352725788999e-05
asteroid_1349,7.10484663858495986e-11,-1.94395322261320369e+00,-1.64405819119086027e+00,5.32976758616971580e-01,6.98566022912835722e-03,-8.02819953160981321e-03,7.14795735232063548e-04
asteroid_1350,9.17662553330890890e-11,-8.02624879903622634e-01,-2.04487571750846309e+00,4.48546982039681463e-01,1.04432078556795354e-02,-4.47324484928253701e-03,-1.70606725813754164e-03
asteroid_1351,4.90592124239151752e-11,7.59618235931052599e-01,2.94511386250391949e+00,2.72712770335501342e-01,-9.42053037306761661e-03,2.54905000968341441e-03,-1.28793329251779363e-03
asteroid_1352,8.79211770374638947e-11,-2.74421307383459023e+00,-1.40369172372724105e+00,-3.76278148534228252e-01,4.10946568947617805e-03,-8.59963110208216731e-03,2.11009205997695183e-03
asteroid_1353,3.82176278525944235e-11,2.20559369876338129e+00,1.02836895483737512e+00,-1.94023138756870606e-01,-4.58184897502578962e-03,9.97859800157367520e-03,8.03941069182285951e-04
asteroid_1354,3.95224231281856068e-11,-5.47207390656530221e-02,2.45496246006598451e+00,-2.10240224703863249e-01,-1.09286345491307821e-02,-3.06424162115936092e-04,-7.33622005789731613e-04
asteroid_1355,6.85972607634821696e-11,1.75606711112432534e+00,2.61412140025347783e+00,8.07601910067595741e-03,-8.04381641464252915e-03,5.40269990546769774e-03,2.68450534620643321e-04
asteroid_1356,5.06326310592203940e-12,3.71976178873873020e-01,-2.09592369951289426e+00,1.93791710614207441e-02,1.16087126032606500e-02,2.06007172157892087e-03,-2.12295897989933931e-05
asteroid_1357,1.39007938630462922e-11,-2.71893017337098941e+00,1.46581590469431700e-01,-9.53909606188734355e-02,-5.79740849697666207e-04,-1.03904878863370197e-02,5.57921300936625188e-04
asteroid_1358,7.28452167858744344e-11,1.54103685481689889e+00,-2.13945937503807970e+00,3.23168128266772159e-01,8.53944939082461156e-03,6.19561716578452982e-03,2.96022379722909047e-04
asteroid_1359,2.42161283501122906e-11,1.44082884040045300e+00,2.54851967795391543e+00,5.59871599142732976e-02,-8.68782607369326942e-03,4.88278171912203459e-03,1.31824999048272217e-03
asteroid_1360,1.75161550790249243e-11,-8.40363143465275853e-02,-2.29212260007149293e+00,-1.05116666241525394e-01,1.13389427366708383e-02,-3.98102890033125276e-04,-3.84166718954508525e-04
asteroid_1361,8.91438191159380316e-12,-2.36815142403800349e+00,1.63642867268759429e+00,3.68165690324969486e-01,-5.60989039342825631e-03,-8.33886830650668390e-03,9.80246883734835900e-04
asteroid_1362,2.24931986690703529e-11,1.70815608343284486e+00,1.89602829183934851e+00,-1.98989732985545634e-02,-7.99401555542839440e-03,7.19662438658456513e-03,-5.03687260950272625e-04
asteroid_1363,2.50545861753087342e-11,2.15789323671099709e+00,-1.84893702525604797e+00,-6.70419574146175201e-02,6.63133478611586599e-03,7.70909985213149088e-03,8.36376792777334126e-04
asteroid_1364,3.41227190161714586e-11,2.11367153590558798e+00,-3.68983356943070995e-01,1.03139364436522427e-01,2.00815682665125188e-03,1.15619195997111110e-02,2.09153727075044575e-04
asteroid_1365,9.38335720544737930e-11,-1.76216825949288380e+00,-1.95947576067097518e+00,-3.15149693068635717e-01,7.66021718874077776e-03,-7.12171818757794360e-03,1.44770114679578453e-03
asteroid_1366,6.44654044875748987e-11,1.75799903248559986e+00,-2.08304482392612300e+00,-7.25424261214907273e-02,7.86764764046038977e-03,6.68790373857112378e-03,-1.37693665652266267e-03
asteroid_1367,6.93344266945361174e-11,-2.33898530877218969e+00,-6.61136145885251603e-02,2.84832139560354691e-01,1.10431122620002694e-04,-1.10793516716919064e-02,-1.66483744989417070e-03
asteroid_1368,1.32835114531157594e-11,1.89353688696806288e+00,-1.24751073433840620e+00,3.27166404641560018e-03,6.28389361731978083e-03,9.53846853180953004e-03,1.70410040700281053e-04
asteroid_1369,1.92747421923149549e-11,1.73218280164805583e+00,1.54311020984615777e+00,-1.71512680858994793e-01,-7.52804867072869293e-03,8.34620445958640135e-03,-9.37791430632898908e-04
asteroid_1370,8.98681233377055238e-11,-1.28337408752650139e+00,-2.14579646504146648e+00,-2.52037999197758600e-01,9.19062143176736096e-03,-5.20428692679404236e-03,-2.49035822065577384e-03
asteroid_1371,6.34345695996953089e-11,-1.56086811538715453e-01,2.21045463046038559e+00,-3.07629915506240185e-02,-1.15265094386468713e-02,-8.14256862489226487e-04,-2.41116220097369672e-05
asteroid_1372,8.09670030225745614e-11,2.81425373298068182e+00,1.58676366605749219e+00,1.97296909023398331e-01,-4.63043863042387430e-03,8.32033508322741443e-03,-8.67607096977161710e-04
asteroid_1373,3.57526886372990670e-11,-3.59611167455058889e-01,-2.56082314335846162e+00,1.49592780481383851e-02,1.05927119228883346e-02,-1.48806617334498997e-03,-9.47100816735791203e-05
asteroid_1374,5.77249152492462778e-11,3.00401651271434122e+00,6.36521688699130062e-01,1.77072130015707672e-02,-2.03548529566138260e-03,9.59595748376256864e-03,3.72524874684374463e-04
asteroid_1375,5.02257391102912027e-11,-8.24497433604405860e-01,3.14468127408584053e+00,-3.45701804718036965e-01,-9.17188406886818887e-03,-2.46582868036178187e-03,-5.55537742405423315e-04
asteroid_1376,2.05491468962168779e-11,-1.53203840038100858e+00,1.57256904328962577e+00,7.85935244686874340e-02,-8.31721699226672245e-03,-8.09097053092372974e-03,-2.37755330112591454e-04
asteroid_1377,8.24787034097133787e-11,2.82032903619633091e+00,5.48165826215981533e-01,-2.26277993585090070e-01,-2.00781738920186720e-03,9.86890631918072372e-03,-1.11768931585920972e-03
asteroid_1378,3.33822864392546317e-11,9.05008027837895246e-01,-3.00958366297659330e+00,-1.36886482767654027e-01,9.05554254943751087e-03,2.61930787554866306e-03,2.28154385149561840e-03
asteroid_1379,4.66940766330427023e-11,-2.80270282966037598e+00,-5.74167798161411946e-01,-3.12171774894774781e-02,2.04392588226233419e-03,-9.94871534996936632e-03,-5.21663651739838756e-04
asteroid_1380,1.33079797713576231e-11,1.82956701942076094e+00,1.86672261392248462e+00,-7.33087320969056516e-02,-7.59718917074514791e-03,7.44643675875967821e-03,1.18013720836858915e-05
asteroid_1381,6.38392860024055034e-11,1.37697374807325312e+00,-2.16661198725412074e+00,-5.09854161406747330e-01,9.03792235934840378e-03,5.52002859230028148e-03,9.51687256106664410e-04
asteroid_1382,7.91156330115327071e-11,-1.96411688509245597e+00,-8.49806991826925984e-01,1.13397949883267457e-01,4.70043601340958475e-03,-1.06946434892193059e-02,1.26830272635095054e-03
asteroid_1383,4.10447268534043534e-11,-1.27343681628700245e+00,-2.39658158886114814e+00,3.88190953625132062e-01,8.89609019963695687e-03,-5.02988926769395387e-03,-1.87003644716289877e-03
asteroid_1384,9.78134196855795432e-11,-2.31947071921541648e+00,2.33624722106104432e+00,3.04150801578409041e-02,-6.71149459846554636e-03,-6.65348452865962940e-03,-7.53917554731050373e-04
asteroid_1385,2.57658199936762359e-11,-2.13130612257317997e+00,2.41460025921800980e+00,-4.38929042416279724e-01,-7.04284124602108826e-03,-6.37657157510385965e-03,-8.80371706745762517e-04
asteroid_1386,8.73093267709109975e-11,-2.39099981660255700e-01,2.09858845521762749e+00,-3.93344668753702498e-01,-1.15542438876524347e-02,-9.77192188804342160e-04,1.80985103455906667e-03
asteroid_1387,7.21243375328237208e-11,1.84961466640219396e+00,2.29243171551118019e+00,9.07439514215245546e-02,-7.78819418919118878e-03,6.29677023824191159e-03,-3.27929320358268746e-04
asteroid_1388,9.27268900235967234e-11,3.86093612197745240e-01,-2.42253416154702439e+00,2.10438154769644920e-01,1.06562695457239776e-02,1.51766405594381680e-03,-2.08006281306087224e-03
asteroid_1389,7.40674148622579197e-11,-3.15457617066705120e+00,4.05716182023499961e-01,-1.38815158950139544e-01,-1.28043738645244767e-03,-9.43233137949276053e-03,1.53000431705100520e-03
asteroid_1390,4.94902792496374362e-11,-1.08910945414463134e+00,-1.80216288289616222e+00,-4.54267265805863796e-01,1.00459887662874142e-02,-6.03550696264564326e-03,-1.41358884706642511e-04
asteroid_1391,4.13529116484747988e-11,2.66593078747148615e+00,1.80915082825302553e+00,-8.84910917130219549e-02,-5.36944435005050347e-03,7.92882855575310908e-03,3.37658217613776511e-04
asteroid_1392,8.29416546812966082e-11,1.34941841809597940e+00,-2.79634698119491931e+00,-1.89139424542306839e-02,8.73265514439131030e-03,4.22154832095744410e-03,-1.10543915453835146e-03
asteroid_1393,8.40379436382871437e-11,9.05797976147159845e-01,-2.04954038913989223e+00,-3.19184778310846254e-02,1.05074717895154036e-02,4.63832534468603796e-03,3.51255768539897816e-04
asteroid_1394,5.88945027395571932e-11,-3.30279656644850150e-01,-2.07789726753501913e+00,5.38448367050454957e-01,1.15163874355435694e-02,-1.89013689039032955e-03,-2.30071812618569155e-04
asteroid_1395,7.02154114152320382e-11,3.08459475412489104e+00,-3.21830676695685325e-01,-4.39085504951201439e-02,1.01241550581758727e-03,9.71458867086082319e-03,-8.11023703491204137e-05
asteroid_1396,4.62911250386618330e-11,2.18454919213218535e+00,-6.76239267024601687e-01,-1.99748235941865394e-02,3.36479413034687950e-03,1.08648034351144940e-02,1.67790608832743814e-04
asteroid_1397,2.18449469551026865e-11,2.30077636007699426e-01,-2.67959038033097263e+00,5.33622952174366949e-01,1.02845067796974443e-02,6.18111363446024542e-04,-1.33043329755938274e-03
asteroid_1398,5.00754808783563995e-12,-2.41622118453650936e+00,2.08982531071949129e+00,-1.65611262282897215e-01,-6.30305451424020228e-03,-7.24235117188474706e-03,5.69557016664836661e-04
asteroid_1399,6.53740011729375833e-11,-4.56857626237393455e-01,-2.71445613071384972e+00,3.95757143623596597e-01,1.01361220776811280e-02,-1.80083078900313757e-03,-6.50680620868108062e-04
asteroid_1400,6.69246111344266005e-11,-2.11109056174147858e+00,1.47091578029819647e+00,1.37778927160097486e-01,-6.09284989504725507e-03,-8.79765375561200776e-03,5.66485984441462303e-04
asteroid_1401,6.65297035352662787e-11,-1.75462406221034484e+00,-1.91373004123455748e+00,4.43834679047295178e-01,7.79540205584975526e-03,-7.18012111607928358e-03,-1.41524447527139555e-04
asteroid_1402,5.62451224770253670e-11,6.62086211149243327e-03,-2.17464057225033125e+00,6.88601864461231977e-02,1.16530679430841676e-02,4.99476368948271551e-05,4.56937503024686770e-04
asteroid_1403,3.42466621301669476e-11,-6.59861537570958112e-01,-3.17610598438499059e+00,-3.47646305111120713e-01,9.29901105002938454e-03,-1.98911398544044651e-03,5.22304137135944546e-04
asteroid_1404,2.42112437077186293e-11,1.33376874290256131e+00,2.08213424365779209e+00,-2.10641247730344282e-02,-9.12903309469060599e-03,5.83247719787661437e-03,-1.52004870433615686e-03
asteroid_1405,6.57982544329011125e-12,-1.38017471685903992e+00,-1.87380180223397796e+00,3.58342964741967208e-03,9.04544006257424794e-03,-6.66066348047986145e-03,9.83539172915375666e-04
asteroid_1406,1.48093931966844052e-11,2.34478079407261841e+00,6.67940627116134999e-01,1.59254364063668441e-01,-3.02134701094378729e-03,1.05818112742265772e-02,1.02821577634575924e-04
asteroid_1407,6.28335354496525210e-11,-1.23950613052701220e-01,3.25424626492593472e+00,6.46602195232800631e-02,-9.51971724516665480e-03,-3.68440778182078010e-04,2.94187643637738167e-04
asteroid_1408,7.68094538405246176e-11,1.94473328372659915e+00,-1.01722977599579956e+00,-2.85059898624177022e-01,5.13783604336249134e-03,1.02474316070401885e-02,-1.51642444409362271e-03
asteroid_1409,9.07632075352422872e-11,1.13487629821265013e+00,2.92660563257284645e+00,1.06918452683010048e-01,-9.04971831787354346e-03,3.49938197168945132e-03,2.71233214263732797e-04
asteroid_1410,8.40083697632773540e-12,1.54664391743495777e+00,2.50269714460963266e+00,-2.08409962187896786e-01,-8.50620584943831762e-03,5.28099708833457485e-03,2.91083955615322203e-04
asteroid_1411,8.14044835429157374e-11,2.65397389204266121e+00,-1.58825047739113190e+00,-1.38713772840705740e-01,5.03435568564309169e-03,8.34767342736342927e-03,7.41471050291285191e-04
asteroid_1412,5.97460036661450523e-11,-1.98586231552645387e+00,2.59859419166386685e+00,6.00345539112447923e-02,-7.49256201441130150e-03,-5.75162662726508636e-03,1.11514104302139726e-03
asteroid_1413,3.01386254936877559e-11,3.07642889796297370e+00,-1.88778267149224410e-01,4.19154736726281285e-01,4.28985508598579972e-04,9.66911637655821013e-03,1.20617894699108822e-03
asteroid_1414,7.25820165849041903e-11,-1.25228745523958640e+00,-2.97185250913085541e+00,-2.14646265456029883e-01,8.80393321193390088e-03,-3.64766916593910369e-03,-8.60580333900287848e-04
asteroid_1415,9.89355097680624748e-11,-2.12453034258560436e+00,7.46570472058848855e-01,-4.42620996907050826e-02,-3.75025753338083592e-03,-1.05191285831705231e-02,2.58155692999080099e-03
asteroid_1416,3.79479699604237503e-11,-1.67886437252574594e+00,2.55209273624391031e+00,-3.05589097491917733e-02,-8.10241919952417629e-03,-5.30925256702054378e-03,1.73952587342073050e-03
asteroid_1417,6.27475166144669083e-11,-1.54784964228434818e+00,-2.27191214374890427e+00,1.77649714366661354e-01,8.29871817985341348e-03,-5.82245938389075110e-03,-2.15563653455160854e-03
asteroid_1418,2.60906516165342405e-11,2.69488297790177178e+00,3.72503893755043614e-01,-4.16440066335661552e-01,-1.58241059287407278e-03,1.01852247213278044e-02,-1.12951548457376131e-03
asteroid_1419,2.05107576798339248e-11,2.20738293700289656e+00,2.28720388379961825e+00,1.81688897613460562e-02,-6.93591645866112327e-03,6.69680970943557687e-03,-3.71268319117317271e-04
asteroid_1420,1.49216363783075469e-11,-3.03754388218502713e+00,-1.14877207681692828e+00,3.48541186223055577e-01,3.49540958124929966e-03,-8.57923403528143211e-03,2.18589802055253616e-03
asteroid_1421,3.22503932258110515e-12,2.20375817121216500e+00,1.86077444767629374e+00,5.98950160343824090e-01,-6.42995606179351618e-03,7.68508245670159254e-03,-2.17274926395083441e-04
asteroid_1422,7.23838080777436951e-11,-2.64409694355760383e+00,-3.42222919541086246e-01,-2.67385063353898111e-01,1.45662729046703589e-03,-1.03415792156973871e-02,-1.16812184961772518e-03
asteroid_1423,1.46044368011228222e-11,-2.48089075534121450e+00,9.24475570863191654e-01,-2.75658509036876935e-02,-3.69256022103471929e-03,-9.89599655697809971e-03,4.43717470430092932e-04
asteroid_1424,6.76305307068692982e-11,2.28838458476715756e+00,1.15383336973986594e+00,6.37141313953286381e-02,-4.84260596728886689e-03,9.58189273792826000e-03,4.05518505702680417e-04
asteroid_1425,8.69621913964819308e-11,7.81215300231862142e-01,2.39253175599580148e+00,2.93664972497695631e-01,-1.02522122634921987e-02,3.20099079208025633e-03,1.19426214771127005e-03
asteroid_1426,8.46614968538125123e-11,1.44608997239520543e+00,-2.12105152173454403e+00,-1.17806919060718357e-01,8.79556032112086342e-03,6.05540681966591516e-03,-1.05815743759366324e-03
asteroid_1427,2.99035135110129959e-11,-9.84726208555777860e-01,-1.93744071269700791e+00,3.88064699368930566e-01,1.03117494385078640e-02,-5.26238347450557874e-03,-1.06441171379924703e-04
asteroid_1428,1.24493755691716405e-11,2.09870389169390581e+00,-6.16882702102802050e-01,1.54305919071416553e-01,3.32129752523294478e-03,1.11039618738553083e-02,-7.81421980536963824e-04
asteroid_1429,4.43120176775032706e-11,2.81229471478582083e+00,1.14269745628173602e+00,-3.98574382103166897e-02,-3.69934197747468635e-03,9.05858265676393569e-03,-1.31520073514954637e-03
asteroid_1430,1.81371079572315240e-11,-5.50761768328920764e-01,-2.57498494174312453e+00,1.04182924756099915e-01,1.03603642600247296e-02,-2.20342397082249697e-03,3.10117951812517798e-04
asteroid_1431,3.73570546594247587e-11,-1.00787771011555738e+00,-3.05235470968802503e+00,-1.23503355240761295e-01,9.10510491164358109e-03,-3.01162463918681726e-03,1.27238345019047732e-04
asteroid_1432,5.68864486831099464e-11,-8.01920383153268301e-01,2.71886190110397141e+00,6.36524673525753516e-03,-9.79777115196785349e-03,-2.89029462484591835e-03,2.01020051269294823e-04
asteroid_1433,6.44382526251704132e-11,-1.16995664143522959e+00,1.79300718027724715e+00,-7.34536755098593314e-02,-9.57656285157846079e-03,-6.34999950166868603e-03,-2.47001106021470761e-03
asteroid_1434,2.18401926312900199e-11,-1.61145797163214954e+00,-1.61985824374773757e+00,1.37519833013044906e-01,8.05360162060338343e-03,-7.88457221328393507e-03,1.49906547471622266e-03
asteroid_1435,2.27373380860892796e-11,-2.34474513991753231e+00,-8.51862200538657105e-02,5.69760220946125343e-02,4.61870916314919958e-04,-1.08788040562723936e-02,2.74230078362970283e-03
asteroid_1436,8.65980834511579047e-11,-1.90555449630516915e+00,2.65097497608345556e+00,1.99676832142509031e-01,-7.52634304693824280e-03,-5.54268017905183968e-03,1.76109375083087169e-03
asteroid_1437,9.44893265419536673e-11,1.80533643453958481e+00,1.45694681833873951e+00,-4.46332882446997536e-01,-6.90365461890541342e-03,8.77847745297968655e-03,7.31193225559492190e-04
asteroid_1438,6.42481833793666155e-11,-1.34388453541951280e+00,-2.33665607755290017e+00,3.55621962995495755e-01,9.02480186754408241e-03,-5.22764049735024473e-03,-2.44378253934179304e-04
asteroid_1439,5.56867519877285005e-11,1.99840763384185438e+00,2.48372989437732672e+00,4.77325583232609318e-01,-7.24053460652987306e-03,6.10473912557946922e-03,-1.45180450647141787e-03
asteroid_1440,6.58107447578181511e-11,-3.25376962249354662e+00,3.49363233513272531e-01,3.23116509648702713e-02,-9.61716443360754406e-04,-9.17141182388392200e-03,2.31960731117319572e-03
asteroid_1441,1.28707611929401765e-11,-1.86543223214039577e+00,-1.47789611772917628e+00,1.33002460965801872e-01,6.71892721255558205e-03,-8.66061068446393086e-03,-1.99830528019328104e-03
asteroid_1442,8.97049337453448126e-11,1.08728568161771699e+00,1.86486852964394800e+00,3.31993977143860211e-02,-1.01091754896003912e-02,5.89880107994610915e-03,-2.68882402468612980e-04
asteroid_1443,2.08674809602662771e-11,1.52340089258630740e+00,1.70061275238489462e+00,7.27591639885891983e-02,-8.31865797438153219e-03,7.53293823450272744e-03,-1.89611636070610170e-03
asteroid_1444,6.69713641548466223e-11,2.15925521135757270e+00,-2.69055358006418777e-01,1.32963815897164557e-02,1.43905481976462483e-03,1.15666973231695700e-02,3.60644751274643433e-04
asteroid_1445,2.22048468875696545e-11,-5.72997638522290909e-01,2.26223519424179997e+00,-4.70914356555158994e-02,-1.09148354425929132e-02,-2.76430032963333920e-03,1.43856373237507489e-05
asteroid_1446,7.05820954177919357e-11,-1.03314827705197260e-01,2.76390361155071718e+00,-3.02101347280521737e-01,-1.01908294366208352e-02,-5.43337055233981741e-04,-1.48581747772278945e-03
asteroid_1447,7.53458470993872922e-11,3.46159285767469627e-01,-3.10388180776078082e+00,6.73590265739508531e-01,9.56340917057994962e-03,9.60936568757132987e-04,-4.86689565581506815e-04
asteroid_1448,7.41071864651372236e-11,-2.34114738538268385e+00,1.42805716893054990e+00,-1.13378841757109536e-01,-5.40532761584905722e-03,-8.86531251435814655e-03,-4.85494107342014777e-05
asteroid_1449,4.28755654681013055e-11,-2.27990119178070172e+00,-1.71144035902842573e+00,4.78793390477275371e-02,6.11701857037785443e-03,-8.14603270396156015e-03,9.91825141769809134e-05
asteroid_1450,6.07071818234501160e-11,2.24564249837431440e+00,5.86725554116703130e-01,-3.14538391020783348e-01,-2.51520902358984538e-03,1.07519895635441714e-02,2.09897035689966989e-03
asteroid_1451,5.98028842283213399e-11,2.88843400287099705e-01,-3.04525696014086567e+00,-1.04240767148958718e-01,9.78873617271790002e-03,9.26400278324397025e-04,6.02925838830570344e-05
asteroid_1452,7.20340822531609657e-11,-2.02120090611512238e+00,1.99687995792710482e+00,-2.16412729990554664e-02,-7.17194152847400526e-03,-7.25985983631014398e-03,-5.23947242562858921e-05
asteroid_1453,4.99050965321992157e-11,3.10355260627882057e+00,3.19030532732059169e-01,3.26688077763510887e-01,-8.22922869102636124e-04,9.55797592646081412e-03,-1.51613043206188765e-03
asteroid_1454,5.07342981184576162e-11,-3.01954234400680566e+00,1.15697608274427588e+00,-1.79934165967961190e-01,-3.44716785836193546e-03,-8.67999164925777229e-03,2.03589227560630349e-03
asteroid_1455,6.84440024236119822e-11,-2.42612082698336362e+00,5.80839686843419356e-01,-3.38043234735083409e-01,-2.52568953175311920e-03,-1.05434225306024129e-02,1.06191580788727062e-05
asteroid_1456,1.70233893067104201e-11,-2.18847916748241200e+00,1.76594529058946514e-01,2.40221430429493177e-01,-1.04022739179538554e-03,-1.14812749950138054e-02,-1.03648381912838680e-03
asteroid_1457,6.52514582923654713e-11,-2.26007219291957728e+00,7.01496115813998400e-01,1.48869196231695727e-01,-3.26377487609185021e-03,-1.06616314557066300e-02,6.90043444944359236e-04
asteroid_1458,1.48316143820300959e-11,-2.61952480432780055e+00,1.27189124870952019e-01,1.21201310984548366e-01,-5.34983129811825837e-04,-1.05936843214458742e-02,-4.45540893877438126e-04
asteroid_1459,7.24862532628573468e-11,6.61960922055813583e-01,3.14713368049427089e+00,3.48565453868487141e-01,-9.26599038054855967e-03,1.77500397694447046e-03,1.57086346664059187e-03
asteroid_1460,3.88974223723903019e-11,-1.33496064063765174e+00,-2.13289343714751212e+00,-4.37512927508949268e-01,9.17099294531821194e-03,-5.43346093404195336e-03,-1.49463343648635811e-03
asteroid_1461,8.39598756005326843e-11,2.83631589149348473e+00,1.02316796763037510e+00,2.42132216138066930e-01,-3.33609769899393402e-03,9.30760451416982014e-03,-2.51994038679702738e-04
asteroid_1462,8.85030354559150659e-12,2.14418230800723242e+00,1.71433016369026037e+00,-1.34916742156332731e-01,-6.44984833324145721e-03,8.10967937402429576e-03,5.41202538049128648e-04
asteroid_1463,4.60577406148446818e-11,2.16082979744557502e+00,-8.36460424055273766e-01,1.03093042731540116e-01,4.04619951582896754e-03,1.05279276521369394e-02,6.11548038996098946e-04
asteroid_1464,1.67300720429532980e-11,-1.84983562580808725e+00,-1.65883062059048059e+00,-3.19754483255588959e-02,7.28582092208062641e-03,-8.12408176774122998e-03,-3.42607991457088095e-05
asteroid_1465,8.68876308504390559e-11,2.24696659876875504e+00,-1.79550491553758795e+00,-2.09237144128026853e-01,6.31625345559034147e-03,7.91841690757846654e-03,-1.20179124355049020e-04
asteroid_1466,1.25335485753497811e-11,9.09821603427562797e-01,2.76140146151147636e+00,1.16712243639304999e-03,-9.58160605479070615e-03,3.15695896968312944e-03,-6.76266956847188904e-05
asteroid_1467,4.85246760381721320e-11,2.60066595446182847e+00,2.71962222509810114e-01,-1.89592617656206663e-01,-1.23126943643643593e-03,1.03539082789610021e-02,-2.03725546741002645e-03
asteroid_1468,1.05340703613121654e-11,1.86324004751483452e+00,-1.47151395186732392e+00,-2.52693676586027947e-02,6.91008073086825207e-03,8.73691505186346626e-03,7.37919304887761922e-04
asteroid_1469,7.97732682648280114e-11,1.31921291578580790e+00,2.60970093505312795e+00,-4.97999613164297195e-01,-8.94407465843895071e-03,4.39912366355442366e-03,-6.40044013182242068e-04
asteroid_1470,2.82111371817485951e-11,-2.27393356350738918e+00,-2.60983092390611515e-01,2.51595258288356882e-01,1.39899662939642019e-03,-1.12029118854156135e-02,1.02328956807227166e-03
asteroid_1471,5.94099790791427789e-11,1.99258867169359211e+00,2.46757502467102086e+00,-5.78673734367615711e-01,-7.26043745333072085e-03,6.13883620051171308e-03,1.17678309458188425e-03
asteroid_1472,1.70226683279688623e-11,-6.02818511109847965e-01,-2.17808365855695563e+00,-5.48122818860417471e-01,1.07770606388367524e-02,-3.20872921760248595e-03,8.98099856841503208e-04
asteroid_1473,3.51670719828692731e-11,1.33992999571866878e+00,-1.77440657313879213e+00,-1.53317274575198420e-01,9.14247505128162365e-03,6.97055252863556726e-03,-7.71717793876682597e-04
asteroid_1474,1.13785803121194625e-11,-1.45784548709962181e+00,2.26923445779018396e+00,-5.15660805227970663e-03,-8.80987431191461792e-03,-5.66035838399116687e-03,-2.41395281953174420e-04
asteroid_1475,5.50875969841177925e-11,2.45407706367494249e+00,1.11754213687557225e+00,-3.81886216791300526e-01,-4.09722160088215378e-03,9.48001357864514463e-03,1.41250732038046621e-03
asteroid_1476,3.55276176482070863e-13,2.52981975301169282e+00,9.71153697925304704e-01,7.69794703675885043e-03,-3.74487483439047992e-03,9.75565907422967955e-03,-5.01506489243650955e-05
asteroid_1477,9.93072184175411671e-11,-2.27079998214898904e+00,-1.30998154333247996e+00,1.13123728994644943e-01,5.31794917371780120e-03,-9.18240624974784800e-03,4.17385270241177244e-04
asteroid_1478,4.16337234837865330e-11,-2.78328920259575119e+00,-1.76132213584094521e+00,4.26785724499086517e-03,5.06786402867208299e-03,-8.00869553112703789e-03,-1.31561794564104707e-04
asteroid_1479,6.29484252354485233e-11,2.90185002335375863e-01,-2.62222189583693321e+00,-4.91034013695656912e-01,1.02933205993620443e-02,1.42266151880896972e-03,-1.51428801688210761e-03
asteroid_1480,2.86852326424035312e-11,-8.04574112067671487e-01,2.54959889616111912e+00,3.98537523990487254e-04,-1.00328388915010610e-02,-3.16605417252790186e-03,1.45050732438230203e-05
asteroid_1481,2.53322837037015893e-11,-2.35716738473443366e+00,1.07320747656039162e+00,-2.89560545426421900e-01,-4.33570552183432621e-03,-9.70924744333327185e-03,-6.90885913979288652e-04
asteroid_1482,8.46150321637947659e-11,-4.21622238661033322e-01,2.13761083694888132e+00,-7.80191173250561198e-02,-1.13584801922504402e-02,-2.28492339594940337e-03,-1.22135663159120473e-03
asteroid_1483,7.58207069516511678e-11,-1.99689312290272580e+00,-1.96499960898221038e+00,2.36635392637322528e-01,7.02480854962695550e-03,-7.32138869526926129e-03,-1.51597796489531984e-03
asteroid_1484,6.43327698554451428e-11,1.60473044174655244e+00,1.74252566229626238e+00,-1.49123764115534435e-01,-8.22609083876615736e-03,7.53509747752393374e-03,-4.73148350765408964e-04
asteroid_1485,7.52329677435249374e-11,1.24330873173799139e+00,-2.49996263081667403e+00,-6.42918818562359995e-01,9.06048678637351619e-03,4.59114757925502097e-03,-3.30858328089938256e-04
asteroid_1486,1.75395621662840965e-11,1.85892057587863269e+00,-1.02831918290554292e+00,3.96100514633765721e-01,5.55279053186951907e-03,1.02810981687359183e-02,6.31288992999888619e-04
asteroid_1487,9.34098837961205435e-11,3.22870776018164118e+00,-4.50697148484151489e-01,3.39710163543189836e-01,1.26828506545520621e-03,9.40697861170866623e-03,4.26176837574620670e-04
asteroid_1488,4.54800015579603179e-11,2.14265294324918187e+00,1.56265680317164213e+00,2.40163233805701593e-01,-6.22901291985556663e-03,8.50046319345001966e-03,2.63596662602029073e-04
asteroid_1489,8.68724796663603607e-11,-2.82670277156165595e+00,-1.31007137136514418e+00,-6.17346417272160664e-01,4.19045359028800014e-03,-8.65689117465708209e-03,-8.16432185761865057e-04
asteroid_1490,7.36083315575554481e-11,2.20909562770300960e+00,-1.48438881434626180e+00,-2.21320597916150247e-01,5.64592476113986302e-03,8.68269770201918201e-03,-1.88013066551845982e-03
asteroid_1491,2.85992662646570700e-11,-1.87664880958097480e+00,-1.07589306100531656e+00,1.99880002595460626e-01,5.75186800800761219e-03,-1.01391748499134859e-02,-5.72501569748141027e-04
asteroid_1492,5.69359967457255671e-11,-1.45126278301187650e+00,-2.71058236626043758e+00,-2.72077946226435996e-01,8.62530035723687964e-03,-4.63180328698871956e-03,1.37118474537362920e-04
asteroid_1493,9.66649133692596855e-11,-2.66517614777159739e+00,-1.08557218108621734e+00,1.48266917045351276e-02,3.82459435163992048e-03,-9.39093501378542375e-03,-8.90397188788943049e-05
asteroid_1494,3.71844293236462944e-12,-1.88337149471687026e+00,-2.38368161294109671e+00,-3.28142964051338012e-02,7.74362853254288372e-03,-6.11581273787986050e-03,-1.82203278671786442e-04
asteroid_1495,4.26539081805918905e-11,-2.03924050892452247e+00,-1.63468825841475707e+00,3.55378495647180881e-02,6.65450838011430717e-03,-8.30224183139084693e-03,-4.03565383166554437e-05
asteroid_1496,6.20577542955255760e-11,1.42565176777176705e+00,-2.48569513446763191e+00,8.06620398204448662e-03,8.81482617427804989e-03,5.05586656195099876e-03,5.83168489034200949e-05
asteroid_1497,3.39962070834155491e-11,-2.31529724945981830e+00,2.09929849070540575e+00,-1.15944584599502742e-01,-6.52900142429995063e-03,-7.20886162277371411e-03,-1.46391356273338849e-04
asteroid_1498,3.17984306034034037e-11,-1.64643844562665875e+00,-2.27026072646329125e+00,-5.46989291398436661e-01,8.31524861697052753e-03,-5.75225224342413785e-03,-1.15437845109119972e-03
asteroid_1499,7.48716761611353977e-11,-2.43617089803571218e+00,-4.37799501682220149e-01,4.57974768543024713e-01,2.10461420492579019e-03,-1.05810658267016851e-02,1.08044059503581208e-03
asteroid_1500,9.16335261826810976e-11,3.33123415487542485e-01,2.87026488037283656e+00,-1.78434664428654993e-01,-9.80109454280075551e-03,1.26996800188791214e-03,2.13058637804116420e-03
asteroid_1501,5.37674569264977497e-11,2.88600870294417655e+00,-1.38355954150211596e-01,-3.12978114551893671e-01,3.46565994031778452e-04,1.00094641797827798e-02,-1.22908431714710466e-03
asteroid_1502,9.48214915708812232e-11,-3.20496633622769922e+00,-1.84585077505054818e-01,-5.23645637714412193e-01,5.84331262469177902e-04,-9.51754820433426893e-03,-2.21456351608632674e-04
asteroid_1503,1.01368569635831279e-11,9.92550268985903150e-01,-2.34307837422524878e+00,-4.83235422423481248e-02,9.92312230943447407e-03,4.20937815119533810e-03,-2.83613265023481673e-04
asteroid_1504,2.27547624236882410e-11,2.10973160226679690e+00,-1.53017508225278909e+00,-1.42158310997615556e-01,6.23786786195256772e-03,8.42871938794735945e-03,1.84871763418833612e-03
asteroid_1505,8.78031734460045736e-12,2.86212414243207514e+00,1.12106871051107504e+00,-6.55209728933766611e-02,-3.58284598408096892e-03,9.10693992580059730e-03,-6.87483539173786799e-04
asteroid_1506,4.35590731596197154e-11,1.04216078517160549e+00,2.48942599563118661e+00,2.09873113594048366e-01,-9.54943690407596482e-03,4.09570479481855508e-03,-1.16215612651495337e-03
asteroid_1507,6.26752047844491286e-11,-2.69520792750698535e+00,1.19239379139973600e+00,-4.66515969717171686e-01,-3.67613427068720373e-03,-9.05608380200553266e-03,-1.90877039324227832e-03
asteroid_1508,2.00551873361887192e-11,1.68631843714003304e+00,-2.00505708981550557e+00,4.09061261974408286e-01,8.14630176000788811e-03,6.49547832653023065e-03,-1.74412502081373053e-03
asteroid_1509,4.48593828043162412e-11,1.88009636234464828e+00,-1.41913170429479907e+00,1.19454316574970423e-01,6.72876795726401467e-03,8.94649301101428304e-03,3.81063790527322538e-04
asteroid_1510,6.84426155557455360e-11,2.06747378815793942e-01,2.95860693300013233e+00,-4.11583928109789443e-01,-9.81357471096115132e-03,8.70485546492078205e-04,1.32778198394062092e-03
asteroid_1511,6.39523326519189398e-11,-4.27922977092392687e-01,-2.21620392766867402e+00,-3.33848207249517054e-02,1.12379654497991623e-02,-2.17386623970257722e-03,2.62013296034794728e-04
asteroid_1512,6.29319020068642893e-11,2.30490003143126376e+00,-3.93586704262527398e-01,1.31944829643567563e-02,1.89328114612832528e-03,1.10888880598736007e-02,4.66204097582249407e-05
asteroid_1513,6.06071662342778447e-11,-1.43967859191401715e+00,-2.46214569393904315e+00,1.23212034883520751e-02,8.79286416822905141e-03,-5.14110437362843859e-03,6.08957548246655733e-05
asteroid_1514,9.86611660151818527e-11,-2.86066946743093675e+00,8.82762755486629969e-01,1.32866138515349980e-01,-2.92821558660735001e-03,-9.49572933841729208e-03,4.37980176024548566e-05
asteroid_1515,7.13950110667787845e-11,3.96260512572927104e-01,3.09617295942679549e+00,5.73227004572416710e-01,-9.57506199274870025e-03,1.24446862658598436e-03,-1.02701262949548343e-04
asteroid_1516,9.07682233135074642e-11,2.28531475100260506e+00,-8.17412728964707624e-01,-2.40006213532796032e-03,3.70286486826152924e-03,1.03493556655409342e-02,1.04857569067749257e-03
asteroid_1517,9.51735040092741933e-11,1.56060319082548982e+00,1.59694144419287420e+00,-4.10400629518949827e-04,-8.23326496354620692e-03,8.04590545263823669e-03,-4.80010143229283990e-05
asteroid_1518,8.59692855941703051e-11,-2.43671264609966398e+00,-2.05876226083115998e+00,-6.07125116903344031e-01,6.30504144707102858e-03,-6.97111880359887505e-03,-1.66637467545545956e-03
asteroid_1519,9.52585744712845675e-12,-2.27827501305012081e+00,-1.78095013755541959e-01,1.94020716178887817e-02,8.91593311123053196e-04,-1.12334584895659971e-02,1.58085275205507077e-03
asteroid_1520,5.29291595066093229e-11,1.54324262499454856e+00,1.73873850119919093e+00,-2.40200406054974808e-01,-8.41085368517842900e-03,7.47415557955133369e-03,6.50046801138681534e-05
asteroid_1521,3.81574330129455044e-11,4.71645194500929232e-02,2.42771818106526016e+00,-3.23229472821191577e-01,-1.09828052946644734e-02,2.57909409201062805e-04,3.34538267518236948e-04
asteroid_1522,9.71587507514161508e-12,5.79616461378117953e-01,-2.64739010169607614e+00,-3.70230100974037857e-01,1.01570104342904172e-02,2.23800991783181490e-03,-1.01868696689810071e-04
asteroid_1523,5.64252541449371325e-11,2.96357318232287215e+00,1.09483831310206603e+00,-1.76783838271492612e-02,-3.33467114118456229e-03,9.00731592577607917e-03,-1.18717821333252319e-03
asteroid_1524,2.12903245465573097e-11,-6.96496523596961348e-01,2.91191659541890369e+00,-3.34254173307940494e-01,-9.54454457322611617e-03,-2.41374928174165884e-03,-1.13953543899317569e-03
asteroid_1525,5.81779042285326306e-11,-9.37629948085954429e-02,2.89794496598343176e+00,5.42567047133718616e-01,-9.90346302421447715e-03,-5.78696682432845873e-04,1.37946598400138067e-03
asteroid_1526,8.17407150215656966e-11,-1.76249770591165023e+00,1.48741453091338505e+00,1.35281059385303520e-01,-7.26220000065006498e-03,-8.65971533744738960e-03,5.98572969810930362e-04
asteroid_1527,3.93898682572447053e-11,2.06091290569695440e+00,1.44855823225916214e+00,2.26421269376698792e-01,-6.12250372493651669e-03,8.86333706772133786e-03,-9.76555486350171660e-04
asteroid_1528,9.49833589445581143e-11,1.47049472599139963e+00,2.23346748556294994e+00,1.92686252975126141e-03,-8.78613640032694689e-03,5.78471815452593664e-03,-6.57688722551729849e-06
asteroid_1529,7.66491878568052242e-11,1.98328214615932530e+00,-1.09850043142404674e+00,-2.10269088052025738e-01,5.59530209438971731e-03,9.65859319785834086e-03,2.31652667487547773e-03
asteroid_1530,8.04301657349917973e-11,2.07969132540361290e+00,1.24181490892396318e+00,-1.68894335668428403e-01,-5.62906234724116009e-03,9.48643295492354252e-03,4.36259404002571887e-04
asteroid_1531,1.12380159411496003e-11,-2.44241575708369130e+00,3.43401135796624901e-01,-1.32590205201490147e-01,-1.49523457369215912e-03,-1.08309128579166074e-02,-5.08056335672900827e-04
asteroid_1532,9.41878896095970882e-11,-2.64167060445728519e-01,2.21118055663620749e+00,3.40140032721504892e-01,-1.10783264032651187e-02,-1.69277282869497434e-03,2.40047441187869271e-03
asteroid_1533,3.46257119285774630e-12,2.43638236765710259e+00,-1.23268141914668616e+00,-4.04629805367282325e-01,4.72721542435938519e-03,9.20166698268663243e-03,4.31457077498440336e-04
asteroid_1534,8.43910814367111443e-11,2.61933023672414844e+00,-1.34545303087582635e+00,8.93342853510746271e-02,4.57603227662976494e-03,8.91584910882881575e-03,1.08765630856016263e-04
asteroid_1535,2.97476978535115858e-12,1.38980384014094871e+00,-1.68280456253623178e+00,7.81775960026788591e-02,8.97496557249037596e-03,7.38010526096369475e-03,-6.92868742481197748e-04
asteroid_1536,1.62541189051129148e-11,2.57518761290048470e+00,6.89556064193413865e-01,2.47208450131759322e-01,-2.72051453794874311e-03,1.01549491628486945e-02,1.38691133790671302e-05
asteroid_1537,3.15413559882074055e-11,-2.09373900638658617e+00,-2.10280838144639270e+00,6.54116639420732504e-01,6.71293941648815236e-03,-7.10527430304733199e-03,-1.35432612430845685e-03
asteroid_1538,7.37786791448369950e-11,2.29721676394015639e-01,2.98831637109151416e+00,5.22299063404262492e-02,-9.84648665324749234e-03,7.37631601821774475e-04,1.10424913728416870e-03
asteroid_1539,8.99430473981213273e-11,-2.88689489652727449e+00,-1.06788739941073585e+00,8.85113923370149831e-03,3.39706353140014272e-03,-9.17863236616545120e-03,5.89700849636158055e-04
asteroid_1540,6.66532113533646133e-11,2.75743836178109047e-01,-2.60379138094972928e+00,-3.20457314483239164e-01,1.04815911361569609e-02,1.22157149336705301e-03,-9.06464491150903964e-04
asteroid_1541,7.27795774185376875e-11,-2.61554668246863153e+00,-1.60668924871762364e+00,3.04376345402962878e-01,5.09128074126809996e-03,-8.35881121052113769e-03,-3.72991046706142894e-04
asteroid_1542,2.89843848449516772e-11,2.19147816453648359e+00,9.50719898350017023e-01,-2.03947942319946431e-02,-4.42816462467615288e-03,1.02100050295053247e-02,1.28898572051161958e-04
asteroid_1543,9.75378971173349117e-11,6.73726406180794601e-01,2.41269317235631897e+00,-3.75439677439664110e-01,-1.01874165026426804e-02,3.12607704295598046e-03,1.80783563909925598e-03
asteroid_1544,4.07793444574521428e-11,-1.28772793816974307e+00,1.91972771385093810e+00,-4.49707860004831556e-03,-9.39594479266290389e-03,-6.30277125368054313e-03,-4.09231764421499270e-05
asteroid_1545,9.12922512243660618e-11,-2.43052014028745855e+00,9.26152835444503886e-01,5.61814058213185974e-01,-3.94582307858900704e-03,-9.72375671298261399e-03,-1.04076714185459399e-03
asteroid_1546,7.79276349400763296e-11,-2.54441476696652202e+00,7.31125296046407774e-02,-3.57679315484354110e-01,-5.33103463815913893e-04,-1.05918652535099602e-02,1.62726285401890527e-03
asteroid_1547,3.67329828635599008e-11,5.88660642211871865e-01,-2.31500854157132885e+00,4.55283219631444150e-02,1.07854833458379609e-02,2.74374937063469326e-03,6.18005650664739566e-05
asteroid_1548,3.43200945200737578e-11,1.62706862026745158e+00,2.49262406645429557e+00,-3.90254584685402417e-01,-8.33175086206681091e-03,5.22680186161296988e-03,-1.35265103710731165e-03
asteroid_1549,6.79513056815853144e-11,2.46544339677569058e+00,-2.34972928642268930e-01,-2.00457191841304757e-03,1.01426094786119243e-03,1.06607830542196653e-02,-2.19122063802765958e-03
asteroid_1550,9.40477252907061893e-11,1.85365064125831691e+00,1.56222475585957654e+00,1.24639110811279472e-01,-6.97192784788339039e-03,8.40323293268266727e-03,-1.63849043310960053e-03
asteroid_1551,6.72377228193974459e-11,-1.58786468237285971e+00,-1.56831077221087001e+00,-3.36815707872116843e-01,8.01889022759906013e-03,-8.16981089626590308e-03,2.37191584130281701e-04
asteroid_1552,8.57441285060567534e-11,-8.65630928121273874e-02,2.62509131000124540e+00,1.88860266005854358e-02,-1.06077432889914534e-02,-3.50620939005532348e-04,1.15054017537148627e-04
asteroid_1553,9.66286188096879886e-11,1.72133573125713513e+00,1.76206238847070829e+00,3.54297090668753700e-02,-7.83897546785493338e-03,7.65911066691814593e-03,-6.55457271768083619e-05
asteroid_1554,3.30069628674890932e-11,-1.55539294699303809e+00,1.95813854065773785e+00,4.62540006421613970e-01,-8.49947701764881998e-03,-6.61800019639893766e-03,-5.64416820397566164e-04
asteroid_1555,5.38537675891137446e-11,-9.49728438943208797e-01,-2.18487492652685145e+00,6.29605493392091514e-02,1.02198836486054549e-02,-4.43980977363015762e-03,9.02960802845906524e-05
asteroid_1556,6.09147226851372078e-11,2.85831165860930803e+00,-9.58954658752033340e-01,7.36828865681789236e-02,3.15873040438992064e-03,9.37065891008473026e-03,-5.78138640510293201e-04
asteroid_1557,2.17254938009466132e-11,-1.72675708506560999e+00,-2.71129181939864683e+00,9.94408139371376204e-02,8.00555913977036258e-03,-5.14305397965939600e-03,-1.21342749006694145e-03
asteroid_1558,7.97569012278717852e-11,-2.85418093709781495e-01,2.68035891371944768e+00,1.04005628285805715e-01,-1.04121124310171936e-02,-1.11643870558362189e-03,1.98558048443943320e-04
asteroid_1559,2.61831928635199634e-11,2.82607373858606614e+00,-3.79381193829693930e-01,-3.39783501311339831e-01,1.53235434934619833e-03,9.88933360913089345e-03,1.70319980767094604e-03
asteroid_1560,7.06903955494883185e-11,-2.90264683167642923e-01,-3.06404617367473220e+00,-6.25122471141930425e-01,9.65368491080739050e-03,-7.83194705956581465e-04,-6.43680348383822215e-04
asteroid_1561,5.23871824226684855e-11,4.56827296191283205e-01,3.21151768008392402e+00,-5.98494538056728254e-01,-9.33456771137943994e-03,1.11231376319894369e-03,-1.15635142575726377e-03
asteroid_1562,8.36687383562253070e-11,-2.34676417221703071e+00,-1.59268754428671522e+00,1.36731942712837486e-02,5.73506778758781002e-03,-8.45145947718350596e-03,-1.23060579235264521e-04
asteroid_1563,5.11603906083569736e-11,-2.18014797505005831e+00,-2.27561789874374210e+00,-3.21037841745467400e-01,6.93912665990809290e-03,-6.71231475617863321e-03,4.55836184767769218e-04
asteroid_1564,5.86708635709648461e-11,-6.92086100935825566e-01,3.07924335087990020e+00,4.66349717931348329e-01,-9.31719243497216611e-03,-1.85447894742454605e-03,-1.58230483993451266e-03
asteroid_1565,1.81154226695308816e-11,3.02417309891121500e+00,-2.86040348024235946e-01,-2.71077377422947463e-01,8.97813389422882414e-04,9.80379586255308161e-03,-3.28828916657218911e-04
asteroid_1566,8.08205942073776100e-11,2.61114007100783363e+00,-1.87889036982971908e-01,-4.30904405228798915e-01,8.94605049681783133e-04,1.04888098851505570e-02,8.47535323612506322e-04
asteroid_1567,4.02184154065995644e-11,-6.01574217167512471e-01,-2.08843854089094050e+00,3.24087771548360160e-01,1.11199243420191836e-02,-3.28068515498194414e-03,-5.00017437889415002e-04
asteroid_1568,5.79786504198067487e-11,1.85086979339233948e+00,-1.03066083957461241e+00,4.51550166938210276e-02,5.70737677226663791e-03,1.02950410144917320e-02,1.04272684634336161e-03
asteroid_1569,8.46074160253903997e-11,1.63600092136728303e+00,2.10456836798044611e+00,-1.93136225166488706e-01,-8.30853907605293499e-03,6.45651992453327283e-03,-2.37655221152703098e-05
asteroid_1570,4.79441212189983731e-11,1.69257280341736283e+00,2.09261269296520958e+00,9.68201786755350929e-02,-8.07582563941306938e-03,6.45137808525874084e-03,1.74227290621378913e-03
asteroid_1571,2.74537197820984526e-11,-5.60704683362671097e-01,-2.52578683713055474e+00,-8.98725315543124625e-02,1.04374350711254806e-02,-2.31540817892193686e-03,-4.55225383956349550e-05
asteroid_1572,2.65480884234899032e-11,-2.75650251472010810e+00,3.65140627526963080e-01,-8.23530160053200511e-02,-1.38779080591876756e-03,-9.96184472786010647e-03,2.28254677583849793e-03
asteroid_1573,5.66369374384493393e-11,1.28978593609043513e-01,-2.75134839427269862e+00,2.13023514437818445e-01,1.02560870273777915e-02,3.77370690064236358e-04,-1.33570906160401250e-03
asteroid_1574,2.91274935216959372e-11,3.10235917678039508e+00,8.01418498797453471e-02,5.79770365100622936e-02,-2.56169589897408420e-04,9.75812175109440870e-03,2.18985831461161197e-04
asteroid_1575,3.38616069439313557e-11,-1.98327748052284658e+00,1.02038269249080749e+00,7.90972354890680067e-03,-5.18714056228133068e-03,-1.00656906321749690e-02,-2.10912003913092975e-03
asteroid_1576,2.34881681736247131e-11,1.83473699969623349e+00,1.49053386884499073e+00,-1.73088237711120335e-01,-7.07372329679915261e-03,8.59597894029627031e-03,-9.58032238663839063e-04
asteroid_1577,4.46342206719136207e-11,2.10103759951570757e+00,-2.21220258069729825e+00,-6.40294660049738756e-02,7.12457404912948331e-03,6.78055514481156005e-03,-4.83584107278924957e-04
asteroid_1578,4.66135583169869328e-11,-2.90743194730469323e+00,-1.06752680337806072e+00,3.54168315351173602e-01,3.50522387491852350e-03,-8.83050214950968117e-03,2.15830189029236723e-03
asteroid_1579,5.25967919665721589e-11,3.12947501768638903e+00,-8.22418914478874385e-01,-6.15678154949908962e-01,2.38840152791156392e-03,9.17183511474193441e-03,-1.11499432763908582e-04
asteroid_1580,5.92895314641040326e-11,1.25683775494493988e+00,-2.85553657256682802e+00,4.15921702123645598e-01,8.88721257235645587e-03,3.79823403311576203e-03,-7.78483312545712354e-04
asteroid_1581,5.87946206208192277e-11,-5.08341204311355405e-02,-3.16643960527270707e+00,-8.08224202814138981e-02,9.42993525413167444e-03,-9.73807022941951896e-05,-2.11590238497294915e-03
asteroid_1582,3.67315165528361214e-11,9.41015953204839412e-02,2.46330751985017127e+00,-2.44678664933827505e-01,-1.08683325851548183e-02,3.04574286779966421e-04,-1.11357197339727993e-03
asteroid_1583,9.00688990637285630e-11,1.82377908400575617e+00,1.81388213119109998e+00,2.24397594805586270e-01,-7.47717737978066243e-03,7.61836139122540248e-03,-8.11460942853457160e-04
asteroid_1584,5.11705360352421870e-11,-2.30211364287921061e+00,7.51461875820000014e-01,1.47990029543967685e-02,-3.42917359809743289e-03,-1.04946095432561018e-02,-5.43844111146327093e-04
asteroid_1585,8.32132918244784293e-11,5.82948794842028661e-01,-2.76650323547896537e+00,-4.14972327543779856e-02,1.00043424667751457e-02,2.10234925039188593e-03,3.82275632003321159e-04
asteroid_1586,5.57422952903567379e-11,1.96342237107071460e+00,2.55690098747905026e+00,1.34018014675715114e-01,-7.57899407998405619e-03,5.76717687142082325e-03,1.00483722040517194e-03
asteroid_1587,3.70676135591171862e-11,2.29834751233506296e+00,9.89134183973991332e-01,-2.39252413153614452e-01,-4.20989834673250133e-03,9.96993560493241240e-03,7.76563646790197652e-04
asteroid_1588,7.38674170638840644e-11,7.13882809589694411e-01,-2.62232671621361924e+00,5.27090435043788719e-01,9.98144271254634494e-03,2.69134331782987408e-03,-1.29007999428477335e-04
asteroid_1589,1.77042386460277173e-11,1.79687949342700520e-01,2.44873414565192959e+00,-3.44392293001407127e-02,-1.08746673174568223e-02,8.15679201377942677e-04,1.25829883928863938e-03
asteroid_1590,9.69683352104058392e-11,4.91719816761277517e-01,-2.22273851712869730e+00,-3.53489885096373413e-01,1.10711686026843427e-02,2.41417655629953777e-03,2.20175402721454002e-04
asteroid_1591,5.72345330535415708e-11,-1.30177780132601795e+00,-1.91400335035271585e+00,-3.00933620940317226e-01,9.02334752826247470e-03,-6.44438902580609253e-03,1.95454625039620912e-03
asteroid_1592,1.04255252676790485e-11,1.95109748976298447e+00,-9.14622638716600878e-01,-2.52118197108185671e-01,4.53928915316645538e-03,1.04217594014066606e-02,-2.67882849980431454e-03
asteroid_1593,4.21416129078948572e-11,-3.15005849180742192e+00,-7.52868593082151483e-01,4.92700048757893638e-02,2.20240368715280679e-03,-9.26690942080842829e-03,-7.92868213806394097e-04
asteroid_1594,7.12566995872835611e-11,2.34906345482345591e+00,-1.03794652144610922e+00,2.80731865663805202e-01,4.45219760769425491e-03,9.47644132586707329e-03,-2.21725945696717120e-03
asteroid_1595,6.82029065147596505e-12,-3.09234472216334755e+00,-1.87672369264029693e-01,-1.34326210313031158e-01,6.65821244688793133e-04,-9.53810640280181032e-03,-2.00191596550465187e-03
asteroid_1596,2.61454324003384023e-11,-4.84516175054499509e-01,-2.87704667617524867e+00,1.44646495856084849e-02,9.92976104648514435e-03,-1.67138025260209514e-03,1.72201964492804904e-04
asteroid_1597,9.24381728595381709e-11,-1.73033560759816085e+00,-1.55994267985919155e+00,5.32986726638164932e-02,7.50240330818845776e-03,-8.35435916632519190e-03,-9.50227035150461312e-04
asteroid_1598,3.56267360831057701e-11,-1.38744236740975446e+00,1.84417743318352412e+00,-1.12588963824365479e-01,-9.04916779795235382e-03,-6.78717397524510914e-03,3.41469635528052608e-04
asteroid_1599,1.59246712109707092e-11,2.63800834010374663e+00,-1.57828179961141202e+00,4.22713010982471438e-02,4.94146778900901064e-03,8.30471244848643431e-03,1.69247850986174557e-03
asteroid_1600,9.84728575838963626e-12,-2.41285894375303966e+00,8.04595285236047869e-02,1.29186301779751767e-01,-4.45015501712871058e-04,-1.09535038382063341e-02,-1.48967712723264761e-03
asteroid_1601,6.19100747809420565e-11,-1.32987789253880706e+00,2.88179357993898488e+00,-3.75149610109221876e-01,-8.69831022225692370e-03,-4.08164538387764241e-03,-5.19176857909246889e-04
asteroid_1602,5.58177317698419094e-11,1.03663010406722544e+00,2.01289021588932249e+00,1.33403858058097818e-01,-9.91137829122371375e-03,5.24789379276998768e-03,-2.16636133481444343e-03
asteroid_1603,6.47776855617079256e-11,1.28533286912953570e-01,-2.90922119871620843e+00,8.32990944635699365e-02,1.00333466607047082e-02,4.67043528250845404e-04,8.29707795963073396e-04
asteroid_1604,9.58040954691302241e-11,2.76222288538300642e+00,-1.32234055810734175e+00,-3.02882808141556825e-01,4.24915063103945521e-03,8.83580558623493252e-03,1.75503610102943375e-04
asteroid_1605,6.02122518185026820e-12,9.84685142435381633e-01,-2.14993925212449044e+00,-2.89043592550305650e-01,1.00545169499464248e-02,4.32166771634933267e-03,2.10767653274405997e-03
asteroid_1606,1.97751251079350164e-11,-2.36184961615101940e+00,2.41607612952835699e-01,5.24629006875709236e-01,-7.98000784105299234e-04,-1.09094363239353835e-02,1.43157357564410595e-03
asteroid_1607,2.33900941703925165e-11,1.95183755302380679e+00,2.58071924573901423e+00,3.75527294741041573e-01,-7.60585493832592260e-03,5.52262383740723291e-03,1.57925049818594490e-03
asteroid_1608,4.27146160541306631e-11,-2.28886513512436895e+00,-7.77671337961847509e-01,2.66971878005370367e-02,3.54720311867011417e-03,-1.04613933934706096e-02,-6.16403938872359916e-04
asteroid_1609,1.21114237277434958e-11,2.55017975265070618e+00,-5.82888628741409454e-01,-3.22806492858254300e-03,2.36845914502197734e-03,1.03639147723812667e-02,-3.13349784803815018e-04
asteroid_1610,4.09928935316934109e-11,-1.83051657171299320e+00,-1.87161063949474094e+00,-7.44426493923147081e-02,7.60070151536962162e-03,-7.41403666907524891e-03,-4.97297844514782276e-04
asteroid_1611,8.16213009259579064e-11,-1.01672518594502415e+00,2.17700633777095387e+00,-6.63831540634255840e-02,-9.98158010576584605e-03,-4.69787063253116876e-03,-1.18660002074016968e-03
asteroid_1612,1.63741461634539455e-11,-2.94863075347143822e+00,-6.81972627466455039e-01,-1.64753442504366049e-01,2.24106681314361613e-03,-9.61882946642903316e-03,-2.93166083287448205e-04
asteroid_1613,9.16588808330113922e-11,3.00568133082616118e+00,3.51185285214570098e-01,2.34808707908851118e-02,-1.13362713276844024e-03,9.54791247282060947e-03,2.30977567194344882e-03
asteroid_1614,9.11262289722861155e-11,-1.62323846224127832e+00,1.96685569501977575e+00,-1.39275518282626187e-01,-8.12425420580268481e-03,-6.83141550730114334e-03,-1.78643450597242817e-03
asteroid_1615,5.13035931872857361e-11,-2.63781620072858658e+00,1.62630198574289797e+00,1.42856762409236060e-01,-5.13840463839530977e-03,-8.24970062527710137e-03,-9.63640013002195006e-04
asteroid_1616,8.60171542313768178e-11,-2.27074593298725480e+00,-6.26747140617206266e-01,-1.32640402792806606e-02,2.97870407111896574e-03,-1.07751040093248176e-02,-8.00248426961318012e-04
asteroid_1617,7.11529664809127794e-11,-5.67302067548671629e-01,2.02538812180084804e+00,-8.77446679977835903e-02,-1.13578019646392355e-02,-3.22767057009031152e-03,-1.07107472788271004e-03
asteroid_1618,3.56802781098453060e-11,-5.90240594125584939e-01,-2.70098020085500901e+00,-3.38791682726057919e-01,1.00730512536119192e-02,-2.16807880809240195e-03,-2.64427453819463258e-04
asteroid_1619,5.61795323240117397e-11,-1.99927753152156717e-01,-3.27964194535997722e+00,-2.17080783073331007e-01,9.31099695876029185e-03,-6.76592854517478102e-04,1.64664784682531169e-03
asteroid_1620,1.16704893868392850e-11,8.33069530227877442e-01,-1.97755254656145829e+00,4.68921740140811824e-02,1.08211527950755372e-02,4.55622626987224350e-03,-9.80080987545541092e-05
asteroid_1621,4.95812796461544942e-11,-8.27167155333316417e-01,-2.14460674162800347e+00,-4.86893949923191793e-01,1.03754822109184391e-02,-4.19302616163302021e-03,8.42347842910408265e-04
asteroid_1622,8.29996055314646381e-11,-1.18658167379717105e+00,-2.45047366107624187e+00,-1.68769317472655181e-02,9.37700295749884991e-03,-4.54293898816419614e-03,3.42033134289495102e-04
asteroid_1623,5.85281473692752297e-11,-1.39293956080650783e+00,2.73763285503779041e+00,4.28111863427364653e-02,-8.72349968012134380e-03,-4.44893646655863343e-03,6.59800162428939864e-04
asteroid_1624,3.82092410605513118e-11,2.13375098065751656e+00,-3.66973052789039203e-02,-5.62093208630236374e-01,3.07945934826685253e-04,1.15681464413302272e-02,4.13739457062823127e-04
asteroid_1625,6.63593284972451017e-11,2.37092327063679731e+00,-1.00108079400688976e+00,5.90403673280457952e-02,4.17636546260277079e-03,9.86321774204525215e-03,-4.73645652369417895e-04
asteroid_1626,9.76857758177040031e-11,-2.84803560224805263e+00,-9.28754434085953262e-01,7.11792623230275284e-02,3.08336969873844371e-03,-9.44628196162037616e-03,1.16191417962790178e-04
asteroid_1627,6.75747811351967592e-12,-9.44522351281607692e-02,2.53692335049853046e+00,-1.90945886494667788e-01,-1.06580428624139020e-02,-2.76315906059692565e-04,1.60089175976187853e-03
asteroid_1628,3.30431285982471392e-11,2.30982081330341193e+00,-1.68709639581900800e-01,-2.22147847311027213e-01,8.61860410120856321e-04,1.12365724750365624e-02,4.27755759104879853e-04
asteroid_1629,1.56023667516591119e-11,-2.19752508065270202e+00,7.87483060432444204e-01,-3.29807549266543792e-02,-3.79431373221810614e-03,-1.05974623522285781e-02,-2.18991213281275105e-04
asteroid_1630,9.56951822720957639e-11,2.53721420630810446e+00,5.30383390069939287e-01,2.24230115857580736e-03,-2.18626819438929101e-03,1.04585510146646063e-02,-4.91493887762627630e-06
asteroid_1631,5.45947277453080242e-11,-1.34769627348156229e+00,-2.31055490090886240e+00,4.77861368795402530e-02,9.08315319989236834e-03,-5.30029045830398941e-03,-1.10500158885039053e-04
asteroid_1632,1.29756167167287857e-11,2.07719614683088505e+00,2.33249885484975916e+00,-2.60331742582797732e-01,-7.15518559775305246e-03,6.48938565639391868e-03,1.05158385984266260e-03
asteroid_1633,6.12208841478881864e-11,-1.84656613688659710e-01,2.86189259589880818e+00,1.28093160350488178e-01,-1.01221556973917892e-02,-6.71613250260361854e-04,4.13464651609888169e-04
asteroid_1634,5.00470147953397161e-11,-1.42386728697064324e+00,-2.55044367712503250e+00,-2.09398773483122969e-01,8.68426443273600732e-03,-4.69221033362268291e-03,-1.90078410406181644e-03
asteroid_1635,5.94145372421954704e-12,-7.25130811324180669e-01,3.13725997793530942e+00,-6.22463110711503953e-01,-9.14157396081000800e-03,-2.33218719797479270e-03,-1.10503032620039320e-03
asteroid_1636,8.64528212419004424e-11,-5.47572909095963678e-01,2.53424898355330619e+00,8.76502454041114959e-02,-1.04364244929824879e-02,-2.26133843458926290e-03,1.83585443154045088e-04
asteroid_1637,7.09225342752668004e-11,8.99675458277235829e-01,2.41174464926827614e+00,2.26403366424959562e-01,-1.00289486996955265e-02,3.73176919650479357e-03,1.00372294907471104e-04
asteroid_1638,5.33827144872960917e-13,1.54978214285404103e+00,-2.80856421123457523e+00,-3.88761526556978612e-02,8.40135035443060826e-03,4.64075321118215256e-03,-3.49587755287047042e-04
asteroid_1639,9.59676284711714279e-11,-2.98161173634547305e-01,-2.37016661442852206e+00,-1.72273071201856642e-01,1.10280846014872216e-02,-1.37018530938861662e-03,-2.35551450636457073e-04
asteroid_1640,1.59352209478213042e-11,-2.00682476401325749e+00,-2.18956259302439848e+00,-1.83647711986443973e-01,7.34661408477923182e-03,-6.74216588793882278e-03,1.03606775203516461e-04
asteroid_1641,3.61980880352283161e-14,-5.97152101870091490e-02,2.97683630734730054e+00,-4.09678414949984082e-01,-9.80648515824141150e-03,1.15430001916891763e-05,1.51327949402019603e-03
asteroid_1642,4.27328827442648942e-11,1.88947531412082892e+00,-1.15726725745642800e+00,-8.50707258240321618e-02,5.98255301360447068e-03,9.83717964694030833e-03,-9.44621968574800314e-04
asteroid_1643,1.40868387142833629e-11,1.93980446111311267e+00,-1.79022390010917110e+00,-3.43292673646345192e-01,7.16067057993630043e-03,7.73820280354898214e-03,1.08319039616269294e-04
asteroid_1644,5.70190914192722221e-11,-1.72683119157812648e-01,-2.32611720343383377e+00,1.95239828845141045e-01,1.10881964367924874e-02,-6.77415877667633887e-04,1.73630360988915418e-03
asteroid_1645,3.11498472231617028e-11,-3.97311247896209196e-01,2.27486567016820196e+00,-2.46790352432506077e-01,-1.09631248898430910e-02,-1.68782622086040236e-03,2.09163323725006321e-03
asteroid_1646,1.85259568745605500e-11,2.24570142206280288e+00,1.40390702362687469e+00,2.08231726230991843e-01,-5.58892270877870551e-03,8.95236926266863332e-03,-8.28039577373583058e-05
asteroid_1647,9.85346438964526651e-11,1.93237508478098374e+00,-1.49582025950044861e+00,1.33424768590231724e-01,6.73317019103796943e-03,8.69335284271485938e-03,-5.48399949304456284e-05
asteroid_1648,3.32795743268269958e-11,1.69533744591963220e+00,2.42339931569274203e+00,7.66587879784197290e-01,-8.00717304230246819e-03,5.71121812491462433e-03,-3.46603185522954165e-04
asteroid_1649,4.14791791398163029e-11,2.65706321460773598e+00,1.76298887395623294e+00,4.90827512911097830e-02,-5.29744556067064404e-03,8.00603686302604409e-03,-7.92665087631390223e-04
asteroid_1650,2.94310714759169436e-11,2.90667429919376685e+00,8.06385658751768042e-01,5.33458031565530288e-01,-2.60220132040310222e-03,9.47667584690064374e-03,-1.46410385849755686e-04
asteroid_1651,8.37003282426538086e-11,-1.73517090713977096e+00,1.63988035852620762e+00,-3.90745726808865823e-01,-7.48300916604859381e-03,-8.10556432402852883e-03,-7.87867674130628853e-04
asteroid_1652,1.96864399327429383e-11,-1.39815529582433440e+00,1.97443847370680947e+00,-2.15887343889421962e-01,-9.01898367681696136e-03,-6.26530226235743129e-03,1.10930983808250677e-03
asteroid_1653,1.27744762198260803e-11,3.80850895515000398e-01,2.37511587323122830e+00,-3.23214370295279232e-02,-1.09336932174569617e-02,1.74443225602698647e-03,-6.45952470165209918e-04
asteroid_1654,8.81469613514127011e-11,1.45708819555330371e+00,-1.72842580954857539e+00,7.93033998359968517e-02,8.74104568606552841e-03,7.37507745113884488e-03,1.36182408726806244e-04
asteroid_1655,1.83441430498461157e-11,-3.21421288210436762e+00,3.38499339349501660e-01,6.07061684816148014e-02,-1.01658359837634147e-03,-9.43715789113291383e-03,-1.20324487574839591e-03
asteroid_1656,8.57952214614701222e-11,2.65935699545076176e-01,-2.56472281352420284e+00,1.43391416381314502e-01,1.05611275626582585e-02,1.16764934189280225e-03,1.29795816015759063e-03
asteroid_1657,5.78219943380219689e-11,-2.31901188153069437e+00,1.17301424988294475e-01,4.72819351428892531e-01,-5.07655618364361754e-04,-1.11598245391349923e-02,2.78761666477449655e-04
asteroid_1658,8.23389370087107907e-11,-9.35515482149529620e-01,-2.93214595353227336e+00,4.86641216905610297e-01,9.28367118976106825e-03,-2.80231580734572336e-03,9.62144507931298647e-04
asteroid_1659,7.02510542668482789e-12,-1.39138597727912205e-01,2.52772822262766317e+00,4.92593879037685201e-01,-1.05708595525075954e-02,-8.73036466952456080e-04,1.49409964943545358e-03
asteroid_1660,9.63624547416461163e-11,-9.21247503316207084e-01,-1.88106295197581974e+00,-4.49076530826101883e-01,1.06022744467499045e-02,-4.80288982337633615e-03,-1.63175027877467864e-03
asteroid_1661,2.99832731877372077e-11,2.27063632735528564e+00,3.28175707462427468e-01,2.14707222993727811e-02,-1.61507747957668796e-03,1.10341111150371231e-02,2.14833830835989975e-03
asteroid_1662,5.87210843014617211e-12,2.50355606471438774e+00,1.39705219955505799e+00,-2.67756336016209649e-02,-4.94825008505987447e-03,8.87085061577878344e-03,1.80008981100809239e-04
asteroid_1663,7.64909304817096050e-11,-6.08001903392358711e-01,2.96072522518688208e+00,3.20806749661135371e-01,-9.66661556891813475e-03,-1.97637555716007399e-03,-8.04711832437825974e-05
asteroid_1664,1.78535894435598054e-11,3.66311714095448882e-01,2.31518830407606657e+00,2.07119622838562001e-01,-1.09988564197416802e-02,1.60776042414906522e-03,1.48098868786616066e-03
asteroid_1665,3.51176763553276847e-11,2.82081957810089046e+00,-1.46625534349273678e+00,3.72385641718671390e-01,4.51232924433440149e-03,8.43491737768839803e-03,-9.68683960626067538e-04
asteroid_1666,5.94696795471680115e-11,2.79034627993039752e+00,-1.39830697790570802e+00,-2.39395130923263505e-02,4.35437399140733462e-03,8.69704183747888396e-03,-4.56275785282074791e-04
asteroid_1667,6.87095310207146593e-12,3.00748554089175624e+00,8.03400120803736684e-01,1.78487616510514396e-01,-2.56506008069726709e-03,9.29736045105156866e-03,1.37197526345214952e-03
asteroid_1668,2.02013361510756573e-11,-1.36660109958430165e+00,-1.93176210934525328e+00,-1.80951341962908741e-01,9.07940099700404665e-03,-6.47586189620888431e-03,5.63163827750885727e-04
asteroid_1669,4.89123325798927755e-11,-1.91977460884890339e+00,9.73315770062734065e-01,1.88416670750878007e-01,-5.30570807153098352e-03,-1.04293388902561984e-02,-1.84291678313555147e-04
asteroid_1670,4.21960780081903916e-11,2.00868993826588316e+00,2.32022931901753493e+00,-6.68584517869566630e-01,-7.38769294579145423e-03,6.28352075390645106e-03,-3.89442771079871004e-04
asteroid_1671,5.57617631766814036e-11,2.29608819521368979e+00,-9.02002296319922681e-01,-1.62435564872612619e-02,3.97285773909115177e-03,1.01347948355470577e-02,-1.20518301638875740e-03
asteroid_1672,7.28659991961248206e-11,-2.80894057109944262e+00,3.46273618828127294e-01,2.66249490448495052e-01,-1.14580576450413313e-03,-1.00858264535232823e-02,1.02894216232007917e-03
asteroid_1673,3.53056973255826023e-11,1.67183059371464871e+00,2.47723203136894821e+00,-3.74444307146566457e-01,-8.24469414347253800e-03,5.44712337989433377e-03,-7.74329810470209641e-04
asteroid_1674,4.04465253874501037e-11,1.87492667155344583e+00,1.24135030830228299e+00,1.54914821530181879e-01,-6.18621054314237237e-03,9.52918662877881226e-03,-1.48705988262669807e-03
asteroid_1675,2.72454123611857817e-11,1.45267691786588493e+00,2.66686018690813276e+00,-3.14978449855457601e-02,-8.65801234532177083e-03,4.70975524051041837e-03,-5.40860736836425203e-04
asteroid_1676,3.39763035725069469e-11,-1.98292705843052253e+00,-2.49694820017026986e+00,4.91635161639263130e-01,7.46334795340614435e-03,-5.99241749158888840e-03,-3.32525986252713739e-04
asteroid_1677,5.11240700944327634e-12,2.96122123962451145e+00,1.23513362299859195e-01,2.46751651134321237e-01,-3.92490037723130668e-04,9.96329686247675143e-03,-2.77001019912830146e-04
asteroid_1678,5.80166120226125906e-11,-6.46892451415032044e-01,2.54865226773701714e+00,2.15966953671325367e-04,-1.01314514092076154e-02,-2.57169268526051932e-03,1.81025712814413334e-03
asteroid_1679,1.72861447533492527e-11,1.03130158925120008e+00,-2.97842506827834308e+00,-2.43295885187322647e-02,9.15038154358222694e-03,3.16543117215925627e-03,3.61842251281498236e-04
asteroid_1680,7.16315109111655478e-11,-2.04706238241086158e+00,1.77832676493661079e+00,3.40735394970185290e-01,-6.86838185514164045e-03,-7.45749701485726776e-03,-2.34240291592854389e-03
asteroid_1681,4.22892468913446971e-12,-6.51079107748785690e-02,2.98889200417466716e+00,-1.57084696320140271e-01,-9.75297720336282953e-03,-1.11205037954107959e-04,1.92645195789322766e-03
asteroid_1682,5.99699514559857683e-12,-8.48801875514673565e-01,2.96545337398412157e+00,-2.05627216786635723e-02,-9.35847412989031756e-03,-2.68606680795814741e-03,-1.06578717264531960e-03
asteroid_1683,2.84760963609453590e-11,-6.96943260530771713e-01,2.91686703641991718e+00,3.87038852721552154e-02,-9.63404386820532373e-03,-2.29166846560901853e-03,-7.72267167892130521e-04
asteroid_1684,4.38460404671972751e-11,1.85441447826580164e+00,-1.58701589480658511e+00,1.50449614254375835e-01,7.17061022947123369e-03,8.29480393286035657e-03,-8.85995902610844889e-04
asteroid_1685,6.93638991285602706e-11,-1.77064904919734878e+00,1.31732091872523638e+00,3.91661012360214333e-01,-6.95388758455614108e-03,-9.11285064343851127e-03,-7.87276875329398105e-04
asteroid_1686,6.92214187052117962e-11,-2.13970796027895060e+00,-9.77312760575354322e-01,-3.99418786880700483e-01,4.56625748313308800e-03,-1.01503169095412751e-02,3.74486026066580418e-04
asteroid_1687,9.73381746695821194e-11,2.52730063577318775e+00,8.75303888728041990e-01,-3.94000117270155992e-01,-3.56321763268965894e-03,9.76877904957138866e-03,-1.15398924606965794e-03
asteroid_1688,3.51709322170228292e-11,3.46935653766707486e-01,2.68261843880984996e+00,8.61888535190517835e-02,-1.01055274751500404e-02,1.23017591307920016e-03,2.38865219151673889e-03
asteroid_1689,5.94450316221707815e-12,5.01724034655129172e-02,-2.78854207631752615e+00,2.38508971524030916e-01,1.02427495909761107e-02,2.57563811973201824e-04,8.56672856554378153e-04
asteroid_1690,8.61278264634538807e-11,5.89932120089721942e-02,-2.54041223321634568e+00,4.11011694275877359e-01,1.06946465691267079e-02,1.26736236471132485e-04,-7.51679991574845342e-04
asteroid_1691,7.30664604238727926e-11,-2.87950541871067811e+00,-9.84908624673199062e-01,7.73388239942192496e-02,3.14381416711549287e-03,-9.27843229531267848e-03,-1.10912032329012048e-03
asteroid_1692,6.82151143065044784e-12,-1.53204040509909101e-01,3.14855947579266937e+00,5.25490554121499254e-01,-9.61014579629901854e-03,-4.27940426978956070e-04,-2.37715556375333713e-04
asteroid_1693,8.34301050744990515e-12,-2.33926078548872418e+00,-4.29788433676806803e-01,2.90331934498520794e-01,1.97238495928865566e-03,-1.09326730245525860e-02,-2.92126410819751239e-04
asteroid_1694,4.76688311032032335e-11,8.24536564485949142e-01,-2.80650635870229781e+00,5.88973868618014040e-01,9.56974190606616447e-03,2.72252319928622394e-03,-4.24167279814799078e-04
asteroid_1695,3.41710785965156946e-11,-1.27809336498403803e+00,-2.61827145601441469e+00,2.62917095410954626e-04,9.05645826505294994e-03,-4.42085390010050518e-03,1.38483801111710920e-05
asteroid_1696,5.96412409711345109e-11,2.23298097526988215e+00,1.56649175031593790e+00,-1.71394886408584406e-02,-5.96922913024758826e-03,8.51532636541857055e-03,5.84230837696758242e-04
asteroid_1697,2.19238998342543273e-11,2.30537468029448833e+00,2.55139250799421013e-01,1.77557820346650380e-01,-1.22886253578604557e-03,1.12103889577334706e-02,-1.53311547919690518e-04
asteroid_1698,9.59343190702297445e-11,1.91093234751160623e+00,-2.26823635231699683e+00,7.29424330173272129e-01,7.43055636453659931e-03,6.43291430491440500e-03,5.37519170292154159e-04
asteroid_1699,5.12183836270060408e-11,8.17757694107901556e-01,-3.12118333863756048e+00,4.12164432273148418e-01,9.23149752716576934e-03,2.37051982034367685e-03,-3.64663110259548550e-04
asteroid_1700,7.50743763026697530e-11,-2.16233213612156838e+00,-2.02458958553675883e+00,1.54014713765296296e-01,6.83499449348841642e-03,-7.23934528695478492e-03,7.97489839820489594e-04
asteroid_1701,1.25871897829998261e-11,2.08460614485225737e-01,-3.17877201802069242e+00,-3.17992852679326754e-01,9.58948801421060336e-03,5.94244801747400306e-04,3.46114120065299459e-04
asteroid_1702,6.16963349128394247e-11,1.07962993781012262e+00,3.07518619554302886e+00,3.77804858267232591e-01,-8.94815684490749517e-03,3.17164290875265788e-03,-2.45350132951025163e-04
asteroid_1703,8.65193272470496082e-11,-7.85325323592788505e-01,-2.37802920009355478e+00,-3.01744582398036088e-01,1.01709794334801460e-02,-3.09658273694559142e-03,-2.06719053887880139e-03
asteroid_1704,2.30883332808335478e-12,1.51815641526917711e+00,2.32954096925861132e+00,-6.94003512329519734e-01,-8.41539550510321359e-03,5.66336892981950547e-03,6.01096774770960244e-04
asteroid_1705,5.40032196741640362e-11,-2.64466438800319548e+00,-3.57091182112981298e-01,1.72854129290649292e-02,1.38958346157784670e-03,-1.01797531599985801e-02,2.30725211104606653e-03
asteroid_1706,2.46836947707186619e-11,-2.04406938529584581e+00,-2.47146893942815105e+00,-7.05676103383117481e-01,7.36192016599634350e-03,-5.98054179899830569e-03,-3.79143249780571903e-04
asteroid_1707,4.78440958765068772e-11,-3.29144107519687368e-01,2.18773580679517599e+00,3.06512062920068183e-02,-1.14227344890396598e-02,-1.71041244589510352e-03,-5.80570839103180364e-04
asteroid_1708,8.16013530038721944e-11,2.19364931558823040e+00,1.37504072595440929e+00,-1.74389423303239199e-01,-5.68300743523180146e-03,9.03844441464610529e-03,-2.19601628585688722e-04
asteroid_1709,6.90101692203934499e-11,2.96230599209143586e+00,9.86229167508471893e-01,4.22694728403357034e-01,-3.14933469885561156e-03,9.13371815141236602e-03,7.60250315897877918e-04
asteroid_1710,7.54523679886919163e-11,-4.89894505049621065e-01,-2.36474302184440877e+00,3.54681591446517785e-01,1.07073935171499504e-02,-2.36686669101506550e-03,-9.91137550512401948e-04
asteroid_1711,2.11761683672450692e-11,2.94081238513387211e+00,7.74657857012773565e-01,-1.60290348982836145e-01,-2.50759099636442594e-03,9.53290525527939782e-03,6.47905333525041377e-05
asteroid_1712,8.32536677181927043e-11,-1.05863117753330904e+00,2.27988879160444657e+00,-4.81276755996945804e-01,-9.69901900356461531e-03,-4.61308177860485051e-03,-5.18681881108629746e-04
asteroid_1713,6.14030716904702995e-11,2.61920516847191287e+00,-1.96718242304523638e+00,-4.43268835746920206e-02,5.69512544486287364e-03,7.59360012230866823e-03,-4.80401197687357244e-04
asteroid_1714,6.93951871489315424e-12,-2.72787064284514402e+00,1.58178286966613624e+00,-2.09224865097742047e-01,-4.86357967393510546e-03,-8.36354528897972037e-03,1.81161755622084294e-04
asteroid_1715,8.62723077949529162e-11,2.21001820839991270e+00,1.07092974984582767e+00,-1.68305946098019854e-01,-4.80536278197666276e-03,9.84422253072279874e-03,-4.60283642248385900e-04
asteroid_1716,5.58496649203706120e-12,2.38457060870193871e+00,1.75128440628464688e+00,6.26740404739570156e-01,-5.71597004654251714e-03,8.04085506987637331e-03,-7.20696991047014147e-04
asteroid_1717,2.88677417399049333e-12,1.34075011962535307e+00,-2.09140528652791291e+00,-3.15547432163404862e-01,9.16240111631872432e-03,5.63949683753552609e-03,1.55291041356596339e-03
asteroid_1718,8.33763802827418927e-11,1.74197762209839868e+00,2.20955110509507380e+00,-2.80926823424824779e-01,-7.93463312998810011e-03,6.38103197655096391e-03,9.86957742429792669e-04
asteroid_1719,1.31224041887382820e-12,-7.35232170070190705e-01,-2.73329424419743683e+00,5.84515929302472315e-01,9.78475090353444869e-03,-2.48762099023545381e-03,6.75197178146307053e-04
asteroid_1720,8.85252508967046501e-12,-2.85595780787332920e+00,-1.04755827056330086e+00,-5.73006660355098396e-01,3.17292475539173932e-03,-9.19440611155570957e-03,9.94642777396580711e-04
asteroid_1721,1.70513063954304300e-12,2.09339101080845857e+00,3.55182299188813555e-01,-1.60164737277617014e-01,-1.90702327719918601e-03,1.16049974859393466e-02,8.10067842962121365e-04
asteroid_1722,8.80290714646570046e-11,1.34611885940983189e+00,1.90598201056580363e+00,3.80247865057840584e-01,-8.93528041251862373e-03,6.58764629288678683e-03,-1.38853073830100151e-03
asteroid_1723,4.47910189224865169e-12,2.87025928573700506e+00,-6.91003890448126490e-01,1.09644228303851593e-01,2.35485452525983994e-03,9.71926292173696908e-03,-3.92128041243034972e-04
asteroid_1724,3.72742546502657347e-11,-1.47219329828187129e+00,-2.35359457521534932e+00,-2.60908782518229493e-02,8.68412709729606859e-03,-5.41699895022951326e-03,-1.35274752038589134e-03
asteroid_1725,2.17070670699894078e-11,2.62143286392378660e-01,-2.68147555020015282e+00,-5.01845783858695035e-02,1.04266652970747466e-02,1.01447126677000395e-03,2.59051869764444329e-04
asteroid_1726,3.41726846736669367e-11,-6.60566783231293919e-01,-2.04920028061461013e+00,2.38908428585195592e-01,1.11159176086921083e-02,-3.60562861711497722e-03,-1.91911339494193702e-04
asteroid_1727,2.90663555204527798e-11,2.22407749619933615e+00,1.16301610434288016e+00,-2.02112977380915604e-01,-4.90830315141415306e-03,9.59271134437060524e-03,1.18760901621262722e-03
asteroid_1728,8.87882938618192802e-11,-1.50127214200136860e+00,-2.75569901808077722e+00,1.01861882764928188e-02,8.52515886091833285e-03,-4.64514729238172958e-03,-2.00696116016163952e-04
asteroid_1729,7.68728685097807129e-11,1.54293781877373792e+00,-1.47167369347143961e+00,1.43504756126296373e-01,8.02286778600778787e-03,8.52660908933282856e-03,1.18184354171082542e-03
asteroid_1730,8.85028374207984042e-11,1.44896838519967153e-01,2.53843584925050658e+00,4.11946359867586376e-01,-1.06775468193133147e-02,7.08595333658057578e-04,-6.10713055900466797e-04
asteroid_1731,7.20070611248284903e-11,-3.16171847043088583e+00,6.19328992911702958e-01,2.82621466851197989e-01,-1.71156503392323831e-03,-9.32309256540106955e-03,1.28289882680624758e-03
asteroid_1732,3.30415055401751571e-11,1.36330425363090701e+00,-1.67650099825116361e+00,-3.02119144459823581e-02,9.07904083523742092e-03,7.38237418450373318e-03,3.10241770816868586e-05
asteroid_1733,1.85926535044347164e-11,-1.32749515844145693e+00,-2.68969288381931682e+00,-3.45011194938119256e-02,8.90544675615926977e-03,-4.39245226893305012e-03,-2.19988290401134328e-04
asteroid_1734,5.29826502445946501e-11,2.28945757914842662e+00,-7.19356444606343626e-01,2.11760286323641994e-01,3.34583088482498080e-03,1.05615951343813238e-02,-2.95552833148218634e-04
asteroid_1735,3.56732687331682765e-11,1.65706705921915542e+00,2.58204589921580663e+00,-6.68080758232302618e-01,-8.10046903893043256e-03,5.32705821203093965e-03,4.96479502717203126e-04
asteroid_1736,6.43448656579266426e-11,-2.50363964999521338e+00,-1.53906421820787953e+00,5.78603099929709375e-01,5.36293088956023463e-03,-8.28757738028264995e-03,1.16095578082227356e-03
asteroid_1737,3.90286988514772719e-12,3.75783394517092584e-01,3.13643668864508740e+00,-1.58580752927803909e-01,-9.58074537105938623e-03,1.17898222810735513e-03,6.14942836096985640e-04
asteroid_1738,7.13010730639414953e-11,-9.39636067670339248e-01,-2.12017540551781680e+00,4.32826888860632697e-01,1.02631322041939511e-02,-4.46468617474287191e-03,4.10536798561936006e-04
asteroid_1739,2.99629221080097346e-11,-2.67349044689376170e+00,-5.23159137894401605e-01,-2.70074986986761079e-01,1.86844885433494435e-03,-1.01589169629624880e-02,1.18281993188010313e-03
asteroid_1740,4.62294280651541259e-11,-1.50002112814656186e+00,-2.57937628994247659e+00,5.55636440808699561e-01,8.55973886723088509e-03,-4.60144279111998969e-03,1.74743167656329955e-03
asteroid_1741,9.78616094371714711e-11,-1.28111965167837849e+00,-2.02336039211663321e+00,1.51991152123298395e-03,9.38863678276273712e-03,-5.94475683832475232e-03,-2.75307185419847470e-04
asteroid_1742,2.15653887066051762e-11,-2.37602093442772055e+00,-5.84553455787827289e-02,2.72033992232543105e-02,2.89812647440391795e-04,-1.10400984249202586e-02,1.58980678748532199e-03
asteroid_1743,1.17743817171622540e-11,-1.50637023223915989e+00,-1.48292949489194537e+00,2.82543377024521092e-01,8.32633106864635007e-03,-8.27953852086685781e-03,9.36370874007360580e-04
asteroid_1744,2.09892879449648815e-11,1.51645902835826374e+00,-2.86331207602766646e+00,2.56349978098899534e-01,8.43665926268194130e-03,4.45460740063676960e-03,-1.51811769829407185e-04
asteroid_1745,3.51568375300723754e-11,2.93438636730685642e+00,3.21554399997803220e-01,-2.00750448823859076e-02,-1.08985341960850485e-03,9.95199902831213866e-03,1.02518299596974260e-04
asteroid_1746,5.36281665942374864e-11,-1.49175893919781988e+00,2.44300498695655488e+00,3.57115220774119335e-02,-8.67675316621439527e-03,-5.29905890520184376e-03,5.60948555201289643e-05
asteroid_1747,9.80228213086584077e-11,-1.44329364561041773e+00,2.60000614807629216e+00,-3.37172681488197956e-01,-8.70803882839987428e-03,-4.78665249975723014e-03,3.64594124714338452e-04
asteroid_1748,8.69896394566815629e-11,-1.32134681525925290e+00,-2.37806014969068924e+00,3.08485548687021160e-01,8.91525017944241882e-03,-5.14349965469288340e-03,-1.46332341611643047e-03
asteroid_1749,7.14984949782020354e-11,2.18307851121769225e+00,1.53652573517197699e+00,9.70786060545248269e-02,-5.90426776797444569e-03,8.50749443260304800e-03,-1.87996157139029476e-03
asteroid_1750,7.20557491914403832e-11,2.63767714729454461e+00,3.25670468337710753e-02,-9.07482723191629370e-02,-1.42516137208951912e-04,1.05817081236004047e-02,-3.44872396954147749e-04
asteroid_1751,2.83855018086419270e-11,2.53162878229384214e+00,1.24596233326760020e+00,-5.16605299312741684e-01,-4.22630321046198274e-03,9.13918879192641281e-03,1.33110160110652752e-03
asteroid_1752,9.27976343660224028e-11,-1.41012006856246352e+00,-1.86965345183716836e+00,-1.34601979774517360e-02,8.92716821465760688e-03,-6.74096551002082833e-03,1.10625264420739365e-03
asteroid_1753,5.39598205601633890e-11,3.17972796935424035e-03,-3.10264036752418715e+00,6.28555435863964118e-01,9.55224232538507204e-03,-2.87096518210448000e-04,-1.46547261595365722e-03
asteroid_1754,1.62604366652487085e-11,2.01862345354985395e+00,-2.31665420638767738e+00,-9.15475029106825600e-02,7.39517396295626996e-03,6.44704464658981454e-03,-8.19410071078011305e-05
asteroid_1755,9.50307485784541741e-11,-2.00332760889400413e-01,2.50640503559022498e+00,1.59879888574654544e-01,-1.05776922169318419e-02,-7.01830352964363325e-04,-2.25160999338726167e-03
asteroid_1756,5.06575262888991259e-11,2.36571674841745416e+00,-1.48451206948145109e+00,8.88526431318829718e-02,5.38324290479083676e-03,8.43496537534775374e-03,-2.40195437950507145e-03
asteroid_1757,1.55596595095725344e-11,-1.83817642404501469e+00,-1.25540237615386974e+00,-4.41009780863520939e-01,6.57989876921242101e-03,-9.27771613738316049e-03,-1.01527885649258290e-03
asteroid_1758,7.35258643077668616e-11,2.22757812905489949e+00,2.37411508019397566e+00,-2.71213494853679071e-01,-6.70434498905305657e-03,6.50046369499906670e-03,1.83765420509855791e-03
asteroid_1759,2.33866727498672695e-11,-1.16473110892355058e+00,2.96020472716588978e+00,1.22794375151494953e-01,-8.95000054930583482e-03,-3.48701428634544787e-03,-8.31209820471500815e-04
asteroid_1760,1.87748172416459999e-11,2.86994398225415015e+00,1.29972537839553892e+00,5.95271140085363415e-01,-3.95985940594648870e-03,8.75275174323473203e-03,-1.94850682794577686e-05
asteroid_1761,2.67664716711950416e-11,8.08125850351921415e-01,2.35487800293715166e+00,2.10861233219866800e-01,-1.02491305800802308e-02,3.39507947327077030e-03,1.36387988998696468e-03
asteroid_1762,5.78318620477171846e-11,-4.40303596690408972e-02,-2.28899298042735344e+00,2.49408939493044546e-01,1.13306337688860032e-02,-1.88463603951554879e-04,2.70639912700337490e-04
asteroid_1763,2.92660200656635964e-11,-2.19616201469600902e+00,6.23227840169214176e-01,-5.74779518763704811e-01,-3.26873170569624187e-03,-1.06864787957576448e-02,9.02177778539844130e-04
asteroid_1764,4.09093924127032669e-12,6.64066016623443833e-02,2.20061947069312147e+00,-1.67736340400380962e-01,-1.15713552492968455e-02,3.49061902483683662e-04,-1.56173462548617694e-06
asteroid_1765,3.87558304882638621e-11,2.63546650365550528e-01,2.21923519121044066e+00,-2.04132692806566374e-01,-1.13762896103974664e-02,1.41239704626628716e-03,6.67498217721909279e-04
asteroid_1766,2.34464163636466202e-11,8.81075418208213890e-01,1.93386633063992108e+00,5.10454130784918636e-01,-1.06067636484577944e-02,4.78031452189489441e-03,1.97607204165275080e-04
asteroid_1767,5.11496197220503048e-11,-2.16782319510238386e+00,2.46263738853786540e+00,-2.13324954329024180e-01,-7.09983700863615202e-03,-6.28175128870307048e-03,-3.67909326572646723e-04
asteroid_1768,4.59615647514516008e-11,1.93353129606240071e+00,-1.02569344249860417e+00,-2.36252325655463419e-02,5.44895201859295179e-03,1.02614969961914819e-02,4.47364039689968985e-04
asteroid_1769,7.81752666055077494e-12,-1.95183601220290304e+00,1.13469760098260530e+00,-7.81452777097601525e-02,-5.71157296906082447e-03,-9.88248124853767680e-03,-8.39128851486850504e-04
asteroid_1770,2.45389516001861696e-11,2.92353027904292606e+00,8.08097660963222109e-01,6.03967117131140041e-01,-2.65996982362669450e-03,9.40865760262469923e-03,2.87082051837285793e-04
asteroid_1771,2.81556129980534149e-11,1.89953730840196983e-01,2.78929808671819091e+00,-5.44223951682843085e-02,-1.00092449499198342e-02,6.37007804390409406e-04,-2.28745483793952068e-03
asteroid_1772,4.84788158524515921e-11,-3.01741878245879347e+00,-2.59505487430190418e-01,-6.71058416491067816e-02,8.42305748232033088e-04,-9.84551337060098411e-03,1.99320366472141352e-04
asteroid_1773,8.22236610854921552e-11,6.91271384402532885e-01,2.74094399033362990e+00,4.15160666211075113e-01,-9.81581190797008694e-03,2.58612774373068047e-03,-7.29937673339835658e-04
asteroid_1774,2.18680838327248645e-11,2.34766793946746199e+00,-2.06175879136563811e+00,4.63058956789778930e-01,6.40726463059886238e-03,7.25213910331564283e-03,-1.94291027425446273e-04
asteroid_1775,1.58270853151373530e-11,-1.15582662497318145e+00,2.57493620366720322e+00,4.98645594541609505e-01,-9.26300428715988965e-03,-4.17519039155189470e-03,8.90851429483299631e-05
asteroid_1776,1.12147535986201961e-13,-2.53396152286739840e+00,-1.00422209000024099e+00,-6.82092736752151069e-02,3.73837422074271104e-03,-9.55547011088438668e-03,1.80206774860283800e-03
asteroid_1777,6.06542538854212602e-11,-3.61739986265444013e-01,-2.88387899272463111e+00,-5.34959863534661295e-01,9.81766561759573296e-03,-9.15314399800157795e-04,-1.70440124296670115e-03
asteroid_1778,3.25707292020233270e-11,-2.63471428536026275e+00,8.21663966660668849e-02,-6.79675060783695301e-02,-3.05246766340784190e-04,-1.05489929204621701e-02,-9.20067904507645648e-04
asteroid_1779,6.70188336979233118e-11,-1.37772114809973778e+00,-2.10435540268395327e+00,1.37509573198296795e-02,9.04936379123999490e-03,-5.91907396782304952e-03,8.48274683258536219e-04
asteroid_1780,6.90173380185143435e-11,5.20697574650575978e-01,-2.57907500414729007e+00,3.98924572484349316e-01,1.03266106083649573e-02,2.12150220049850012e-03,2.36817195351682292e-04
asteroid_1781,4.47990540140536352e-12,2.20836878245496626e+00,6.19967425575431719e-01,-2.13501627994804127e-01,-2.99296716060582771e-03,1.09078915975946156e-02,7.16445252705769087e-04
asteroid_1782,4.18469855985367961e-11,2.78031242444382709e+00,-1.25389960148489799e+00,1.89837614615477851e-01,4.08197866169600701e-03,8.89172024631313881e-03,-1.05274982761215607e-03
asteroid_1783,9.67985899091012305e-11,-1.75032362730777380e+00,-1.66022013349082509e+00,4.30705314703861628e-02,7.62068295191023568e-03,-8.03519310900076278e-03,-3.54755106938613266e-05
asteroid_1784,2.75216282701051906e-11,8.09339475524333052e-01,2.13602974984044991e+00,-9.43939251178660052e-03,-1.06361210915446504e-02,4.02807489702171079e-03,-4.39101479781262092e-04
asteroid_1785,5.29597479686980385e-11,6.30027723759915226e-01,-2.24708306511545297e+00,5.41009093526383600e-01,1.05961030928617417e-02,3.20686675062752330e-03,9.80126325861822769e-04
asteroid_1786,5.37859789280048891e-11,2.05482816053217121e+00,2.33474558650904340e+00,-4.19061358376397047e-02,-7.32232417549055249e-03,6.44237840180131912e-03,-1.14622262842145186e-04
asteroid_1787,2.60625202263681261e-11,-2.33972826637034803e+00,7.91007721557218213e-01,3.62215852057577670e-01,-3.40482223221457748e-03,-1.03266182604266777e-02,5.57888236378230773e-04
asteroid_1788,7.79278443273792733e-11,1.97979302964753212e+00,2.12124566713308260e+00,-3.55224564894594030e-01,-7.39564051946617774e-03,6.64279961119278433e-03,-1.55064630033516877e-03
asteroid_1789,3.78249516251693168e-13,2.68111268088428378e+00,1.61060312955851770e+00,-6.84294189509291554e-03,-5.00884479226745491e-03,8.33795136376557638e-03,-2.14423188414255643e-05
asteroid_1790,2.26867827785163314e-11,-1.96607935674892564e+00,9.70375138860716691e-01,-5.86589294805176936e-02,-5.11947464726876262e-03,-1.04089393463514864e-02,-6.01486295888135317e-04
asteroid_1791,5.92568020869430410e-11,-1.61583242492776757e+00,2.54707135377383098e+00,1.00069304884548335e-01,-8.34154901132946186e-03,-5.25567524064730462e-03,-9.19018239861644939e-04
asteroid_1792,9.17301937337557624e-11,2.22747584668190646e+00,1.02100145176333257e+00,3.04711199248412556e-01,-4.49721027668640184e-03,9.96714896487735889e-03,-5.21957495178591250e-04
asteroid_1793,9.63020000862786810e-13,5.51693137404888345e-01,2.29076406777166763e+00,-1.31847417537372003e-01,-1.08497117300171784e-02,2.65788322625734163e-03,7.80234370099805495e-04
asteroid_1794,6.00907774907443489e-11,-2.14687491886944271e+00,-1.97432229318601271e+00,-2.41755227114620747e-01,6.82199449539681521e-03,-7.23656339889331129e-03,-1.48356847801997711e-03
asteroid_1795,3.46637635339279764e-13,1.46978891040572573e-01,3.18370267905987214e+00,1.72454295197207813e-01,-9.61500488782880518e-03,4.56550366667274354e-04,-2.33788724574827511e-04
asteroid_1796,6.22855176946716834e-11,2.02605642569136135e+00,1.38463944783532145e+00,9.90411918793896763e-03,-6.19599728151131856e-03,9.06579860288691045e-03,5.83327071985861398e-05
asteroid_1797,4.11654251356748173e-11,-2.49589559055527666e+00,1.23019101330490632e+00,1.08825579265977852e-03,-4.55908575662636317e-03,-9.24978355788626770e-03,-1.31311034187266089e-06
asteroid_1798,4.34510853099317626e-11,2.36226964934642503e+00,-6.03050743199857853e-01,2.18497895224597283e-01,2.73258381504918766e-03,1.06488865957025548e-02,-1.52316500634121232e-04
asteroid_1799,9.67512873043700520e-11,2.69306479499083284e+00,-6.24049980938857995e-01,-6.30697908343072766e-02,2.30432198004776453e-03,1.00401407212448567e-02,-9.49126739350768115e-04
asteroid_1800,6.82278119020324863e-11,2.34145114851772540e+00,1.60101210107900016e+00,-2.35408666887277684e-01,-5.43612797911545778e-03,8.29726361785816137e-03,2.36011428632000326e-03
asteroid_1801,1.96494991219297727e-11,1.64771111518874558e+00,2.30365144316978654e+00,2.72367724526092099e-02,-8.31373372112958683e-03,5.94567580719701071e-03,6.85399549040501351e-05
asteroid_1802,9.97337481112577372e-11,-1.20811945549744038e+00,-2.54909055182301270e+00,-3.93884438625023481e-01,9.21254743088465756e-03,-4.36123457822185003e-03,-3.21818459237043576e-05
asteroid_1803,2.56752064092168284e-11,1.01279461009956573e+00,-2.00229985977690372e+00,-2.86565061459601200e-01,1.02252410465289295e-02,5.03849387602139324e-03,9.33447490376035577e-04
asteroid_1804,6.85938231977616905e-11,-1.94401988176801921e+00,-2.19496519329780604e+00,3.15616487754521863e-02,7.38199528663830914e-03,-6.56427946999407676e-03,-1.82561284372764602e-03
asteroid_1805,6.80326965946596920e-11,-1.98658841540895148e+00,2.09912994302000877e+00,-3.36862774409452170e-01,-7.36784962502030905e-03,-6.77930992382444128e-03,1.20592801665340499e-03
asteroid_1806,8.49740044886510042e-11,2.22640913953055541e+00,1.88792047862524082e+00,6.08029499335944763e-03,-6.51166088016602411e-03,7.67913369984469640e-03,4.52726179090154072e-06
asteroid_1807,3.98926988552546547e-11,-2.95563918408259518e-01,2.15890873267806471e+00,-2.07294773866044585e-01,-1.13934459372444889e-02,-1.71020180197941057e-03,-1.56626273540439028e-03
asteroid_1808,6.95994916674058378e-11,-1.28506161021942455e+00,-2.29113620169941345e+00,2.21126340673386657e-01,9.24385919896584390e-03,-5.17613564795628249e-03,8.90749553635907361e-05
asteroid_1809,6.25978479772277120e-11,-3.67168243114614212e-01,2.51137279239360600e+00,-5.20247315130397125e-01,-1.05768728431927580e-02,-1.52881086829967329e-03,8.47247046479544580e-05
asteroid_1810,4.36476309040026414e-11,-7.96236931333294762e-01,-2.05327803535033526e+00,-8.89332643064539852e-02,1.08035852170698457e-02,-4.17529184599398692e-03,-3.28094356011597393e-04
asteroid_1811,9.15965826662343006e-11,1.83767300409876932e-01,2.33835391180138830e+00,-3.16653299962891766e-01,-1.10663706172479687e-02,6.73150479681004408e-04,-1.45134440830915518e-03
asteroid_1812,2.52004400394909042e-11,1.84460424880637963e+00,1.82418259368058755e+00,4.26907338734253294e-01,-7.44095506246558649e-03,7.56033853171327042e-03,-1.54180128825598780e-04
asteroid_1813,2.24351148975110326e-11,-8.50653713696428948e-01,2.82585680552298113e+00,4.89815747465791429e-01,-9.53513141638794200e-03,-2.79187646042429981e-03,-4.52520882007688603e-04
asteroid_1814,6.30425216379543596e-11,2.37210318299314515e+00,-2.21994294302046674e-01,-9.77938001592919964e-02,1.04730898508165497e-03,1.10882056804920120e-02,2.33210918643064232e-04
asteroid_1815,1.90347611614542686e-11,2.25569707586893609e+00,2.09536292892313769e+00,-3.23485270557789251e-01,-6.69326654997855295e-03,6.99487242668685952e-03,-1.36385007147610607e-03
asteroid_1816,8.30011807325876179e-11,-8.84938564318405119e-01,2.55505172066943587e+00,-5.27624591129305154e-01,-9.78654554480215891e-03,-3.40953846773561688e-03,-9.67649451541579251e-05
asteroid_1817,3.39741288592778101e-11,2.98868615958227535e+00,1.78305887079533876e-01,-3.33398536402274459e-01,-6.59383325224399209e-04,9.86876310529809751e-03,-6.32969959516921366e-04
asteroid_1818,4.21157365234169630e-11,2.41554722675790057e+00,1.12897316020857530e+00,6.16323087883854995e-02,-4.46239860325143168e-03,9.49831709128186492e-03,9.05199053247675235e-04
asteroid_1819,6.82347626006013048e-11,9.08076624842098223e-02,-2.69749104940518381e+00,8.69036833104297468e-03,1.04548692313224268e-02,3.53416508178571278e-04,4.55174153565308069e-04
asteroid_1820,8.85113182831372786e-11,-2.48246629286356946e+00,-1.37474875678365138e+00,1.83977547697063898e-01,4.91516969786910500e-03,-8.92963545282489390e-03,-4.03647834028387944e-04
asteroid_1821,6.89998484075614104e-11,-1.63957489127575440e+00,-2.76261027682431193e+00,8.23219708877551276e-02,8.11500613917636934e-03,-4.75982943621154706e-03,1.89021946699321282e-03
asteroid_1822,9.42958044491138374e-12,-8.55839028583275319e-01,2.53415368118657991e+00,-2.87483449163754512e-01,-9.93471490156141480e-03,-3.36098116197801723e-03,-5.12239346789033199e-05
asteroid_1823,3.38127181413768145e-11,6.13206215939041899e-01,2.61928325734252754e+00,-4.90119177289341901e-01,-1.01061565196570152e-02,2.43714804398261148e-03,3.80362733801237196e-04
asteroid_1824,7.50087909441947912e-11,-1.71284441916249874e+00,-2.23523076528744769e+00,1.89284477266061957e-01,8.06894840178363180e-03,-6.02668866117932536e-03,1.84808250143251424e-03
asteroid_1825,9.07759867296336507e-11,2.84741623428191426e+00,-7.28182810528528401e-01,5.21827583718452725e-01,2.49457308366494816e-03,9.63757915054241562e-03,-1.63211808180493306e-04
asteroid_1826,6.33863735315279283e-11,-1.38753718722959940e+00,-1.68178743474405112e+00,1.60907510900750589e-01,8.94598528169201351e-03,-7.20352677015975110e-03,1.85253283200139491e-03
asteroid_1827,5.96195413876836913e-11,-6.20367775295200485e-01,2.61203511440671754e+00,-4.29447742980885838e-01,-1.01403484376744093e-02,-2.44286434822972966e-03,-2.09809127612783848e-04
asteroid_1828,3.79281635854326368e-11,2.28906527376395363e+00,1.35851228702633198e+00,-2.92960763086567155e-01,-5.42692674010211793e-03,8.96376653114233993e-03,-8.36980935102392084e-04
asteroid_1829,4.78103854549121882e-11,-3.14037500477939391e+00,-6.37795045234172076e-01,9.91930079808406584e-02,1.92259095678974992e-03,-9.40444266085611186e-03,3.98714119468661463e-04
asteroid_1830,4.32284323982311603e-11,-2.54560471671530975e+00,-8.47645232249442993e-01,2.22210586124138243e-01,3.40995785595367418e-03,-9.68351568243475298e-03,2.12509633552635012e-03
asteroid_1831,5.52709589053000317e-12,-1.61237995598934014e+00,2.08198417923392665e+00,-3.89531753820491045e-01,-8.35279046695383554e-03,-6.06947491626805367e-03,2.13415508598320406e-03
asteroid_1832,2.19507016146488681e-12,-1.71452758219131973e+00,2.75640979056409474e+00,-2.35120557226685817e-01,-8.09321078095618512e-03,-4.95431491865362499e-03,9.35311517277926416e-04
asteroid_1833,6.17442093853061235e-11,-1.84373885800990611e+00,1.80671535868471156e+00,5.56470653367357793e-01,-7.16048868633703713e-03,-7.69448469227114896e-03,1.25733932798949895e-03
asteroid_1834,5.09887799876852032e-11,-2.08592109437993312e+00,8.21606943808070089e-01,-5.85378819058192335e-01,-3.98729691168437077e-03,-1.05565802437079821e-02,-6.08448549662624809e-04
asteroid_1835,2.44966314688256178e-11,2.26999592821590390e+00,6.26095237262333404e-01,-1.61667092945567997e-01,-2.88075685331366273e-03,1.07535934213003424e-02,1.19670177650050462e-03
asteroid_1836,8.92761687970608328e-11,2.50266786890961102e-01,-2.17593653805383580e+00,-3.24744933901381150e-01,1.14252275891031756e-02,1.10977367796573118e-03,1.36894484550078980e-03
asteroid_1837,2.06674240542578693e-11,-2.08266182208889550e+00,8.60956484114439452e-02,-2.60712697030819729e-01,-6.54428389330313082e-04,-1.17746547383687974e-02,1.33943030472100750e-03
asteroid_1838,7.00528775605401115e-11,8.73977204382819894e-01,2.46475647198868586e+00,1.29678330085598648e-01,-1.00191712868613302e-02,3.53176317117694615e-03,3.97839622086167285e-04
asteroid_1839,7.88384074694344979e-11,2.37532942807961378e+00,-1.86962924664309571e+00,3.70994923060490728e-02,6.11905799017673988e-03,7.77437983893221676e-03,1.15744222067831471e-05
asteroid_1840,8.40242952573698826e-11,1.77932291441212209e+00,2.36579137525580396e+00,-3.44083070539277724e-01,-7.94258227589028816e-03,6.01173175119554259e-03,2.61810277656280579e-04
asteroid_1841,8.39545985545849960e-11,1.72750231486582506e+00,1.20158217548611157e+00,3.81386630799616877e-01,-6.85746181863111995e-03,9.48421324517543206e-03,1.18048076549838237e-03
asteroid_1842,7.94202337322435888e-11,-2.71346407055917904e+00,6.21219348677191752e-01,-4.17256238812657790e-02,-2.28010664653444540e-03,-1.00173755205630269e-02,-8.62780003650850079e-04
asteroid_1843,4.57854393179652563e-11,9.79854461730402249e-01,2.02385636232956667e+00,4.07129387029308176e-01,-1.01010063695646524e-02,5.11753770364843825e-03,-1.12899018456780252e-03
asteroid_1844,6.23949168807993627e-11,2.57959842355808355e+00,1.93890809113252627e+00,-1.20959698770077256e-01,-5.71893142148039400e-03,7.50930071314385560e-03,-1.59311382043068840e-03
asteroid_1845,8.57725607815469284e-11,-1.86691062070979585e+00,1.34390942374892286e+00,4.90682720192731556e-02,-6.55278581385678772e-03,-9.02843390247373007e-03,-2.03936319293459385e-03
asteroid_1846,4.20347354262850171e-11,-1.69004275475098664e+00,2.28825676124411759e+00,-2.03353387271912600e-01,-8.18187481667174976e-03,-6.06317733552074172e-03,-2.28116576045776694e-04
asteroid_1847,6.70887889789042997e-11,9.11822438662912793e-01,2.30153184968670077e+00,2.81129233306957993e-01,-1.00979373776247244e-02,4.06493417232109324e-03,-5.26624633106146235e-04
asteroid_1848,1.59620377323293098e-11,-8.76723606856165905e-01,-2.73246145844558841e+00,-3.44169218870118282e-02,9.66026871554478972e-03,-3.09365913217004304e-03,-4.67249433930577815e-04
asteroid_1849,5.64736142293493170e-11,-2.30136875393716211e+00,-1.18929912170760788e+00,-1.47618021265848304e-01,4.91695475511995644e-03,-9.47430710967104434e-03,-3.24763285842740801e-04
asteroid_1850,1.41131798681851721e-11,3.01082386738225782e+00,-2.89470511646089980e-02,6.05440981060043418e-02,9.77242036747104402e-05,9.91131690894037770e-03,-1.21018685589514372e-04
asteroid_1851,6.60324963976637547e-11,2.37409308592631962e+00,8.51446882548996392e-02,-7.53771174332193289e-02,-4.03348170619095663e-04,1.11501080362162337e-02,-1.08967158939442664e-04
asteroid_1852,3.76893270144024815e-11,-2.23203948034976829e+00,2.27142528198784399e+00,1.23606931661102898e-01,-6.87794707276816446e-03,-6.73817483861748404e-03,-3.76910312864038978e-04
asteroid_1853,2.27920150048254966e-11,-2.61832678861250567e+00,5.24534694352148834e-01,-4.00732795385684015e-01,-2.10091152442967244e-03,-1.02507221291373470e-02,3.09466875312072655e-04
asteroid_1854,3.60807173192997815e-11,-1.31432932558880777e+00,2.69891865668596553e+00,1.79723771685507738e-01,-8.90032454347599797e-03,-4.26921716311786260e-03,-9.77542937798019009e-04
asteroid_1855,7.01446980871742907e-11,1.20878216447088738e+00,-2.86875417457700310e+00,-2.03653977971707145e-01,8.97843310881488339e-03,3.76602754079229064e-03,2.41402491127942667e-04
asteroid_1856,9.08042620749985442e-11,-3.09984740186378094e+00,1.03240063747391408e+00,-4.53673432727967563e-01,-3.16497144351048781e-03,-8.76960383119677542e-03,1.66900652715064389e-03
asteroid_1857,1.13798206008931069e-12,-1.61819412488439029e+00,1.70818979226095524e+00,-2.72836864147513403e-01,-8.02524405544419867e-03,-7.73502130569442628e-03,-8.30099175683941836e-04
asteroid_1858,1.67931162088769825e-11,1.79952188711554911e-01,2.36818605427588658e+00,5.77730245437886980e-01,-1.09706823905345585e-02,7.32861293828971912e-04,4.13075849769251816e-04
asteroid_1859,7.05762766935096723e-11,-9.02853771623475798e-01,2.22093550440527698e+00,-1.21636351496370754e-01,-1.01231664379820632e-02,-4.21104890569084286e-03,-1.74889351344802786e-03
asteroid_1860,5.68777988249368499e-11,-6.77687593132028421e-01,2.31841658441749088e+00,-7.84263788903803022e-03,-1.06237254836386713e-02,-3.10547681882408647e-03,-2.83075906972733539e-05
asteroid_1861,3.19251129156639052e-11,2.65844166603490173e+00,5.73141028003079867e-01,-6.61987213223266480e-01,-2.13482710056587047e-03,1.00572200684007403e-02,1.34280743126128336e-04
asteroid_1862,6.51798076744820761e-11,9.93700315770690734e-01,-3.10244791586636603e+00,4.75536974572907778e-01,8.82403879215284959e-03,3.07243326242652350e-03,1.60579319453419268e-03
asteroid_1863,8.67200843880187241e-11,-1.23584820105208459e+00,3.00671768466018108e+00,4.95445800197245545e-01,-8.71512695094782235e-03,-3.68939439382562394e-03,6.50713771726144281e-04
asteroid_1864,2.58052874663946886e-11,-8.61270868199328077e-02,2.72599115622548371e+00,1.61483995632479588e-01,-1.03206595660956923e-02,-2.48146034468103426e-04,-1.31557586399534254e-03
asteroid_1865,4.85723610089761627e-11,2.27253104431970687e+00,-1.74653245758487485e+00,6.29005850539771927e-02,6.12843372329691018e-03,8.01665185438974956e-03,1.18101883373399660e-03
asteroid_1866,2.08652645629346633e-12,2.08373195412165968e+00,-2.32264221218189792e+00,2.69438085111944337e-01,7.25587666238459040e-03,6.40587832045944917e-03,-8.93484168269576386e-04
asteroid_1867,9.46001379946248678e-11,3.14763446855660955e+00,-6.56389300415134769e-01,1.63891231734499987e-01,2.01260388043091780e-03,9.18815412972268965e-03,-1.85449386805759090e-03
asteroid_1868,8.01663568352434484e-11,-2.32823265721490325e+00,-1.88768287545241498e-01,2.02489439172639590e-01,1.00243651877338362e-03,-1.11301727885882214e-02,1.15009347331945051e-03
asteroid_1869,5.05140027784318914e-11,-7.46101911505567039e-01,2.63018208128380060e+00,-3.99703403478829863e-02,-1.00004643652777964e-02,-2.82991827129090538e-03,4.54468240000036256e-04
asteroid_1870,9.91998791135855775e-11,1.17200382359151023e+00,-2.86921620937380251e+00,-1.77037480885927495e-02,9.04493473725582857e-03,3.69378081899860962e-03,1.37953637976972532e-04
asteroid_1871,2.20296607620989706e-11,-2.11147452752164888e+00,-1.26721064600282718e+00,7.98268343317569407e-02,5.63740569518331354e-03,-9.39769242522706626e-03,-7.03693497286614935e-05
asteroid_1872,7.43996151931044484e-11,2.62584352719417735e+00,1.22058219587040558e-02,-9.98820997217708950e-02,-7.09253019684596937e-05,1.05962258530755728e-02,-5.69702669946104833e-04
asteroid_1873,7.69529614773300395e-11,-1.62949079569517141e+00,2.84903094022991432e+00,6.48019772210513961e-02,-8.19620264508504927e-03,-4.70809784703503636e-03,8.93177469210857549e-04
asteroid_1874,8.30872726594730743e-11,-8.51309814860150449e-01,-3.16007133143082664e+00,2.47209634243439808e-01,8.98558690962303168e-03,-2.25806408971542666e-03,2.07870027222228568e-03
asteroid_1875,6.85127793953141637e-11,1.94993188854035515e+00,-2.52077167951078795e+00,5.03651834900901013e-02,7.60168526776097957e-03,5.89190197588118636e-03,5.83163347477259355e-04
asteroid_1876,1.90671543431047764e-11,2.54754933412049223e+00,-1.67242290900998558e+00,-2.55347048251394704e-01,5.39586895529291580e-03,8.22469402597179877e-03,-3.49498638657248174e-05
asteroid_1877,9.14249860990967692e-12,-1.62158342666708322e+00,-1.79766705747887823e+00,9.78725216831415751e-02,8.18601974252387149e-03,-7.40952599716600702e-03,-4.65369145589863281e-04
asteroid_1878,1.80439172141973267e-11,1.93557973405099193e+00,-1.52027037230658779e+00,-3.42978031888562518e-01,6.77802548982313173e-03,8.54346623333149952e-03,3.82036665513410480e-04
asteroid_1879,8.58332690463445347e-11,1.85936536510460693e+00,-1.98945743709075673e+00,-4.29455139270149111e-01,7.51841225394064058e-03,7.11636323811461104e-03,-4.15005916226730473e-04
asteroid_1880,4.02054903766885418e-11,2.59548060125005087e+00,9.25758203010040637e-01,-3.09206703983906483e-01,-3.54875338900226050e-03,9.66385492908343122e-03,-8.54857294722496182e-04
asteroid_1881,5.46211472290614117e-11,1.74485320977576430e+00,2.00252030392671898e+00,5.20674161832820004e-01,-7.57742936821475740e-03,7.02199546820467691e-03,-1.61365131164773238e-03
asteroid_1882,2.54704577699270851e-12,9.08585115526254761e-01,2.64467850237153579e+00,-6.18602896040356343e-01,-9.61582981566512507e-03,2.96956995108172469e-03,-1.42780132244151666e-03
asteroid_1883,4.91479386095506260e-11,-1.72023768796944831e+00,-1.91622106925052815e+00,-2.77335571987499530e-01,7.95407150765164300e-03,-6.84772865207414119e-03,-2.02329494420798233e-03
asteroid_1884,4.09328341406415925e-11,-1.42690322494078692e+00,2.56763072144245408e+00,-6.04379499762823680e-01,-8.61222593148538648e-03,-4.91790428044976569e-03,-5.60159899820975938e-04
asteroid_1885,5.34606787988012663e-11,1.17483252251599368e+00,-2.20650955143221639e+00,4.88238661042892305e-02,9.55108519006183515e-03,5.10792252070982594e-03,1.01905742593553800e-03
asteroid_1886,3.75335907775472973e-11,3.21742351963774265e-01,2.45457573317409050e+00,-3.24979955629471573e-01,-1.07473160860696530e-02,1.51965948861582816e-03,8.37751817913400714e-04
asteroid_1887,7.55346570748826218e-12,-1.47813909143247191e+00,-1.69480335410193583e+00,1.31429625979157694e-01,8.58451044110822986e-03,-7.55015577150100047e-03,-8.13582637271237385e-04
asteroid_1888,4.40559233853591018e-12,2.01978492453035202e-01,-2.31767034727901988e+00,-3.12895922487919107e-04,1.09994495494694818e-02,9.58260821322831201e-04,2.29963775231472592e-03
asteroid_1889,9.49801991509825208e-11,-2.45315804906528667e+00,-1.92756794646838281e+00,-6.92685362222113243e-02,6.01843045388098918e-03,-7.64579035733510201e-03,-3.80846685961149975e-04
asteroid_1890,6.03858274904942564e-11,-2.61127994712141520e+00,3.32899539755140528e-01,-1.28295493636102376e-01,-1.32454791451224537e-03,-1.05084935083351854e-02,-3.07939454127737335e-04
asteroid_1891,6.43431932320755075e-11,2.34891999270271823e+00,-3.39626303860340595e-01,2.12756754941135495e-02,1.59735174250075782e-03,1.10508881194757939e-02,5.26819020843421944e-05
asteroid_1892,9.15427257286238560e-11,2.93037108554147441e+00,5.82021684895933755e-01,3.76241449537437711e-01,-2.04166769917750457e-03,9.65191990640411161e-03,9.70699283656360551e-04
asteroid_1893,5.50906418429324084e-11,2.70623082397904557e+00,5.36513470021179328e-01,-1.80171652389583076e-01,-1.87278178611076265e-03,1.00267787494104279e-02,1.72791923530880875e-03
asteroid_1894,6.15591281694555152e-11,-1.40559184405792115e+00,1.59423300782673727e+00,1.86892129804908558e-03,-8.85067358106264405e-03,-7.80339740513767005e-03,-4.72732898976977598e-07
asteroid_1895,5.23086282508929153e-11,-2.39954629751053350e+00,-5.57029273710470618e-01,-2.83689059607772964e-01,2.54826203455183874e-03,-1.05964215523188642e-02,-7.47846001430912065e-04
asteroid_1896,1.76056863303593304e-11,-6.85337755100602131e-01,-2.19698199612796419e+00,2.25352749064430785e-01,1.08026526401428392e-02,-3.35317806565546420e-03,1.62384837206382761e-04
asteroid_1897,3.11579756434507830e-11,-2.86027304033012220e+00,-6.28974228188583645e-02,3.87201408043973905e-01,4.33907377943547530e-04,-9.99019439334312975e-03,1.58247382783789506e-03
asteroid_1898,8.84351477598118605e-11,-5.57143739363680890e-01,-2.36522913891454589e+00,1.90526759410547357e-02,1.07409986889322445e-02,-2.52952852465000190e-03,7.16749625417818938e-05
asteroid_1899,4.43919943378469565e-11,4.90373763550587261e-01,-2.12183593798351744e+00,-2.74159199697783205e-02,1.13568265566390079e-02,2.62492518563642177e-03,-2.08204879398086280e-05
asteroid_1900,2.04229120319023042e-11,1.98830696627048553e+00,-7.90568150382926715e-01,3.35939669303227662e-01,4.39172313849615394e-03,1.08190061291620222e-02,-5.32631487258229848e-04
asteroid_1901,8.28057590784762506e-11,2.73571728387800439e+00,5.42926288171884708e-01,2.24261331595698526e-01,-2.09118983284956907e-03,9.97722539080366823e-03,1.35558912341281592e-03
asteroid_1902,8.73961575135554692e-12,-1.49619651254178598e+00,-1.50342626963782688e+00,-1.45846538009043708e-01,8.06723040632172615e-03,-8.26268341625751267e-03,2.41468402815914022e-03
asteroid_1903,6.39566333013788808e-11,1.81325332672156758e+00,2.49816048155831139e+00,-4.43468178816832981e-01,-7.91821731662086317e-03,5.64316371306419675e-03,-5.86750807736619918e-04
asteroid_1904,7.00154468451592303e-11,1.82669282990344839e+00,1.30490923832324035e+00,4.34027841393204272e-01,-6.80824216478982756e-03,8.93857579317012922e-03,1.77992502561108456e-03
asteroid_1905,3.03837923096851325e-11,-2.70303244266469012e+00,7.98119445996112620e-01,-2.31352563329346145e-01,-2.90322404378458038e-03,-9.80843615904489208e-03,8.30124596519194428e-05
asteroid_1906,1.66968104365894346e-11,-2.41270896206858065e+00,1.03860031077566561e+00,1.90075871255572210e-01,-4.23206695299712266e-03,-9.68602860872357085e-03,-7.93543869465331616e-04
asteroid_1907,4.48347937122348219e-11,-3.94131578865938192e-01,-2.59100494022685313e+00,2.36081600011823933e-01,1.02173370122592561e-02,-1.32546912790181622e-03,2.51047989299318713e-03
asteroid_1908,7.55056801525101655e-11,2.08081891146627918e+00,6.70416290745467935e-01,-3.89961274323933358e-03,-3.56587261306223454e-03,1.10695543535761585e-02,3.26801883727684934e-04
asteroid_1909,8.86702888771687791e-11,-2.73588491674895362e+00,-1.22418868254455271e+00,6.32549780825894414e-01,3.99053495061267235e-03,-8.98108713833628731e-03,-1.21572804051210535e-04
asteroid_1910,8.15355364776478113e-11,1.40338576894683986e+00,-2.84426944446838181e+00,9.26176505332190064e-03,8.66209287682558580e-03,4.27397262747758466e-03,7.76074490196448276e-06
asteroid_1911,1.09618245126756269e-11,1.92090716251688987e+00,-8.40512257100960891e-01,-2.63350699056675186e-01,4.70864158980372188e-03,1.08523285685999584e-02,-2.91063683107265240e-04
asteroid_1912,2.22854307224692436e-11,1.12354413293365352e+00,-2.02131553959005927e+00,-8.96232477969204772e-02,9.88506768089430880e-03,5.48928050729531603e-03,1.19855129334218448e-04
asteroid_1913,6.17024036504408362e-11,-2.63174866276702391e+00,-1.79191188460532258e+00,-7.18991807678902722e-02,5.33214401336434395e-03,-7.89097980393168967e-03,1.48927447919953103e-03
asteroid_1914,7.09939120119008429e-11,-1.76887220501035913e+00,-2.06651634796541073e+00,4.63516306484883178e-01,7.66723844137191021e-03,-6.84563950776286879e-03,-1.26049715784743235e-03
asteroid_1915,8.83736309864886933e-13,1.92739951621979849e-01,2.27180788419409074e+00,-1.88897536299496363e-02,-1.13514547909554769e-02,9.62820597118217909e-04,-2.83446603226636119e-05
asteroid_1916,1.42659471510867160e-11,1.42596371786344744e+00,-1.85871878498157272e+00,-5.54468059297926891e-02,8.90433714075150769e-03,6.84317085103867007e-03,-4.01619443264336076e-04
asteroid_1917,9.41075062800666341e-12,2.57393176565555892e+00,1.30781445316229261e+00,1.67526553484852875e-01,-4.53559626404760000e-03,9.01511328474629073e-03,-6.91115217601990313e-04
asteroid_1918,3.41175133473129442e-11,-1.77311201541881402e+00,-2.37406431899789316e+00,-1.98712725642059274e-01,7.99726656937511590e-03,-5.97367199771657760e-03,9.21983483269999178e-06
asteroid_1919,6.80834224961140547e-11,-4.40100227558381907e-01,2.77242247040441558e+00,2.61737557256198239e-01,-1.01054157968775999e-02,-1.64051144718396118e-03,3.85099518797447568e-04
asteroid_1920,9.43199845348153901e-11,1.21675048287874432e+00,2.96955909750835279e+00,4.72581320754282885e-01,-8.55127406240199957e-03,3.80628221878716614e-03,-1.90065308631742259e-03
asteroid_1921,8.96143564601637627e-12,2.53277007788671371e+00,9.13711764158722795e-01,-4.23018094428383867e-02,-3.55317840301817497e-03,9.85961228843849208e-03,2.23626307172711979e-04
asteroid_1922,5.06140734807639304e-11,3.64312547505114159e-01,2.42761335382652943e+00,-1.64849166849774326e-01,-1.07936226630239787e-02,1.68532161698980412e-03,9.64864407635835850e-04
asteroid_1923,3.72529349236230424e-11,-1.97354534057065756e+00,-1.77394006122038950e+00,3.18545310295687056e-01,7.02749723772685703e-03,-7.83112769087868262e-03,-7.17847830557768530e-05
asteroid_1924,3.98381725473523580e-11,-2.30192681977273406e+00,-1.04399970726811642e+00,1.42104965946354911e-01,4.43443968890353674e-03,-9.84697883666713937e-03,-5.10097391188160687e-04
asteroid_1925,6.81395137264974728e-12,2.16131315593741968e+00,-9.61374427695913525e-01,-1.34397695586537330e-01,4.56372244329844318e-03,1.01885190208547555e-02,5.10810201804520682e-04
asteroid_1926,2.88392057632910890e-11,-3.04587776161872326e-01,-2.13098539282191002e+00,-1.04040819317140723e-01,1.13962192308057104e-02,-1.73167507194110586e-03,2.10518537525557475e-03
asteroid_1927,2.52530750457112976e-11,-2.31453340654705153e+00,9.50420947385962500e-01,-3.21594998116479347e-01,-3.96701833305087518e-03,-1.00214113073116458e-02,-1.06582121804188403e-03
asteroid_1928,7.18326814952273481e-11,2.79249924869917576e+00,-9.43121018369126540e-01,-1.91735488615681293e-01,3.26106456252154252e-03,9.24677687926705322e-03,2.01157707724918975e-03
asteroid_1929,6.41894146398824921e-11,-5.23234899407775123e-02,-2.11123392266659504e+00,-2.08253773989865831e-01,1.17943804261900070e-02,-3.38511796731846132e-04,4.68440216120085025e-04
asteroid_1930,6.36346816116230821e-11,-1.28618330041622642e+00,2.27670122954733678e+00,-2.52126395625160704e-01,-9.22994210021185757e-03,-5.06652947246405156e-03,1.33434467569433458e-03
asteroid_1931,5.19306327114735335e-11,-2.06895263485391823e+00,1.87856139389477228e+00,6.65948004419919082e-01,-6.82062048920400489e-03,-7.51554599837488471e-03,1.03218780813711603e-05
asteroid_1932,3.42150979448859574e-11,2.45262253378847683e+00,1.38958569999230708e+00,2.76884765785145259e-01,-5.11067973141829824e-03,8.61661051847016461e-03,2.02629246066386931e-03
asteroid_1933,2.43867669525563328e-11,7.00764581607078330e-01,-2.86000274323451364e+00,7.22637287032518505e-01,9.60044967889204549e-03,2.32789540658608898e-03,-9.66845399803058691e-05
asteroid_1934,1.13826706551805215e-12,-9.26549765058961472e-01,-2.92392087892356445e+00,-1.82231652659133825e-01,9.34169779869817481e-03,-2.98340664603952621e-03,3.71489151587252537e-04
asteroid_1935,1.48013252142660568e-11,-2.85088910770463899e+00,2.23467246770374189e-01,7.40869270107493594e-01,-6.60182256012848984e-04,-9.97579041174494370e-03,4.68579314746938582e-04
asteroid_1936,2.19959552562923254e-11,1.23155960768493755e+00,-1.81216029087811670e+00,-3.77694862252639540e-01,9.32008107514183462e-03,6.63939933521851596e-03,-1.46525805188710495e-03
asteroid_1937,9.75565976669993395e-11,2.61297800705963734e+00,4.61793733887924995e-01,-2.96877590716799367e-01,-2.00573929366253383e-03,1.01707872397526211e-02,-1.83289969747020987e-03
asteroid_1938,9.70454611197181349e-11,-2.08882509712756192e+00,-1.83811201697589754e+00,-4.83344754519785813e-01,6.79996800284791200e-03,-7.64481454225549376e-03,-3.14306392943309004e-04
asteroid_1939,7.67689394283349930e-11,1.46788431122877294e+00,-1.85910097138779928e+00,3.51493842041169013e-01,8.74208656086909210e-03,6.46528015348191501e-03,-2.31231105430278758e-03
asteroid_1940,6.10364991202116301e-11,1.93107796563865730e-01,2.14228007320912939e+00,-2.03463540604690539e-02,-1.16051724340817310e-02,1.03329928885110742e-03,-1.34829076702469293e-03
asteroid_1941,6.68841523457940649e-11,2.23441560603437495e+00,-7.83601600554939548e-01,4.73290378294771441e-02,3.67087706172234893e-03,1.03378460443803565e-02,-2.14482044289110050e-03
asteroid_1942,6.00588998480900081e-11,-1.78027983601340889e+00,-1.89736282762775677e+00,4.80898565854438076e-01,7.70116810376792783e-03,-7.24734602876628189e-03,-8.44474655002792868e-05
asteroid_1943,6.46865460063533753e-11,-2.46363980084404233e+00,8.20234187960526384e-01,2.51153666120543621e-02,-3.29189013655425099e-03,-9.94964286193248358e-03,2.03085520196924973e-03
asteroid_1944,2.19314984872001211e-11,-1.64992313217307562e+00,1.59342072121073319e+00,-2.90016911790934639e-01,-7.61464417762965085e-03,-8.19333274558200174e-03,-1.69593075662140551e-03
asteroid_1945,9.76704246447429651e-11,2.34476737535407276e+00,-2.00817113362677446e+00,1.14371368682101807e-01,6.35354794210505128e-03,7.43715224727831570e-03,3.27726487912033285e-04
asteroid_1946,7.56662855598008803e-11,-3.18027993613286197e+00,-4.13510056378964708e-01,1.55626912942597201e-01,1.26981290183685622e-03,-9.48669925784030588e-03,7.42255611259109451e-04
asteroid_1947,2.34320303666877332e-11,8.37652537996226743e-01,2.18386539140864544e+00,-1.10656926871464736e-01,-1.04349337955346230e-02,4.05428367034361796e-03,1.02262931172770544e-03
asteroid_1948,5.13696574822280298e-11,-2.18022273319558568e+00,-2.36326735933155252e+00,3.09204810261241338e-02,6.90429489422517140e-03,-6.39392151444088171e-03,-1.86430890519687542e-03
asteroid_1949,7.89238388583033763e-11,-1.74659707439512668e+00,1.18247747428337591e+00,2.27209807737102226e-01,-6.70349517679079843e-03,-9.55525000574797279e-03,-1.80202243529612545e-03
asteroid_1950,9.11168991478097351e-11,3.10320675779423194e+00,-6.08165850720545742e-01,-5.51410018189570139e-01,2.04632441736956423e-03,9.29514652886130263e-03,1.26435327855039126e-03
asteroid_1951,3.83906115131660369e-11,6.23119716479174524e-01,3.17373903892956566e+00,2.27389446789819483e-01,-9.22287266948895040e-03,1.67895526115074641e-03,1.83996202071724118e-03
asteroid_1952,4.83781908779810317e-11,9.25308349506074657e-01,-1.88544760718624560e+00,2.44626909291212419e-01,1.04988417919671985e-02,5.31171135848713082e-03,1.22753257825581772e-03
asteroid_1953,3.09951704153361032e-11,-1.37399813203557053e+00,2.68441537845842282e+00,-5.12141179746829992e-03,-8.81173497749732082e-03,-4.51091281381318498e-03,-3.62464352577411065e-04
asteroid_1954,3.76641695954075696e-11,1.12477977712148869e+00,-3.05567043590819409e+00,2.30268837421921918e-01,8.79886621738657469e-03,3.34632064535537099e-03,1.42644695585064847e-03
asteroid_1955,2.27786578113434462e-11,2.65976593478249823e+00,-1.61711095589372778e+00,6.84173389299515766e-01,4.83756862720820854e-03,8.29493813491508081e-03,7.99556228240640133e-04
asteroid_1956,3.00087139869051808e-12,5.52844770121150630e-01,-3.17280553565101275e+00,-5.35656175239570986e-01,9.38262427905896257e-03,1.57995156921088742e-03,3.25312552886626311e-04
asteroid_1957,4.16389164382931753e-11,-1.60635920174100805e-01,2.68619120048994420e+00,6.15073969540186449e-01,-1.03209851387184616e-02,-4.61223571212490853e-04,-6.81196518078863353e-04
asteroid_1958,4.70631535576028528e-11,1.79872899696967381e+00,-1.17595034849274405e+00,-4.40928326072609400e-01,5.94251928193564611e-03,9.79810888406294420e-03,-1.88944043748604743e-03
asteroid_1959,7.79918922860615839e-11,-1.55067875431477331e+00,2.69344939814841045e+00,2.71196087149039700e-01,-8.41989119832489176e-03,-4.88233595452393105e-03,3.45795709563186506e-04
asteroid_1960,5.22669300638317533e-11,2.68172892375450678e+00,-7.73284937783416892e-01,-5.06582054123254855e-01,2.93059812554583455e-03,9.76536217106960779e-03,6.07329603930376830e-04
asteroid_1961,3.26464584625225461e-11,-4.17882408709699005e-01,-2.78479634057514414e+00,-3.50335047950893763e-01,1.00622120126917097e-02,-1.59712873757548090e-03,6.93213175321125163e-04
asteroid_1962,4.63296503087942983e-11,-1.52812062486092182e+00,2.08158901900354198e+00,3.09026751981228975e-01,-8.59772007528816599e-03,-6.31352689438339099e-03,1.23448234785433833e-05
asteroid_1963,7.96153192698771336e-11,2.72001208741028666e+00,5.81058684520821767e-01,-1.63930734006513062e-01,-2.16540050508880417e-03,1.00730536042546170e-02,-2.24974723339633272e-04
asteroid_1964,4.81002855295405913e-11,-1.02736143881444830e+00,-2.03690692956252128e+00,1.16385732952400539e-01,1.01646270872024855e-02,-5.10121940885906698e-03,4.47105885547680428e-04
asteroid_1965,5.55227492591077447e-11,2.37634526728256024e+00,1.81091094722936541e+00,8.92202545394925328e-03,-6.02393034357454060e-03,7.90719628385824769e-03,-4.80826910799141247e-04
asteroid_1966,1.73081644623206757e-11,2.04344792331836667e+00,7.83103589334812722e-01,8.52075168505557201e-02,-4.03846787951184401e-03,1.07403125945976299e-02,-1.85873908177223600e-03
asteroid_1967,7.73452044474929668e-13,-8.60702027008724890e-01,2.84853489258762060e+00,-7.15584784160856659e-03,-9.53897223515242851e-03,-2.88318755412144507e-03,-3.69992693005368129e-04
asteroid_1968,9.29683677681016775e-11,3.11367386740138885e+00,-7.55869753727353710e-02,1.61473180571464009e-01,2.85738108712090553e-04,9.68754804464627695e-03,-9.75040102557356205e-04
asteroid_1969,2.68038076791924960e-11,2.53615921608056105e+00,7.50343573824790222e-01,3.42884039694222820e-01,-3.04550737555942625e-03,1.00719375061452711e-02,4.85522786694408731e-04
asteroid_1970,3.47640252487465307e-11,7.31745622120418826e-02,-2.69711184176565100e+00,-2.72163782457676195e-01,1.04246466786886271e-02,3.40875695479496779e-04,-5.75245231036357850e-04
asteroid_1971,1.14935082420668999e-11,-7.72996043916602482e-01,-2.30378555815551112e+00,-4.67949908475334186e-01,1.02163967993033275e-02,-3.68607967356340566e-03,1.27086852342784065e-03
asteroid_1972,5.13046671741306042e-11,-1.00623861543926107e+00,-3.09491819175411953e+00,2.41703162433865526e-01,9.03920383200918116e-03,-2.87271927724028426e-03,8.47174673258585835e-04
asteroid_1973,7.37125136583663553e-11,-6.13759254369133367e-01,2.91575690847218949e+00,2.38229561237614344e-02,-9.74931387314161707e-03,-2.05384635992197960e-03,2.00860861602015074e-04
asteroid_1974,6.86098478410394211e-11,2.29872758336317506e+00,1.02724815073223419e+00,3.55492220010876825e-01,-4.59542857469205125e-03,9.47906469583995222e-03,2.32434550191240683e-03
asteroid_1975,8.55616554581901581e-11,-3.17455622726017031e-02,2.26124630238588065e+00,4.69882519276945743e-01,-1.12803476081503509e-02,3.49966376666066464e-05,-9.30524071513668966e-04
asteroid_1976,2.86641436248943741e-11,2.24198897955959625e-01,2.33807234494833605e+00,2.63179772722787142e-01,-1.10253456961938133e-02,1.22223592937709558e-03,-1.46593967620397745e-03
asteroid_1977,3.14731813911029134e-11,-2.57416375975325273e+00,-5.46098565299931837e-01,-3.65442218437327326e-01,2.36964034215737720e-03,-1.01767033220178608e-02,-1.48411754699006508e-03
asteroid_1978,9.65576985616481425e-11,-3.15715662238814776e+00,-6.81497549263095803e-01,8.84000124080623340e-02,2.02382470980748495e-03,-9.35160849131400421e-03,1.85897220773738943e-04
asteroid_1979,4.56654137970766383e-11,1.23971185218375513e+00,2.70543359741016554e+00,-1.73087233110812949e-01,-8.84514733982134406e-03,4.17456010534883980e-03,1.89824036138118934e-03
asteroid_1980,8.34530266253928962e-11,-5.49235072970580940e-01,-2.29332021058457780e+00,-2.38065451867100417e-02,1.08794614237788748e-02,-2.59934792330944985e-03,-5.98350663293682229e-04
asteroid_1981,6.11540889803321187e-11,2.91350472854607290e+00,-1.13600445391885407e+00,1.64649574700185736e-01,3.45182126224046447e-03,9.01677405183133260e-03,1.13087393979567391e-03
asteroid_1982,1.80946714173378099e-11,2.20947456934339748e+00,1.27522492349561456e+00,1.18850633822926849e-01,-5.37996041516332259e-03,9.32336169372107934e-03,-2.10136129658338863e-05
asteroid_1983,9.57442403852245144e-11,1.12036231563802366e-01,3.05982766671524731e+00,6.10084017318197835e-01,-9.72660313932436314e-03,3.87148066486485561e-04,-1.55510389734776793e-04
asteroid_1984,3.24510346306382702e-11,-2.38513136777874379e+00,9.25612248695924372e-02,-1.21941271397116538e-01,-4.08889245881314774e-04,-1.11109472614879471e-02,-4.36179818993640347e-04
asteroid_1985,6.41827340611024939e-11,2.40416026767475843e+00,-1.50495455708616666e+00,1.85261017418924590e-01,5.42010977204879837e-03,8.64376011809293160e-03,-1.20621060075807660e-04
asteroid_1986,2.54590196692058766e-11,-1.75792090976725190e+00,-2.68823497107299181e+00,-8.95956724850311206e-03,8.03031885725180930e-03,-5.25036636923086140e-03,-2.73109903795072423e-04
asteroid_1987,5.75710543518529209e-11,-6.79785808070931141e-01,-2.30882177304024339e+00,-1.13103944757751138e-01,1.04804583720406741e-02,-2.98718847191593775e-03,-2.01214095356737864e-03
asteroid_1988,5.41160451264462545e-11,-1.01381222702273366e+00,-2.74158750649418081e+00,2.22811093623903361e-01,9.42617783009080772e-03,-3.47387631702161673e-03,1.45587133282296767e-04
asteroid_1989,2.61112121481678315e-11,-7.23787711927693977e-01,-3.20066922552131627e+00,-1.46954425471351097e-01,9.16974571129544960e-03,-2.12924379160826056e-03,1.21163965987724619e-03
asteroid_1990,9.88772007273535849e-11,-8.21106209905280937e-01,-2.12766286332491150e+00,-2.25759899299832686e-02,1.05905421610013664e-02,-4.07666377214931444e-03,-9.83071859378219053e-04
asteroid_1991,1.40769451427202683e-11,-2.05572640186960365e-01,2.16631657718331416e+00,3.62785710523932492e-01,-1.14706230663128676e-02,-8.62897040525546842e-04,-1.34718124463236886e-03
asteroid_1992,4.43068241008212082e-11,5.42882736584765380e-01,2.85766192735895697e+00,-3.90742880397511802e-02,-9.89344636687177793e-03,1.87154249558725084e-03,-5.82109207076558408e-04
asteroid_1993,3.14743504667693895e-12,-2.43930326162864608e+00,1.94157752226768787e-01,5.48249105928163227e-01,-5.94717090779692389e-04,-1.07830148431262533e-02,1.17266143789810859e-03
asteroid_1994,6.82754305500266599e-11,-2.17680325540728337e+00,1.60272206747200163e-01,-1.10551751319455036e-01,-8.13053729984517274e-04,-1.15813539184515778e-02,-7.80730674540167308e-04
asteroid_1995,4.62157380243868920e-11,-2.62361160501705104e+00,4.94748137329116100e-01,-5.23923708821728215e-02,-1.95418489562944851e-03,-1.03419169468274078e-02,1.98082745492019114e-04
asteroid_1996,5.60136549937796072e-11,2.29994377698818653e+00,1.92878298323940345e+00,1.31240975506390772e-01,-6.35542265934651782e-03,7.60894763911214560e-03,-4.48746521108685963e-04
asteroid_1997,6.98537349418707621e-11,-1.71769981888725098e+00,1.73596586953621879e+00,-3.34931743570875042e-03,-7.82340433525420195e-03,-7.74067543642568100e-03,2.12534335482792488e-04
asteroid_1998,7.64032340233078769e-11,-2.07799510420253331e+00,-1.36295864116087118e+00,2.90801620701211461e-01,6.00088053603555112e-03,-9.05994202978159351e-03,4.17721526399518451e-04
asteroid_1999,9.65831108439143758e-11,-3.06756163674519566e+00,5.38213757052861230e-01,5.11400191201712845e-02,-1.69098836075015396e-03,-9.57913217083485730e-03,-6.17721877941163132e-04
asteroid_2000,8.64009715547322555e-11,-2.75627213786676428e-01,-2.64471545241599681e+00,5.91739770354946515e-01,1.03535730723046428e-02,-9.03535512531063721e-04,7.84351821714081949e-04
asteroid_2001,3.23872315268282772e-11,2.89464653499023417e+00,-1.07425409111803960e+00,3.83474424919765522e-01,3.32547764520159340e-03,9.15220963169381153e-03,5.36453759047342987e-04
asteroid_2002,7.27292006748719182e-11,1.02734725626870427e+00,2.42208064442261550e+00,1.57561291812066712e-01,-9.75696956604101863e-03,4.12994287533272920e-03,1.31639008645229760e-04
asteroid_2003,7.60568267151130588e-12,2.71658889064082221e+00,-1.77184601867724778e+00,3.81325047708566539e-02,5.17093477579264483e-03,7.95216944999135172e-03,1.12019427845385711e-03
asteroid_2004,1.36293236652316032e-11,1.74499018373528347e+00,2.29172204029014992e+00,5.39672309990836818e-02,-8.05963763196833154e-03,6.12546993315650056e-03,4.83888070879175982e-04
asteroid_2005,4.59666655881489752e-11,1.75730664367305756e+00,-1.38650210214403868e+00,-5.43914489254410730e-02,7.12382810785713340e-03,9.01099021089173460e-03,4.59513269369289179e-04
asteroid_2006,4.59678581666776512e-11,3.14837404646671448e+00,2.24968442226644305e-01,-1.89946690005059593e-01,-6.59127478151972138e-04,9.63873483260508854e-03,4.90828846755138998e-04
asteroid_2007,5.05800077791536909e-11,-2.53201941939540154e+00,8.98684691474271324e-01,4.29867621729072211e-02,-3.51279873377913438e-03,-9.88546580034137604e-03,-2.45606483564151388e-04
asteroid_2008,4.75249488846456585e-11,-2.04943472272143534e+00,-9.70757723483988366e-01,-1.00974542440555204e-01,4.87661155917435991e-03,-1.03207851413443467e-02,2.44465874125597614e-04
asteroid_2009,6.41414541321863540e-11,6.25338558666335809e-01,2.13081708278867987e+00,5.30755197941788492e-01,-1.08397490086869462e-02,3.38309149376356645e-03,-8.10611234368972290e-04
asteroid_2010,9.54350012753851102e-11,2.78232477128739220e+00,-9.02513808646989268e-01,9.58337966028182222e-04,3.05568675276850785e-03,9.42211299397592919e-03,1.74691834436104042e-03
asteroid_2011,1.72771861600837291e-11,1.47322720497100002e+00,-1.56835858442943077e+00,1.47790288664715358e-01,8.18378472860989935e-03,7.93989227682488988e-03,2.67963418684011257e-03
asteroid_2012,3.57526714661737222e-11,-9.05580862358572714e-01,-2.26988577407380632e+00,1.58199089391068935e-02,1.01957080937393474e-02,-4.07275132140674616e-03,-7.35918137172828120e-04
asteroid_2013,7.43580500456717187e-12,1.35296332700283428e+00,-1.75509000643677182e+00,-4.81473968669567431e-01,8.92525620787590519e-03,7.08872295728381167e-03,-7.59755482478229006e-04
asteroid_2014,2.00063196106313506e-11,1.83170895635929298e+00,-1.87230585327372667e+00,-2.29116404263910362e-01,7.60205015813091196e-03,7.38908027232749402e-03,3.93359512787079481e-04
asteroid_2015,9.87306369186078613e-11,2.44560183840526868e+00,8.74257399439180682e-01,1.67597139942479226e-02,-3.58817201206003845e-03,1.00449733565206589e-02,-3.96916970154164394e-04
asteroid_2016,3.96527605243739550e-12,-2.08447367127538818e+00,-1.71086843487981888e+00,4.00433717316280413e-01,6.71248180698074976e-03,-7.81533872587265865e-03,1.55075667888013671e-03
asteroid_2017,2.13756455352263054e-11,-1.12456607213399673e+00,-2.16034659187404898e+00,-1.49591877359264089e-02,9.77662653458033146e-03,-5.08811651795413027e-03,-1.58252047874591934e-04
asteroid_2018,4.26561668299973642e-11,-3.38384633301319626e-01,-2.09940061620869223e+00,2.25812229534291059e-01,1.16119566227043513e-02,-1.87977292625347110e-03,-7.56768402648313185e-05
asteroid_2019,2.92740080337730215e-11,-2.36734223777885955e+00,-1.56079561470618278e+00,9.83410893800557434e-02,5.55791306815120022e-03,-8.29484880173431138e-03,2.14476702535346814e-03
asteroid_2020,5.45268674990560472e-11,-2.13099790124301869e+00,1.34519054138929839e+00,-3.79429699099219808e-01,-5.65741121788064776e-03,-9.14748456659800202e-03,-6.56717925116051602e-04
asteroid_2021,9.90447536013046242e-11,-4.34316108655223465e-01,-2.82567317270470841e+00,3.61345702215826625e-01,9.99312698347805395e-03,-1.60152406089416059e-03,-5.12549473848200750e-04
asteroid_2022,7.03962884419681072e-11,-2.21269104373321346e+00,2.16453135817113396e-01,1.78415730848795195e-01,-1.07756233972040568e-03,-1.14553970102138046e-02,5.33832225858679992e-04
asteroid_2023,4.05919758745109324e-11,-1.43791109982210608e+00,-1.55307520679055377e+00,-8.95969252202406113e-03,8.67416511440386763e-03,-8.03226457542315433e-03,2.26867917146390797e-04
asteroid_2024,6.82968445276382597e-11,1.44174542672245587e+00,1.91049754924447557e+00,1.46793380249320621e-01,-8.48423577010751391e-03,6.61521350388865215e-03,-2.76743450849533355e-03
asteroid_2025,8.72269392997005278e-11,-2.29723726294465180e+00,-1.31198340315376449e+00,1.12009263854497734e-01,5.23516685007727710e-03,-9.18229656932412382e-03,-1.83916359683132080e-04
asteroid_2026,2.29079905098037009e-11,1.59039619685473266e+00,-2.01710569946540863e+00,-1.47203267665116433e-01,8.42962758702773575e-03,6.61940833994602643e-03,3.69566291425113308e-04
asteroid_2027,7.16957762447360018e-11,9.65057360840180345e-01,-2.91301277750189769e+00,-1.49785378913427109e-01,9.31505840546219266e-03,3.06690034221504234e-03,3.71503527605897580e-04
asteroid_2028,6.13988936832541878e-11,-2.42306514042306587e+00,-5.46985780370602193e-01,-5.91134383200950464e-01,2.26074530424983950e-03,-1.05149451702122743e-02,4.62825981967499760e-04
asteroid_2029,7.33846910848035094e-11,6.46715254997673350e-01,2.65874171456172892e+00,3.80146843878093402e-02,-9.91058362864120045e-03,2.38120487806421080e-03,2.06017436699759866e-03
asteroid_2030,8.42517364735086626e-12,-1.85134249112954424e-01,2.78824395512417311e+00,-3.16219914975677419e-01,-1.02238132200736416e-02,-7.25705926906629892e-04,-4.13216164250175739e-04
asteroid_2031,7.32968313676522180e-11,-9.16869971114292803e-01,-1.89928069259947252e+00,2.69812599028940225e-01,1.05167813347764819e-02,-4.72075710646289917e-03,2.50721491253471382e-03
asteroid_2032,7.88046975194190239e-11,-2.71343439209735582e+00,-1.58226727210684787e-01,2.51430316234534587e-02,6.06368444422388246e-04,-1.04156488013504838e-02,-1.07108413799427508e-04
asteroid_2033,6.87263459203917780e-11,2.43969434977837851e+00,3.18094760681091548e-01,-5.15640505194464693e-01,-1.15057722945377939e-03,1.07246227418452810e-02,1.17211416227335700e-03
asteroid_2034,1.97320802892412671e-11,-2.00219975890551760e+00,1.66725200955749009e+00,1.68969760957797081e-02,-6.81945641846383715e-03,-8.18791383542468235e-03,-1.53767200999373280e-04
asteroid_2035,1.61428290106561866e-11,-1.52632176412221199e+00,1.60329051046146831e+00,-1.72431985300648905e-01,-8.38396372724532941e-03,-7.89895462253762184e-03,7.67301480608236983e-04
asteroid_2036,7.38402818124934144e-11,1.94117550676248696e-01,-3.03312612391244363e+00,-1.79866214740760644e-02,9.84607400074110663e-03,6.30891840796448809e-04,-1.26691657199008440e-04
asteroid_2037,6.47743631864495518e-11,8.40924108455385122e-01,3.08567748713462731e+00,4.58322620956501836e-01,-8.93264247174797507e-03,2.74164852137340339e-03,-2.06878009065684584e-03
asteroid_2038,9.83637117217199959e-11,-3.57022952068644372e-01,-2.03500252830669082e+00,5.04230377893643555e-01,1.16169875833743684e-02,-2.04564983645988451e-03,-3.04848512482355136e-05
asteroid_2039,4.54799843599602174e-11,2.77256693507635665e+00,4.40986805523040759e-01,2.83013780991357988e-01,-1.48072159919055259e-03,1.00645732758621494e-02,-1.17642423891742851e-03
asteroid_2040,2.29393533646457597e-11,1.92554342436737497e-02,3.01610859284491273e+00,-5.16861364587304223e-02,-9.88933967660087128e-03,7.23625924939571858e-05,5.38440461450201023e-04
asteroid_2041,7.69745103846660743e-11,2.14386902067260943e+00,-1.16106369524044006e+00,-1.34138311701085061e-01,5.26174530255730556e-03,9.65568274225137198e-03,5.19091549248604667e-04
asteroid_2042,7.48550438111410136e-11,2.77826044162643937e+00,-1.19495690552317879e+00,-3.54652126830862058e-01,3.91036825360596783e-03,9.04792715526159079e-03,1.47012783486451519e-04
asteroid_2043,5.22750845915592217e-11,2.74063635347012369e+00,-8.13002405276994633e-01,-2.87387133438869041e-02,2.89147260275037865e-03,9.71703446938325041e-03,8.52596777709482270e-04
asteroid_2044,7.46074550354110196e-11,-3.19478058635996387e+00,3.59690102044663840e-01,-1.39250183337816785e-02,-1.07349395370097325e-03,-9.53350578618327588e-03,3.37503170014284847e-05
asteroid_2045,3.10661360875382572e-11,-1.12951272055564900e+00,-3.04636132078852828e+00,-4.28907216055508578e-01,8.80663185724823647e-03,-3.41243832529039256e-03,1.04525500841774017e-03
asteroid_2046,2.15798755961638181e-11,-2.08012647425245545e+00,-5.45259745104239912e-01,-4.20983905906016503e-02,2.97169744609859137e-03,-1.11930873085425153e-02,-1.86151055214422924e-03
asteroid_2047,1.26182730627344252e-11,2.14403879646118112e+00,1.42830060471180942e+00,5.48286036239849950e-01,-5.63759316751849884e-03,8.90235874749817531e-03,-1.14543481153738490e-03
asteroid_2048,2.90548867072764487e-11,1.41174145585273503e+00,2.34703635574054070e+00,-3.09946087742966003e-01,-8.89825739450170010e-03,5.27912341501964640e-03,-5.54110130650691457e-04
asteroid_2049,6.54601079932728603e-11,3.54690049123117801e-01,2.24701750993010219e+00,-7.55084408258535900e-02,-1.12279862709372784e-02,1.74022311183999511e-03,-9.55432236633005599e-04
asteroid_2050,2.58504317199732359e-11,1.34712706287992501e+00,2.08613588844601328e+00,-3.17825843478042713e-01,-9.09397731088202113e-03,5.94094705558921490e-03,4.49554126101232930e-04
asteroid_2051,8.83450573431119140e-11,-2.73950774064176850e+00,-1.81290788779774892e+00,-2.91519938133181188e-02,5.22752573351824810e-03,-7.90703607739250830e-03,4.76154822131858639e-04
asteroid_2052,2.49838142803370529e-11,1.49658302130527932e+00,-1.47211039624518092e+00,-2.92080600999991336e-01,8.35594259727815564e-03,8.29061671353560972e-03,1.02936915967318399e-03
asteroid_2053,6.84479320760971286e-11,2.33897736384396993e+00,1.22620949090232534e+00,1.05330371605896755e-01,-4.89063538838351627e-03,9.15046694673268997e-03,2.07628672183870350e-03
asteroid_2054,5.27611929429477418e-11,-1.10456084970683266e+00,2.90849989900196171e+00,-7.01204852947718595e-03,-9.10957918503234147e-03,-3.46048728627897095e-03,-3.91097913460041737e-04
asteroid_2055,2.11625953592251335e-11,-2.48339364427268006e+00,-7.91359286014183538e-02,1.41524544877969449e-01,3.08905878900200934e-04,-1.08797112030832085e-02,-6.63073339772498899e-04
asteroid_2056,5.56241407273815137e-11,-2.49884777095978627e+00,-9.42225420639574818e-01,-1.66292022749806340e-01,3.75458584710540964e-03,-9.55560934979574061e-03,-2.27672037165239406e-03
asteroid_2057,9.54737640942079449e-11,8.00979223126686429e-02,3.25117122913132217e+00,3.74548171682965059e-01,-9.48197078235408185e-03,3.05624579897377676e-04,-6.25157722515613952e-04
asteroid_2058,9.44183114814525361e-11,2.64420395721175927e+00,-2.26080553382311221e-02,-3.68490296316646315e-01,6.86371738150096811e-05,1.05264649078881407e-02,-1.53307197244236258e-04
asteroid_2059,2.91664892513412043e-11,2.17197058560993295e+00,6.05001733448623180e-01,1.05082122887550797e-01,-2.92728071884898943e-03,1.08712457597852172e-02,-2.08555847779613940e-03
asteroid_2060,5.36534898724291123e-11,2.08720585731427999e+00,4.72473112021213060e-01,3.08008681528371964e-01,-2.66049913106152641e-03,1.13778732179850937e-02,5.75536382180221796e-04
asteroid_2061,1.50940827819824208e-11,-2.18598534072977158e+00,2.38364899615097459e+00,-4.09276410245831140e-02,-7.04765230638415823e-03,-6.46537884287784990e-03,-1.25322645454188609e-04
asteroid_2062,4.69088749438899345e-11,4.15754228694726058e-01,2.33954613961935065e+00,4.52873506012763771e-01,-1.08752372012254819e-02,1.73406516384494577e-03,1.02567358959779892e-03
asteroid_2063,3.21562762662007098e-11,2.27831603865873511e+00,-1.36168607351757598e+00,5.21003802098988666e-01,5.55964664220343161e-03,8.73420683781888502e-03,-1.48441200776565406e-03
asteroid_2064,9.29490194071588562e-11,1.11339945088436498e+00,1.90757852622964252e+00,-2.16641885799879023e-02,-9.99634053858145834e-03,5.83327676848742743e-03,-1.14777683903218727e-04
asteroid_2065,6.32718362264622301e-11,-2.55209514441402607e-01,-2.59528773552697656e+00,5.50268409041133541e-02,1.05964950423480427e-02,-1.04736890525750992e-03,-2.52555291570782665e-04
asteroid_2066,1.85008938935334152e-11,-2.59492548116465049e-01,3.20545117051858730e+00,-3.48836165930054981e-02,-9.39887065031354794e-03,-7.79914138621496593e-04,-1.74981266402267398e-03
asteroid_2067,9.92339812784295695e-11,-1.86004912740926703e-01,2.66546065870998827e+00,4.07880169276633231e-01,-1.04318991852647425e-02,-6.55254824388311818e-04,-4.75209525837202973e-04
asteroid_2068,6.94206047556189858e-11,4.80442847278371582e-02,3.25928218240278333e+00,1.93291445428143277e-01,-9.48811981255452859e-03,9.43773479590245980e-05,7.66963694914467179e-04
asteroid_2069,1.34761969953193874e-11,4.68694842790085053e-01,-2.35058413380971221e+00,-2.57070152546748920e-01,1.07978355937879272e-02,2.26426015474708248e-03,-1.01701475598126381e-03
asteroid_2070,7.99571737660775473e-11,2.46153378790708821e+00,-1.01744788205904690e+00,4.74483003721488272e-01,3.89875580244462882e-03,9.68882775590540306e-03,5.49984170808721115e-04
asteroid_2071,5.57602633494053170e-11,-1.86770509566447540e+00,-2.48357143125269664e+00,3.86585041603822288e-01,7.79424648274671707e-03,-5.79210080289434357e-03,4.45588352234530351e-04
asteroid_2072,4.00321236851278655e-11,2.22652153338979053e+00,1.41155358667442710e+00,9.30034939757101026e-02,-5.66751235457482912e-03,8.94677483663473654e-03,-1.07671348448054745e-04
asteroid_2073,1.96397586939184801e-11,2.07226173479763975e+00,-1.27813758840544334e+00,-5.65240378156458001e-02,5.78725803004375306e-03,9.38146116182947583e-03,3.38832828296601376e-05
asteroid_2074,2.77999906050944387e-11,-9.14147199845944169e-01,2.96843399375080574e+00,3.58018454359724347e-01,-9.29931015593568958e-03,-2.85732608545192623e-03,-5.35013098567781563e-05
asteroid_2075,1.67340974389592666e-11,2.49985558233980010e+00,1.26167266315922094e-01,5.73364352312940029e-01,-3.27828302080919475e-04,1.06900503304022832e-02,-9.22992533152236960e-04
asteroid_2076,8.03374660166461712e-11,-2.21895355358284485e+00,1.58658190286783651e+00,2.22371680499568208e-01,-6.08657086877150994e-03,-8.33660519484082443e-03,-1.25515589160851942e-03
asteroid_2077,2.73047691107817908e-11,-2.97898823634058685e+00,1.32763701530768730e+00,2.60570179677569791e-01,-3.90074881046837589e-03,-8.66066001033385588e-03,-4.68480363875856001e-04
asteroid_2078,4.70014875770248954e-11,2.21874613714330637e+00,-6.19142281892846369e-01,3.06237958024235590e-01,2.69127899124194190e-03,1.07348699672174339e-02,2.20464839136487152e-03
asteroid_2079,9.67917517313928314e-11,-1.81145511601849774e+00,1.66687396580558400e+00,-5.80766164572234320e-03,-7.38755814460909446e-03,-8.02446057116969723e-03,1.11328459102842019e-03
asteroid_2080,9.94557754744367255e-11,-1.97299906528494517e+00,-8.17719506125880624e-01,-8.11809269952669110e-02,4.52099947994369714e-03,-1.07595257746169043e-02,-1.49854959800239636e-03
asteroid_2081,7.91288993106920948e-11,-1.13712401829633936e+00,-2.30397139383895810e+00,6.79692595141308670e-02,9.62265070933088218e-03,-4.74444808510774991e-03,1.62935034063049430e-04
asteroid_2082,7.98930739509471933e-11,1.86680214911421194e+00,1.35143173356302060e+00,-4.06586030499502926e-01,-6.44062543077708518e-03,9.17208819202452834e-03,9.15126497261102242e-04
asteroid_2083,9.44852421114941962e-11,-2.87312786803092424e+00,-4.00837130703752195e-02,-4.96819930766318973e-01,2.72099367630858398e-05,-1.00523292643557513e-02,6.53671550211501777e-04
asteroid_2084,7.96843229521403225e-11,-7.73766537046246761e-01,2.18402677515230836e+00,5.01607672796993559e-02,-1.04071751469484181e-02,-3.74037868444842799e-03,2.31980746042908343e-03
asteroid_2085,4.51006222792436460e-11,6.01042740665222008e-01,-2.83733600949137266e+00,2.34657849705902588e-01,9.86646655263045957e-03,2.06756192000088048e-03,-2.71886110279706582e-04
asteroid_2086,6.04048752320784820e-12,-2.02399768787633771e+00,1.29244841792953125e+00,2.66252508627801421e-01,-5.92367481297972117e-03,-9.34236042251255540e-03,3.19301489551063449e-04
asteroid_2087,2.08449066267106357e-11,1.75309510230555943e+00,-1.81871676716140240e+00,3.03899494085369953e-02,7.78137473070755065e-03,7.50827745128235767e-03,4.58709665884979550e-04
asteroid_2088,4.44604813031479626e-11,-2.42205672700831798e+00,-5.55812567804440549e-01,-4.10152037036040695e-01,2.70961978620516209e-03,-1.02922149334245885e-02,-2.05365411898980957e-03
asteroid_2089,2.65483623977772651e-11,-2.35382841176436708e+00,1.79490601177224041e+00,-2.94286619402255251e-03,-6.06130325884197095e-03,-7.94838580190326306e-03,2.25074202231682267e-04
asteroid_2090,3.29249725927607179e-11,2.65011127545356651e+00,1.52228382742009644e-01,-1.68320880327001959e-01,-7.02075259793412832e-04,1.03934908273101683e-02,-1.65394371731739033e-03
asteroid_2091,5.90248747001102006e-12,6.45022528462608769e-02,-2.49041822291685389e+00,-4.61059770928295920e-01,1.08016174600093599e-02,2.31260042319614669e-04,2.61993009465154270e-04
asteroid_2092,5.52173576460098834e-11,4.85532229647215541e-01,-3.08369600138060385e+00,-9.55314109280637064e-02,9.61042039794544369e-03,1.52153467201065758e-03,-2.69875008954860332e-04
asteroid_2093,3.51644816512126130e-11,-1.81041782832138853e+00,-2.10498905819103754e+00,-2.34740561451362129e-01,7.77965299940577924e-03,-6.74264679926665864e-03,4.63384967439852519e-04
asteroid_2094,2.58914423077711707e-11,-4.38693634325203308e-01,2.31525978241248787e+00,-2.58725215598381436e-02,-1.10096999069490345e-02,-2.08643923794566127e-03,-2.95135923206807916e-05
asteroid_2095,6.10412074326885451e-11,-3.16192075515582749e+00,1.61594031538639382e-01,-2.98732579201070214e-01,-3.88641198207506514e-04,-9.57909692037485321e-03,-1.06808644639670822e-03
asteroid_2096,2.76849518874897339e-11,8.74523687752864154e-01,-2.35322763782375244e+00,-5.96219815732230152e-02,9.81189333949272421e-03,3.71689770032028553e-03,-2.78375934322922436e-03
asteroid_2097,4.76315595721688459e-11,-9.87076362518139572e-01,-1.89894894235338296e+00,1.68277021540151506e-01,1.03490558222341118e-02,-5.46312890300832635e-03,-9.44243452525846214e-04
asteroid_2098,2.46477531108500461e-11,1.44141237147015477e+00,-2.27451168030663720e+00,-6.30747952255024391e-02,8.52646451761242263e-03,5.47760690028205668e-03,-2.67506907677913597e-03
asteroid_2099,6.80546109937466627e-11,-5.13474303737328275e-01,-2.18819267747900881e+00,-7.01716719075924089e-02,1.11681891464096988e-02,-2.61669781022821598e-03,-1.24539692516897324e-04
asteroid_2100,8.54167514195845668e-11,-1.49737241522989034e-01,2.37780802650087431e+00,1.31780182187575395e-01,-1.10689902481130725e-02,-7.50384338967772244e-04,9.62434835461648940e-04
asteroid_2101,8.18024220535625977e-12,2.62043891022720477e+00,-1.41788807419347451e+00,-3.19536586227746999e-01,4.81940936492103629e-03,8.44055751219396043e-03,2.06925283853800481e-03
asteroid_2102,8.19868320519374681e-11,-1.16838331275786422e+00,1.91111390172425599e+00,2.75919411009118321e-01,-9.44397401380084496e-03,-6.09088540785233858e-03,2.19699705321628512e-03
asteroid_2103,8.51712994581266623e-11,-2.32180375294686758e+00,-2.00079196095313527e+00,-1.43967654304326037e-01,6.41939858028726506e-03,-7.39958529826751244e-03,-6.91495160445397181e-04
asteroid_2104,9.64931298783176138e-11,-5.73772242853331615e-01,3.17282575486865159e+00,-2.42052487690660296e-04,-9.27871105319035688e-03,-1.67782836469188208e-03,1.69303789184069536e-03
asteroid_2105,8.27855134199356286e-11,-2.79809937131716602e+00,-1.34131608517616130e-01,3.86418578481152020e-01,7.41816749007677997e-04,-1.00256886370869176e-02,1.89151163102610422e-03
asteroid_2106,5.52435587868332434e-11,1.97740245932907777e+00,2.17137211429523935e+00,-3.03103356185490891e-01,-7.41075247908739784e-03,6.50982279510632297e-03,-1.71160259608485552e-03
asteroid_2107,7.03470576762486049e-12,2.92241235559186308e+00,-3.64510248531269399e-01,-2.57626163852713475e-01,1.34667736389902431e-03,9.81613711609863153e-03,1.38752983044308060e-03
asteroid_2108,7.45413028478535239e-12,-9.78360165799318726e-01,-3.14183203018762214e+00,-6.94001897360412012e-02,9.04584644769409509e-03,-2.82396128745096824e-03,3.21558120331223176e-04
asteroid_2109,1.96781099275185230e-11,4.54877666800074132e-01,-2.46824268001286962e+00,-1.38165138251162556e-02,1.06767878376783209e-02,1.96653547735502069e-03,1.98714638882903567e-04
asteroid_2110,4.47155007110673784e-11,1.77879605031006638e+00,1.43284403601731070e+00,-2.27665647740697835e-01,-6.95442401408406449e-03,8.86052126789174319e-03,1.42859974483041784e-03
asteroid_2111,9.55444094193047602e-11,2.70131889149584214e+00,3.69036795613913449e-02,3.40950258094994130e-01,-1.91132471222481526e-04,1.04156178741509377e-02,3.86962988581312432e-04
asteroid_2112,1.75436115497269632e-11,2.85931363220748580e-01,2.72215794071630235e+00,-1.23085989539471877e-01,-1.03237547786266207e-02,1.10465951868894512e-03,4.48242756011157277e-04
asteroid_2113,5.38843445106248082e-11,-2.31022655168839108e+00,9.67517567269081391e-02,7.58381664129367389e-02,-4.46446430618972745e-04,-1.12736498969031994e-02,7.82627496607402268e-04
asteroid_2114,9.98071077821341718e-11,-2.21352226018345899e+00,-1.75401834815622037e+00,-2.55168296705403863e-01,6.37206385519128483e-03,-7.96852322088694234e-03,-5.00725408608474897e-04
asteroid_2115,1.38765363957082155e-12,-2.10718700828770800e+00,1.25072252871653772e-01,-1.59986849604081327e-01,-6.02709865461653616e-04,-1.17421552744168996e-02,-1.24132337103911015e-03
asteroid_2116,4.70775394906129366e-12,1.10285051446242188e+00,3.00328419597596552e+00,-2.97779124173397636e-01,-8.98696226300660546e-03,3.34067080545334856e-03,4.08718640378117476e-04
asteroid_2117,2.69985407017964697e-11,1.91637210531004998e+00,1.46463425825289861e+00,-1.63150708176673653e-01,-6.74385734433925136e-03,8.73089857986508039e-03,-8.34608277229317440e-04
asteroid_2118,2.25225721850148529e-11,-5.07078598664120750e-01,-2.08653944980518435e+00,2.93510476238285044e-02,1.14014330816199425e-02,-2.77528307553881297e-03,-3.17362154059716442e-04
asteroid_2119,4.98651562828833360e-11,2.22900617544824042e+00,-2.85028032711739446e-02,5.63034717155373107e-02,2.08523708805131704e-04,1.12269510599096144e-02,-2.57179624712820147e-03
asteroid_2120,4.20509957225120782e-11,-1.75296617522552456e+00,-1.61522589470522338e+00,-1.48747299852947684e-01,7.38683371228826286e-03,-8.16649451082195575e-03,1.62600439423018551e-03
asteroid_2121,5.83685021574533666e-11,1.44040718436088899e+00,1.95517621358361016e+00,3.21809773235842561e-02,-8.88424575484613073e-03,6.53863793224356091e-03,3.95950017982397691e-04
asteroid_2122,1.47162710260630988e-11,2.09228177021928907e+00,4.19200359232104913e-01,1.53429477717953566e-01,-2.37211643141702500e-03,1.14763012833814081e-02,9.92419109462323130e-04
asteroid_2123,6.85874094770395598e-11,-2.61585536921171036e-01,2.41982637672030476e+00,-7.96108462251439997e-02,-1.08961029054072660e-02,-1.21554352841602114e-03,-1.14483600633650336e-03
asteroid_2124,2.14772239288506056e-11,1.03977446121748063e+00,2.07936612538392751e+00,1.76459961559822937e-01,-1.00329778036660055e-02,4.88586554432780124e-03,1.54443411269607569e-03
asteroid_2125,4.52046684032304535e-11,7.71218489166549670e-01,2.40923243223643668e+00,3.54259912117249554e-01,-1.01841427695505329e-02,3.38222177310982348e-03,-8.30913062796079281e-04
asteroid_2126,3.34467934276650615e-12,-2.12503706337613574e+00,1.38242320501970983e+00,-3.71482146907129440e-01,-5.72619290655293229e-03,-9.04796551270043228e-03,-9.14567031921366728e-04
asteroid_2127,7.97880787728794158e-11,-1.86607180824316177e+00,-1.61678767101760035e+00,4.33435627695480441e-01,7.02255085567754685e-03,-8.26795702599510476e-03,-6.06657121834953614e-04
asteroid_2128,6.27144300208337269e-11,1.49079424443639685e+00,1.99819850199644722e+00,-4.81737070466178793e-02,-8.73223599841167243e-03,6.50987768102670884e-03,-2.06322861455200245e-04
asteroid_2129,2.08851830766177300e-11,7.38885549778230621e-01,-2.07947403478281245e+00,-6.06298110192627984e-02,1.08865953407998716e-02,3.84298954444440167e-03,8.66752000420711573e-04
asteroid_2130,6.01791373512612958e-11,1.80003884791173285e+00,1.13919403494121174e+00,6.69678704238401909e-03,-6.30291440624212388e-03,9.95899884419157964e-03,3.86318106321907574e-05
asteroid_2131,4.37063705149577184e-11,-1.89394426842302760e-01,2.33464967275595026e+00,-3.19531444797769501e-02,-1.11257098768218366e-02,-8.84409001203237985e-04,1.32576185482068294e-03
asteroid_2132,8.26285126055743354e-11,2.86319356854361295e+00,-8.64931426765030209e-01,3.19305125042931404e-01,2.90309726327108060e-03,9.47724329730830276e-03,-3.60043848650020641e-04
asteroid_2133,9.83722083982895977e-11,3.19237836903504668e+00,5.69777451866748774e-01,5.49007258982558310e-01,-1.80614332394644418e-03,9.26991647302086511e-03,8.81779764853053575e-04
asteroid_2134,1.24607996961938118e-11,-3.07449847757959072e+00,9.36903161972356346e-01,3.09052409764343158e-02,-2.79814128427310167e-03,-9.16874783067849267e-03,-4.09389613562250018e-04
asteroid_2135,4.90157600635509269e-11,1.36397539528249179e+00,2.32237350671750065e+00,2.52030705489293128e-01,-9.00176521165427929e-03,5.13293260022730340e-03,1.41887306777808281e-03
asteroid_2136,2.58097187791854072e-11,-3.87172434751463124e-01,-2.70200594133803174e+00,2.16652614594622150e-01,1.02911419493383945e-02,-1.46367345149340123e-03,1.36587886740818548e-04
asteroid_2137,7.49707201376667802e-11,2.28406538083219246e+00,9.32003342410978930e-01,2.28934194279183018e-01,-4.16144511313566636e-03,1.00971336552863177e-02,4.12565724166424463e-04
asteroid_2138,3.45598811250656678e-12,3.00516412389386423e+00,3.72328433922340163e-01,5.95763646539065744e-02,-1.23002434428985175e-03,9.63342639824067530e-03,1.84009997000830284e-03
asteroid_2139,5.44620611862401019e-11,-2.23020268097755237e+00,2.03282873815461373e+00,-1.91062915322796172e-02,-6.67053713337054707e-03,-7.31656061105478549e-03,1.74556312794838073e-04
asteroid_2140,8.57109528406195582e-11,-7.45309073740957562e-01,3.01071381069795985e+00,-2.67722596594951068e-01,-9.45571170402343709e-03,-2.36264832190985269e-03,-2.45889595224236873e-04
asteroid_2141,3.89347407269450802e-11,2.90951693510670673e+00,1.26751635173720922e+00,-7.89527471490990840e-02,-3.85879199597117910e-03,8.79799704683439238e-03,-9.57731613711836527e-04
asteroid_2142,8.37913146559457841e-11,-2.24461573740538478e+00,1.27697070297470261e+00,-4.49261142518080525e-01,-5.12219740461894273e-03,-9.27646187633249589e-03,-7.75506950992576379e-04
asteroid_2143,1.46975727424339287e-11,2.95610319639041830e+00,-6.12435669437762842e-01,-9.10528614210812104e-02,2.01866662210483305e-03,9.68110472000392741e-03,4.20997246651904570e-04
asteroid_2144,9.18333834800276330e-11,-1.90528589086084632e+00,-2.32801762089283759e+00,-6.00725273438257323e-01,7.32948640189487466e-03,-6.37380006739002216e-03,1.45416195850294155e-03
asteroid_2145,7.91473290953938888e-11,2.17594832239656633e+00,-1.05159598533176646e+00,-5.10924110829421907e-01,4.38052465967927844e-03,9.88643526815427900e-03,-1.69250253503150025e-03
asteroid_2146,3.91159373411299924e-11,-2.94291857936725387e+00,-1.10153383706968477e+00,-6.80192328670497726e-01,3.40584656949789776e-03,-8.96617494995728508e-03,-2.15503829147212369e-04
asteroid_2147,1.30714707859176595e-11,-2.09022817430470464e+00,-7.15984199445201197e-01,1.28881489457345233e-01,3.77534366990149670e-03,-1.09124439930262124e-02,6.06698684991856122e-04
asteroid_2148,5.20470644255504030e-11,-1.41981236628292584e+00,-2.93988915286305375e+00,-4.31096051158183613e-01,8.54187714349664319e-03,-3.96822172373944172e-03,-1.07106246180730552e-03
asteroid_2149,6.70459238943363523e-11,-1.02093370361311719e+00,-2.84581372009031508e+00,-6.53685806272906317e-02,9.31108848120287130e-03,-3.33976582979146055e-03,-2.52816790370528784e-05
asteroid_2150,1.29013648092927585e-11,1.81063028363051903e+00,-1.21886003644011143e+00,3.58623445088458226e-01,6.12753924242620540e-03,9.63896384576453519e-03,1.82319286922500009e-03
asteroid_2151,9.33181015248941944e-11,2.86143113066804133e+00,-2.46295159072656838e-01,-2.98438923442113480e-01,7.74373997220397805e-04,1.00557256817727855e-02,-8.74077318562406936e-04
asteroid_2152,7.62725466341941362e-11,1.46027128726218658e+00,1.56389650070665631e+00,-7.60393846816401764e-02,-8.58062248216506611e-03,8.02893046713262434e-03,3.46920540377551319e-04
asteroid_2153,9.51636179448084598e-11,-2.87744417539124786e+00,9.09553550557410717e-01,-1.97383410624162259e-01,-3.01094905869824826e-03,-9.40644112635756827e-03,5.48049638118962290e-04
asteroid_2154,2.99313444504215642e-11,1.59606321522516326e+00,2.54727947055793180e+00,5.67312540041550184e-01,-8.38888814448544677e-03,5.04946786949560765e-03,9.28570947515196818e-04
asteroid_2155,4.33486915324417991e-11,8.79356599435070274e-01,2.65932047317218778e+00,-3.51379496187394613e-01,-9.46783077570004586e-03,3.38568094173054149e-03,1.92956952919368010e-03
asteroid_2156,2.40185243326339806e-11,-2.04618756681041747e+00,-2.33348134263074858e+00,-3.92198487074056856e-01,7.34468507035897136e-03,-6.35579685621928594e-03,-5.03494781535103507e-04
asteroid_2157,2.73856111164098141e-11,-1.46984889889154013e+00,1.65919794214650662e+00,6.11144182064357055e-02,-8.55605911384008967e-03,-7.63169372785555983e-03,1.41335651318473315e-03
asteroid_2158,1.45372167111384569e-11,3.62140252575059995e-01,-2.39524711326735895e+00,2.04779832132965522e-01,1.07122389552080644e-02,1.78577185579454267e-03,1.94370684611206855e-03
asteroid_2159,1.25323459398037142e-11,2.39398675703796959e+00,8.75100576541668729e-01,-4.97496778698853392e-01,-3.83625115908693692e-03,9.90756070697437936e-03,-1.03281550098609644e-03
asteroid_2160,6.70817360805234055e-11,1.98699941792715262e+00,8.21328265389491774e-01,-6.19445869716550371e-02,-4.33140453418254853e-03,1.06528519700392569e-02,2.30835572188172649e-03
asteroid_2161,1.57027633634677819e-11,-1.88325664696074968e+00,1.84450113204016652e+00,9.72712136571058789e-02,-7.40463956740416290e-03,-7.50801833509315113e-03,-9.89895793263614486e-04
asteroid_2162,1.33521777345903357e-11,8.81169166502474899e-01,-2.22874087860747050e+00,-3.22827802633593786e-01,1.01785440665267870e-02,4.18573317437425426e-03,-1.11482170502417662e-03
asteroid_2163,5.34632266433217140e-11,2.03582772337409290e+00,1.49570089800163997e+00,4.79349040536634241e-01,-6.50223192140357217e-03,8.43225080537658191e-03,1.30447514179762966e-03
asteroid_2164,7.04027677472108960e-11,2.18647116585860379e+00,-1.42216946507985886e+00,-9.75743584717923412e-02,5.80952987210912614e-03,8.92187797746865630e-03,1.42938391344759745e-04
asteroid_2165,7.78060659728648097e-11,-3.09518778075748902e+00,5.29891981747977803e-01,3.08071131365202311e-01,-1.60774836005604942e-03,-9.54604170275447604e-03,2.66457544331607566e-04
asteroid_2166,5.80281014567031614e-11,-2.14644619308233908e+00,1.12717714195905594e+00,-4.77916977676226160e-04,-5.13587715360495824e-03,-9.78015061531156520e-03,-1.63739740847915010e-04
asteroid_2167,2.01641258968117600e-11,3.15819860782452899e+00,-8.13305500655546604e-02,2.89604605065120813e-01,2.97371666014066484e-04,9.63838811956898439e-03,-5.36121910310513898e-04
asteroid_2168,5.73272785846444744e-11,-8.56381053087627131e-01,2.44195500465156412e+00,3.48784644659187792e-01,-9.85878913495337635e-03,-3.68540845903990314e-03,1.59617522646808736e-03
asteroid_2169,6.25834757291642867e-11,1.82299819421891551e+00,-1.69646496364066723e+00,1.24797843839610706e-01,7.42586629104482511e-03,7.96981752351426549e-03,-1.34815180429497287e-04
asteroid_2170,2.58171618349144059e-11,-6.05871728235521601e-01,-2.63299506824124574e+00,-8.08924359764837952e-02,1.01083511126959843e-02,-2.28158634458147398e-03,-1.44585292554403060e-03
asteroid_2171,1.44570856293668380e-11,2.10465844579847339e+00,1.52857004966051702e+00,2.46212475816175065e-02,-6.26773220139010840e-03,8.62966689323061732e-03,1.56434850925273101e-05
asteroid_2172,9.25658137481285284e-11,8.32395170942858864e-01,2.21651847700822868e+00,4.43516526309291281e-01,-1.03703105599134340e-02,3.57836430570926574e-03,1.57984153602821510e-03
asteroid_2173,9.60375694940618461e-12,-1.36415588003088484e+00,-2.29270400579691636e+00,4.35843365102198566e-01,9.02317476307088438e-03,-5.09184243323373021e-03,1.45678336959164517e-03
asteroid_2174,2.77253689623503926e-11,-2.16975783449365300e+00,-7.06906876674770701e-01,2.64076761436004490e-02,3.47734355493755157e-03,-1.07312579921436425e-02,-1.55283063313422977e-03
asteroid_2175,2.31525152228391288e-11,1.33844684477793896e+00,2.13555399833085424e+00,1.00233840888619155e-01,-8.98761522847146312e-03,5.72412940086689144e-03,-1.94287859900629974e-03
asteroid_2176,8.91995117406059849e-11,-2.72861072326467768e+00,5.26290576810161115e-01,-1.59749635356612775e-02,-1.95207075373240589e-03,-1.01290509303977056e-02,-2.74358403580621496e-04
asteroid_2177,5.02009143284819866e-11,-2.43420278193460993e+00,-7.10740229005037527e-01,-5.56046650221946326e-01,3.09634891587903371e-03,-1.02046583179894509e-02,-5.11251987424978806e-04
asteroid_2178,9.56583808136307909e-11,-1.04915533505740455e+00,-2.85841405346996247e+00,5.18437995192216117e-01,9.11167431362009880e-03,-3.48729677066645337e-03,-7.88091120331339064e-04
asteroid_2179,8.28236411138838418e-11,1.62325463405973802e+00,-1.77785144348550128e+00,-5.54170238751394983e-02,8.18078575863165521e-03,7.47679102221114091e-03,-2.36846326470774163e-04
asteroid_2180,7.54895653130358563e-11,-1.15617767185552500e+00,-3.02991329791841624e+00,-3.67131193532031663e-01,8.74708762506638121e-03,-3.07511852605566859e-03,-2.16773977563073641e-03
asteroid_2181,1.76861812229138157e-11,-7.77579006005245984e-03,3.04163062197366107e+00,1.25434311444154942e-02,-9.86325786819382440e-03,-2.50434299056707859e-05,-4.15962111870988682e-05
asteroid_2182,3.44419328956937305e-11,2.52139980199981695e+00,2.06599299973055084e+00,9.52104756199664004e-02,-5.99304051633214527e-03,7.24333022003580650e-03,1.53535250164606868e-03
asteroid_2183,8.20288356651057316e-11,-1.03967397576085285e+00,2.92392109713511861e+00,-1.24629980101774090e-01,-9.19241245799655264e-03,-3.27702111047254883e-03,-1.97698447908364942e-04
asteroid_2184,9.83532428988118935e-11,1.07947566754667390e+00,1.95645639138849536e+00,-4.02856221413020077e-01,-9.91788000228245419e-03,5.61243757641811947e-03,6.81084756686002797e-04
asteroid_2185,8.77932999698506431e-11,-2.48256196910598170e+00,-1.13967632165351840e+00,-2.22156507143362499e-02,4.34293403722844570e-03,-9.45687675447354388e-03,-1.72147165048017371e-04
asteroid_2186,9.48417324497563588e-11,-2.16673676727224013e-01,-2.29325320435524027e+00,4.83682746898655008e-02,1.12827067396173604e-02,-1.06526873864227047e-03,3.58624393405401613e-05
asteroid_2187,6.41885592053069925e-11,-2.55595895148611829e+00,1.69679333281396305e+00,-2.93097802999807255e-01,-5.46300153932572329e-03,-8.10045010487074786e-03,7.45205025249928428e-04
asteroid_2188,4.82868982611553383e-11,2.39511531913825237e+00,1.31375527416010529e+00,6.18902511987913795e-01,-5.16687690879101200e-03,8.78136538588314419e-03,1.35514225596238317e-03
asteroid_2189,5.14770059258601473e-11,-2.08692739585973985e+00,-1.21212072914743962e+00,-1.15003939578389058e-01,5.57480245650878326e-03,-9.54104325001738258e-03,-6.02689544463705026e-04
asteroid_2190,4.58545954611209299e-11,1.51219519409989633e+00,-2.79095499548469306e+00,5.13222023344802825e-01,8.43107199485767025e-03,4.57617534439385028e-03,4.37878440395911820e-05
asteroid_2191,1.54954881037933933e-11,-2.05480208602877079e+00,8.55544968427254360e-01,-2.35530409202252183e-01,-4.30780083995128092e-03,-1.06157106252054035e-02,-9.78810593191283950e-04
asteroid_2192,3.05831508381876160e-11,-2.69445061536508668e+00,-5.59704598544626730e-01,-3.69280277962266978e-01,1.83169774073876175e-03,-1.00002776004219536e-02,1.79208664658289467e-03
asteroid_2193,9.04650519755163510e-12,-2.96160421030106402e+00,-1.02123169855296431e-01,1.05692991956505472e-01,3.67190980614679017e-04,-9.96076238741460708e-03,6.64658306046714384e-04
asteroid_2194,8.86513060542388886e-12,-1.19547963521213063e+00,1.78568837388975177e+00,3.06151984808169852e-01,-9.72724937408554410e-03,-6.44682252748700856e-03,-3.81224043209271550e-04
asteroid_2195,3.11903311258980668e-11,2.71638267572666736e+00,-2.86151159918955567e-01,6.90853764933982206e-01,1.13339617994412389e-03,1.01827127389327050e-02,-2.38751954378719952e-04
asteroid_2196,6.66159237446698025e-11,-1.24601199117516770e+00,2.81001553644169810e+00,-1.78911797334735806e-01,-8.92794494477115556e-03,-3.99919596440712413e-03,-6.34258540872351638e-04
asteroid_2197,6.13748696011314122e-11,1.74104200626301497e+00,1.31346789422973664e+00,-2.18814743462704617e-02,-6.95834732338341654e-03,9.24569093551220328e-03,1.33186727396185063e-03
asteroid_2198,5.59507116288754875e-11,2.61802554673821675e+00,3.88039967220255466e-01,-6.04084030022722374e-01,-1.38523642700430971e-03,1.03289102155996546e-02,6.31444647358500241e-04
asteroid_2199,7.48957382750192553e-11,1.29293006077618022e+00,-2.02985472584230164e+00,1.31971362358095201e-01,9.30200942790112770e-03,5.97362671313626976e-03,7.48244144458579336e-04
asteroid_2200,4.22749329484892830e-11,-2.77732261427118354e+00,7.73042845486240693e-01,2.69922588917744233e-01,-2.74082489722560305e-03,-9.72426109940481911e-03,-3.51524852616222014e-04
asteroid_2201,4.42157672554049350e-11,9.28082578845513151e-01,2.04131801361811593e+00,9.94189804680026441e-03,-1.04226842814572982e-02,4.74310267462364071e-03,-9.12222563470971781e-04
asteroid_2202,5.18066604331457584e-11,2.48022505099647184e+00,2.01377241950653785e+00,4.36300013732356828e-01,-5.79446772933841017e-03,7.47092447692184174e-03,-1.54287788026219756e-03
asteroid_2203,6.66838812455929020e-12,3.05596802591884575e+00,-6.94832149947155919e-01,-5.00476031507385510e-01,1.82960704358575135e-03,9.31598669224991544e-03,-1.76197536254665919e-03
asteroid_2204,5.81733954406176957e-11,-3.08931852778506544e-01,2.30231855816021191e+00,3.17172105452377187e-02,-1.10311154519982454e-02,-1.50567081268160037e-03,1.84981335713317228e-03
asteroid_2205,7.50264343949048210e-11,1.59906285597963405e+00,1.86291396052290970e+00,-4.02853340047091613e-01,-8.25805117584503881e-03,7.12182509826205391e-03,1.54409795571778722e-04
asteroid_2206,2.63716014858048978e-11,-2.70763673893149770e+00,-6.85906768343052975e-01,2.59169579094504166e-01,2.55955858603881424e-03,-9.93688405561486514e-03,4.42099853772071104e-04
asteroid_2207,8.54828397173548368e-11,2.93763873324709257e+00,-3.76494506576485644e-01,6.94290012650296967e-03,1.27072679058742367e-03,9.91456219289840561e-03,-2.27626300736033446e-05
asteroid_2208,2.66289742902132823e-11,1.63123251073196718e+00,-2.06304550493612471e+00,7.79096763728150538e-02,8.30693993661714598e-03,6.58207334983321266e-03,3.66659823985672853e-04
asteroid_2209,5.13262179013576907e-11,-8.14821678210675637e-01,-2.13611163412284144e+00,-7.73034883271351142e-02,1.06222822729567772e-02,-4.05954825627101012e-03,2.11923055219966522e-04
asteroid_2210,8.74486883884931791e-11,9.30365106175352174e-01,-2.02006771111238193e+00,-6.55071673281151373e-02,1.04755638486097712e-02,4.82190977779344519e-03,8.41865778330557466e-05
asteroid_2211,7.38154754031611375e-11,1.10410556251206271e-01,-3.29627552555355496e+00,1.02560793496723118e-01,9.32898767531648195e-03,3.61843078279036015e-04,1.58652989102512211e-03
asteroid_2212,5.76169815796677257e-11,2.36631830618179828e+00,1.18118646374436920e+00,-9.42788537032088342e-02,-4.72193399241045784e-03,9.46143578314923711e-03,2.24973865952042016e-05
asteroid_2213,6.22769144488805900e-11,1.18200756123965456e+00,-2.91660096756754994e+00,-1.20713535539468536e-02,8.98499027610464782e-03,3.64045039284536468e-03,2.14168680790775140e-04
asteroid_2214,1.08975656077338635e-11,4.98661932945790753e-01,-2.61945598453960793e+00,-2.56963816895575181e-01,1.03151855544319025e-02,1.99279706357068835e-03,-2.96749276987403189e-04
asteroid_2215,6.99351405883306262e-11,1.74862685814072649e+00,-2.68052390317243772e+00,2.02111397637878748e-01,8.04984233307738141e-03,5.23932947764126859e-03,-1.58440376832724700e-04
asteroid_2216,6.11964584861701091e-11,-4.19149363960713839e-01,-2.16384698802803754e+00,7.40119828320700696e-02,1.13717492123514407e-02,-2.19556195528836659e-03,2.10794588946123439e-04
asteroid_2217,8.46257954266109388e-12,-2.23503292855773372e+00,4.88082423736297677e-02,7.49855285671567201e-02,-2.43969932034102967e-04,-1.14972571415344563e-02,2.11775282847076419e-04
asteroid_2218,1.24396412766784593e-11,3.17664941985070870e+00,-4.98669544806831400e-01,6.66490709653054340e-03,1.48302557500579408e-03,9.45583224506214327e-03,6.42653961554476099e-04
asteroid_2219,9.71008389784304439e-11,2.73850363644505279e+00,-1.67240699029601103e+00,-4.26342186981113813e-01,5.02918310935751480e-03,8.11880721595023558e-03,4.56174168171963931e-04
asteroid_2220,1.78193685180576922e-11,6.61900340122502207e-01,2.37813615180774018e+00,2.12509062725667663e-01,-1.04045977806928296e-02,2.72250890065400299e-03,1.94019946409081752e-03
asteroid_2221,8.95783450093815693e-11,-1.23860767522681914e+00,2.13921195841804268e+00,-5.20863584724851836e-01,-9.24221163165426206e-03,-5.56385708905954290e-03,-8.73156369815845088e-04
asteroid_2222,2.75906298176646684e-11,1.45729417617316703e+00,2.16750249116563776e+00,-4.04178139008810444e-01,-8.82543913496748600e-03,5.69351212182802983e-03,-1.28794532849168392e-03
asteroid_2223,3.96181846546676883e-11,1.86986578005480553e+00,-1.78348661617743631e+00,-2.82182042895001317e-01,7.20454233285191831e-03,7.76037808572041781e-03,-1.30767811947666212e-03
asteroid_2224,5.55533741702997513e-11,-1.07872957490704224e+00,-2.02190370865353630e+00,4.09981134575068740e-01,9.67273831153988607e-03,-5.51766426922460380e-03,-1.76085410077244145e-03
asteroid_2225,6.25905688359563966e-11,2.64571907093467606e+00,1.75252234456857225e+00,-1.69825676530687780e-01,-5.23337107863660559e-03,8.01721149231392032e-03,1.20307257158684330e-03
asteroid_2226,4.97829314678522239e-11,-5.51123768904699718e-01,2.33180366205681322e+00,1.94991812524316493e-01,-1.07142279044922968e-02,-2.39895142306919759e-03,-1.59484619478450170e-03
asteroid_2227,3.48502831234864556e-11,2.48935108639553704e+00,-1.55341945822774985e+00,2.66197870557831784e-01,5.34142044642299182e-03,8.45940561991366871e-03,-5.84773634203487598e-04
asteroid_2228,4.98737514976337162e-11,1.44308300833683401e+00,-1.62971359951195827e+00,-1.28467368909369106e-01,8.67622826700817015e-03,7.73968009099668380e-03,-7.23485756632783611e-04
asteroid_2229,7.00717288809119767e-11,-1.35463173964937034e+00,1.66457454262052118e+00,-4.04172178485147846e-02,-9.08588795024589668e-03,-7.36996417389693386e-03,9.94067839041266107e-04
asteroid_2230,3.96543428752585397e-11,2.84896754365156690e+00,-4.48783544869065576e-01,4.67154276371316915e-02,1.56936861713631907e-03,9.99986149507626869e-03,3.57334537167309390e-04
asteroid_2231,5.45291409305939888e-11,-2.21837573724143677e+00,-1.06546450604616383e+00,-4.77217056874104761e-01,4.84221978308763817e-03,-9.68574604471714694e-03,-8.84386360230853528e-04
asteroid_2232,3.79235333320751859e-11,2.56954215605239122e+00,-1.31474139635175202e+00,-3.29607436884661667e-02,4.61264892578847844e-03,9.01273538561292963e-03,9.03972338077700557e-05
asteroid_2233,3.29993778613516615e-11,-1.48507071387600798e+00,1.59589724299496116e+00,-3.79833389814878963e-01,-8.40790698173456662e-03,-7.92743758546790578e-03,-4.34504621027860700e-04
asteroid_2234,2.98888722820017242e-11,2.21883012954532033e+00,2.35830141976698116e+00,-1.07942724531609233e-01,-6.73832784198194392e-03,6.43688681679019815e-03,2.12070319111702741e-03
asteroid_2235,2.24031591826581386e-11,-1.97526855369603527e+00,2.23246457123421793e+00,3.22061202876531338e-01,-7.36834917295332154e-03,-6.62404324554913271e-03,7.24935037004096087e-04
asteroid_2236,7.60793978640799165e-11,-2.20318318889487008e+00,-2.25271678054775615e+00,-5.77367902741550212e-02,6.92737912724571050e-03,-6.77541707899291350e-03,1.40380648868943112e-05
asteroid_2237,9.83898089224361094e-11,3.38587858880405435e-01,2.22728954193237261e+00,2.21743130798568111e-01,-1.12773839478401573e-02,1.77600072278012418e-03,-6.19106220547422249e-04
asteroid_2238,2.90909174286348460e-12,5.33348804837267432e-01,-2.41690617715288125e+00,-2.12883190229884028e-01,1.06485141713282237e-02,2.37544648271755237e-03,-2.90577057487374324e-04
asteroid_2239,1.96143183384854139e-11,2.99506786972967121e-01,2.47136079818498811e+00,5.14297158178592895e-01,-1.05333679320180826e-02,1.62564510787499453e-03,-1.67751346147056364e-03
asteroid_2240,9.64253380799185658e-11,2.69992265413280652e+00,7.37466782719285452e-02,4.87696268829819979e-01,-2.29705277678279944e-04,1.03766391075427716e-02,-2.97431397575508016e-04
asteroid_2241,3.41841022442570981e-11,5.33601417186144622e-01,-2.39742954601014935e+00,2.69584703169351569e-02,1.05191185507805974e-02,2.36439509384961388e-03,2.05701916833450366e-03
asteroid_2242,3.89035631031842395e-11,-1.98906096075948291e+00,8.43234671961694549e-01,-2.31223459347378590e-01,-4.44445156378365114e-03,-1.07476814906270739e-02,-9.62413499120257131e-04
asteroid_2243,6.63001484229838481e-11,-1.74018292678446485e+00,1.81930798339527944e+00,-3.56330599128992398e-01,-7.86506392129454612e-03,-7.26892624688719492e-03,1.29720659230995561e-03
asteroid_2244,3.52749920189053786e-11,-1.26611777691522676e+00,-1.99724299688407458e+00,-4.40681337532531914e-01,9.40580597397116906e-03,-5.85889233630899290e-03,-4.70241065414139857e-04
asteroid_2245,4.92751185183447073e-11,-2.28747242491354053e+00,-1.15584488026006627e+00,3.16634999018811508e-02,4.84397933446153832e-03,-9.59006230252685242e-03,-1.31231838924535625e-04
asteroid_2246,9.00729466707211057e-11,6.98083120760213283e-01,2.22591477530848803e+00,-1.28535881511224859e-01,-1.07400128665098432e-02,3.35581369820273567e-03,-2.15242658475345983e-04
asteroid_2247,5.64827332157242408e-11,7.06663330619476393e-01,2.30853289380876792e+00,-5.45224922305170140e-03,-1.05861045464960540e-02,3.24057106687958545e-03,2.80628227638239968e-05
asteroid_2248,6.66913696139668737e-11,2.56285259008253385e+00,1.19315948104694525e+00,3.79495127246060715e-01,-4.30203687353002476e-03,9.23230008155323176e-03,2.60345102530386452e-05
asteroid_2249,2.17162061250916105e-11,2.30789784947161403e+00,1.12036523080226158e+00,-4.04955216754479749e-02,-4.53316904053491926e-03,9.42611732103577037e-03,2.43491190951563956e-03
asteroid_2250,2.61526203626045979e-11,-2.19417547547256664e+00,1.22746936028690712e+00,-3.77147860274977959e-02,-5.25207541186731557e-03,-9.33567198124633790e-03,1.71613725544424297e-03
asteroid_2251,8.91568421304745632e-11,-1.85675160402113781e+00,-1.99628056623370753e+00,-2.80537509547606256e-01,7.52418118497765170e-03,-7.11667395993472330e-03,8.42462880159497679e-04
asteroid_2252,9.17590612192639921e-11,2.67659810004609344e+00,-1.32556470827383444e+00,-4.86605446906457739e-01,4.05904569401598081e-03,8.84308220279766272e-03,-1.76250326263699907e-03
asteroid_2253,8.06998456953284858e-11,-6.79039545434262232e-02,-2.55373604812778154e+00,-3.83226615085610579e-03,1.07478768458824682e-02,-2.85058981245697523e-04,-4.84816152712258368e-04
asteroid_2254,1.22153091140441445e-11,-1.80747284993191482e+00,2.14480318269483883e+00,3.18971580889079037e-02,-7.85183884096748649e-03,-6.61934278240478360e-03,1.63084747104489086e-04
asteroid_2255,8.18550634488855623e-11,-1.29896361224647983e-01,-3.25341190178422135e+00,1.49691628461356058e-01,9.26121660250042028e-03,-2.67455212102405944e-04,2.22361377420541911e-03
asteroid_2256,1.93258040990373014e-12,2.52147657758860566e+00,8.18767575545365833e-01,-6.36319389923448386e-01,-3.17213285289223929e-03,9.92148430062461499e-03,1.96333726498185563e-04
asteroid_2257,5.96594798696090782e-11,-1.70965288757149114e+00,2.68624932737257804e+00,-2.20147424238441414e-01,-8.07121464985111926e-03,-5.00753435206587570e-03,1.57844066764499156e-03
asteroid_2258,6.75294820983369986e-11,-1.67983314340294410e+00,2.54166454984194878e+00,-1.87859868853299583e-01,-8.21893751492391682e-03,-5.41836518987894641e-03,1.85121602215236451e-04
asteroid_2259,4.26459991577554986e-11,2.15207458749387870e+00,-2.42025962580081966e-01,1.44587382452982721e-01,1.07828970438053704e-03,1.12773102728214100e-02,2.82764648203764554e-03
asteroid_2260,4.79265540075906397e-11,-2.12527667965480926e+00,-1.44066704766859099e+00,-4.95456372082206331e-01,5.85389762828528778e-03,-8.85860122790966924e-03,6.48175664095349859e-04
asteroid_2261,7.41875124416382200e-11,2.78721465838406915e-02,-2.93024957470064296e+00,-2.11185537609201557e-01,9.90420372867193907e-03,2.10019315389647459e-04,-1.60691681504084743e-03
asteroid_2262,8.94887165517924002e-11,3.02444743962424312e+00,-1.27818553651364453e+00,6.30240533237670375e-02,3.68036141316865255e-03,8.73426376914934743e-03,5.22815768493719007e-04
asteroid_2263,1.89418861447580882e-11,-1.34720787655738961e+00,2.28195305620398381e+00,2.22351313823140190e-02,-9.02396372735762668e-03,-5.31375975559000239e-03,-1.41239089268502434e-03
asteroid_2264,1.38570848580795675e-11,-2.15245926107031327e+00,-1.91446455038439101e-01,-4.69364714695334861e-01,9.62612381356283417e-04,-1.15241989935693494e-02,2.86095450298777477e-04
asteroid_2265,6.30029075355481292e-11,-1.29008479819551192e+00,-2.40146740567653261e+00,5.15744087155048048e-01,9.13982525387442742e-03,-4.63550507918622946e-03,1.27802776239086696e-03
asteroid_2266,2.30836522234261372e-11,-1.11504442182159558e+00,-1.94709947999447364e+00,-1.90860030601332248e-01,9.93375044161306370e-03,-5.55454948403087071e-03,-1.36913215881332199e-03
asteroid_2267,1.94305288850569558e-11,-2.44216269204649139e+00,-1.72454676204452562e+00,-2.69673895957631637e-01,5.62149823172203127e-03,-8.12014248178076839e-03,1.01957280070428332e-03
asteroid_2268,2.03570985863852664e-11,2.49417542903176814e+00,-1.02975422064243061e+00,2.41923512898716969e-01,4.07468642890133730e-03,9.48096468670089378e-03,-1.65308185753016302e-03
asteroid_2269,1.96918886444311084e-11,2.37042035617941593e+00,1.74187469498189129e+00,-3.95856311124038573e-01,-5.87110954238211687e-03,8.06881127537512066e-03,3.48259210892061261e-04
asteroid_2270,4.77170403504193258e-11,-3.13771076591698206e+00,-1.86255614847979478e-01,1.08753958685663013e-03,5.71144647536961977e-04,-9.62783464456797890e-03,-1.05885976015765416e-03
asteroid_2271,9.64393505308655484e-11,2.85344632431715883e+00,5.80932145533675157e-02,-6.32149911496553557e-02,-2.06533976263664429e-04,1.01790410902454324e-02,3.16317783273427781e-05
asteroid_2272,8.28087179856798810e-11,-1.45086494268873323e+00,-2.43529492845754891e+00,3.37895108718838447e-02,8.77486106879077701e-03,-5.22339915729353507e-03,3.14323123723689746e-04
asteroid_2273,5.43381259309491796e-11,-2.59396771322737463e+00,-1.51421743815524246e+00,1.06832850895437884e-01,4.84738596788307149e-03,-8.44010277392729519e-03,-1.93000658631522029e-03
asteroid_2274,8.12571364571023913e-12,2.33468644745443532e+00,-2.05592491649417086e+00,1.99237439511480950e-02,6.44549304633052801e-03,7.31951101593284956e-03,8.02117215608738475e-06
asteroid_2275,6.72964163950982978e-11,-1.49305980041641639e+00,-2.76535255710928762e+00,-3.45717552744650020e-02,8.53756952520254124e-03,-4.61056487497286342e-03,7.91257303126973734e-05
asteroid_2276,4.51197342270616177e-11,-2.52040843109136548e-01,-2.11202658425708112e+00,2.67092523715516061e-01,1.13947883900006111e-02,-1.65520445069487461e-03,-2.33583374294207401e-03
asteroid_2277,7.78382097360318809e-11,2.51748796223686000e+00,-1.07533956715690349e+00,-4.05658577825075028e-01,4.19170766679568835e-03,9.38416978802622537e-03,1.13742082532777085e-03
asteroid_2278,4.94007952011557124e-11,-2.35862009012725293e+00,6.52432190743418988e-02,2.04716179901499396e-03,-3.09663337203729355e-04,-1.11944592705630792e-02,-7.62504284050197906e-06
asteroid_2279,6.68306910965404383e-11,2.92994648605544228e+00,1.08106627466315230e+00,-2.42349876723774782e-01,-3.38170233877764428e-03,9.10869162703813705e-03,-2.52146033311632662e-04
asteroid_2280,2.00129527355244595e-11,1.28086569323298649e+00,2.53973005783361305e+00,4.38728625046490017e-01,-8.88879415037574332e-03,4.70562495654440471e-03,-1.28932927852959400e-03
asteroid_2281,8.33232111635534095e-11,1.55657349553244440e+00,2.08774436244135142e+00,-2.46760275764465152e-02,-8.50166952108991417e-03,6.32495162552338015e-03,-1.15866888684953507e-03
asteroid_2282,7.79446118792337932e-11,5.94188723359113727e-02,-2.31739397143859849e+00,-1.87487859338797330e-01,1.12299946051651802e-02,2.03860865933988376e-04,1.03925488688583006e-03
asteroid_2283,3.74077142111227636e-11,1.50065070036056980e+00,1.99282886789251812e+00,2.46716356772941042e-01,-8.70285110467147911e-03,6.46152984759722215e-03,7.42619568133231567e-04
asteroid_2284,9.63647789980147567e-11,2.70621934780263329e+00,-1.15006743751906160e+00,-1.54911889854687623e-01,3.91814583779606478e-03,9.22716520834736265e-03,-5.48710172020607905e-05
asteroid_2285,1.60478736274601757e-11,1.37534382869458494e+00,-1.86357582518271303e+00,3.68273092539308344e-01,8.87966938342768866e-03,6.78171949781576199e-03,1.15579995002960457e-03
asteroid_2286,2.01112571338754913e-12,-2.07057067641575587e+00,7.79055404751484271e-01,-8.88708208094355148e-03,-4.07245813493912080e-03,-1.08202470287281569e-02,3.08365179247873170e-04
asteroid_2287,7.63161137409017712e-11,2.95376997031426169e+00,1.12639262846027122e+00,-1.66506633859742015e-01,-3.47715946951754080e-03,8.94458389280855699e-03,-1.17482323086011116e-03
asteroid_2288,6.00607146315345963e-11,-1.18277065763269063e+00,-2.77362362916889982e+00,1.03299744174822988e-01,9.10235584624519665e-03,-3.89203716152572172e-03,-2.81189723876158282e-04
asteroid_2289,1.11010549054686888e-11,1.06279030866174207e+00,-2.08444606579752367e+00,3.12245559225035173e-03,1.00181828542862048e-02,5.10773707593107067e-03,-1.36173236536200849e-04
asteroid_2290,1.59590694375844906e-11,-1.12451237359168177e+00,-2.17755892089525505e+00,-1.24172627499620600e-03,9.75633926829708176e-03,-5.03850235167331659e-03,4.11939160644345483e-04
asteroid_2291,1.30965735147188565e-11,3.10671518195181073e-01,-3.19826857283219246e+00,5.86924573263690741e-01,9.35877013730370376e-03,1.14745587850542609e-03,1.29892116068734036e-03
asteroid_2292,1.66936468201723932e-11,-1.45549055996723009e+00,2.56570808691890928e+00,1.16379002992683077e-02,-8.70152188654537556e-03,-4.93833913557342307e-03,4.60022232203743519e-04
asteroid_2293,4.61461170736401591e-11,-1.97284261830886570e-01,2.82114870709237886e+00,1.61155959023118051e-01,-1.01835321574089040e-02,-7.38670132648897265e-04,4.64442429795251766e-04
asteroid_2294,5.10572026478776097e-12,-2.14074591265242287e+00,-1.23041542368345480e+00,2.68321174784894294e-03,5.45201707015898537e-03,-9.48486323008725443e-03,3.95514378432512996e-04
asteroid_2295,5.19434565321477595e-11,-8.15191260458781430e-01,-2.31632902982129973e+00,-1.28526214347955109e-01,1.01354210231833306e-02,-3.67904424034985527e-03,2.01959061866743882e-03
asteroid_2296,6.05412847635160329e-11,1.65590789761877977e+00,1.36496295238519605e+00,-7.93325852591242608e-02,-7.45786268165827323e-03,8.97224629873208564e-03,-1.29517922722675936e-03
asteroid_2297,7.27395435160863854e-11,1.82582978757941850e+00,-2.27401357168281226e+00,-5.83904159566361991e-01,7.87368104314593864e-03,5.94845631927185241e-03,1.45423006837162123e-03
asteroid_2298,9.46038597103511089e-11,2.06904824026080814e+00,-4.84226447460353426e-01,-3.38897573648473394e-01,2.53464876719959294e-03,1.14186918115461722e-02,-8.40731894385368119e-04
asteroid_2299,8.25688788387775465e-12,1.63306164793491893e+00,-1.31557108038100301e+00,1.92086813390044492e-01,7.30728774219133528e-03,9.25155145281704970e-03,1.23809736643626920e-03
asteroid_2300,3.52543587001373630e-12,-2.86135561246593007e+00,-6.51602115640671387e-01,-4.90946865300928070e-01,2.13860772260465086e-03,-9.73021081539723713e-03,4.49964667498948872e-04
asteroid_2301,1.39224706320208127e-11,2.99755290652341566e+00,1.22613313091963128e+00,1.08756597454815040e-02,-3.61900933026602749e-03,8.84661569126327964e-03,9.59335918303185219e-05
asteroid_2302,3.37380972711499063e-11,-1.27395892440650360e-01,2.91696596282312060e+00,-7.22469860287682342e-01,-9.89946870956496042e-03,-2.98273531419886498e-04,5.41334571416899561e-04
asteroid_2303,5.25409178065536229e-11,-2.72617457655376705e-01,-2.57487512763517046e+00,6.34889278195593487e-01,1.04322560594233005e-02,-1.28230793798668518e-03,-7.21019722150912138e-04
asteroid_2304,4.38546607791631204e-13,-2.36123298278640004e+00,1.25993623323988646e+00,-1.92335968584974454e-01,-4.94947043241627561e-03,-9.26148478908254275e-03,9.34436398684906103e-05
asteroid_2305,6.92400435027550291e-11,2.56312583030032393e+00,5.04020322814009214e-01,-2.41633260089122365e-01,-1.89969963066034808e-03,1.03499961702647886e-02,1.43787828536083486e-03
asteroid_2306,9.56886735205342882e-11,-2.63665143744091168e-01,2.47337539801789719e+00,-1.04238044623239573e-01,-1.08336982909861389e-02,-1.16969443478163082e-03,-3.51357521591439640e-04
asteroid_2307,2.49853946125175431e-11,2.04023798308337723e+00,1.77600164516317793e+00,3.38576737101802916e-01,-6.89274341594288235e-03,7.77813461041745608e-03,7.35009329296154807e-04
asteroid_2308,8.89615951882005717e-13,2.58684127066068825e+00,7.24370031046576435e-02,-3.92032138827875909e-01,-5.09344218357592757e-04,1.05257764586178006e-02,-1.41604957355737451e-03
asteroid_2309,7.53270014347827453e-11,-2.48990844623332874e+00,-1.12959452945549965e+00,6.81452253728466517e-01,4.29928849355426523e-03,-9.29748010331096081e-03,2.97089149482492683e-04
asteroid_2310,7.70073314741114715e-11,-2.42338189963717365e+00,2.04403313992344682e+00,2.17269958554139997e-01,-6.24026704496313551e-03,-7.34044413017338575e-03,-5.45124335749154628e-04
asteroid_2311,4.36050378127349933e-12,3.25451535373595435e+00,-4.22310471223476480e-01,-2.83362185047263349e-01,1.33291529235159698e-03,9.26243204871534526e-03,1.50468645259844926e-03
asteroid_2312,6.17360559852628301e-11,-2.17831549187908058e+00,2.30583548036561253e-01,-1.32543405851266366e-01,-1.07986431401278153e-03,-1.13789580266599709e-02,-2.04850138459265621e-03
asteroid_2313,2.42915442217317768e-11,3.30473156703334492e-01,-2.53622318777440103e+00,-1.42328196317545203e-01,1.06576684302618907e-02,1.37896068607118081e-03,1.73691951719372352e-04
asteroid_2314,6.32911373074182617e-11,-1.84260836711716847e+00,1.38371203701874856e+00,2.40660426193018501e-01,-6.85065758314269517e-03,-8.87332772763500637e-03,-1.43334158951406742e-03
asteroid_2315,7.26405903783534449e-11,-1.67976218854588494e-01,-2.49001854077252949e+00,-3.67182185896739899e-01,1.07526334746804852e-02,-8.67928998212309810e-04,9.66747836499073140e-04
asteroid_2316,2.22820940246571457e-11,-2.40327190547099701e+00,8.80697076093091002e-02,4.40901971946007387e-01,-5.69629877095783471e-04,-1.09481401203449132e-02,-9.18063439567104065e-04
asteroid_2317,2.60833503384034728e-11,1.56463287515341021e+00,1.67878056778023632e+00,-2.59140767706325270e-01,-8.25262355456715148e-03,7.28399183780612056e-03,-2.63988631591021306e-03
asteroid_2318,6.11613179892906188e-11,-2.97425539471758871e+00,-5.04745999501116316e-01,-2.58693335305239594e-02,1.65648856170935916e-03,-9.76409332881130604e-03,6.05738651580418913e-05
asteroid_2319,5.82304390461145988e-11,-1.56773169346404906e+00,2.19273876552749636e+00,-9.21578719581952858e-03,-8.51235879972031539e-03,-6.08371315733024966e-03,5.53506490875152642e-04
asteroid_2320,8.86178113134594434e-11,-2.70872614375741305e+00,-1.70896848816632119e+00,4.52220429404251584e-02,5.12952038857060564e-03,-8.12135762462678004e-03,3.38810872866037902e-04
asteroid_2321,5.10417403599333635e-11,-3.79812360743323252e-01,-2.10457013483687883e+00,4.81943683227222183e-02,1.15696344560299990e-02,-2.07893668057956100e-03,3.94696023195284767e-04
asteroid_2322,7.99787400048575157e-11,-5.48481081832354445e-01,2.10504233653000750e+00,1.48304985026140090e-01,-1.12002414199569283e-02,-2.99807198265104012e-03,1.13244959779182971e-03
asteroid_2323,7.32033880771467615e-11,2.57320397365967013e+00,2.23237003085318020e-01,7.39730183063385671e-02,-9.69994160339982025e-04,1.03788818782001267e-02,2.42037361793390800e-03
asteroid_2324,6.65733429499738550e-11,2.13551291925449505e+00,4.60862368837611613e-01,-2.25982629618917435e-01,-2.37881455510331524e-03,1.13422614854606606e-02,6.51520346849348989e-04
asteroid_2325,1.91853800550909194e-11,1.88757249660948068e+00,1.48749587094567004e+00,2.40794353530787875e-01,-6.90451120077327594e-03,8.50577238759371232e-03,1.58003762872184440e-03
asteroid_2326,2.76432799607856525e-11,-2.63780420305169994e+00,-1.93625731969053794e+00,-2.69319857246930250e-01,5.64356591665099352e-03,-7.61656278721332437e-03,-5.16101742135954291e-04
asteroid_2327,5.66812806123586221e-11,-1.55958437053055987e+00,1.75722788284405196e+00,-7.66779626831753242e-02,-8.38511668127681770e-03,-7.40432465304293862e-03,8.63496954285510043e-04
asteroid_2328,6.60370704835888604e-12,-1.15116940695699399e+00,-1.97133165398611476e+00,5.03681292109601442e-01,9.68422868721733124e-03,-5.72098916945057521e-03,-2.57661440245681827e-04
asteroid_2329,4.51448858827522744e-12,-2.11594788968169523e+00,-1.76880112384624932e+00,4.11227055886401904e-01,6.48050920769673022e-03,-7.95862872737132347e-03,-8.87129506531126677e-04
asteroid_2330,4.99120281474725463e-12,-2.60180355995348878e+00,-7.12023136243243648e-01,-2.59996741630510210e-02,2.76193819877953951e-03,-1.00575084285267399e-02,-9.55471354289872234e-04
asteroid_2331,9.21315561443455786e-11,-2.34227883772133660e+00,-1.40489475383907236e+00,6.00464822598790526e-01,5.06826358718353177e-03,-8.89153855892973501e-03,-1.03318180748636118e-03
asteroid_2332,6.88909668560892140e-11,9.63712773277382251e-01,-2.35744139595285240e+00,1.63865780504814706e-01,9.93264326070164745e-03,3.97569935212709925e-03,-1.21890581159168313e-03
asteroid_2333,8.36777829228967327e-11,1.81717279298901158e+00,2.49935291706185625e+00,-1.10870058580684300e-01,-7.91479029973098623e-03,5.73984187426898520e-03,-3.30576743854025645e-04
asteroid_2334,9.63420492114859915e-11,2.24501286202067263e+00,2.89451901034198156e-01,-1.10613766423128368e-01,-1.51565550907611815e-03,1.12474937768380287e-02,-1.32946975270472776e-03
asteroid_2335,7.00999038566117871e-11,-2.22411052841224199e+00,1.37019651493277772e+00,-9.62391598508046259e-02,-5.44017823152716240e-03,-8.95892647985963714e-03,-1.82807247420633872e-03
asteroid_2336,5.15369761129846545e-11,2.64039229952244225e+00,-1.26446438039662401e+00,3.11268114064997999e-02,4.31330749675652800e-03,9.03043920620983168e-03,9.58813779265108262e-04
asteroid_2337,4.79070006918756870e-11,-3.04377028375538883e+00,-4.11584599823836272e-01,6.61433246306743605e-01,1.42376053007891310e-03,-9.58167108540650819e-03,5.89525451713569467e-04
asteroid_2338,7.46052598034446630e-11,-1.48360874796239273e+00,2.05347865420333031e+00,2.26828489707450537e-01,-8.75302414496379952e-03,-6.19670896410496122e-03,-1.15176717365317012e-03
asteroid_2339,8.67910459499849778e-11,2.24219537389516921e+00,-1.64401425150568636e+00,7.33304819285919979e-02,6.02938553927911351e-03,8.27807811672567721e-03,1.23029377415189811e-03
asteroid_2340,8.29633163469377259e-11,-8.33925724261231571e-01,1.99100627121635365e+00,3.25285897792704670e-01,-1.06992279467143549e-02,-4.16595199398545925e-03,-1.93037839374338225e-03
asteroid_2341,4.92996025182569427e-11,2.10925164190713987e+00,-8.85879464241486225e-01,2.76506170251623884e-01,4.36895121252914818e-03,1.04545247243808953e-02,1.67197872121810240e-04
asteroid_2342,7.73531685833558563e-11,-6.31120468710129834e-01,-2.08972959099539768e+00,-7.54005674815621304e-03,1.10814006282637587e-02,-3.34215394746513071e-03,-1.26003783683874683e-03
asteroid_2343,4.76638789218643805e-11,-2.74246485725089872e+00,-1.14751082743959643e+00,5.96016539527182074e-02,3.84661620338311002e-03,-9.20261244025034897e-03,-1.82673769694088797e-04
asteroid_2344,3.84447165176004039e-11,1.18255218749943825e+00,-2.13795014977062170e+00,-1.09776267613483011e-01,9.61173866099964552e-03,5.26935254623170802e-03,9.17953543315643450e-04
asteroid_2345,2.97741795454064027e-11,1.94602315503652323e+00,-2.22862057873921415e+00,2.41252754505437261e-01,7.53936999112438284e-03,6.51363004286316990e-03,-6.44049107813220970e-04
asteroid_2346,5.46401978716614362e-12,8.20947796096655802e-01,-2.01857110874974266e+00,-4.91049354469630453e-02,1.07879085005998677e-02,4.37563669837760707e-03,4.84185268003652135e-04
asteroid_2347,2.01242422575708372e-11,-2.99931147040904644e+00,7.76420592989075620e-01,-4.79464722182647740e-01,-2.41955281118440150e-03,-9.40870991472532274e-03,-1.00369493689400708e-04
asteroid_2348,7.30034054097742129e-11,-1.38721395931688585e-01,3.09936486830778613e+00,3.23328177883318649e-02,-9.74966466051687373e-03,-4.40061347430648758e-04,3.53312495952894578e-04
asteroid_2349,1.71793647665242534e-11,4.64971190479147534e-01,-2.15581062494287412e+00,7.66236850560520766e-02,1.13111071428790445e-02,2.42021867168210709e-03,-5.45599271735093105e-04
asteroid_2350,9.01186937860373821e-11,-1.52951809872554834e+00,1.47070902677347393e+00,1.67734408768320270e-01,-8.19244459596330139e-03,-8.35417342602445996e-03,-1.45428725828019786e-03
asteroid_2351,7.86747863396621650e-12,1.20184073759525001e+00,1.80013089765962264e+00,1.15610337121169554e-01,-9.72306742679408462e-03,6.45708018845872044e-03,5.36188835183649287e-04
asteroid_2352,5.12217638730737175e-12,-1.03111732356874586e+00,2.93602656560239694e+00,-2.79547463201425206e-01,-9.04944865106087869e-03,-3.30843168291687292e-03,-1.36864071055517781e-03
asteroid_2353,4.81134372296395383e-11,5.42231967901672940e-01,2.27961217522980730e+00,4.26124226422733787e-01,-1.08506130179053771e-02,2.54407698705001175e-03,1.97220364452596749e-04
asteroid_2354,2.22741679479545324e-11,-1.71615596269166337e+00,2.14796849261158762e+00,2.17271298655276057e-01,-8.09335977997494883e-03,-6.46470321514613835e-03,-1.60574563495198546e-05
asteroid_2355,1.03042644836207807e-11,1.02848995090663897e+00,-2.40038673363412913e+00,-1.57438171054005635e-02,9.78152806347459304e-03,4.19261673034661535e-03,-2.34902432927023381e-04
asteroid_2356,5.99619598546718864e-12,-2.55527877723347796e+00,1.64681958903876779e+00,-2.98837592212864323e-01,-5.38048431326428218e-03,-8.20176556457753725e-03,8.09165870603457743e-04
asteroid_2357,5.27343801431713447e-11,6.54405853160463957e-01,2.60531074474621471e+00,4.84496944462379023e-02,-1.01764955658226134e-02,2.55933154812366210e-03,-1.71223345235379235e-04
asteroid_2358,2.59538259640780308e-11,8.90548733393442871e-01,2.52727702288796419e+00,-3.37752393599007883e-01,-9.88175486715203201e-03,3.41290238341227523e-03,-5.17641056000593376e-04
asteroid_2359,5.55810839207780265e-11,-3.08494045466962907e+00,-1.13433970954153462e+00,1.39755095783401298e-02,3.20838451533638847e-03,-8.74758080514945885e-03,-1.79264191170058935e-03
asteroid_2360,1.48382956473421821e-11,8.44374047578714815e-01,-2.09089944627897850e+00,-3.38054628762961551e-01,1.04994072444930704e-02,4.35883706752185525e-03,-7.34978898531987485e-04
asteroid_2361,2.45215862720910289e-12,2.55890213145291090e-01,-3.07715348264298783e+00,2.36841514720721930e-01,9.70840825843253923e-03,7.40628451848008456e-04,-8.66652279458943599e-04
asteroid_2362,2.73564912079630878e-12,-1.62507333494931494e+00,-1.32917899232915793e+00,5.16812298921020541e-01,7.27434502404736196e-03,-9.14029953771761626e-03,-6.34176086780114745e-04
asteroid_2363,1.12761580601191274e-11,1.29092035622943735e+00,-2.34036972841934343e+00,-4.55805507424933420e-02,9.20900155838934135e-03,5.08376931993930869e-03,-2.15272747250692931e-04
asteroid_2364,7.96062815305328512e-11,2.00667234571514452e+00,-2.44409673983118525e+00,8.96297990552421125e-02,7.24084831819640524e-03,6.02530424953456878e-03,2.19141842563571818e-03
asteroid_2365,4.48569157128778844e-11,-2.02440547510404301e+00,-2.04329110632627708e+00,-3.55859757027312928e-01,7.22231133834344476e-03,-6.86022086610190394e-03,-1.69577571274009639e-03
asteroid_2366,6.23898054325798022e-11,2.73505353608180979e+00,9.79172775796064654e-01,3.16689088737763358e-01,-3.40865500879782533e-03,9.46646660732982509e-03,1.69085554633377770e-04
asteroid_2367,8.75001939954357891e-11,-5.00966491046266227e-01,2.36231576396131837e+00,7.38900263611194374e-02,-1.08245644888304189e-02,-2.28659088818260366e-03,-2.85483565619835695e-04
asteroid_2368,2.12683607791967906e-11,-2.07390811395208052e+00,1.56833440983708239e+00,-1.05566352847649397e-01,-6.43340091557309014e-03,-8.50420423800067257e-03,4.59069035184658523e-05
asteroid_2369,8.71361468189607190e-11,2.49893451942638833e+00,-7.26287373150884402e-02,4.48474645635190794e-01,6.21075988170047212e-04,1.06347410653554533e-02,-1.73842695091729949e-03
asteroid_2370,7.45660903777869944e-11,2.28763466472549259e+00,-1.47264120942127064e+00,-1.66341934284325088e-01,5.64180441014296413e-03,8.75962005351190245e-03,3.97366460722140726e-05
asteroid_2371,7.29045208971642412e-11,2.33245246431898989e+00,1.26695476405268947e+00,-4.22209071859666538e-02,-4.94205808449259265e-03,9.01866676902720113e-03,-2.38916537523322682e-03
asteroid_2372,8.70749666428030494e-11,-3.26413547471402721e-01,2.46266347942658470e+00,-2.00480730565193166e-01,-1.07551164072747021e-02,-1.33339170641646586e-03,1.13188255132832443e-03
asteroid_2373,1.25965099499582342e-11,-2.44233007648894063e+00,-1.85064797291512401e-01,2.91162509883381049e-01,7.95333699088797007e-04,-1.09207775487052006e-02,-2.69897622528836377e-04
asteroid_2374,5.40547082846987393e-11,2.00836385249544680e+00,1.31563619419379330e+00,-2.21301590874249422e-02,-6.01754517192495259e-03,9.15588467049894932e-03,-1.78972692982341960e-03
asteroid_2375,4.83584968393854162e-11,-2.44840274691125126e+00,-6.67620274155232174e-01,-3.65916915875482002e-02,2.84452507513568336e-03,-1.03997045673813217e-02,-5.87275205908065830e-04
asteroid_2376,6.64033138382730442e-11,7.89160702474920095e-01,2.13520023270740378e+00,-1.27377879172477726e-01,-1.06140903734712327e-02,3.98882512241014939e-03,1.10472332600154407e-03
asteroid_2377,2.38065066747923973e-11,1.59857969015361556e+00,2.70981853809082640e+00,-4.52444747013782678e-02,-8.11976596357641758e-03,4.75070883417442330e-03,-2.35463205085919940e-03
asteroid_2378,1.27413527359418377e-11,-2.33448893567300431e+00,1.58554281087372617e+00,-5.44602263942507922e-02,-5.75237146407193891e-03,-8.44871236316592326e-03,6.06908755025813325e-04
asteroid_2379,9.73446689532888625e-11,2.21337473355962810e+00,2.31117137437553605e-01,-3.97007588926114763e-01,-8.43136767276309951e-04,1.12586190797493400e-02,1.85357211326233218e-03
asteroid_2380,4.65734956339133733e-11,2.92433998947294249e+00,2.14463187626675794e-01,5.06648645420300636e-02,-7.54511800476075425e-04,9.67890392165604400e-03,2.57931100915745034e-03
asteroid_2381,2.32097084696419735e-11,1.15170385548486220e+00,-2.89661918882114655e+00,-1.04813128166013798e-02,9.05280272933895944e-03,3.59988375414483806e-03,-1.28281016071901243e-04
asteroid_2382,1.28743262820305590e-11,2.33567722048012216e+00,4.81474120589758858e-01,3.49825898425471099e-02,-2.20527889955964441e-03,1.08096137515432018e-02,-1.53589498873938930e-03
asteroid_2383,5.93638915787956644e-11,1.47310679078070339e+00,1.74004991892023408e+00,-6.22063844190889267e-02,-8.69515630156536719e-03,7.34666397272844621e-03,-4.07220977264535105e-04
asteroid_2384,1.47847491054943480e-11,1.78403265414317391e+00,-1.07634367795559527e+00,-3.35036836905329649e-01,6.16675083851552733e-03,1.01016548013454742e-02,3.84532592739706043e-04
asteroid_2385,1.83124331073087691e-11,-7.84171363252899378e-01,-1.99184441008864144e+00,2.62655216969249317e-01,1.07332260958040576e-02,-3.87746261012075722e-03,2.63991068729732764e-03
asteroid_2386,9.52157522680898686e-11,7.83691266795780439e-02,2.93096298643749931e+00,7.01241825244973915e-01,-9.90402995608203295e-03,2.54105425908760592e-04,4.47728289225287322e-05
asteroid_2387,2.92627461301771858e-12,2.29003683012424020e+00,-2.22817760599611736e+00,7.61385616036165724e-01,6.70524419012794286e-03,6.69264875915141170e-03,-5.81631765958733602e-04
asteroid_2388,1.86911540421179812e-11,2.14467065410387958e+00,1.98467348370266056e-01,9.78942054335031099e-03,-1.07544017604721542e-03,1.16535511650841996e-02,-6.52174762585893786e-04
asteroid_2389,6.71251886376576428e-11,2.98263518904972624e+00,8.22255465333440183e-02,2.88517854631562709e-01,-1.72691689592276664e-04,9.88036656694310685e-03,-1.03058519917945883e-03
asteroid_2390,2.16972331304676911e-11,-1.40313871537896961e+00,-1.67117942458119662e+00,-1.34099955875553428e-01,8.90832491557481433e-03,-7.48281422470503232e-03,4.10857112998993694e-05
asteroid_2391,1.82021810401634263e-11,1.05855155740482565e+00,-2.55633558725427923e+00,-4.93822893070490099e-01,9.47185196930918141e-03,3.61796675299520072e-03,1.57486925039083177e-03
asteroid_2392,5.56544604755933472e-11,-1.30252455192516781e+00,2.70654868635453116e+00,1.47713176627857712e-01,-8.93998077699004016e-03,-4.29723182607753655e-03,-9.39476237281635328e-05
asteroid_2393,6.95986823373523901e-11,2.48736069708442775e+00,4.59257038301600473e-01,-9.11588074913098206e-02,-1.95597547213753739e-03,1.06324515575522364e-02,1.95391963111276169e-04
asteroid_2394,4.30689682456977660e-11,1.73350749596973319e+00,-1.20838408983610091e+00,-6.54410777516240862e-03,6.76710753689483725e-03,9.70781923074295200e-03,8.76143971479619355e-06
asteroid_2395,7.81309727087640321e-11,-1.94317985716395003e+00,-2.03293921296430957e+00,-1.05285607984703725e-01,7.40157726863324619e-03,-7.09042175098760670e-03,3.02040848657104553e-04
asteroid_2396,8.15228535134800351e-11,1.53983288777352012e+00,2.90448158420664049e+00,1.16915546515385049e-01,-8.38018076993335588e-03,4.42957528943294446e-03,3.28939154475523237e-04
asteroid_2397,6.23121961049336674e-11,-2.40874453931304400e+00,-3.30263901712087513e-02,-2.86166668184003672e-02,1.54086904292032235e-04,-1.10802516711030353e-02,-1.82246047072576417e-04
asteroid_2398,5.77861245867168627e-11,1.31753703436051839e+00,-1.86112947577824661e+00,-4.65870447709134272e-01,9.28928172143175454e-03,6.28469862190734682e-03,1.16413230683926278e-03
asteroid_2399,8.16323479399871984e-11,7.77405749322223838e-01,2.09517155067257654e+00,-2.50195836054853016e-01,-1.06729633608406982e-02,3.72792083784865072e-03,-1.94483411105352997e-03
asteroid_2400,1.51284381227924539e-12,1.24589266004720067e+00,-2.46923115597174681e+00,-5.56954150292677599e-02,9.20923468426962551e-03,4.66147980587510325e-03,-6.56306660020434737e-04
asteroid_2401,5.10683761611669439e-11,-2.21589834135662045e+00,-1.68350350449789032e+00,4.28916217139610367e-01,6.31339940853751971e-03,-7.95704594526651203e-03,1.38520419525165568e-03
asteroid_2402,1.28819699779347664e-11,-2.99905658497885730e+00,5.55727078093713023e-01,6.12378027643150011e-02,-1.76275191504858043e-03,-9.63063354643077345e-03,1.06814907599604627e-03
asteroid_2403,2.21634607030152787e-11,1.77045149556508030e+00,2.39943679076838290e+00,3.61034291780767680e-01,-7.76428864670462068e-03,5.97075543403243186e-03,-1.60692162420066412e-03
asteroid_2404,9.49004338571722181e-11,3.26707147269761355e-01,-3.14295805290372243e+00,2.65770412345775309e-01,9.60863999734902843e-03,9.90258512244880998e-04,-1.01103794520817950e-04
asteroid_2405,3.80986766123882630e-13,1.75187953087811166e+00,-2.50898293880273160e+00,2.04854595602379064e-01,8.03310122261000938e-03,5.50377504063624678e-03,-1.28944105266969055e-03
asteroid_2406,3.07083316042618441e-11,-2.37719372345435254e+00,-1.96083267010034590e-01,-2.34030996296969912e-01,8.91157804071256794e-04,-1.10734048875213657e-02,2.25844737068290653e-04
asteroid_2407,1.54445576395272468e-11,1.66210655454714251e+00,2.20818910564166870e+00,1.33732375110672402e-01,-8.26458191784040959e-03,6.21528867584987630e-03,9.03523458295850667e-05
asteroid_2408,5.70459880818345970e-11,-1.62742607909892545e+00,-1.81286934995378823e+00,-3.18306343970051253e-01,8.06199922355946286e-03,-7.39312411659169208e-03,8.87385157814749199e-04
asteroid_2409,8.44275495822966743e-11,-2.37986810002168214e+00,-5.92545506153279167e-01,-4.62437080726936012e-01,2.50262245457928733e-03,-1.05760025143471145e-02,6.72202619224024269e-04
asteroid_2410,3.90949702169136503e-11,-3.21325387474747304e+00,-1.61281093241916113e-01,8.15892693379142997e-02,5.18694935731589643e-04,-9.39189474405665269e-03,1.86254223564105009e-03
asteroid_2411,8.37201687076825627e-11,-4.70334479463396071e-01,-2.86983592350892813e+00,-2.43221560729370151e-01,9.92285345346867638e-03,-1.66173266951368534e-03,4.18712864536414312e-04
asteroid_2412,4.40292429402171477e-11,3.03068291546099022e+00,-1.21968177611450646e+00,1.30473122588496832e-01,3.56751941965265714e-03,8.73296929329096285e-03,-1.23072594674149033e-03
asteroid_2413,9.09053046245384516e-11,-1.35343079757232254e+00,2.20158532210753854e+00,2.87717677314685782e-01,-9.06433696357910983e-03,-5.34236120476701791e-03,-1.75967217932043794e-03
asteroid_2414,8.46960268544998637e-11,2.62417749291939506e+00,-8.04552576173175771e-01,3.16445365929649974e-02,3.04240030663763088e-03,9.92670977966329283e-03,8.72667866034924802e-05
asteroid_2415,1.78901621636692863e-11,1.93830717172595546e+00,-1.85666573659991729e+00,-5.00462735044823331e-02,7.26211284694303679e-03,7.58217129034549370e-03,-2.70196082243217343e-05
asteroid_2416,8.85075521617659952e-11,-2.22938535886318956e-01,2.20711264610155178e+00,2.15067628574079545e-01,-1.14600883883273497e-02,-1.17882385168091445e-03,2.18078864125413634e-04
asteroid_2417,1.92644828123400511e-11,2.37982481746453045e+00,-2.64885574937838292e-02,1.39249158641721327e-01,1.25758366660133473e-04,1.11402566907893123e-02,-3.01154575942304235e-05
asteroid_2418,4.90445707712296192e-11,-2.21795005887467500e+00,1.57558364796994477e+00,-2.61566717760757239e-01,-6.00767412921269887e-03,-8.49285101772886790e-03,-2.15914318437854962e-04
asteroid_2419,1.96084308495618572e-11,-1.85607643904808439e+00,-1.14501565527404048e+00,-4.74205936255319826e-03,6.11347600703097092e-03,-9.91115627056780683e-03,2.84752726279292173e-04
asteroid_2420,3.86523828285833256e-11,-2.96259969078214525e+00,-1.22882777640211271e+00,-2.58704852910840888e-01,3.73600613732371625e-03,-8.74114637528876012e-03,-1.26370711629687619e-03
asteroid_2421,9.85605727211828720e-11,-2.18740063913060112e+00,4.84433607465061700e-01,-1.91990447070975095e-01,-2.59772363925070632e-03,-1.10354300948893123e-02,1.75180142094045858e-03
asteroid_2422,7.65163676473394379e-11,-1.39326159624683932e+00,-1.81970344785085358e+00,4.60181735421150262e-01,8.83411580768223015e-03,-6.93476748703665460e-03,-6.75789564484154072e-04
asteroid_2423,5.54118363454488727e-11,-2.45677803557705987e+00,-1.75017460690221882e+00,1.08542006058739898e-01,5.71350419896582071e-03,-7.91853101175605742e-03,1.63991553055519248e-03
asteroid_2424,9.35484982344341670e-11,-2.18700792827671231e+00,-3.59254722947535021e-01,3.62437265968242484e-03,1.86098515115170216e-03,-1.13410529745661751e-02,-1.19677658573357870e-03
asteroid_2425,3.59767547393640960e-11,-3.14492593988985458e+00,-3.70978796440855074e-01,-2.93833512099525906e-01,9.01915183599541481e-04,-9.35742390806150980e-03,2.16091554084461845e-03
asteroid_2426,1.73288539845400565e-11,2.80099381532390979e+00,8.82400001030556158e-01,4.49111468977411610e-01,-3.14414479180978894e-03,9.40413938497203748e-03,1.13227460992954476e-03
asteroid_2427,8.28969715631208657e-11,2.15889098575844374e+00,-3.14839107407894725e-01,-5.19217835777694772e-02,1.70203815723892816e-03,1.14106173757676736e-02,1.57941888489818399e-03
asteroid_2428,1.22741434006234462e-12,2.66392408189266661e+00,1.21047900358474569e+00,1.56261478344158100e-01,-4.16161231535227757e-03,9.14651720010913397e-03,9.31274928625489549e-05
asteroid_2429,8.04614937195872156e-11,3.50369392388230672e-01,-2.83467034767697923e+00,-9.89333484366307359e-02,9.96632614308399362e-03,1.17307629525007233e-03,1.68407365180660599e-03
asteroid_2430,2.19549815902860028e-12,-1.75691175691766976e+00,-2.43914643305106971e+00,-1.29689832519081866e-01,7.99498901830381081e-03,-5.68065431496868421e-03,-1.46921689412742745e-03
asteroid_2431,2.84451993241158049e-11,-1.87944955491826393e+00,2.45741323812164403e+00,-2.48907110812615871e-02,-7.63610074304932503e-03,-5.85776043005506106e-03,-1.73847519205415314e-03
asteroid_2432,3.55564115572493681e-11,-2.90055235779092957e+00,4.53002850113653002e-02,-5.98590333871323765e-01,-1.14808844925262760e-04,-9.99244738122913832e-03,-1.99889042166270092e-04
asteroid_2433,3.18597273963417660e-11,-7.28598241667286817e-01,-2.62768298478842199e+00,6.50801872013744287e-01,9.91996550722671136e-03,-2.62573881462431404e-03,5.04086165676795252e-04
asteroid_2434,2.43507696108850961e-11,-6.33159089818599030e-01,2.39834723993618359e+00,1.78857880897220933e-01,-1.02021763874023275e-02,-2.88465352248735551e-03,2.56516568300908581e-03
asteroid_2435,1.08267642919052213e-11,1.87865370504497164e+00,-2.24693991210438249e+00,-2.15162611040265517e-01,7.54735479349853168e-03,6.45158787885961611e-03,-1.47546199513340728e-03
asteroid_2436,3.27975334099000127e-13,2.54786458642838776e+00,-1.85306225337140762e+00,7.91471644945025976e-01,5.71449949677510938e-03,7.62532915548352376e-03,-5.42737408447507754e-04
asteroid_2437,7.74734377414767058e-11,2.44422509955311629e+00,-1.23785485815093765e+00,-6.01373960252842843e-01,4.41624903018084883e-03,9.21661956067801845e-03,-1.02187759046090611e-03
asteroid_2438,4.56970057094693194e-11,-2.46694226047793519e+00,-1.51922349326854866e+00,1.97685281621653086e-03,5.29946900725039756e-03,-8.60537319387508909e-03,-5.42478113159585568e-07
asteroid_2439,1.62027888569483063e-11,-2.61271469876439122e+00,1.94376403286824900e-01,-1.55632842910065600e-01,-6.80570668689833022e-04,-1.04674870453584489e-02,-1.64808075788084414e-03
asteroid_2440,8.22688117810535764e-12,1.15126749188806143e+00,2.77801562133847479e+00,3.65533648309610340e-02,-9.15234594091874666e-03,3.79880876612347183e-03,-4.47338803165043403e-04
asteroid_2441,2.78509956823619138e-11,3.21568983777555584e+00,-6.83392353117758478e-01,2.52680314574424469e-01,1.96254907151354081e-03,9.26752548033240101e-03,8.86770313664342216e-05
asteroid_2442,3.54438686013364522e-11,5.55680811431838673e-01,-2.21871362526529214e+00,-1.54707779267402507e-01,1.10198797468018649e-02,2.72927044036073811e-03,4.39966282524970563e-04
asteroid_2443,4.61472285060763426e-11,-4.91894736185230774e-01,-2.27267611236329525e+00,-2.86529644943970818e-01,1.09878269170295920e-02,-2.33437776374078101e-03,-3.47502059464031051e-04
asteroid_2444,1.01143406224387001e-11,1.91129333636810927e+00,-1.97350512153058033e+00,-5.62839203253178051e-03,7.45509072892325785e-03,7.22013860897082783e-03,-2.04837817350822221e-05
asteroid_2445,9.79925346766998555e-11,-1.72764423729263328e+00,2.03960541459172795e+00,-1.58326300924130470e-01,-8.01320216157165761e-03,-6.80193005862647811e-03,-1.85002999360691343e-04
asteroid_2446,2.68819436238966301e-11,-4.69637136811750289e-01,2.74595415899314332e+00,-1.80260111313223989e-02,-1.01586907680049753e-02,-1.73715552226129215e-03,4.15518921552101572e-05
asteroid_2447,4.41351764833525440e-11,-8.66163699907989693e-02,-2.14022002233306674e+00,-2.69734978256554903e-01,1.16266062613999566e-02,-3.01542813943811894e-04,-1.34089565995235095e-03
asteroid_2448,7.09044529048389716e-11,2.12970303571475217e+00,-1.40068373547786851e+00,4.30530144434357664e-01,5.56036710157529861e-03,8.97947628744463419e-03,1.70830243254122189e-03
asteroid_2449,3.10259280404260001e-11,2.19686776384667848e+00,-1.63245233843895221e+00,-5.88630184008541280e-01,6.32558184062461185e-03,7.95668585519145044e-03,1.54181084722893589e-03
asteroid_2450,8.25887114060013781e-12,2.80053916812112424e+00,-2.83427800964481218e-02,9.31015929913172474e-02,1.41712955766051319e-04,1.02100818948550592e-02,-1.15455143018297949e-03
asteroid_2451,3.76602801528242313e-11,-2.85450281775387582e+00,4.32019607405305872e-01,-1.01698177312379373e-01,-1.53248556166949421e-03,-9.98690794847449832e-03,5.89433404255560985e-04
asteroid_2452,5.52917429724594239e-11,-2.90422418251975500e+00,-4.01015718653805642e-01,-4.37608389060434144e-01,1.10352652287791096e-03,-9.79220535298381059e-03,1.64973951845054519e-03
asteroid_2453,8.41769744461653234e-11,1.13963654453565533e+00,-2.63387653258341992e+00,3.38567471305569129e-04,9.31529492720451976e-03,4.03054150737877388e-03,-3.00773967236824002e-04
asteroid_2454,3.67989286277938504e-11,-2.46970000810607182e+00,-1.75090394603462984e+00,-3.56370673829041418e-01,5.76359351886011374e-03,-7.68135835106005613e-03,-2.20283645687526126e-03
asteroid_2455,8.89532008433521998e-11,-1.13579269285854179e+00,2.60258457795954579e+00,2.39564807859520890e-01,-9.26612352863655578e-03,-3.88813831318643053e-03,-1.69134434935434364e-03
asteroid_2456,5.46120746924638659e-11,4.52360527275739555e-01,2.68509036921472877e+00,3.47469629453822870e-01,-1.02238523747821500e-02,1.77052569903839467e-03,-3.71699397419013517e-04
asteroid_2457,7.17514892530298943e-11,-5.01604207820105064e-01,-2.78167043365699485e+00,7.13830356664548749e-02,1.00679054530100898e-02,-1.81506031692257115e-03,1.68684375214502270e-05
asteroid_2458,3.02628691169695813e-12,1.80518361481747130e-01,2.21406105641787931e+00,1.03473872211551320e-02,-1.15033980316533620e-02,9.37849201468456974e-04,1.15169539861242527e-05
asteroid_2459,8.95737750035116486e-11,2.20250701260280213e+00,-9.83027643224961944e-01,2.77080044779317580e-01,4.58129337380008654e-03,1.00012277274355455e-02,-9.34197410479345068e-04
asteroid_2460,2.13525735252735587e-11,-1.32977694461545060e+00,2.38737246060994757e+00,2.78866929995791567e-02,-9.03222256877334387e-03,-5.04407245644247250e-03,1.12018808548813853e-03
asteroid_2461,3.25936075752908961e-11,2.63026467107944972e+00,1.68615515683821626e+00,-3.81939431652138728e-01,-4.96227877698449116e-03,8.14069037544145648e-03,1.76562157697923868e-03
asteroid_2462,5.23702910929502038e-11,1.10680494219548731e+00,-2.66893860267091032e+00,-3.84927606149604140e-01,9.20400418518961538e-03,3.96629856132012671e-03,-1.03596108332791484e-03
asteroid_2463,9.59833900270654722e-11,-8.70292100966398863e-01,2.02106615279445290e+00,1.87909537444952646e-01,-1.05731397669245851e-02,-4.63265343585042479e-03,8.57748028373822688e-04
asteroid_2464,3.45740542198110573e-11,1.48257594805259407e-01,2.80542148238318489e+00,-8.85030529176201591e-02,-1.02325714847912985e-02,5.56960778432926090e-04,5.13578844504498878e-04
asteroid_2465,2.20579690739083678e-11,2.34584973704167554e+00,9.60696082053088679e-02,-2.93463179843919786e-01,-4.83751266376368050e-04,1.11707611505209026e-02,-2.10033619787445500e-04
asteroid_2466,9.60731120719464999e-11,-2.67473471250210482e+00,-1.30959380925463842e+00,-1.26670360766974965e-01,4.38273037076185399e-03,-8.94775821718856584e-03,-3.72012067223190978e-05
asteroid_2467,8.08483491051969343e-11,-6.25839671451855706e-01,-2.98236675469846046e+00,5.29172171875158304e-01,9.57883322747974005e-03,-1.95765796335777920e-03,2.95480037121058868e-04
asteroid_2468,6.63453877205952259e-11,-8.85157256859122166e-01,-2.63262352613706341e+00,4.40413117968512124e-01,9.71056827980626598e-03,-3.29971189140484218e-03,-2.07803014842618646e-04
asteroid_2469,4.09695388600199672e-11,2.08930240910645892e+00,-1.78325972616733286e+00,-5.90635052825314921e-01,6.64411212189575280e-03,7.82075565764321114e-03,-1.09846392471761353e-04
asteroid_2470,4.20512934423486001e-11,2.05816702048337019e+00,-1.42931520928288047e+00,5.09413416409726441e-02,6.13535423518500600e-03,8.87949293838872188e-03,1.25655429669132689e-03
asteroid_2471,9.50675375358069730e-11,-7.45895000569565925e-01,-2.52298084959976254e+00,-1.55140789374374255e-01,1.01596169602344820e-02,-2.97558985858166741e-03,-4.55400988745555222e-04
asteroid_2472,6.90516037731413293e-12,-2.83212048304376962e+00,-1.20238857111085795e+00,6.11298022806755048e-01,3.60687877155875004e-03,-8.96957957813765590e-03,-9.32122634747847454e-04
asteroid_2473,7.57524455514678658e-11,2.24644244701986651e+00,-1.86571224665811553e+00,5.30608637967775132e-01,6.40638783511074741e-03,7.65629318323791334e-03,-2.01922097052218959e-04
asteroid_2474,6.01190362371996572e-11,1.01320905249580395e+00,2.52789399103185808e+00,4.15331079673714604e-02,-9.50014065919396571e-03,3.83916148427930308e-03,-1.91087868729126662e-03
asteroid_2475,9.68438396806330928e-11,-2.47736204111314695e+00,-4.51112661291713180e-01,-3.46875829039905048e-01,1.96068115129334692e-03,-1.06078955575484076e-02,-2.07454821712812441e-04
asteroid_2476,5.58449473495200147e-11,1.57809811390219257e+00,1.39777890291385676e+00,-4.72640722330212870e-01,-7.86559926603986985e-03,8.63579891268661561e-03,-7.23064730443282832e-04
asteroid_2477,2.80611975501923286e-11,6.29710340119901124e-01,-2.18214938034243877e+00,4.35417080890637895e-02,1.09518701186607191e-02,3.14756710145272164e-03,-6.44078024963000602e-04
asteroid_2478,7.79940785355843204e-11,-8.22165058557882800e-01,-2.17741094902028287e+00,1.39376085175308584e-01,1.04792372385960758e-02,-4.01905962170419958e-03,-9.72058635319967570e-04
asteroid_2479,9.85630015807341954e-11,-2.02504254018571039e+00,1.47599360152341208e+00,-4.61797191487663183e-01,-6.47501142122080924e-03,-8.54678072402179599e-03,1.07661961364256646e-03
asteroid_2480,9.07462909968504529e-11,-3.17519016494068884e+00,6.03510507818730058e-01,7.78001964881127467e-02,-1.78018957556924152e-03,-9.39694253497770637e-03,2.40528044852467767e-04
asteroid_2481,2.94809743812839124e-11,4.07500447078358252e-01,-2.66836623814782703e+00,1.92865876187533175e-01,1.01546194447908310e-02,1.40147552616445110e-03,-2.06548713504831061e-03
asteroid_2482,3.46415656320199693e-11,-2.35209211019114628e+00,3.70678706090485366e-01,5.71863981801923396e-02,-1.75182245421548867e-03,-1.09629182502597022e-02,-9.91974015484595444e-04
asteroid_2483,7.54844710315120884e-11,2.08727950464559608e+00,7.74745412734657024e-01,4.60234679742653058e-02,-4.01566785055158630e-03,1.08013210410796510e-02,2.94355781214612798e-04
asteroid_2484,5.98230669810666627e-11,7.66426400920245499e-01,-2.38532522506560429e+00,-5.17966304291852253e-02,1.03455666493475849e-02,3.32446448978770872e-03,-1.57074848062971520e-05
asteroid_2485,1.17116005161966776e-12,2.30983823841394509e+00,1.95396105809994403e+00,-5.71109109930176939e-01,-6.12283783185063515e-03,7.57114017680935846e-03,1.13979642062593620e-03
asteroid_2486,1.41947461760157234e-11,1.73111552666941182e+00,-1.87808953202112661e+00,-1.72269747430541881e-01,7.85308426285138451e-03,7.05024345098584620e-03,2.05263942997766262e-03
asteroid_2487,8.55835043548907913e-12,1.11594134567570585e-01,3.02492294299148901e+00,-1.26141878056760422e-02,-9.85263104301586229e-03,3.60377497161729966e-04,-7.43739930076750956e-04
asteroid_2488,1.78810843639808141e-11,2.05339691747505038e+00,-2.27130789140294764e+00,9.05397302871684129e-02,7.29202382581493370e-03,6.58953891636542954e-03,-7.23163700025240114e-05
asteroid_2489,3.04979265465220205e-11,-8.45319423480637377e-01,2.06345613961055152e+00,-1.17496814367356345e-01,-1.06362548497421494e-02,-4.38192483773721872e-03,-4.33006566498036300e-04
asteroid_2490,9.67202827320851096e-11,2.28716784085526870e+00,-1.66064704966307763e+00,-1.49103445551194869e-01,6.01442349621782949e-03,8.26681732995896215e-03,1.85979556885950564e-04
asteroid_2491,6.76501686918134233e-11,-2.29376021879646741e+00,-2.23158597895396538e+00,-5.71959971700603531e-01,6.54426561655933100e-03,-6.90672927620639750e-03,7.02818554795925149e-04
asteroid_2492,5.48558120200621634e-12,1.12793095979240898e+00,2.32235777246027109e+00,-6.38096325214930343e-02,-9.61041208524102478e-03,4.68253190569706962e-03,5.42755651674575214e-04
asteroid_2493,6.07404394281555512e-11,1.59294022830356474e+00,1.45679082090363599e+00,1.03910413590700967e-01,-7.90580671693220417e-03,8.61983524457093572e-03,3.48191228876905954e-04
asteroid_2494,4.36720630801521516e-11,-8.15078810696933442e-01,-3.10268598661418515e+00,3.77822795051065098e-03,9.28879065036678636e-03,-2.44027272449854433e-03,-8.03418186176060433e-05
asteroid_2495,7.54064238733360607e-11,1.76940525177699093e+00,-2.57360853865964900e+00,4.83600438170172009e-01,7.94628193106569104e-03,5.51476453807289019e-03,2.74301080982288924e-04
asteroid_2496,8.83939662646794362e-11,-8.34620515986864486e-01,2.54922805417195120e+00,-4.88904337203642347e-01,-9.90374257205321046e-03,-3.23134988406771281e-03,5.81278508183786217e-05
asteroid_2497,6.53067047751910096e-12,-3.22599414363146819e-01,-2.73237873731575753e+00,-2.50136029211850908e-01,1.01856176568872660e-02,-1.06596900239890437e-03,-1.49216110698786810e-03
asteroid_2498,9.79934524807668117e-11,1.21437069443268730e+00,-2.01583344780414286e+00,5.87866433791544712e-02,9.52155092615147684e-03,5.68813742885111284e-03,-1.63905812516931641e-03
asteroid_2499,5.79994651592104185e-12,2.52263776984109800e+00,-1.68402409392257479e+00,5.54393975348403956e-01,5.09421277614303860e-03,8.19229555510189722e-03,1.70486979413317125e-03
asteroid_2500,7.32400111654796113e-11,2.21187038267834923e+00,-1.51379061545616955e+00,-3.11445747784982518e-01,5.86480483757035112e-03,8.66367107339870851e-03,-4.58493483744923001e-04
asteroid_2501,9.03141669824438583e-11,-1.35906526366702352e+00,1.62811209763909437e+00,2.90842550770611552e-01,-9.06348669247413787e-03,-7.19358418142166181e-03,-2.08328698358161606e-03
asteroid_2502,7.51744002698798023e-11,-2.18360612378641594e+00,-1.88543879220293942e+00,4.48501747797365180e-01,6.48199426925822469e-03,-7.67183490251915380e-03,-6.92645576992728315e-04
asteroid_2503,1.50874322729098646e-11,-2.97018212866410014e+00,-1.29566919127771940e+00,-2.68107809010765079e-02,3.81851383507825432e-03,-8.75756948844163240e-03,1.95123956324019386e-04
asteroid_2504,2.08071928083670534e-11,-1.67853194788023719e+00,-2.59506689325025564e+00,1.64508851332950345e-01,8.09525529943271906e-03,-5.10989577933122080e-03,1.99152373132722646e-03
asteroid_2505,4.12749514467246446e-12,-2.00981676068810700e+00,1.36230599835753230e+00,-1.49951548259682932e-01,-6.20618588103278180e-03,-8.98681702871088547e-03,1.53717425372584707e-03
asteroid_2506,1.31158813580801939e-11,-8.92070914896133216e-01,1.94606748192648649e+00,-3.16044300363811925e-01,-1.05254936406202586e-02,-4.99104501159136453e-03,-1.02334911844796607e-03
asteroid_2507,6.11103848163897150e-12,3.01711161878357181e+00,-1.13967473183846169e+00,1.44518602444833444e-01,3.37674503252226310e-03,8.95744565033648743e-03,1.42250186926942365e-04
asteroid_2508,5.37333967407739112e-12,-3.21361982722599304e+00,6.31739014666636844e-02,-2.56704947642372672e-01,-2.50364688822924905e-04,-9.54416069411644953e-03,7.85473995021726871e-04
asteroid_2509,5.62155654533499376e-11,-1.26683886576852345e+00,2.34737195052364900e+00,-6.21714218965208842e-01,-9.17399213712103215e-03,-4.87897481074181429e-03,2.72152655274022766e-04
asteroid_2510,7.67925083098294172e-12,-1.21126208228459964e+00,-2.60171969849381313e+00,7.26754420545344115e-02,9.19787136005330991e-03,-4.26789655892009442e-03,5.11345602270963859e-04
asteroid_2511,4.25119135066159262e-11,2.12072455520587955e+00,1.59755749673464287e+00,-8.27074732709471238e-05,-6.35201756517303397e-03,8.43217201534752180e-03,-1.05033073458940660e-07
asteroid_2512,7.09692011108090752e-11,-2.52427559950896763e+00,6.28414445835400737e-01,1.11703623420064596e-01,-2.59494142292643771e-03,-1.03251907792621545e-02,-5.53681899117006854e-04
asteroid_2513,1.52332436630830936e-12,-8.44711659373631463e-01,-2.07757970257583757e+00,-5.18722139662482901e-02,1.05681008876181860e-02,-4.26093142500386449e-03,-1.43763662373959052e-03
asteroid_2514,6.38913711321546479e-11,-2.19113270425959827e+00,1.03813780534025679e-01,-3.15079032381733015e-01,-8.03508208872463574e-04,-1.13799529712901946e-02,1.83825997551855078e-03
asteroid_2515,7.57208147970382312e-11,-1.90046511397345919e+00,-1.38696294205107740e+00,-3.54305927432523649e-01,6.65872417949284288e-03,-8.90480706794641308e-03,-8.58116034198756154e-04
asteroid_2516,5.36716427255749209e-11,3.05422552700801164e+00,5.53310048806886501e-01,1.33163605997309725e-02,-1.70021216682958573e-03,9.32904328310764364e-03,2.32631181250110694e-03
asteroid_2517,4.75644186362220579e-11,1.77615413041319614e-01,2.25378740873679595e+00,-2.53996935587791184e-01,-1.13640280490128615e-02,8.42699558118171176e-04,-4.69142991934165207e-04
asteroid_2518,7.30867779825650531e-11,6.50413819010587924e-01,-2.28023350730193464e+00,-6.37424765038640956e-02,1.06803353855551737e-02,3.07722521808992660e-03,-1.10058989261332843e-03
asteroid_2519,5.29779648621346238e-11,-2.57333486209857165e+00,9.86545886049257748e-01,-1.14442986570436875e-01,-3.72177397507629255e-03,-9.65499815356723676e-03,4.56751542986814940e-04
asteroid_2520,5.09332109734833274e-11,1.90216018090312433e+00,-1.38954607196794644e+00,1.08880550181374422e-01,6.59008909636194830e-03,9.05064717419433971e-03,3.75513917755549245e-04
asteroid_2521,8.01836195080809601e-11,5.54598078307570574e-01,-2.22297626589449182e+00,1.47362245414629056e-01,1.08018742171049984e-02,2.83070315587406881e-03,2.04860646310561258e-03
asteroid_2522,8.37571004320463825e-11,1.57504688430697226e+00,2.28575061033172888e+00,2.51711881362356102e-02,-8.49912031207141969e-03,5.85866452874163335e-03,-1.95980237212011214e-04
asteroid_2523,3.68481401775481919e-11,1.48186117491305946e+00,2.06175353710669418e+00,1.16444498352515108e-01,-8.74044060930207790e-03,6.30888409469128678e-03,-4.74427797357056659e-04
asteroid_2524,4.15537545212692697e-11,2.69227329986329655e+00,9.35634186786387101e-01,-8.17593895980843199e-02,-3.19296371981240418e-03,9.39072066007349930e-03,2.32325998000499669e-03
asteroid_2525,8.00780153288870318e-11,-2.90118938993163367e+00,-1.32600106519186722e+00,1.74891320936277489e-01,4.02841915733297574e-03,-8.63596817438294813e-03,1.34886006917896107e-03
asteroid_2526,5.44913602013998035e-11,3.99515320688165865e-01,2.24592429507183766e+00,-6.88511733091261378e-03,-1.12125078897845898e-02,1.99494495353933887e-03,1.34587855884370705e-04
asteroid_2527,6.86844742223490437e-11,1.53991605067220116e+00,2.73872457264750402e+00,5.85859907130692248e-01,-8.38993108188598735e-03,4.71093870475113030e-03,3.04269772939294238e-05
asteroid_2528,7.52675191435455419e-12,1.28602596795047508e+00,-2.91028408621471524e+00,8.82955636740827277e-02,8.73114940159603128e-03,3.89603855573843368e-03,1.24688198314427175e-03
asteroid_2529,9.54592026846136499e-12,2.88010097031944712e+00,-9.71753596686232513e-01,-5.82366659517391416e-01,3.31218886277801720e-03,9.12806866039310959e-03,1.14911249656174321e-03
asteroid_2530,5.31848263571430859e-11,-1.78410242193905200e+00,2.20629730263134816e+00,3.38796890740828915e-01,-7.74102453889765740e-03,-6.46657273583477882e-03,1.34712380390138902e-03
asteroid_2531,8.19245621471450104e-11,2.63476040390559652e+00,1.07115380292965323e+00,-2.04954861224752828e-03,-3.84148562150702028e-03,9.44903996686011910e-03,-9.32555722929489355e-06
asteroid_2532,3.16610438698473171e-11,-1.64773785920689231e+00,-2.34188213757182817e+00,-1.43364830399652782e-01,8.31293775543114066e-03,-5.83653969804323082e-03,-2.02659164712520044e-04
asteroid_2533,9.60636200180685954e-11,2.43461543388915880e+00,-1.61664942596101802e+00,-1.89100538731878098e-01,5.57007615906498360e-03,8.36527194270017885e-03,1.97150684358763176e-04
asteroid_2534,7.60349293830898598e-11,-7.29189559988176139e-01,1.95250556424111044e+00,-3.86608449008726374e-01,-1.10578841742868719e-02,-4.15898473545004473e-03,-1.47816588742743382e-04
asteroid_2535,7.81733488720792076e-11,-2.29871524847169040e+00,-2.25772623097904779e+00,4.23323367311619458e-01,6.66040060727754978e-03,-6.82882663181016546e-03,-2.53367956624386587e-04
asteroid_2536,8.34050537682902062e-11,-9.37880785816297968e-01,2.60071313995767772e+00,-4.60364524341307702e-01,-9.55159473959603551e-03,-3.63377826526408527e-03,-1.06906087669973531e-03
asteroid_2537,2.54562750331700203e-11,1.37636327366036526e+00,-2.68335886983385441e+00,3.64950819880330124e-01,8.73413817260447131e-03,4.55922522166821165e-03,5.82792033062182386e-04
asteroid_2538,3.30392567128959110e-11,-2.48490523176150013e+00,-5.45405179562614806e-01,2.10360481324369797e-01,2.28740477288034679e-03,-1.05178427979834774e-02,-2.49580397555640920e-04
asteroid_2539,1.18519951284947125e-11,-1.99204677328683832e+00,-7.07957689162580173e-01,-5.69985652734084497e-02,3.96016187174182133e-03,-1.11460798986461138e-02,3.72867274805095908e-05
asteroid_2540,3.80417786542861102e-11,-1.69380784648611415e+00,2.11276485758066146e+00,1.43026890275177454e-01,-8.15215865328801186e-03,-6.53177605386247567e-03,-5.65165650726638915e-05
asteroid_2541,3.59285802292971048e-12,1.44290333177080732e+00,2.27993198857496848e+00,2.37921248860277934e-01,-8.78944115872805354e-03,5.62479561820510010e-03,-5.96153254446155751e-04
asteroid_2542,7.51512342912789689e-11,-1.45538512712540724e+00,-2.17995800600750167e+00,1.30556944427177385e-01,8.71063816123627925e-03,-5.90125169129012729e-03,-1.43345605306600629e-03
asteroid_2543,8.02576863952421458e-11,2.18219658947854134e+00,1.23510155258418219e+00,3.00534086046468467e-02,-5.16281993826736823e-03,9.18597437310860604e-03,-2.63940606170788052e-03
asteroid_2544,2.13701113624031606e-11,-2.39290743506586789e+00,-1.29084184004540109e-01,1.27787284124123407e-01,6.17414225286728557e-04,-1.10811049138083550e-02,3.67952921596820075e-04
asteroid_2545,4.89950043754097788e-11,-2.37851769793699619e+00,-1.34356628793899180e+00,-8.40626802808954743e-02,4.99485571013645081e-03,-8.95356514059068333e-03,1.77671677923070732e-03
asteroid_2546,6.72025579591991883e-11,-2.04222527222486372e+00,1.52577017663409475e+00,7.44555700069694515e-02,-6.43777962966988072e-03,-8.63120761014280098e-03,2.93368288830866736e-04
asteroid_2547,7.42566277658911646e-11,-3.32029832064102581e-01,3.19571848489864996e+00,-5.74719028427827405e-01,-9.44308291480783039e-03,-1.08252936575574344e-03,-5.63882269753138263e-04
asteroid_2548,9.69441378432133313e-11,-2.29724067510381413e+00,2.17484411203318462e-01,9.96046403765348193e-04,-1.06732673620441704e-03,-1.12737885220292600e-02,-3.32648059335249527e-05
asteroid_2549,2.00733230265631545e-11,6.54962387336662899e-01,-2.38636679902932070e+00,2.11045446971195594e-01,1.04455267152385334e-02,2.72376874534480378e-03,-1.61820980825775913e-03
asteroid_2550,2.46799236336874541e-11,2.39860274874256785e+00,5.02515153391320690e-01,1.00888651432439677e-01,-2.25720708419851210e-03,1.07486713962860973e-02,1.26603547582272556e-04
asteroid_2551,8.53893740849930818e-11,-1.99446759694696829e+00,1.89503671456581468e+00,-6.54163834201525879e-02,-7.14394060269614006e-03,-7.50418393187610167e-03,4.22737873684705381e-04
asteroid_2552,9.73034951050775423e-12,-2.69255206832807303e+00,-1.86127092851321480e-01,2.92724410434756395e-02,7.30868115146006739e-04,-1.03334595033581864e-02,1.52237657899164237e-03
asteroid_2553,7.85903674454455830e-11,-2.84864700122866932e+00,2.99832098280674864e-01,-2.15642050624093667e-01,-1.10830930766954569e-03,-1.00685807024967107e-02,6.41332739085552191e-04
asteroid_2554,1.33427387657762183e-11,3.18538515277184064e+00,5.49588042714810321e-01,-2.21106715852717378e-01,-1.68224764071938791e-03,9.35643233107856173e-03,-9.78818420631438540e-04
asteroid_2555,4.64524265009218801e-11,2.31090774973432866e+00,-7.84289533852180587e-01,9.62034695615175545e-02,3.49977551937130388e-03,1.04073035444654256e-02,7.76280479713375537e-04
asteroid_2556,5.92283928381020601e-11,-2.68844355301521531e+00,-1.00191907597378949e+00,6.00916683424499221e-01,3.74549743930309518e-03,-9.21961925653337969e-03,1.38496077767474401e-03
asteroid_2557,7.67900788997849113e-11,-5.05287885577657692e-01,2.06492588709819236e+00,1.33681537880697615e-01,-1.14457440453565318e-02,-2.76804283242294879e-03,-5.05623344450449792e-04
asteroid_2558,1.14618218867815698e-11,1.70467311708618663e+00,1.67602744053978814e+00,3.41467697325230968e-01,-7.76406659286256809e-03,7.89024534364750861e-03,3.20027096584793566e-05
asteroid_2559,8.24075686262525429e-11,1.61590300322685865e+00,2.02700264114968087e+00,-5.80445541002184817e-01,-8.30272891199326964e-03,6.50352252427143732e-03,-4.02703154528789473e-04
asteroid_2560,8.50572488050784655e-11,1.87595550295634106e+00,-1.01595262482393678e+00,-1.27390438184344423e-01,5.42851886062718433e-03,1.02633887041564259e-02,-1.91110783156197379e-03
asteroid_2561,7.93520119204015478e-11,-2.62817877346432777e-02,-2.83914129270692817e+00,1.04987993938078616e-01,1.01757694008363306e-02,-6.55594227010513399e-05,7.74421381561313541e-04
asteroid_2562,9.37317517636081944e-11,-2.34983767362649010e+00,1.69057661332754194e+00,-3.33842318673741478e-01,-5.77980850023348831e-03,-8.20772458393294845e-03,-8.81180885646768342e-04
asteroid_2563,8.72237922864161615e-11,-2.16135655242437580e-01,-2.98819711267104671e+00,-2.11452789495448421e-02,9.91025138755315463e-03,-7.15361388963427409e-04,-2.04198784017812585e-04
asteroid_2564,7.68001926351683176e-11,2.63796438801616917e+00,5.46579436407929831e-01,-3.74423806802835657e-01,-2.06323055734562635e-03,1.02173945290219195e-02,3.78952956804018989e-04
asteroid_2565,5.79377886062184907e-11,-1.85827392266038172e+00,2.10437092462763831e+00,3.12347465921113454e-01,-7.65376104737446137e-03,-6.79175105852826595e-03,2.22761180600292781e-04
asteroid_2566,8.08643716054583282e-11,-2.52467021844584272e+00,4.69128292352923582e-02,-5.05863425144136403e-01,-1.63575718692862552e-04,-1.07166549029261912e-02,-1.77466587872429350e-04
asteroid_2567,9.75335336746096839e-11,1.05494143628743142e+00,-1.84449411764683591e+00,3.24508721112591159e-01,9.90765240225438895e-03,5.99738294165669782e-03,1.88020987417067257e-03
asteroid_2568,6.37355516865683886e-11,-1.52818066762724469e+00,1.60675664911767391e+00,1.05548133620764012e-01,-8.35570210059024404e-03,-7.96348641123847262e-03,2.49765921356900325e-04
asteroid_2569,2.42680862826570382e-11,-2.84110162089154317e+00,-5.07048166320591243e-01,-3.39208067628382235e-03,1.77839384250201267e-03,-9.96617281645754277e-03,2.15803624020407755e-04
asteroid_2570,2.47921085331536459e-11,9.51160932245426860e-01,-3.15364162102292944e+00,6.82922218278008697e-02,9.02227879451887073e-03,2.74169492987779697e-03,9.47166926279679089e-04
asteroid_2571,7.96007644018922050e-11,2.73283478306725836e-01,2.08123672150564598e+00,2.89443956464831953e-01,-1.17062817016382447e-02,1.58271880836612609e-03,-3.27797904250560340e-04
asteroid_2572,9.89451011330898458e-11,-2.01725892763612391e+00,1.87901005384657105e+00,2.60583063464507381e-01,-7.02208719786292720e-03,-7.58039029265818089e-03,3.00332187429408525e-04
asteroid_2573,2.10390803322231809e-11,2.48178992754014782e+00,1.61839451073298091e+00,-4.78312083542390465e-01,-5.36897993228098707e-03,8.34446639220701517e-03,3.76236129580420295e-04
asteroid_2574,9.70087688143414213e-11,-6.62988701143288117e-01,-3.00490324928937991e+00,3.03758300525657055e-01,9.49690975388402941e-03,-2.18253556128665841e-03,-8.62410464978151771e-04
asteroid_2575,2.68362323741900302e-11,-2.28207165523597721e+00,1.39786847257962199e+00,-6.51139823168033538e-01,-5.52403739618393015e-03,-8.75196626549283943e-03,5.71538455245131213e-04
asteroid_2576,4.12861648990569946e-11,-1.14401163239978909e+00,2.58904595051748476e+00,2.75392402860071273e-01,-9.30233640356614537e-03,-4.15970501410527823e-03,4.63652470492220215e-04
asteroid_2577,9.08162462090486845e-11,-2.49639448681319776e+00,1.54423357083741619e+00,6.21603103340008789e-02,-5.28049867124625021e-03,-8.53812874969974225e-03,4.27487713720438471e-05
asteroid_2578,9.61818285918779006e-11,2.68575839758631885e+00,-1.59818810840482506e+00,1.84801635503362816e-01,4.93878127959717587e-03,8.35859572908099514e-03,5.09925149762369438e-04
asteroid_2579,5.66997714273253809e-11,-1.13218318402603857e+00,1.91020691119181318e+00,-3.42264333893065209e-01,-9.90139415494319282e-03,-5.78270011371594724e-03,4.79273537516044699e-04
asteroid_2580,9.50095460415459861e-11,2.59237388448171879e+00,1.89381071987349148e+00,-7.92985055201305411e-02,-5.63954739552623846e-03,7.74481143974844674e-03,5.97634712337826303e-04
asteroid_2581,8.42434836649361912e-11,-1.16143646632103703e+00,1.78641522006379661e+00,-4.34563428986670802e-02,-9.86535048390307749e-03,-6.39464652484998241e-03,7.93530330043113689e-04
asteroid_2582,8.66408893046357306e-11,2.81574564454707099e+00,-1.27810934653653563e+00,-2.63345670516898833e-01,4.05441060662415503e-03,8.87955485408877324e-03,2.54976489952881454e-04
asteroid_2583,8.68261511302951702e-11,-9.88142155648324416e-01,-1.91642922258181581e+00,3.95128028548654975e-01,1.02286962118874267e-02,-5.44655745011576008e-03,-8.36528698812737830e-04
asteroid_2584,3.86310183885665413e-11,1.26559032473807453e-01,-2.28692739964322467e+00,4.46564070691793269e-01,1.11284626609186935e-02,2.84236790524372573e-04,-1.69825253042656175e-03
asteroid_2585,3.07630024928564621e-12,2.01482062714524668e+00,6.03411003790198741e-01,-7.77260277985602765e-02,-3.35466462670653241e-03,1.13294308410249022e-02,9.93949534020493672e-04
asteroid_2586,1.64735801569723921e-11,2.20333202649734927e+00,1.44366166183520206e+00,2.73472442427437866e-02,-5.80590350721918447e-03,8.85097576941524036e-03,5.30903660468515812e-04
asteroid_2587,7.45609207879908180e-12,-1.80232607977109116e+00,1.73428363893379878e+00,6.15123941038910743e-03,-7.49820786377046467e-03,-7.78815189958288311e-03,-1.19507093610966646e-03
asteroid_2588,2.42473955667186588e-11,-2.11282618267091360e+00,-8.86872146121973293e-01,-1.88957252689470973e-01,4.42273707435046105e-03,-1.04365950129860306e-02,-4.68620659561165174e-04
asteroid_2589,5.53883734209768950e-12,-9.79937167511665042e-01,2.36984780153966579e+00,6.32497838327697348e-01,-9.82903254806587190e-03,-3.80627150733635214e-03,-9.66881013260737941e-04
asteroid_2590,2.77013042898173537e-11,-7.03427998468931781e-01,2.47187869406171723e+00,-2.57086319708381084e-01,-1.02498698750052158e-02,-2.99369724344210504e-03,-7.39094098859282233e-04
asteroid_2591,5.89001178755953334e-11,-1.39298192276111310e+00,-2.66827216829271929e+00,-2.59872252454127650e-01,8.72805110345392827e-03,-4.40751749700225327e-03,-1.52983296899843278e-03
asteroid_2592,1.41145764917845397e-11,-1.29825473178632667e+00,-2.84114493730802709e+00,-5.49971408357038616e-01,8.55218686337512642e-03,-4.20985473204562189e-03,1.55988181061787723e-03
asteroid_2593,3.15811238656176256e-11,2.85151209924959614e+00,2.36197559958186948e-01,3.53898001467353285e-01,-9.66994239315015496e-04,1.00244826343864613e-02,1.10098795023025721e-03
asteroid_2594,2.24213594976825128e-11,2.24636336904178924e+00,-5.46664625944010690e-02,1.00894954390994510e-01,3.03119828703387782e-04,1.14529809965578759e-02,-5.43370307442137337e-04
asteroid_2595,9.51926961168360612e-12,-7.47484166950880380e-01,-2.32889495992387863e+00,2.04776781495289967e-01,1.03967237811241238e-02,-3.20700149677565546e-03,1.47778859513805001e-03
asteroid_2596,6.76130978491135236e-11,-1.33643617927945502e+00,-2.88625562759251997e+00,3.12677877777341517e-01,8.71009258961511629e-03,-4.07286309001492642e-03,-3.67282626933074382e-04
asteroid_2597,8.93037035947396581e-11,-9.90628596173847131e-01,1.96849129796677702e+00,1.10711904466309019e-01,-1.02686494989579595e-02,-5.23163158280946696e-03,1.13811976934182651e-03
asteroid_2598,7.16021330691710405e-11,-1.53934075391382641e+00,-2.01224294964975225e+00,5.29365087705527371e-01,8.59584832495054532e-03,-6.15401928460487368e-03,1.60297258604922980e-03
asteroid_2599,6.84245848205590232e-11,3.14362905425220962e+00,-7.17315820192573228e-01,-2.06036896641465156e-01,2.14866787415883206e-03,9.31957630096150874e-03,3.37489256080014135e-04
asteroid_2600,9.83019944783398978e-11,-1.58487085115533431e-03,3.23536414781584725e+00,-1.87581350297305632e-01,-9.49952218510795657e-03,-6.44407037456993831e-05,-1.03119860498497302e-03
asteroid_2601,7.31301976318321538e-11,3.50332777886619151e-01,2.56738681708131011e+00,-1.08363668244982267e-01,-1.05835281066842968e-02,1.44516125521015329e-03,2.33579553774813875e-05
asteroid_2602,4.71979019879173403e-12,2.81850585040539148e+00,-6.73506521443115957e-01,-1.32275643311279834e-01,2.35182113372547560e-03,9.82172037290565854e-03,1.03034097800975655e-04
asteroid_2603,2.18324625933579145e-11,-2.49447929351317566e+00,-8.84275800814177004e-01,-8.96381501331416919e-02,3.43813648368655224e-03,-9.86338650074883652e-03,1.62423844808112371e-03
asteroid_2604,6.37498370802673860e-11,-2.14996990416140621e+00,-2.03156484114685432e+00,-5.24696899016572460e-01,6.67748043050804801e-03,-7.29095990871135319e-03,8.68455385164793145e-04
asteroid_2605,6.39080433847401239e-11,-2.11847238172549490e+00,-2.42833269956942488e-01,-1.53989952291212984e-01,1.19857613269120982e-03,-1.15709463230868510e-02,1.75764907776521442e-03
asteroid_2606,8.32615157330035997e-11,2.26368122641058767e+00,-1.98504735399034099e-01,5.31060650647116952e-02,1.01530691521681867e-03,1.13252607239086155e-02,-9.45528907770090601e-04
asteroid_2607,1.58918929684353276e-11,-2.83659025341837401e+00,3.54509906518164844e-02,-3.58716674905188715e-02,-1.26441335787891177e-04,-1.02116836613034626e-02,-9.34453713903752242e-05
asteroid_2608,9.81218689283065689e-11,-2.29885789509350857e+00,-6.09955009026062922e-01,-5.60951576193253476e-02,2.86994704642549135e-03,-1.06929237340840314e-02,-1.34410948533163904e-03
asteroid_2609,5.16339347503200852e-11,-1.75899559454010646e-01,2.87837668888729237e+00,-2.99552212963775488e-01,-1.00447109585692241e-02,-6.99593567429558725e-04,-8.24008546915291147e-04
asteroid_2610,9.20420406046978380e-11,1.91444994952951619e+00,1.56884055319152860e+00,-4.81060420621291840e-01,-6.95285989422690393e-03,8.28094023420529284e-03,-6.64006852194016172e-04
asteroid_2611,5.29390090316737054e-11,3.03497552302653917e+00,-7.24495201012977263e-01,-5.24181256036491128e-01,2.27623065391783976e-03,9.39722308385554719e-03,1.90890634011257811e-04
asteroid_2612,1.86996112434179696e-11,-1.74576013501427529e+00,-2.46462754129505113e+00,-6.19279978442452306e-01,8.07003487252154136e-03,-5.46056593476888872e-03,-1.01744606101891624e-03
asteroid_2613,3.51083726260993057e-11,1.49937132510912763e+00,2.16689160379050572e+00,-5.47840505205418826e-01,-8.62284444657273295e-03,5.96604119444945138e-03,-1.97344288451401702e-06
asteroid_2614,2.21244203040283883e-11,1.92802131916039558e-02,3.02369974904070604e+00,-1.49891809423569528e-01,-9.85277744705031350e-03,1.02928205488273344e-04,8.08985760208437129e-04
asteroid_2615,2.64299089408441222e-11,-1.45879369882182375e+00,1.90241066065315056e+00,3.67630594432465096e-01,-8.68002103959712723e-03,-6.79379805615836288e-03,7.13308016597484842e-04
asteroid_2616,8.90368805892141716e-11,-2.23448266645457812e-02,2.64166766846197065e+00,5.23396064274978867e-01,-1.04818439464647913e-02,-7.97537179141346550e-05,-4.49605368885718388e-05
asteroid_2617,3.77456853870924761e-11,2.12436599569187878e+00,-9.32882493731786999e-01,2.79763654164447761e-01,4.14524080957168108e-03,1.01721141541704588e-02,2.44269971701504109e-03
asteroid_2618,1.82752687654187254e-11,2.56925131809679375e+00,-1.76794145437030870e+00,-2.99026689009168123e-01,5.54310468056894243e-03,7.96445303030187193e-03,5.38220631000015646e-04
asteroid_2619,3.64605880953322807e-11,2.58132786425123806e+00,-1.63756762727646943e+00,4.34618850166288928e-01,5.33053640332242350e-03,8.16005141322477881e-03,-9.13964311352955428e-04
asteroid_2620,6.17295921226996553e-11,6.35678056787426393e-01,3.11527340307047362e+00,1.40705209161263833e-01,-9.41508424122142369e-03,1.88083607926080461e-03,8.92957996665340857e-04
asteroid_2621,2.00966031485263285e-11,-2.46124971151546346e+00,-1.93173444564062757e+00,-3.89726445309740599e-01,5.77595240432720106e-03,-7.64628357451155143e-03,1.42286513993685566e-03
asteroid_2622,5.10759525231110088e-12,-2.22161812911132861e+00,-2.29456582865130398e+00,6.09699669704527270e-01,6.96210408326229310e-03,-6.37544908230309494e-03,1.37485565964428442e-03
asteroid_2623,8.72132821343540966e-11,-1.63783770476334190e+00,1.62358328022970544e+00,5.63344919540644806e-01,-7.90094446386581210e-03,-7.88418530702024271e-03,-2.48219693831371090e-04
asteroid_2624,2.39296400847103619e-11,2.75889277145759815e+00,-1.65364177566636839e+00,1.03542029233059538e-01,4.93497284486032247e-03,8.21801137972717408e-03,-2.45446016409557274e-04
asteroid_2625,9.36369226954202208e-11,-2.75721714124735051e+00,3.90925694941376745e-01,-6.07858192655822901e-02,-1.43430838598904110e-03,-1.01943655603015243e-02,-5.02416087049386900e-04
asteroid_2626,4.72393324172430021e-12,-1.09760775196810800e+00,-2.32394205325283121e+00,4.36999767776169890e-01,9.50245290743409812e-03,-4.69291738564728798e-03,-1.08947904814304572e-03
asteroid_2627,6.50873126370683005e-11,-2.93167922663648217e-01,2.72059065187137827e+00,4.45994092422326238e-01,-1.02594071155939597e-02,-1.16334938223544918e-03,3.52624362077539233e-04
asteroid_2628,6.65276004056630719e-11,3.57458619394319499e-01,-2.42985512455111108e+00,-5.23225827265205612e-01,1.07104155178496373e-02,1.32288593726504074e-03,1.17369812094290211e-03
asteroid_2629,1.56112586861061747e-11,1.88380787711869013e+00,1.56009105589051833e+00,-3.98675430509467590e-02,-6.98127015270930563e-03,8.45247892418561110e-03,8.84555732783142735e-04
asteroid_2630,6.65265528695599723e-11,-1.08913269335631568e+00,-2.06748913104975385e+00,4.99357477813024309e-01,9.89761955925482981e-03,-5.02746857557755285e-03,7.72161084630762625e-04
asteroid_2631,3.87698813668851506e-11,-1.62634722141763510e+00,-1.46967367339023047e+00,1.73997051000534197e-01,7.78651207433923506e-03,-8.39751739498940421e-03,1.85038790906321099e-03
asteroid_2632,3.81830797678443667e-11,-1.60548227069219052e+00,2.16377331553117447e+00,9.09353776237202954e-02,-8.39942974772950497e-03,-6.24916040436254271e-03,4.02824340609726761e-04
asteroid_2633,8.77491757320169884e-11,-1.05368921780883551e+00,-2.98476176562776629e+00,-1.22074586023971799e-02,9.11283787168056837e-03,-3.21573992382803014e-03,-3.17956121056939419e-04
asteroid_2634,9.52419314463602251e-11,2.17341718198127598e+00,-1.78014494259747025e+00,-5.14897492578735183e-01,6.49124251473484019e-03,7.83375430328143996e-03,3.16490003822465890e-04
asteroid_2635,1.70196921065529278e-11,-2.57660836357639633e+00,8.83995860687350477e-01,7.87167480101585160e-02,-3.38857820759672339e-03,-9.84917244616672488e-03,-3.10115411729075172e-04
asteroid_2636,6.84130585252439408e-11,-1.95314581239360163e+00,1.69606157773150845e+00,-3.78445754428065384e-01,-7.07103957320040586e-03,-7.79338893374220947e-03,1.56615259622467327e-03
asteroid_2637,1.54794684703694223e-11,2.60453400365214360e+00,3.92093561742928254e-01,3.51870193190109870e-01,-1.65154539742190325e-03,1.04034596810222216e-02,6.31984719602098435e-04
asteroid_2638,3.50970109265811019e-12,-2.33889047227915814e+00,-1.34972985774985732e-01,1.97987816223916147e-01,5.56769958691388138e-04,-1.11575294422085868e-02,-1.02905883270228257e-03
asteroid_2639,1.49615892516136652e-11,1.26085396800653271e+00,-2.81440759966372722e+00,1.48848026018199964e-01,8.91104661197492445e-03,4.01988495120784647e-03,5.24469680531181167e-04
asteroid_2640,6.34692386523497745e-11,-4.17184128602524629e-01,2.25617193326693499e+00,-4.49631068202493045e-01,-1.09680065013817978e-02,-1.65354659129735449e-03,1.87930257695391413e-03
asteroid_2641,7.26464733117249158e-11,-2.83233443093578430e+00,-8.58755211243727556e-01,-4.13427752416053729e-02,2.87476268313076062e-03,-9.39128621686613659e-03,-1.87392715492982706e-03
asteroid_2642,5.07085960117473629e-11,1.14587491500709238e+00,-2.71997986834569438e+00,6.00596242394607738e-01,9.15553058375176768e-03,3.78249618639881326e-03,-3.37630068402968732e-04
asteroid_2643,9.51670483130101276e-11,2.20033855337560347e+00,-1.65652428291306819e+00,-4.44590464092517457e-01,5.98762843186359701e-03,8.28682864617370438e-03,-1.24276889279841441e-03
asteroid_2644,7.64196454396625365e-11,5.52273659776580716e-01,3.06974881903353314e+00,-3.21044077511183024e-01,-9.51950173077292794e-03,1.59809001188765767e-03,-1.09528615549616174e-03
asteroid_2645,1.61702061869197480e-11,-2.26990556444677027e+00,-7.23215346684612181e-01,5.68651835658246063e-01,3.51105894301101656e-03,-1.03844209554305317e-02,8.08226759540214357e-04
asteroid_2646,2.08016813239493342e-11,-3.12695022102312592e+00,1.16065025193196364e-01,-4.25793931303413475e-01,-4.51217914037044688e-04,-9.64531195697342081e-03,6.84492096571686173e-04
asteroid_2647,5.96122349149358275e-11,-2.71305886550483644e+00,-1.17791718359898878e+00,-3.22782384917853937e-01,4.03969896300578318e-03,-9.08161437571936014e-03,-8.13400823099178264e-04
asteroid_2648,3.33367273521752370e-11,2.85882986687113760e+00,1.06795268063703852e+00,-2.02459501896520788e-01,-3.42414567346396252e-03,9.21704958107332287e-03,2.68314835048598648e-04
asteroid_2649,9.92992740837910589e-14,1.78747155299730442e+00,-2.27790011081527144e+00,-1.07692072340675835e-01,7.94890472877347702e-03,6.20711575064339816e-03,6.43050341862275621e-04
asteroid_2650,2.43918642771936776e-12,-2.38589097489475099e+00,1.92566444003780179e+00,5.53512862891354263e-01,-6.00572822689888521e-03,-7.64297640202491607e-03,7.02413846658973221e-04
asteroid_2651,4.08158174338737539e-11,2.78282189742871555e+00,-1.74130761371071618e+00,-2.43231690677732149e-01,5.05172167358895665e-03,8.01112782482317834e-03,4.44859043255102548e-04
asteroid_2652,5.23662982957564162e-11,2.56099259533978207e+00,1.30505484729667054e-01,-4.54003368818517328e-01,-4.00360783621175160e-04,1.06224571525540424e-02,7.95077618774705347e-04
asteroid_2653,6.53353413888457503e-11,1.76570895698690511e+00,-2.51458386098073783e+00,1.58793945347336513e-01,7.71772204419860202e-03,5.56877779463613512e-03,2.36726800874513836e-03
asteroid_2654,7.63163506228748474e-11,2.28573421580862179e+00,-1.90393698526155108e+00,3.33855695075961800e-01,6.33778879283649309e-03,7.65584126269012490e-03,2.68794686734383920e-04
asteroid_2655,9.68761997233430039e-11,-2.54526843532116365e+00,7.13700957966560301e-01,6.06359732050068285e-03,-2.85623514809640487e-03,-1.01838974129824442e-02,-2.68458926254548278e-04
asteroid_2656,8.38881427194644496e-11,-2.92086484965913318e+00,1.21766757702286532e+00,-5.52227096235061499e-01,-3.65441817687879632e-03,-8.87176429556614174e-03,-2.33234000608476021e-04
asteroid_2657,3.56004775472695975e-11,1.93981014067862279e+00,1.69086642432413892e+00,-6.11966528623309521e-03,-7.04618905048739509e-03,8.08355980178237198e-03,-8.02583502946571756e-06
asteroid_2658,5.34740367929523190e-11,-2.20616845700963982e+00,-1.59746344889504410e+00,-5.48927990112793251e-01,6.13302866781416899e-03,-8.28152069836782245e-03,-5.48464974240514677e-04
asteroid_2659,2.15998421427716170e-11,1.89928969234315814e+00,1.14189427088012629e+00,2.21106005010121898e-01,-6.00572720893731860e-03,9.77790425528643307e-03,1.09125454382145992e-03
asteroid_2660,9.68756255944767607e-11,-2.10289756059867905e+00,1.07144637096843254e+00,-2.26129814374028737e-01,-4.97194234545039575e-03,-9.95907588230257775e-03,-9.51357445735077651e-04
asteroid_2661,5.35489388036257458e-11,-3.09269712593301760e+00,2.47757214744744825e-01,-1.96719147349510598e-01,-8.54843537002572930e-04,-9.62989137561556102e-03,1.31099126835435226e-03
asteroid_2662,2.49745284086111429e-11,2.43256920292682732e+00,7.74879905624413223e-01,3.42402945583580198e-01,-3.28285307247236976e-03,1.02002269112861921e-02,2.38947755912286583e-04
asteroid_2663,7.24071358120238000e-11,-2.43343248079950092e+00,8.07164319140943776e-01,2.16127744799667815e-01,-3.38521737117894982e-03,-1.01753911977748059e-02,-1.13290394398915729e-04
asteroid_2664,4.87941534936078104e-11,2.16326381756955444e+00,1.01652374646572552e+00,1.54411956897594266e-01,-4.74723751526315296e-03,1.00425292970082024e-02,3.95420448116468037e-04
asteroid_2665,9.96725398347897973e-11,2.36524496914910731e+00,1.27351068953437330e+00,1.39725024066886472e-01,-4.99539970575716818e-03,9.16814132822068445e-03,9.99234311910574729e-04
asteroid_2666,7.48031157355180967e-12,2.25488390078056794e-01,-3.03053440612620006e+00,4.13986338809588794e-01,9.59715026240264522e-03,9.67513987822702683e-04,1.85522659686591256e-03
asteroid_2667,3.35538628125435318e-11,-1.66746959264372063e+00,2.69951631767177957e+00,8.76528982493077341e-02,-8.20938263993564905e-03,-5.07783021957398072e-03,2.14363814684863130e-04
asteroid_2668,9.41857709333798766e-11,-9.95393623561970253e-01,-1.94381368113084840e+00,-3.51529953185154287e-02,1.03313357163116269e-02,-5.27294798103069076e-03,-9.70536626161166570e-04
asteroid_2669,4.61253813767781478e-11,-2.57504772060426612e+00,1.07314721947036240e+00,1.95945047223029106e-02,-3.96023113762973382e-03,-9.49331835367929651e-03,-5.13203541712552581e-04
asteroid_2670,3.11863340816697079e-11,-2.64253989240542309e+00,-2.07922487615240043e-01,-2.30705151348807203e-01,8.89437659987895582e-04,-1.04821215360522847e-02,-7.40797125964811243e-04
asteroid_2671,6.04911724188513759e-11,-1.60711270454948463e+00,-2.33740466879981135e+00,-5.55108254693836844e-02,8.40865078917974948e-03,-5.78849806998403549e-03,2.95670305202128429e-04
asteroid_2672,6.64527100541339574e-11,-9.67275201250155425e-01,2.41968482919628158e+00,4.02310144247505330e-01,-9.83310214319065880e-03,-3.70892549774839639e-03,-1.33450548693278786e-03
asteroid_2673,9.28982061955662494e-12,-2.57799149412321471e+00,4.43167352117835658e-02,-2.69416183960929142e-03,-1.84368037595671877e-04,-1.07074244627377493e-02,2.89937294420945888e-04
asteroid_2674,2.59461418913886983e-11,-2.64267136553810111e+00,-1.48274365899558863e-01,-3.21291740580683216e-01,7.44496085074621591e-04,-1.04263520955768518e-02,-1.31188476679460690e-03
asteroid_2675,3.09044410927976538e-11,2.25865899738072562e+00,-1.64053006969987303e+00,-1.95339019531169278e-01,6.03976615322495379e-03,8.32233686820807797e-03,-5.77033632970862684e-05
asteroid_2676,2.45885951288006737e-11,1.98411755725973665e-01,2.69144697391813148e+00,1.14536288207043660e-01,-1.03717028577268687e-02,7.13023554675086915e-04,1.21186645280633130e-03
asteroid_2677,3.82939327876090798e-11,2.65404657240548092e+00,2.58152707594684006e-01,-2.71204625946312857e-03,-1.01899163179501769e-03,1.04703779249525567e-02,-5.51184112036026534e-04
asteroid_2678,3.34775028890844599e-11,-2.61917140960321326e+00,-1.51399674887527524e+00,5.85487445953738028e-01,4.90245466184679232e-03,-8.48513390979005987e-03,-1.04119499923117677e-05
asteroid_2679,7.31448505664238932e-11,-2.49339251675641105e+00,1.65431437097336165e+00,-1.22190547336124750e-01,-5.41350302988013229e-03,-7.98136233419849232e-03,2.40857857786361132e-03
asteroid_2680,5.98974611321801104e-11,2.08021910885637507e+00,-1.40098204521106706e+00,9.11149640562873425e-02,6.04464969738544196e-03,9.00723368689300766e-03,4.91432620064719927e-04
asteroid_2681,4.29251388721238930e-11,6.63171490664582253e-01,2.91724252969573383e+00,6.46326873609418429e-01,-9.56572542917498089e-03,1.89563764562711702e-03,1.25893207394324447e-03
asteroid_2682,2.00084021888972384e-11,-3.11140257301941103e+00,1.08817477462100756e-01,-2.62846316591821616e-01,-3.50406145930635135e-04,-9.72486756636211334e-03,1.21816532341186188e-04
asteroid_2683,4.20697371114961787e-11,1.59685574860204849e+00,1.63129370244176175e+00,8.03709142393593673e-02,-8.09160652251874300e-03,7.84160149601821795e-03,1.60721393578738912e-03
asteroid_2684,1.80565978299543853e-11,6.08792508288405365e-01,-2.72499078972845643e+00,-1.98553848138055683e-01,9.91724202978295187e-03,2.08952890125822886e-03,1.73049096271234225e-03
asteroid_2685,9.52150644189484356e-11,2.41347819134319153e+00,3.56572477919862019e-01,-1.14768288985963737e-01,-1.59676766935169887e-03,1.08878841068245323e-02,2.48813229723910485e-04
asteroid_2686,1.73856253268983777e-11,-1.43364213088773185e+00,-2.61683604127505420e+00,-1.38017807191421621e-01,8.65564907593979575e-03,-4.79798148355445146e-03,1.06093328874439907e-03
asteroid_2687,8.58691499567726369e-11,-2.21985244648593483e+00,-8.76223645182053534e-01,-8.47606550434833184e-03,4.08706631168311539e-03,-1.03561758614036693e-02,1.93723430365868324e-04
asteroid_2688,6.15619201397276482e-11,2.55813996031835522e-01,-2.87095031892768437e+00,3.67701379365051984e-01,9.97977640504571842e-03,7.21117208318065557e-04,-1.31268151157730635e-03
asteroid_2689,8.10836756365775082e-11,2.35284211039553037e+00,4.30613725543443238e-01,-2.61269323187114322e-01,-1.98727675037620047e-03,1.09098649152738984e-02,8.49282754515803383e-05
asteroid_2690,8.88572511950563231e-11,9.70613563031180848e-01,2.48943782616999298e+00,4.72227733310148889e-01,-9.71462521038367853e-03,3.48580610550245718e-03,1.59128607285200689e-03
asteroid_2691,8.04004549491005647e-11,-1.98820758147282728e+00,-2.54631876497979892e+00,2.24430240281334487e-01,7.52567555207254470e-03,-5.89155878814209052e-03,-1.74582127806826323e-04
asteroid_2692,5.89335966641131655e-11,-8.57078604933056432e-01,2.37941623608636688e+00,3.80728336517730526e-01,-9.83331000727004356e-03,-3.86481086347121141e-03,2.01738095479354982e-03
asteroid_2693,2.67067162942626803e-11,-6.71572473645865697e-01,3.07706899193314554e+00,9.33839960975302308e-02,-9.46440342381289421e-03,-2.07208565479118610e-03,2.13288131878836283e-04
asteroid_2694,6.60039863215593209e-11,2.24243669213675734e+00,2.37672369362081870e+00,3.30920969987289093e-01,-6.77146650273043136e-03,6.55012227821642323e-03,-1.15811901998106779e-03
asteroid_2695,4.94306655180223459e-13,1.86381566623849149e+00,-2.53177762606341572e+00,-1.94076437132513407e-01,7.77666667922150608e-03,5.76342697933905114e-03,-5.02082011256342478e-04
asteroid_2696,3.77528550729435385e-11,-1.22884806554313597e+00,-1.94261059579372009e+00,4.21652945182858993e-02,9.57370995129026847e-03,-6.06690447161638974e-03,-4.97991458522276933e-04
asteroid_2697,8.57977891562281421e-11,3.05942967698519563e+00,3.79120990246035072e-01,-6.84380907140265671e-02,-1.20692417311041105e-03,9.72091149160178927e-03,-1.03714791289784880e-04
asteroid_2698,5.80578138230517941e-11,-9.06841482326788184e-01,1.91549784382295485e+00,-2.86405041749392852e-01,-1.06428570770617792e-02,-4.85211893720043606e-03,1.24704831867942199e-03
asteroid_2699,2.60697634058652495e-11,2.56738961244807662e+00,-1.51603369351796663e-01,2.27346743601168320e-02,6.36841750059044249e-04,1.06877652582641619e-02,-6.47454617020805649e-04
asteroid_2700,8.92191612607414722e-11,3.08115026641060696e+00,5.16828448160393861e-01,3.60099857208645568e-01,-1.49135395686458535e-03,9.53952944837337113e-03,-9.30893341851930897e-04
asteroid_2701,1.53675330547749164e-12,-1.88580607227514951e+00,-2.22556884690456558e+00,2.34513447387728557e-01,7.57068328202608384e-03,-6.15996377892220372e-03,2.41955003607464535e-03
asteroid_2702,8.82936785433947611e-11,2.34328409320997233e+00,-1.41556813322651909e+00,9.42765882423458601e-02,5.38200012234332521e-03,8.85718762240220690e-03,-7.80710560623091025e-04
asteroid_2703,7.59478293196396111e-11,1.66429695052833537e+00,-1.95232179045628573e+00,4.62776412473641860e-03,8.17297337697901922e-03,6.96699129036213848e-03,-9.63225329294860539e-05
asteroid_2704,1.46461608896577378e-11,-1.71707131421366621e-01,3.06995413316676657e+00,-4.98052148906836904e-03,-9.78805095098243122e-03,-5.46865950442477979e-04,3.66380539531951856e-04
asteroid_2705,6.29980309392770796e-12,-2.79258648076459437e+00,9.50888034864304954e-01,-9.19149264551759743e-02,-3.22676902893446593e-03,-9.47874735675656444e-03,-2.38903557221241743e-05
asteroid_2706,9.51240258344388838e-11,-2.57332639879507896e+00,-6.03938279013324197e-01,3.16154572684793911e-01,2.43665961581951201e-03,-1.02548188771667513e-02,2.43687286704536061e-04
asteroid_2707,6.71264797054626704e-12,9.39185044173538319e-01,-3.02214905116946664e+00,-1.99169188304575084e-01,9.10119824890612966e-03,2.71169038427473107e-03,1.77023745756606904e-03
asteroid_2708,9.73764242880856504e-11,-2.00487975384273032e+00,-1.27495699809413776e+00,4.62669886201956277e-03,5.97200581480763874e-03,-9.38788648944143857e-03,8.64973284726844424e-04
asteroid_2709,4.20686975754299967e-11,1.68897331514724258e+00,-1.56531614971960953e+00,8.79522706552262196e-02,7.70248686221520519e-03,8.31141194487555919e-03,7.87442697413131823e-06
asteroid_2710,3.53568972989872306e-11,2.30875338880888931e-01,-2.82165571255123515e+00,4.79259646079776225e-01,1.01183631428450205e-02,8.20415444219679715e-04,-4.41318079866069167e-05
asteroid_2711,6.50079010090635863e-11,2.81918694811415804e+00,1.63587616513628165e+00,2.13116715370777282e-01,-4.79608301969356235e-03,8.21061071479910198e-03,4.20015302337384874e-04
asteroid_2712,4.96097139585298042e-11,1.41352934947241682e+00,1.90251645894782961e+00,-3.55773245004912753e-01,-8.93857972932868630e-03,6.59621960764497292e-03,-2.40401494005466367e-04
asteroid_2713,3.90108792931831560e-11,-2.14777868453133092e+00,-9.69021228453932792e-01,4.54033170807383701e-01,4.80702463504794480e-03,-9.86916014592180250e-03,1.67608758058357139e-03
asteroid_2714,6.40197721346434323e-11,2.26202236331994921e+00,-1.19368505718574672e-01,1.00511086809280892e-01,5.69479745076166034e-04,1.13877878578504035e-02,7.08054240292293395e-04
asteroid_2715,3.50131528298014964e-11,2.31084776396024261e-01,3.10846463012999008e+00,-3.12582883353852703e-01,-9.65980779681230133e-03,6.31041588661781692e-04,-8.65895353432890257e-04
asteroid_2716,3.44502637814854935e-12,-5.51408095864440062e-01,-2.25278661216292830e+00,4.95735427648607785e-01,1.08389908838528899e-02,-2.69303077545475413e-03,-1.81783160338808207e-04
asteroid_2717,8.24656922407390348e-11,-3.59982501950459055e-01,2.67959385417723794e+00,2.82979944275108461e-02,-1.01967242022647318e-02,-1.38971423910591693e-03,1.88096171540016468e-03
asteroid_2718,5.14687886215244638e-11,-2.47874310645756646e+00,-2.10773797990005107e+00,4.80731957374028351e-01,5.95275983281333670e-03,-7.28135145728355578e-03,-1.23107815583211092e-03
asteroid_2719,6.86715832827324754e-11,2.07572899730065608e+00,-3.16711724197116153e-03,4.03412317492877426e-01,-1.26617733242901927e-04,1.18055020099536098e-02,7.44185282433577682e-04
asteroid_2720,5.75216367784135718e-11,6.97732239320061454e-01,2.67314424380462068e+00,-1.67612700783967616e-01,-9.90296806870811890e-03,2.66729668077106538e-03,1.31522659796345313e-03
asteroid_2721,6.14230926579009639e-11,2.44082564071608132e+00,1.17835748488124370e+00,1.53929515678432466e-01,-4.56993378303000714e-03,9.29166985899498865e-03,1.33504498923646430e-03
asteroid_2722,2.19017838982005710e-11,-9.79468779470811346e-01,2.85358728266838524e+00,5.62186739357634191e-01,-9.30322341054964572e-03,-3.11964446469951886e-03,-3.73610925796593544e-04
asteroid_2723,9.34667161701842353e-11,2.40250420903479389e+00,-7.76922234179811655e-01,-8.21479587866368044e-02,3.33626671217540334e-03,1.01123673750918262e-02,1.93397093375554329e-03
asteroid_2724,4.47777947881220866e-11,-2.16943309734993628e+00,1.37088204341679742e+00,-3.67192255360187014e-01,-5.80865833722732112e-03,-8.90047605564721518e-03,1.08932810970728761e-03
asteroid_2725,9.20104771792330797e-11,1.01751447217839486e+00,2.05340168001148049e+00,-2.12663630467468140e-01,-1.01703426721673259e-02,4.99515221421974968e-03,-4.29866203031007094e-04
asteroid_2726,8.06937330389594421e-11,9.83685981216399830e-01,2.75030863698237349e+00,6.34157265851942875e-01,-9.33605973656066040e-03,3.42199857351235728e-03,-3.59218701866904726e-04
asteroid_2727,7.20109835621794197e-11,-1.75865629911587029e+00,-2.47523663652406256e+00,1.78803078851302560e-01,8.03267282840797354e-03,-5.72079819731393258e-03,-1.88020362689863933e-04
asteroid_2728,4.60171849977480235e-11,-1.03897062259044892e+00,-2.01051619843103868e+00,-6.35805083370146185e-02,1.01477733793851818e-02,-5.25472567636233682e-03,3.37724018146452190e-04
asteroid_2729,2.27413801551158438e-12,7.64381112493401793e-01,2.45577485413886132e+00,2.89694495397693035e-02,-1.01969102262836654e-02,3.18520490039384289e-03,-9.60339852741414314e-04
asteroid_2730,3.15280628383314265e-11,-2.40019489995709945e+00,2.06990897915029359e+00,-1.13422542519861558e-01,-6.31311097557779328e-03,-7.29085081428287873e-03,5.40449887242773746e-04
asteroid_2731,6.64891106801368748e-11,-2.07070353973300625e+00,-7.49806774760293643e-02,-3.60860031182021535e-01,4.70694083747724484e-04,-1.18496558633521248e-02,-2.38798075180526030e-04
asteroid_2732,3.30720273668326837e-11,3.80786976207959149e-01,-2.42488862729387478e+00,-1.38535895678639054e-01,1.08376626127618045e-02,1.68816264757737822e-03,2.39897177407422612e-04
asteroid_2733,9.92174565386002472e-12,-8.68723699922993808e-01,-2.62608770280535442e+00,4.38383783803609779e-03,9.67421903878329208e-03,-3.20323562185960160e-03,-1.76884246241799394e-03
asteroid_2734,5.17807029163867417e-11,-2.49957264175400740e+00,6.75882872300734433e-02,4.61781645406455429e-02,-3.18064488013899212e-04,-1.07767169430060573e-02,-1.44322436967551796e-03
asteroid_2735,1.54564098443095219e-11,1.48921028837405012e+00,-1.91559853569294525e+00,2.03735819669735863e-02,8.70967061260146183e-03,6.77558845680177775e-03,4.30765767478826205e-04
asteroid_2736,3.06289889820373979e-11,-1.14186158323841447e+00,-2.38708305890178529e+00,1.77000510066198741e-01,9.52517611261187620e-03,-4.56476507295688807e-03,-1.13223950274145895e-04
asteroid_2737,5.01962836409451418e-11,1.49473236177205915e+00,-1.74797731807763257e+00,2.87534079493795447e-01,8.62521268086321319e-03,7.27126493739784982e-03,-6.34284246477645193e-04
asteroid_2738,1.16368201018102776e-11,-1.77694460777476104e+00,-2.06208146528265823e+00,2.71151758087839256e-01,7.66226423742248641e-03,-6.82564234812333206e-03,-1.69503402051095361e-03
asteroid_2739,1.12617285455929654e-11,2.67229073766916292e+00,-1.23405060242838016e+00,1.63988742666955456e-01,4.13947334261661679e-03,9.08098217517056341e-03,8.81251049660861790e-04
asteroid_2740,2.10167812394271199e-11,2.30101063674729023e+00,1.57379107601926793e+00,1.20858705495925617e-01,-5.79249746315482848e-03,8.50297889727516000e-03,-4.41126949375142104e-04
asteroid_2741,5.91846496576926860e-11,-2.17134253213359374e+00,-4.13229893339143450e-01,-7.91678679477973851e-02,2.18524445176677094e-03,-1.13309927265806912e-02,-7.90842383678733792e-04
asteroid_2742,9.33204568045646663e-11,3.68752245784844612e-01,-3.09047406874844288e+00,7.46226109934650800e-02,9.68055822295050758e-03,1.15348745599307178e-03,-6.57242319110832831e-05
asteroid_2743,2.39112750751897393e-11,-9.66703696548882996e-01,2.09792732106556246e+00,1.27298995804247996e-02,-1.02794329903213178e-02,-4.73641134738250931e-03,-4.07780664849999072e-05
asteroid_2744,7.19851729439573636e-11,1.94310908425842688e+00,2.24292146398789072e+00,-5.48263373549928379e-01,-7.57456957212193464e-03,6.13930166124455282e-03,-1.72954007285938270e-03
asteroid_2745,1.89459566563816858e-11,2.50198100073320662e+00,-3.89836928487168444e-01,5.07618575774386807e-02,1.66719646183356241e-03,1.06785131341979606e-02,-1.65776261019283031e-04
asteroid_2746,6.35551432154947981e-11,-3.03116553955185841e+00,-2.05517237406318165e-01,-8.50023734974294509e-02,6.62719866363371325e-04,-9.84349738116055938e-03,1.66992594575160350e-04
asteroid_2747,1.37805607904934980e-11,2.80507240638347533e-01,2.26969805594538165e+00,-5.29784589553440433e-01,-1.11456883163676204e-02,1.34361766570197994e-03,-1.45039837656400994e-04
asteroid_2748,8.45396545288177226e-11,3.38691484774013674e-01,2.27309041721120453e+00,-3.45396269414968426e-01,-1.11383577314335316e-02,1.50835710298392162e-03,-9.95479314413323570e-04
asteroid_2749,7.42534734912840438e-11,1.32971383365240747e+00,2.34338996339384042e+00,-1.05474267944168809e-01,-9.03714831059433676e-03,5.17841100936245954e-03,1.12079716319960550e-03
asteroid_2750,6.80758372013673167e-11,-2.07550361098913516e+00,4.71270637195958519e-01,2.18513949440709870e-01,-2.42137852437630460e-03,-1.13987890507956536e-02,1.58495468688689563e-03
asteroid_2751,1.47603100257684824e-12,8.37770085035683065e-01,2.21708979102287085e+00,3.52921162058142668e-02,-1.01271695842902500e-02,3.86976659963920912e-03,-2.70259503123934652e-03
asteroid_2752,8.36426210633408278e-11,-8.02051682485547146e-01,2.85737889630314701e+00,7.71989642639258761e-02,-9.61222124113599377e-03,-2.69790034291689197e-03,-7.44459076838177746e-06
asteroid_2753,1.50935429989049288e-11,-2.47404991592370660e+00,1.86661696213242867e+00,-1.87015587801537458e-01,-5.86867903761374883e-03,-7.79891387599775457e-03,-2.04154359562686087e-04
asteroid_2754,5.33535666389478760e-11,1.86196186151758902e+00,1.06126631839972529e+00,-4.83081668011803855e-01,-5.65364687026865664e-03,1.01254010074771274e-02,4.53074941755505698e-04
asteroid_2755,7.76683971958591667e-11,-2.00172891610846948e-01,3.15177455034866227e+00,-4.82453718898342987e-02,-9.46175125832251704e-03,-5.70942176399461183e-04,1.95884256007573983e-03
asteroid_2756,6.31707349837840202e-11,6.72351162854756712e-01,-2.94937935615364966e+00,4.40999490278744244e-01,9.29938688902342062e-03,2.43346491311252763e-03,2.09695841009393006e-03
asteroid_2757,8.19042831246002256e-11,-2.73084239502472226e+00,-1.54535103720542399e+00,1.91687116296018895e-01,4.74268818165326025e-03,-8.44710578891903416e-03,-5.33211315520523785e-04
asteroid_2758,7.08881251107766451e-11,2.75677598409888747e+00,-1.01287147641980058e+00,-8.24195538310109471e-02,3.42128498779827863e-03,9.11322016543026671e-03,2.44111398169924009e-03
asteroid_2759,7.56100517835367878e-11,-2.90102117269246929e+00,2.15048405973223611e-01,4.04889667004715292e-03,-7.43842835456742183e-04,-1.00174416202219521e-02,-9.06163519606394564e-04
asteroid_2760,2.98838938987267752e-11,-1.63647258485850738e-02,-2.68536976256954096e+00,4.91967795102273231e-01,1.03985647122062808e-02,-1.52180387827108911e-04,-4.84769437282818049e-04
asteroid_2761,3.79167902189515659e-11,2.28890822166578134e-01,-2.82851916871201281e+00,5.10651335310016830e-01,1.00083289605171766e-02,5.44242500373803059e-04,-1.47148210059043407e-03
asteroid_2762,5.01502785362166864e-11,1.86349057438673582e+00,2.60427341956702296e+00,6.27188444073204232e-02,-7.81490168383048266e-03,5.58266057800422318e-03,3.86184950391626482e-04
asteroid_2763,5.86202129312430418e-11,6.73794559974814744e-01,-2.11587764661307931e+00,1.56298252950858550e-02,1.09824335386391331e-02,3.50187038454573057e-03,6.15828660585424374e-04
asteroid_2764,6.91701846080248946e-11,-2.43485349927408867e+00,-3.64395071148731431e-01,2.89371756423280724e-01,1.48678385846078313e-03,-1.07725339011690638e-02,-1.05524250433235351e-03
asteroid_2765,5.55619174884090139e-11,1.23471589555530370e+00,1.74265831382388137e+00,4.70479889955995989e-01,-9.54435137495944323e-03,6.63169468330480471e-03,4.84153490271595536e-04
asteroid_2766,7.10486187897261134e-11,4.51701731829372288e-01,3.20137032327805615e+00,6.66143822100598720e-02,-9.47213977354036465e-03,1.33615149291762755e-03,1.60055977782050183e-05
asteroid_2767,1.50835222577306559e-11,-7.42661237028797605e-01,2.47348355204495141e+00,5.19584137671311841e-01,-1.00374294335535859e-02,-3.23529774171339149e-03,1.05477814014940459e-03
asteroid_2768,3.94707149559998136e-11,-1.82739609288014249e+00,2.25316856878357763e+00,-2.33154185990991608e-01,-7.80439780810007928e-03,-6.37175507885574203e-03,-4.07079158613612394e-04
asteroid_2769,9.13314113793914704e-11,-1.88217949733914786e-01,-3.08644667083324986e+00,3.26253801809285315e-01,9.73507831695590888e-03,-6.10231104145615884e-04,-1.56716268834446317e-04
asteroid_2770,2.17035390472261622e-11,2.61955650845117649e+00,-1.97580183941890697e+00,2.30150795600795682e-01,5.73204133780526055e-03,7.53913925735286497e-03,-5.19489756851671978e-04
asteroid_2771,1.43746502269920412e-11,2.05252868586048587e+00,9.62838129652059616e-01,-3.50916298760789225e-01,-4.45566885683285844e-03,1.02442557174733488e-02,2.04656174102183040e-03
asteroid_2772,7.44833357468365373e-11,1.05863927145667280e+00,2.87035265090503700e+00,1.94800113801773915e-02,-9.22120564625142705e-03,3.40319674161654057e-03,-3.30819188186347356e-04
asteroid_2773,1.94509702208367951e-11,-2.22101850839395132e+00,2.20757175225256308e+00,4.58631755153382947e-01,-6.77349290981405731e-03,-6.89083339940377033e-03,3.66211107152571180e-04
asteroid_2774,4.57663763230747971e-11,-1.74348223467425356e+00,1.27278620061446746e+00,-7.53390833551398440e-03,-6.89702692358329719e-03,-9.45032984715296447e-03,-4.52023998987213771e-04
asteroid_2775,7.11860516625131252e-11,5.15422850079102712e-01,2.87170998702779467e+00,-7.19094683904892618e-01,-9.75268712157422758e-03,1.81511809430171260e-03,2.58290001395840741e-04
asteroid_2776,4.84901600394904561e-11,-7.62360889446308865e-01,-2.39821295606420959e+00,2.15386600038461051e-01,1.01811669259345098e-02,-3.05269351267414271e-03,2.04615486845414985e-03
asteroid_2777,9.01520823814818756e-11,1.77924595779511896e+00,2.25586662783043135e+00,1.73359271762220324e-01,-7.96476017537881345e-03,6.27361056744551310e-03,1.08668152295117608e-04
asteroid_2778,8.78160636954908957e-11,1.54337219787605795e+00,2.23335349181054799e+00,1.07009048131004508e-01,-8.55055716259634294e-03,5.94250902897134215e-03,-7.01165837638450477e-04
asteroid_2779,5.03000270253465454e-11,-1.64098333780716055e+00,1.75458212890595155e+00,-2.11818985237855917e-01,-8.11251271188008320e-03,-7.52414311449407878e-03,5.22951914803731046e-04
asteroid_2780,9.60853279627582921e-11,-5.17756664438604797e-01,-2.19092207135015249e+00,2.22787599091695265e-01,1.11116236448487657e-02,-2.67130117834879239e-03,-4.46593600450170282e-04
asteroid_2781,2.91844691727247318e-11,1.08823520452919942e+00,-1.92654183332225371e+00,3.51125536700805263e-01,1.00293518351718784e-02,5.36510805988982091e-03,-1.64667210879654584e-03
asteroid_2782,2.33968551677088934e-11,-8.58375523758941328e-01,-2.03354020952930847e+00,2.72076757371756073e-01,1.05453661747237359e-02,-4.57779051048723667e-03,-9.45456947164756683e-04
asteroid_2783,6.70277890941892050e-11,3.50775378182496600e-01,2.82650864630939891e+00,3.13089353862463671e-01,-1.00788356964928213e-02,1.27745248098118424e-03,-2.40580137066182084e-04
asteroid_2784,5.72824800957019778e-11,-1.14472084302409760e+00,2.23701546793580963e+00,2.10503404601787542e-01,-9.43675678114554335e-03,-4.99980145939222641e-03,1.81555744461770873e-03
asteroid_2785,2.51181797088925039e-11,8.12141068292180912e-02,2.34598714484776760e+00,-2.43229070320471780e-01,-1.11677516337353160e-02,4.57011906609705012e-04,6.79051576798636591e-04
asteroid_2786,3.71194345704154655e-11,2.66750550077800952e+00,1.20903230268861805e+00,9.53484923044543436e-02,-4.14588941151750739e-03,9.15366783229029819e-03,-8.28254992768846543e-05
asteroid_2787,2.33103703614334039e-11,-2.45843592384096787e+00,1.58323535128020820e+00,2.27638247796140836e-02,-5.44282394442089767e-03,-8.45548675972866703e-03,2.71994633501908441e-04
asteroid_2788,2.37053448070797023e-11,2.10594694574417352e+00,-1.76380111342103474e+00,3.57936593917242011e-03,6.63899485432767941e-03,7.92863595161017072e-03,8.84509472126337277e-04
asteroid_2789,3.67634161089029920e-11,-3.13556019058744395e+00,-5.51766916532939078e-01,4.94745762837417113e-01,1.61072716732147650e-03,-9.44165226995211798e-03,-3.21497197478926998e-04
asteroid_2790,9.24227263039598972e-11,2.55671126446678532e+00,-1.70479118075759939e-01,-2.35723104943533282e-02,7.17896242967583430e-04,1.07158114928174696e-02,3.66163442232663816e-04
asteroid_2791,8.34914377851482147e-11,2.26854532751982685e+00,-2.06984844469513130e+00,4.45263106357003113e-01,6.58526062627053099e-03,7.21079506955166465e-03,-3.07891318722298239e-05
asteroid_2792,5.12466943317099159e-11,-8.63689545285447169e-01,-2.00789986763194284e+00,1.38604642799764366e-01,1.06816020282233699e-02,-4.56967107095652015e-03,3.61792066761288278e-04
asteroid_2793,4.77821736926220076e-11,-1.87219021171181366e+00,2.31520265713718043e+00,2.48340995823118915e-01,-7.72085007002178483e-03,-6.07176625649562696e-03,-1.60074479574790450e-03
asteroid_2794,3.15753737702366020e-12,-1.39616426843360220e+00,-2.97469847194559200e+00,2.42907335960538331e-02,8.59027890246873323e-03,-4.03184250173564945e-03,-3.09869325947601291e-06
asteroid_2795,4.62349935561722993e-11,9.18936642219160715e-01,2.97322620773355117e+00,1.56286508269919439e-01,-9.26828591020043176e-03,2.80731495523375797e-03,1.08893043339011730e-03
asteroid_2796,6.23814471546588869e-11,3.10329729904741947e-02,2.79536255785854859e+00,-1.87461740903849261e-02,-1.02869367635246237e-02,1.15024235792640745e-04,1.22702970364731254e-04
asteroid_2797,7.78612348043420182e-11,2.63790944280870931e+00,1.06302048993841702e+00,-2.14489115913437944e-01,-3.83404103222787472e-03,9.42675754846290619e-03,-4.33665899251463674e-04
asteroid_2798,3.56044094044289942e-11,-6.13218504961348665e-01,-2.44830941989814876e+00,7.40452839352260823e-03,1.05033614527369652e-02,-2.63064321266617178e-03,3.06635537387877206e-05
asteroid_2799,9.19396825072052881e-11,2.86246696819820068e+00,-4.35343743195116706e-01,-3.40899419613659660e-01,1.47096597001335812e-03,9.95998022040819365e-03,-3.67919578558118974e-04
asteroid_2800,8.40208764236977419e-11,2.53731211347860253e+00,-1.57871869173850321e+00,4.65983142655542693e-01,5.34826894098800517e-03,8.22589545338288375e-03,-1.25294803206970977e-03
asteroid_2801,8.23252189147197996e-12,-2.85634526677210587e+00,1.64840641251333708e+00,-4.70167511373194898e-03,-4.73279700759223539e-03,-8.20166003900662209e-03,-2.48139289809392823e-04
asteroid_2802,9.02957759796346248e-11,2.26159788154587704e-01,-2.64555290319161696e+00,4.37199144294782571e-01,1.04083254280212343e-02,7.14777341905292588e-04,-1.05893025609400909e-03
asteroid_2803,2.22906994753899789e-11,-1.90113126285512091e+00,-1.04350876472340848e+00,-1.45511725473176173e-01,5.46730215413281182e-03,-1.01833402403947622e-02,1.59674930360378790e-03
asteroid_2804,9.23325696448849813e-11,1.82014753926566808e+00,-2.12947073989871916e+00,-2.77143679761115647e-01,7.70583547290393852e-03,6.70326806726349086e-03,-8.97208758854507152e-04
asteroid_2805,6.30716749677102415e-11,1.49949614170463841e+00,-1.66183991396197417e+00,1.41708344170770967e-01,8.37036277769617060e-03,7.69269456372168210e-03,1.64210642251974462e-03
asteroid_2806,4.11979053567987249e-11,1.57745898122406270e+00,1.79351610714678245e+00,-1.57509522604512564e-01,-8.30634957364692617e-03,7.36251562776584108e-03,6.46720462976089257e-04
asteroid_2807,4.36507478382021842e-11,-1.03263793211529092e-01,-2.46063788946536910e+00,3.96619578730697864e-01,1.08389998949401257e-02,-2.89187540128120501e-04,1.02791301093878057e-03
asteroid_2808,5.62832366179245055e-11,2.40375514992529848e-01,2.95800384823342499e+00,-2.37415540610263931e-01,-9.74954404815796954e-03,9.41392966921725510e-04,1.85789163675728641e-03
asteroid_2809,8.43888478847011163e-11,1.83069309819778492e+00,1.42161488275034387e+00,1.12329264765434866e-01,-6.87560032151024979e-03,8.67880399319105773e-03,2.21845245655382349e-03
asteroid_2810,8.36938824781978966e-11,6.59453615753030076e-01,-2.20216127477506163e+00,2.37511547920910178e-02,1.08444660656346840e-02,3.23892438967619215e-03,-7.91056063965505144e-04
asteroid_2811,4.14961566598433605e-11,-1.64966733486789852e+00,-1.36717551337949361e+00,2.21268953422042641e-01,7.28238748895483710e-03,-9.04490447308077539e-03,-1.59288120010658797e-03
asteroid_2812,8.49042336664160504e-11,-1.16916019203055122e+00,2.92209448435692432e+00,6.02216702182575489e-02,-8.99894121252106660e-03,-3.59383321324784413e-03,-3.26852873744372570e-04
asteroid_2813,4.72006909953908210e-11,-2.50254766948509211e+00,1.49736627016695967e+00,3.04933480739342067e-01,-5.07321708645047578e-03,-8.63618228450427003e-03,7.72497853533190659e-04
asteroid_2814,4.17609172589876447e-11,6.55739533216123105e-01,-2.04539286013730193e+00,-1.31755674543954635e-03,1.11770278233246437e-02,3.58327943768007619e-03,3.66580255995058673e-06
asteroid_2815,2.43329104722159579e-11,-3.30733757086718372e-01,-2.10542377456914043e+00,1.07479236982855067e-01,1.16334411028991801e-02,-1.82418718999714032e-03,6.40552065469995516e-05
asteroid_2816,8.27947224012686671e-11,1.14479317733102959e+00,2.52033735121712299e+00,-1.11870941583581116e-01,-9.26136889615883190e-03,4.27993712022439656e-03,1.64952093261758236e-03
asteroid_2817,6.20101531435350218e-11,-1.30127471101246162e+00,2.05502573035755587e+00,-1.80210285843753898e-01,-9.18166687421943274e-03,-5.60674392864103296e-03,2.36317183275815655e-03
asteroid_2818,4.31174694868251117e-11,-2.10307942577276163e+00,1.87246650003173554e+00,3.44311928178324331e-02,-6.81609778552400621e-03,-7.65630434019063007e-03,4.00327189072384869e-05
asteroid_2819,6.62410415813199377e-11,2.45747012564881784e+00,8.32420385562534837e-01,3.74580119044520765e-01,-3.44861157162543609e-03,1.00445528548214012e-02,3.03191083158211563e-04
asteroid_2820,8.61025887693188632e-11,3.18563298430111974e+00,-5.61355492171762768e-02,-3.73758437773919094e-01,3.01113436066861699e-04,9.53227458225230397e-03,1.13479023380265638e-03
asteroid_2821,1.97904053236132325e-11,-2.09910143446406572e+00,-1.11836317578966038e+00,-5.68221270428894143e-01,5.31454817436583220e-03,-9.60365994553600937e-03,-7.31046305486854841e-04
asteroid_2822,3.92502824793416861e-11,2.75032762371547168e+00,9.65484279168347559e-01,2.47803784895433352e-02,-3.30218982276881063e-03,9.36270388774311166e-03,1.71750702705258441e-03
asteroid_2823,3.80362362509406487e-11,-2.16397319876212002e+00,-2.73460593191937433e-02,5.57979338977434222e-02,1.50121488695626387e-04,-1.16900536685241377e-02,9.28704105976939034e-05
asteroid_2824,7.61142576634238520e-12,-1.36458405128610982e+00,2.94422413298455021e+00,1.12585938819443288e-01,-8.65782497155604541e-03,-4.01874501159087561e-03,1.57712167357005733e-04
asteroid_2825,3.34134847751520625e-11,-2.24244673349556445e+00,2.33630010704987212e+00,-5.01265198400453804e-01,-6.77671281102517134e-03,-6.63421322010755883e-03,-6.04661066388027064e-04
asteroid_2826,7.61816824912241057e-11,2.98292982217051206e+00,1.53687080873887827e-01,4.37834092491156020e-03,-5.10505147877575601e-04,9.92444455305452854e-03,-5.61373068080366316e-04
asteroid_2827,2.53414806080583498e-11,-1.45562680227064756e-01,2.58955331325962890e+00,5.82532923976950778e-01,-1.04924947830478850e-02,-3.53800017824230245e-04,-1.04909375821833259e-03
asteroid_2828,8.10933946736293524e-11,2.00063662788810426e+00,-1.24889946387709405e+00,-1.61746683765557397e-01,5.61798584884663256e-03,9.33093563205542216e-03,-2.55864438485756997e-03
asteroid_2829,9.55258039049046541e-11,3.06637911139122332e+00,-7.91308574157320588e-02,-2.16340111959587272e-01,4.08811303484275660e-04,9.52499651481806577e-03,2.31047906871177395e-03
asteroid_2830,2.24048060942738910e-11,7.26703237336600805e-01,2.89287765454069090e+00,7.19647380273404497e-02,-9.62891594499639542e-03,2.43684165878574506e-03,-7.24249049089265256e-04
asteroid_2831,4.09725327898596608e-11,-2.86198157943461318e-01,2.31262921158119372e+00,-4.11612294876853690e-01,-1.10554113687516050e-02,-1.50258480817716034e-03,-7.55281499348131320e-04
asteroid_2832,1.31420904847517373e-11,-2.51167590836768717e+00,7.49190301921237478e-01,-3.27872312656000420e-01,-2.85078093428346073e-03,-1.01135388269481888e-02,-1.27100520078682225e-03
asteroid_2833,6.92174867704260227e-11,-1.93869796646312875e+00,-1.81434322967087502e+00,2.32120708176267072e-02,7.21345843806811202e-03,-7.70743061547445041e-03,3.41481684714602514e-05
asteroid_2834,4.82251760297612007e-11,1.90907349336832910e+00,-2.42753841825315941e+00,1.45117636828771907e-01,7.66543354036588066e-03,6.05822907884283335e-03,5.01026959708346874e-04
asteroid_2835,5.88752404474406823e-11,-1.31241235632436104e+00,-2.60912539714157576e+00,-4.73215618258642206e-03,8.97943365967095002e-03,-4.51574451001447112e-03,-5.44360660604021381e-04
asteroid_2836,7.78715470519996554e-11,6.42264893918939817e-01,-2.78589923120371052e+00,-2.71113561650771717e-01,9.89377684877496694e-03,2.25923477438736905e-03,2.22877515952126280e-04
asteroid_2837,7.76201491092514187e-11,-1.35387733782958763e+00,-2.54168697528701149e+00,7.11768309857170774e-03,8.66677430940595780e-03,-4.62352938827413715e-03,-2.50293476092985304e-03
asteroid_2838,5.16024040447929092e-11,-8.38339218082009563e-02,-2.40723419075580747e+00,-2.76959340751415428e-01,1.08340599810779498e-02,-6.15653736165331028e-04,2.07164338450556429e-03
asteroid_2839,8.82332583684479927e-11,1.23356286325932940e+00,-2.22333086782482647e+00,-1.32329133189360099e-01,9.39650916489284671e-03,5.24966218916667580e-03,-6.08718872389982907e-04
asteroid_2840,9.31938084799830578e-11,-6.64811095604687097e-01,-2.04426443711957706e+00,-1.48827083215219397e-01,1.10334102544874177e-02,-3.69039262977001892e-03,1.40434689701627777e-03
asteroid_2841,6.30750236204599894e-11,2.63432449089686438e+00,1.51839807411811201e+00,1.50807942245779841e-01,-4.92691695256307523e-03,8.53926619375398877e-03,8.68167125611916008e-05
asteroid_2842,3.85025612341287787e-12,2.52535433994136005e+00,6.76802362613642572e-01,1.63758842221555234e-01,-2.77314495989328721e-03,1.02526662133658950e-02,3.91703694211102205e-04
asteroid_2843,7.75988111518816445e-11,2.59946783163519823e+00,-3.71543002526123378e-01,-4.73567207644206016e-04,1.50177377904396592e-03,1.05072579628091699e-02,-1.80634974806627609e-04
asteroid_2844,8.91928018520566598e-11,1.97334289691350206e+00,-1.35473077229040650e+00,6.24938747773296985e-02,6.24473332704222287e-03,9.01145458581813219e-03,-1.83866537227668318e-03
asteroid_2845,5.56682971979190521e-11,-1.83766809971423084e-01,2.33747245341893173e+00,1.76419612776444357e-01,-1.10601053971196382e-02,-7.39290211685657045e-04,-1.72548718982091696e-03
asteroid_2846,7.00387829099503396e-11,9.82393821140732926e-01,-2.55697395477114853e+00,6.05787878638105015e-01,9.56023009102208512e-03,3.74147391879173273e-03,2.88781599749885496e-04
asteroid_2847,3.56108635618317875e-11,-1.76338658442126706e+00,1.50455785221994254e+00,-5.35459730381846133e-01,-7.28108185786330731e-03,-8.44419780150462186e-03,2.51331617750433797e-04
asteroid_2848,5.02154196432180620e-11,8.43494412934736766e-03,2.17702091673528209e+00,7.62823940497956224e-03,-1.16483773166980980e-02,4.34267231807096597e-05,4.86682045113090347e-04
asteroid_2849,7.98126573015313046e-11,-1.42982606228027187e+00,2.63165167969139846e+00,-3.95602878286586412e-01,-8.69519651370335815e-03,-4.51271789314383002e-03,1.40726217889882268e-03
asteroid_2850,8.75973566799874273e-11,-2.43060858503585964e+00,-7.72675257171744900e-01,8.13074484501687539e-02,3.26697639332965400e-03,-1.02598366166064374e-02,1.62580092132411541e-04
asteroid_2851,1.15304744733801215e-11,7.92564395755886997e-01,-2.42305509867478852e+00,1.87688340495048928e-01,1.01887588616089951e-02,3.38636601955903714e-03,6.93191376059037654e-04
asteroid_2852,1.72842067997279275e-12,-2.59389587212502493e+00,9.94752246463924267e-02,3.36963032765191406e-01,-4.61153632607653877e-04,-1.06142274090854447e-02,-4.16460663112481707e-04
asteroid_2853,3.73654523067260748e-11,-3.07598126816468298e+00,-1.10479162347767751e-01,2.34246656400734533e-02,3.52695182566711732e-04,-9.79801964738808394e-03,1.02745186364722408e-04
asteroid_2854,3.90978524357950330e-11,2.48002167066667134e+00,-1.35641088597275444e-01,7.96257214170409122e-02,5.86796153034553560e-04,1.08929623806477850e-02,2.79634509734433549e-04
asteroid_2855,7.73353042366171385e-11,2.98847653707795802e+00,3.54390818469538016e-01,3.69980049601836211e-02,-1.15637359488830445e-03,9.82367084737140357e-03,-6.92561547107139607e-04
asteroid_2856,8.69636843134267243e-13,3.20924980878637101e+00,-3.37663482435045958e-01,5.61883105853117903e-02,9.96809166401336046e-04,9.51934545317899457e-03,2.72756190620521133e-04
asteroid_2857,7.64026850035706622e-11,2.00327621814635171e+00,2.04009708850518168e+00,-4.41111463212164157e-01,-6.87872131896479812e-03,7.16584379294967020e-03,1.90210026062620019e-03
asteroid_2858,5.36372811156058472e-11,-1.73324926485563413e+00,1.96006586633129687e+00,-8.94614725511917591e-02,-7.96244026538973394e-03,-7.00841586844771526e-03,7.14687717755724955e-04
asteroid_2859,6.97855606325739348e-11,2.86170570751567110e+00,-8.83687223517405029e-01,1.17602619386415030e-01,2.95519558550770816e-03,9.40498044768907707e-03,-1.24010005542043024e-03
asteroid_2860,5.09307666566652925e-11,-1.92298876818026487e+00,1.82017309300958896e+00,-9.38704119932275149e-02,-7.09294101775494699e-03,-7.35434530341276711e-03,2.70015297847831914e-03
asteroid_2861,7.90745830252556019e-11,-1.37989480430538447e+00,-2.19968624926771028e+00,-5.74815361095320845e-02,8.92648396044237388e-03,-5.64047289738476600e-03,1.55983712480881856e-03
asteroid_2862,4.37125681955015135e-11,2.40220384448627433e+00,1.29163221476741730e+00,-1.25929799889138216e-01,-4.86564440630392857e-03,9.14780675298386761e-03,1.01113634744556292e-03
asteroid_2863,3.45906275471424939e-11,-2.47452971631489804e+00,-1.80191955471793758e-01,-3.03064981382704761e-02,7.37771097539986526e-04,-1.05737443290659077e-02,2.62871553977460457e-03
asteroid_2864,6.36555399864031545e-11,-2.01455779109882238e+00,-9.43213674471181873e-01,5.45530530839969385e-02,4.86952439055582734e-03,-1.04357656422010784e-02,-6.08922058119413601e-04
asteroid_2865,4.44500514765390508e-11,-5.41610327515612111e-01,2.53874178894370273e+00,-1.00646105714563977e-01,-1.04318888536582659e-02,-2.23675965630342703e-03,-2.83532804791048496e-04
asteroid_2866,3.03496094380328578e-11,-1.71320523072484332e+00,-1.42337510181098481e+00,-3.08642506368968172e-01,7.29652948545411306e-03,-8.84694520248615474e-03,2.98303201234480936e-04
asteroid_2867,9.13555047591279055e-11,2.23014641494738397e+00,1.31694534553132780e+00,1.15379912154764938e-01,-5.44578496206673222e-03,9.12619279391858537e-03,1.09378387448929378e-03
asteroid_2868,7.23301278351012413e-11,-2.65361205797709321e+00,-7.29727988105667635e-01,2.99062382450774988e-01,2.88915319197282239e-03,-9.75736592025712272e-03,1.82727342999081241e-03
asteroid_2869,1.96957752828616946e-11,-1.92810328640482642e+00,2.57484316880574982e+00,-2.73181688309524599e-02,-7.67732049812510763e-03,-5.74824751542056360e-03,6.70262909724508236e-05
asteroid_2870,7.40131959453431700e-11,1.54566971273837916e+00,1.47107854436633367e+00,2.03182101475910731e-01,-7.92530348005595839e-03,8.53837910927640782e-03,-1.52929197839072294e-03
asteroid_2871,2.52471575174224858e-11,-2.83532544733016634e+00,1.00780176169799306e-02,2.43149344045775678e-01,-1.79224562452960201e-04,-1.00574695286440256e-02,-1.67304834489290233e-03
asteroid_2872,4.31330186063573240e-11,1.79116848572133014e+00,1.83830951421963884e+00,-6.56528665014117108e-01,-7.64493272377487001e-03,7.28236423769497345e-03,-4.66275308955746231e-04
asteroid_2873,2.17500297004148894e-11,-7.31381336952810712e-01,-1.99395259285953874e+00,-4.40638481058312215e-02,1.10721793334483225e-02,-4.06962416657701345e-03,3.77913771656224228e-04
asteroid_2874,1.13386515573682923e-11,2.39703029978921744e+00,1.05111752848566678e-01,2.43936196846768379e-02,-4.78342020076469115e-04,1.10723408967267553e-02,-7.06448826738326815e-04
asteroid_2875,3.99123749441479528e-11,-1.13892364270508439e+00,-1.91050223247587247e+00,-2.83223648195428335e-01,9.49809372430457551e-03,-6.01311038325187848e-03,2.36723632492958974e-03
asteroid_2876,5.55125887104900871e-11,-3.83190646073801988e-01,-2.30932973555910026e+00,3.00804198854167759e-01,1.09611590424767095e-02,-1.97014220433766422e-03,-1.16186662913575337e-03
asteroid_2877,3.02191485189826024e-11,1.90702636712472429e+00,1.50504078125663909e+00,2.22846957380711114e-02,-6.83743430407133309e-03,8.66302921246442544e-03,4.28656231973468331e-05
asteroid_2878,7.50954987309634194e-12,-2.54861622045902436e+00,-4.10811469243474392e-01,1.67506302927334823e-02,1.70212911543165223e-03,-1.05681408131095035e-02,-2.05340434398707010e-04
asteroid_2879,2.49712347205156470e-11,1.35037689806441974e+00,2.36376763010708135e+00,2.61676185807437456e-01,-8.97193465446344089e-03,4.91779420489978341e-03,1.87625226096045043e-03
asteroid_2880,2.45732818174209697e-11,1.73984511711056089e+00,-1.15796577158444003e+00,2.16899103320092851e-01,6.64641824347360615e-03,9.75044411927464792e-03,-1.25891612798554914e-03
asteroid_2881,5.90793134134254666e-11,-1.80587649010035856e+00,-1.39220906707177261e+00,2.53211427676007572e-01,6.99810678122625082e-03,-8.87537976336938254e-03,1.11105700774364420e-03
asteroid_2882,2.82220463979837239e-11,1.58266511690728406e+00,1.54494198757479961e+00,5.00668441638137673e-02,-7.82482889044100807e-03,8.10104078083585637e-03,-2.62757353487888231e-03
asteroid_2883,5.33822494322267179e-11,7.50563481662975596e-01,-2.65467967584007791e+00,-6.90436745398576995e-02,9.94375508595371320e-03,2.82701450147562067e-03,-5.99598768910565984e-04
asteroid_2884,4.70392597174554584e-11,-1.73734825177353414e+00,-1.78952154970195054e+00,6.09016527593204751e-02,7.80305962862581394e-03,-7.58822456545137081e-03,-3.72065100840462590e-04
asteroid_2885,2.66431156270874799e-11,1.77376790496362613e+00,-2.09212381559835903e+00,2.89405701154656303e-01,7.75679039000062506e-03,6.74952483971049365e-03,1.25117031341452525e-03
asteroid_2886,7.41243053744962080e-11,1.66547400278161750e+00,1.61177296056189312e+00,-4.76686211315954567e-01,-7.54893288883776593e-03,8.16035304077466876e-03,1.21691144171298888e-03
asteroid_2887,6.67624461594311280e-11,-1.93777683273566992e+00,8.70524159851664092e-01,-1.42020938358332710e-01,-4.81646017506923325e-03,-1.07581252664253248e-02,-2.25199301317265880e-04
asteroid_2888,6.80304935832836852e-11,3.19893046167077344e+00,8.30488097874434589e-02,4.36489569900628538e-01,-9.67207802376420552e-05,9.50810474945810308e-03,-1.10021811679809271e-03
asteroid_2889,4.33637828399900326e-11,-3.03481229184802859e-01,2.20768644265564884e+00,8.23697758025489918e-02,-1.14099690506789028e-02,-1.57494381953246260e-03,1.73251483647836676e-04
asteroid_2890,3.16664686078190629e-11,-1.80202067345059858e+00,1.34778910756172787e+00,-9.34249865251277206e-02,-6.85759548248545195e-03,-9.18258155107902312e-03,-1.99674251345482269e-04
asteroid_2891,5.90781916603878885e-11,2.20272983233347475e+00,3.77792017346804232e-01,4.29855653896701329e-01,-2.20643688731219723e-03,1.10762499501786457e-02,1.57184286260552602e-03
asteroid_2892,9.59094427617821196e-11,2.81434761855106341e+00,1.67677166477503614e+00,1.00494551631761603e-01,-4.86244488098304742e-03,8.16336338313817557e-03,-3.46908257324902861e-05
asteroid_2893,4.34016786505293226e-11,2.83769791962253981e+00,-1.40856360504663575e-01,-1.90295169248088508e-03,5.05982479514613653e-04,1.01926695503155289e-02,6.46851942739000218e-05
asteroid_2894,6.65316842521543304e-11,1.95447675907198515e+00,-1.98907350625235368e+00,4.95784277460302736e-01,7.38026450738586259e-03,6.99766127990428689e-03,-1.01998554793714460e-03
asteroid_2895,4.42405433875387930e-11,-7.04594128206077697e-01,-3.19398477268027881e+00,-2.94809994580361223e-01,9.25966014467062386e-03,-2.06927623650629512e-03,2.88099536355266997e-04
asteroid_2896,9.32608400173953400e-11,1.96442725076565017e+00,-9.83388381111587551e-01,2.02403321118690416e-01,5.22432244469520600e-03,1.03211555282010006e-02,-5.58770233819783947e-04
asteroid_2897,2.64790215211384447e-11,3.13561088661559761e+00,6.29587863202335618e-01,-6.78636024415028460e-01,-1.89492485178216442e-03,9.32241734034532088e-03,-1.06782102292104063e-04
asteroid_2898,4.58454105096775080e-11,1.68566404303015227e-01,-2.33831389564315151e+00,-4.51056041659477977e-02,1.11937070143941046e-02,8.16255659280105874e-04,-4.82844840611237425e-04
asteroid_2899,4.93702906771488412e-11,-1.76078365151355465e+00,2.19678681424935718e+00,-4.27882069230451911e-01,-7.85322569913275877e-03,-6.45003736649169164e-03,-7.98176974463461254e-04
asteroid_2900,7.28675116655882761e-11,2.41331413140263784e+00,-9.60502757554889675e-01,1.86246115862478329e-01,3.91025846287988265e-03,9.90759524400304514e-03,4.27340706297604941e-04
asteroid_2901,7.21336749090771948e-11,1.55133813302186252e+00,2.03615222922196804e+00,6.95312109480795415e-02,-8.55118523823345661e-03,6.51410370307655470e-03,2.98134632567641438e-05
asteroid_2902,7.39467955694685816e-11,-5.30370747878555981e-01,-3.12953393792052825e+00,-5.26287881088738474e-01,9.41020511203468843e-03,-1.71208626808086483e-03,6.97592650028015814e-04
asteroid_2903,7.32966951236062129e-11,-2.00309269609080715e-01,-2.26733657962071122e+00,1.15047903364022694e-01,1.13220780917310387e-02,-1.03858890825570178e-03,-7.55454270121468400e-04
asteroid_2904,4.69811289813433819e-11,-1.46254172455114717e+00,-2.93541697416424441e+00,3.33313411163695061e-01,8.39173822732416398e-03,-3.96493600537919932e-03,1.90369431908566527e-03
asteroid_2905,1.55648940983039504e-11,1.55838284904756241e+00,2.01750280612944177e+00,1.69985882238149255e-01,-8.39037894251489121e-03,6.27351786403204659e-03,2.46245594355159851e-03
asteroid_2906,8.70451067069740585e-11,2.71859479389629000e+00,9.30878129643215257e-01,-1.69241103957399747e-01,-3.08921439786127546e-03,9.41359412909704291e-03,2.15424449695656535e-03
asteroid_2907,3.24900720888094244e-11,-1.50857625761249214e+00,2.87854282865965239e+00,2.74760513977649778e-01,-8.43780919663932039e-03,-4.41948546754535477e-03,-2.69340788421478338e-05
asteroid_2908,1.10407036957504894e-11,2.13855410239399868e+00,-3.60815763239185738e-01,3.85406109034351768e-02,1.92761032112660248e-03,1.14989144387853195e-02,6.92532602998535479e-04
asteroid_2909,1.28869092350484968e-11,2.46183621239404138e+00,-1.91738866067442215e+00,-7.42049059698888902e-01,5.88187404924600879e-03,7.59280014313802685e-03,-1.05300808651508194e-04
asteroid_2910,4.94809300177146872e-11,-2.51552301758175822e+00,1.18185986049530944e+00,-1.06727073411619994e-01,-4.39862466981709704e-03,-9.25799157307761675e-03,1.15428044324313028e-03
asteroid_2911,4.25991372927550318e-11,1.88653015471181607e+00,2.20096929183500922e+00,-5.20951407226855179e-01,-7.66037945612090682e-03,6.44375744846503382e-03,-5.16410107872477468e-04
asteroid_2912,6.63560291587236481e-11,1.70509804464801396e+00,1.43481098597512369e+00,-4.77383394442299991e-01,-7.23849123560196730e-03,8.78344289269290812e-03,5.45144862858559136e-04
asteroid_2913,6.11904339022517335e-11,2.48327622642753099e+00,1.15747031775987241e+00,-3.94638584502580228e-02,-4.38882556706007409e-03,9.39071135526047852e-03,-7.39829742948747995e-04
asteroid_2914,1.07501219419637798e-11,-1.84627567307767748e+00,2.24587208179726527e+00,7.10471383626989500e-02,-7.79369592947531074e-03,-6.40082419344136476e-03,-1.95346944749158214e-04
asteroid_2915,2.96819081619347421e-11,2.44953231571855135e+00,-9.92158688128642385e-01,-1.57008639804090799e-01,3.83456852691854483e-03,9.72088196838378875e-03,-1.60346575828509128e-03
asteroid_2916,8.96265172713305219e-11,-2.04399882351031570e+00,-1.00460313672609725e+00,1.96356891007044260e-01,5.08953238397830392e-03,-1.00713588379933040e-02,1.45286230528522036e-03
asteroid_2917,7.66705974419426140e-11,-7.99465567640708419e-01,2.25544442191365757e+00,-9.70107474161108056e-04,-1.04549805815739045e-02,-3.70621389245139043e-03,-7.85959131474094986e-04
asteroid_2918,8.70554148474109656e-11,-2.06448768206021233e-01,-3.11630727352885506e+00,1.15450808308101449e-01,9.60581027029335129e-03,-5.83034962224809449e-04,1.43950143663355455e-03
asteroid_2919,2.20854238813378551e-12,4.61675652831674665e-01,-2.08341066129952912e+00,-1.78046316733969839e-01,1.13110348734984743e-02,2.31775210328614327e-03,2.20841393633540699e-03
asteroid_2920,9.12097486748174956e-11,1.04814549399465284e+00,2.74706817424388960e+00,-2.47490176408679902e-01,-9.33914950892119483e-03,3.59635671864228564e-03,3.66275586399818025e-04
asteroid_2921,8.61091910683959640e-11,-1.97827146114438368e+00,-2.64036599051347354e+00,-8.89309374587307633e-03,7.56490539006946395e-03,-5.66591979168724110e-03,-5.99849347820218004e-04
asteroid_2922,4.52331896124545883e-11,2.01056079474877869e+00,-6.23839076398546077e-01,-1.27534430205055727e-01,3.33106544557805646e-03,1.11684065533445218e-02,-2.11690944183638404e-03
asteroid_2923,6.73620678717376897e-11,-9.74480309926011867e-02,-2.24442577426008727e+00,-4.60515463063168262e-01,1.13365761460237306e-02,-5.79713327852206793e-04,4.26471045683298659e-04
asteroid_2924,2.72066413810034148e-11,2.64097515682166284e+00,-9.89350915744214854e-01,-7.13133815214725852e-01,3.45960025512969359e-03,9.46838564581496157e-03,-3.23694765344283251e-04
asteroid_2925,6.58622355228603710e-11,-7.41977299135665680e-01,-2.04129807401670638e+00,-1.03963085033888028e-02,1.09626641994976532e-02,-3.98246427091942818e-03,-4.47401883546553949e-04
asteroid_2926,7.98791382119755718e-11,2.00489495958227826e+00,1.87778644504920056e+00,5.81173804077774414e-01,-7.14113850017869273e-03,7.30076306132218435e-03,1.04608753070905354e-03
asteroid_2927,4.83607514015872779e-11,-2.79945537324624727e+00,8.33004019272510887e-01,-1.50759090369561987e-02,-2.80339718002447840e-03,-9.45753799483038324e-03,-2.00199291991651858e-03
asteroid_2928,2.83706757077311955e-12,2.18872128657781495e+00,1.75029188142475300e+00,-1.35477956090812202e-01,-6.24491142166074941e-03,7.94927990063318268e-03,1.80981112311043042e-03
asteroid_2929,4.16403748151487282e-11,2.52909368346949037e+00,5.91116429482562572e-02,2.06785072165528050e-01,-2.59390779683386506e-04,1.07938709219101495e-02,8.69508533361025034e-05
asteroid_2930,7.25007749909167005e-11,2.37584386996834329e+00,1.72614496997042943e+00,-1.49654394891691085e-02,-5.90028766156076509e-03,8.12083763441254214e-03,-2.80136899105869938e-05
asteroid_2931,7.03785751218700237e-11,2.81148685886816141e+00,-9.66607833751683271e-02,-5.46820637017324251e-03,3.46660121327335919e-04,1.01598570994990318e-02,-1.35864854194575721e-03
asteroid_2932,4.86354852032042885e-11,2.28069634531939336e+00,-5.61554659619257102e-01,4.06803785460340475e-02,2.68991438000369112e-03,1.08656923154615732e-02,-8.16062857486268833e-04
asteroid_2933,9.85710504499658844e-11,-2.59864037465220443e+00,-9.69305212531075933e-01,-1.11238078475407759e-01,3.62589888469349794e-03,-9.64454472470153631e-03,-6.64338714237748909e-04
asteroid_2934,1.17134164929522923e-11,3.02639006955789291e+00,-5.20006852326773572e-01,-7.38473617591622888e-01,1.76410679506380026e-03,9.50219933517188961e-03,5.38497937209044724e-04
asteroid_2935,1.58372356604831854e-11,2.67552075417508695e+00,-1.11481937785203522e+00,9.96301015087410896e-02,3.87767189339895211e-03,9.32481525342955357e-03,2.07699384320985672e-04
asteroid_2936,2.58401516499237379e-11,2.20797863801277261e+00,-1.44523370347598057e+00,-3.80111404416986931e-01,5.90426015415896396e-03,8.47798619104064149e-03,2.06205050321840461e-03
asteroid_2937,8.03564570482588133e-11,-2.44038577085002828e+00,3.89182634833471708e-01,-2.69736106877157489e-01,-1.80081372463591254e-03,-1.07301404441381455e-02,8.10777103228671318e-04
asteroid_2938,7.62842011067862340e-11,1.18707637321343507e+00,-1.80114766770062951e+00,4.47443106840887062e-01,9.54216402017720421e-03,6.51461608167206233e-03,9.08513501658484508e-04
asteroid_2939,7.72784563655467039e-11,2.33433123052279390e+00,4.99560265413552307e-01,1.74445124922786826e-01,-2.31563137630684101e-03,1.08739692511257060e-02,-1.53356679422632494e-04
asteroid_2940,8.79634886862460674e-11,8.82398236973623629e-01,-1.90783680976472581e+00,-2.19302304617886079e-01,1.07162765269706861e-02,4.78157181048285106e-03,1.52102736142887001e-03
asteroid_2941,4.42966515607869061e-11,-1.75323205722547804e+00,2.76573412925378026e+00,-2.47440727758425516e-01,-7.90737622151362757e-03,-5.11799057301601766e-03,-1.17820426544320189e-03
asteroid_2942,3.18641112645646476e-11,-1.12828532373498103e+00,2.05387000578162660e+00,-3.33434260299324881e-01,-9.46169969995240903e-03,-5.54953993622925301e-03,-2.16695402330865233e-03
asteroid_2943,6.00422065517050286e-11,2.70667176831394363e+00,-1.45991471462422195e+00,-1.25477291185467438e-01,4.64533621303680685e-03,8.63200022677277495e-03,-2.27800307784897864e-04
asteroid_2944,4.09930746673503280e-11,-2.26455885834579718e+00,-4.14648257973919632e-01,-2.76655383617842796e-02,2.04608369927721705e-03,-1.11350184741289774e-02,-5.91383876077622135e-04
asteroid_2945,5.23888230003469040e-11,-2.29451067412516174e+00,-7.72173615118901258e-01,3.06817714310866962e-01,3.71115357164615448e-03,-1.01030727195531907e-02,2.32696896069665721e-03
asteroid_2946,1.40303299498635302e-11,-2.26921240871792129e+00,-1.27179338717112755e+00,5.71911890400830653e-02,5.21610020907341352e-03,-9.30055366960103221e-03,1.40872495431613244e-04
asteroid_2947,3.96442870858466308e-11,-1.55532260067393269e+00,-1.91731910118678450e+00,3.18445960291488250e-01,8.51277371371781180e-03,-6.71568877600820999e-03,1.14302276960544214e-03
asteroid_2948,4.72686779146691415e-11,3.05338973875922459e+00,-1.65917879316980099e-01,-2.78324632392129220e-02,5.32537025842052267e-04,9.82171133016376298e-03,-1.27707882636906016e-04
asteroid_2949,8.75316904335397638e-12,-3.24832627097633342e+00,6.69479549455338635e-02,-3.74643940328747288e-02,-1.98433936401873822e-04,-9.53976758537114326e-03,1.57756139495404240e-04
asteroid_2950,9.94495807059675879e-11,2.42610109529703832e+00,-2.00579579888172033e+00,-1.24672009148236423e-01,6.06038832695701777e-03,7.42102640019551198e-03,-1.45941996274679265e-03
asteroid_2951,3.78821472775301942e-12,-2.25374918126438661e+00,1.75106616135769999e-01,3.28555661195543247e-01,-8.78275170762549801e-04,-1.13476961721648093e-02,2.32676879949538568e-05
asteroid_2952,9.19523663174854759e-11,-1.98247229908231654e-01,-2.99618586879378235e+00,-4.20419357582699382e-01,9.83675276191372031e-03,-7.28176332563553927e-04,5.50979984859271336e-04
asteroid_2953,8.02901453785552179e-12,-1.37815471607689366e+00,-1.79211015394108597e+00,-2.76047738873593906e-01,9.05382440317850992e-03,-6.91923516956896491e-03,-2.80890527117208934e-04
asteroid_2954,8.59311714449634880e-11,-4.56239608045512168e-01,3.10420413220233105e+00,-6.08723721181353428e-01,-9.52355018381870894e-03,-1.33936726425954670e-03,3.07777404259196937e-04
asteroid_2955,5.48286952771881223e-11,2.46604262388997331e+00,1.06766579967063979e+00,4.30159242952796950e-01,-4.36504124606114461e-03,9.23163773986930732e-03,2.11101793787795908e-03
asteroid_2956,1.96415234559387417e-11,-2.17773400635529635e+00,-1.22532591578328209e+00,1.56047755185907883e-01,5.34904717330297527e-03,-9.45641504032465087e-03,3.94824722179145477e-04
asteroid_2957,2.31405256037391634e-11,9.10659442291813837e-01,2.09125325172453014e+00,-1.85131881888194988e-01,-1.04134685934523085e-02,4.55948871813676576e-03,2.80460101408037574e-04
asteroid_2958,3.51673201581204375e-11,-2.01931059295074311e+00,6.24937634966162614e-01,-3.94499758379171783e-02,-3.46843603020650579e-03,-1.12688064970260064e-02,-9.74694243989399555e-04
asteroid_2959,7.94043321669953950e-11,1.56178918943203260e+00,1.81901993554995900e+00,-1.27178294539337395e-02,-8.26903240833336967e-03,7.08428183405476666e-03,-2.20442783099763975e-03
asteroid_2960,1.47231500471021209e-11,3.63077797252484291e-01,3.17564761910874349e+00,5.58648806082675739e-02,-9.51887061186239801e-03,1.10342285439154033e-03,-8.59065405845696570e-04
asteroid_2961,2.42307201123912969e-11,3.25644931031385310e-01,-3.00883598588136758e+00,4.29378297841615131e-01,9.74123833625466923e-03,9.04834970432389697e-04,-1.04729295381141051e-03
asteroid_2962,6.92708662830398340e-11,1.91829243358746671e+00,2.61305980400589277e+00,-3.79674400305245963e-01,-7.67923304139478402e-03,5.62962975384643811e-03,-5.38762103379181005e-05
asteroid_2963,6.14029923362640387e-11,-5.13671519280653244e-01,-2.14535695826800499e+00,-2.56988932645739798e-01,1.11926603286403390e-02,-2.53022902409273101e-03,-1.24949502552555150e-03
asteroid_2964,4.20882489163517394e-11,-1.36349388236204394e+00,2.41458631358590914e+00,4.58487939653594412e-01,-8.96079168439633394e-03,-4.78620110863834519e-03,-1.44232572901886323e-03
asteroid_2965,6.06301751628975658e-12,-1.38881889985280532e-01,2.40373317741129355e+00,6.35530410378832844e-02,-1.09671967005859454e-02,-6.72210909077357571e-04,1.45816246140137353e-03
asteroid_2966,5.58542939380848108e-11,-1.96080517807453081e+00,-1.91432246156989505e+00,2.48052748234267623e-01,7.27515129976980413e-03,-7.33723964009227580e-03,8.84133284052569389e-04
asteroid_2967,2.29298341601382534e-11,2.33442428674767566e+00,8.48201015648605283e-01,-6.31381836643666178e-02,-3.70205942748689414e-03,1.02416754742476173e-02,7.09904816551318449e-04
asteroid_2968,6.12139116927194477e-11,-2.08862928463774633e+00,1.21882740938044143e+00,-3.26284760439049637e-01,-5.56992724794194531e-03,-9.49805095361823393e-03,1.74780842704992082e-04
asteroid_2969,2.74588458402827530e-11,-2.00761474793157069e+00,1.93535772773523163e+00,-1.56061504336982553e-02,-7.13544094314984539e-03,-7.39616115788104597e-03,7.04774571337941718e-04
asteroid_2970,9.80332928981868401e-11,-1.28860871128615351e+00,1.91421962210614249e+00,-2.39929892181662108e-01,-9.06384867379565404e-03,-6.37492960631808568e-03,-2.18089116937022652e-03
asteroid_2971,5.90634910915015365e-11,2.03123718460046021e+00,-1.70935469653936156e+00,2.08659160550123401e-01,6.81411809696395084e-03,8.01397979781472841e-03,-6.82242050004464766e-04
asteroid_2972,5.71348416149891046e-11,-1.42244366604805972e+00,-2.50522043772207947e+00,-2.32357784246410050e-02,8.80975108838651620e-03,-4.99901978960183482e-03,-3.32594394150214820e-04
asteroid_2973,8.36784707577530668e-11,-2.25234094399051754e+00,8.02813212723715586e-02,1.45930639357395621e-02,-4.11989954911169318e-04,-1.14285598843118282e-02,-7.15542414686836520e-04
asteroid_2974,9.93165467142890663e-11,-2.25043409325132915e+00,-2.28659706149833974e+00,2.32945485388446810e-01,6.72861969392410560e-03,-6.73870219049772790e-03,-1.14353565140443798e-03
asteroid_2975,7.79194075578894189e-11,-5.23096228666308782e-01,-2.65575374278969267e+00,-2.20371872316000965e-02,9.96115027197230427e-03,-1.98262031127159665e-03,2.48267490620889117e-03
asteroid_2976,5.93936106436173094e-11,2.15886642499837434e-03,3.08127995730995030e+00,1.15202957957156002e-01,-9.77283793118211355e-03,3.21777410782269493e-05,-6.77503237358697240e-04
asteroid_2977,8.63538439283578615e-11,1.07186737804966081e+00,-2.67788040241348213e+00,3.83819506375958908e-02,9.38464266212345535e-03,3.74651121145277250e-03,-6.87390118876323028e-04
asteroid_2978,1.81290943137897054e-11,1.71213292711562115e+00,-2.38727548865516637e+00,2.89529358662464154e-01,8.15257616814770401e-03,5.79738383863986472e-03,-4.08738383354064925e-04
asteroid_2979,7.64252948370246423e-11,-8.61086630545041531e-01,2.81857257142383277e+00,2.68278013280675076e-01,-9.23410530307142846e-03,-3.04348147702358015e-03,2.33678781048450189e-03
asteroid_2980,6.79930884044418711e-11,-2.98502639901379352e+00,9.60540965620457987e-01,-3.00389225357309830e-01,-2.73502377407132923e-03,-9.09866474192260431e-03,-1.91592108154118668e-03
asteroid_2981,5.63294755432489948e-11,-2.15564965194748837e+00,-1.84120584752759675e+00,-8.87904544919975031e-02,6.63768658894600249e-03,-7.75968104425912852e-03,-2.40528913622487531e-04
asteroid_2982,8.66769485108371364e-11,2.26787055260794768e+00,-8.04451823672341249e-01,3.65099647955179851e-01,3.59266570119434834e-03,1.04066311491592296e-02,6.13346680495234237e-04
asteroid_2983,7.09686172585320932e-11,-2.18835870125306275e+00,2.34919022213474299e-01,2.85809326453145773e-01,-1.45558706938843591e-03,-1.13036702591910263e-02,-1.85403139425477240e-03
asteroid_2984,7.16761787203890708e-11,1.17709647923936123e+00,2.50816993922170495e+00,-5.64170087948749899e-01,-9.26817664674499039e-03,4.32993021661079881e-03,-8.74510944039016340e-05
asteroid_2985,9.09750487162975327e-11,-1.95233528383429378e+00,9.62977120583510593e-01,1.08719896570587587e-01,-5.17978773497330264e-03,-1.03469352215010517e-02,-1.36884301760422451e-03
asteroid_2986,6.99442120928845711e-11,2.23991090163146334e+00,-7.01204358927175697e-01,-4.48409454898044901e-01,3.25712333765261312e-03,1.06347241589766668e-02,-3.60047859233799511e-04
asteroid_2987,2.55498372404823691e-11,6.71654769042828170e-02,2.16657029471273388e+00,-1.50774960891828430e-01,-1.15596748623417248e-02,2.48357923925513402e-04,-1.58067475623539094e-03
asteroid_2988,1.83706853105300949e-11,2.60547698407024031e+00,-9.06458656100950444e-01,7.45397741051432184e-03,3.39705089387494800e-03,9.76878761523517110e-03,5.45235853483606089e-04
asteroid_2989,5.13245506275330429e-11,-1.69487287671467834e+00,-1.54329246506868634e+00,-2.79002035452305223e-02,7.64825603957252406e-03,-8.40114281721157825e-03,9.31424074965282170e-05
asteroid_2990,2.34988665718828947e-11,1.24845132508854539e+00,-2.52848242883315688e+00,2.66718210104226139e-01,9.15347134737082985e-03,4.54273915684913748e-03,2.19605193276313867e-04
asteroid_2991,6.99665869222028678e-11,1.79517748273565214e+00,2.46423897399646208e+00,-3.87010022707146920e-02,-7.96293869031841975e-03,5.79937309412830934e-03,-9.94038846800302119e-05
asteroid_2992,8.42725313839338691e-11,2.63821964443072599e+00,1.57921397337521618e+00,2.66198742184454329e-01,-5.06226326528144092e-03,8.36335284307584449e-03,5.55369707909336729e-04
asteroid_2993,2.91886827133698401e-11,-2.11321385286095786e+00,1.27998969906311832e+00,6.34791896759220875e-02,-5.48642688424846783e-03,-9.17388164619697445e-03,2.33904550155285707e-03
asteroid_2994,9.13483063463288170e-11,2.72345129858849244e+00,1.99214244524864859e-01,3.92177392879930975e-01,-9.92334008413871043e-04,1.01631943184650533e-02,1.72860618190559447e-03
asteroid_2995,7.46928936948860489e-11,2.75208383288697966e+00,3.60398029590559166e-01,-1.32240260795240365e-02,-1.34102608793296683e-03,1.02375323374514476e-02,-7.78684030615585425e-05
asteroid_2996,9.88142097637322656e-11,-4.76320713398693807e-02,2.66703906996570383e+00,1.12980492405334240e-03,-1.05290936718814600e-02,-1.87963495240565194e-04,-1.91675027001978599e-04
asteroid_2997,1.98784443600354638e-11,-1.55530741743369738e+00,2.42022700011972081e+00,2.30878715801867668e-01,-8.48279484677519173e-03,-5.30151510965463577e-03,-1.57001798355487724e-03
asteroid_2998,4.61600912196919260e-11,5.47100257429837700e-01,2.27258075022350825e+00,-2.61636865757202741e-01,-1.08991321797427820e-02,2.53566718264967936e-03,-7.65983770887797418e-04
asteroid_2999,6.40343885581842148e-11,3.84746396109972411e-01,3.25184678054115084e+00,-6.07420625272049250e-02,-9.43323774903431604e-03,1.12221556120054673e-03,3.27101704272525224e-04
asteroid_3000,7.62941260120762871e-11,4.59975339188660737e-01,2.13187201279935667e+00,4.02143054762538144e-01,-1.12744087552594224e-02,2.20471377875088503e-03,1.20798403564816958e-03
asteroid_3001,9.11941493619004697e-11,-2.75449641378547327e-01,-3.08179272750307787e+00,-7.81711001809655831e-02,9.72544558292787013e-03,-8.81833426330150272e-04,4.95801414839975338e-04
asteroid_3002,8.91280904925877634e-11,2.81036986289874413e+00,-1.12191891456614332e-01,4.15457278240876568e-02,4.11226287903486692e-04,1.02473173480346104e-02,-1.45190637868815910e-04
asteroid_3003,2.36198304295975278e-11,-2.34618316193596543e+00,1.06747494426231021e-01,4.63066959455922300e-01,-4.51946874061828177e-04,-1.11057398876263872e-02,2.70284368565551264e-04
asteroid_3004,4.22528870655331663e-11,6.06131090291002206e-01,-2.92048580828915005e+00,-2.68802317345381403e-01,9.67247418614331465e-03,1.88791036067543572e-03,1.29899143739640728e-03
asteroid_3005,7.18333058566025228e-11,-2.04004428780290059e+00,-8.08490029618412098e-01,-1.74997718043279682e-01,4.31874466806422396e-03,-1.07327062601032704e-02,-7.60834997940448214e-04
asteroid_3006,1.32401011727315609e-11,1.00678255495109403e+00,2.81095873877125380e+00,5.11436052819221221e-01,-9.24915077137693914e-03,3.42682495030226285e-03,-6.27214084319045197e-04
asteroid_3007,9.59369301912854832e-11,8.85462320464237673e-01,2.63647526592158021e+00,-3.86935474305998894e-01,-9.63411926888798134e-03,2.94633951245382424e-03,-1.97112543179139409e-03
asteroid_3008,7.46978071054321616e-11,-1.08036175556966763e+00,-1.95405023392382504e+00,-1.87156800143082787e-02,1.00747104886040554e-02,-5.56979360703022553e-03,-3.60879005767767623e-05
asteroid_3009,8.28858999648357468e-11,2.18061768070598339e+00,-2.13109195373691017e-02,2.53501177623834340e-01,-4.37006829001732031e-05,1.15314857208221131e-02,1.34532332090333911e-03
asteroid_3010,9.07453641012315743e-11,6.99892814100722127e-01,-2.91404829315926861e+00,-1.56509430583158082e-01,9.64997019598537106e-03,2.33009881673038434e-03,-2.30501658557505845e-04
asteroid_3011,1.78034071451164031e-11,2.09091230561315705e-01,2.42367821419931939e+00,3.03364832103155457e-01,-1.09453842023189193e-02,9.49777134609998343e-04,-4.40733277386383553e-05
asteroid_3012,4.22188773693885679e-11,1.92338410270271543e+00,-2.49454571709723671e+00,3.29775366589693308e-01,7.67263642884707942e-03,5.86758333225932422e-03,-3.65315527079592220e-04
asteroid_3013,6.51704614445546306e-11,2.37643716777464720e+00,-1.85398458917958808e+00,-4.92257392637148877e-02,6.07622774017875684e-03,7.76204295465272431e-03,9.96743246153078194e-04
asteroid_3014,8.22478877540556899e-11,1.57061573695548296e-01,2.93357577775116507e+00,1.73176585181521007e-02,-1.00093972271362106e-02,5.38826632972920559e-04,-4.96434240789223871e-04
asteroid_3015,7.38030608138744838e-11,-1.25557206832635160e+00,-2.08487862611747543e+00,5.26224264163017708e-02,9.26477127546361696e-03,-5.52176975923617756e-03,2.28739516074071654e-03
asteroid_3016,1.21618946862863551e-11,2.90735501701140775e+00,4.21623276983525530e-01,-2.76312051757366950e-01,-1.46694732613062394e-03,9.90075597401657986e-03,-3.27700110662429629e-04
asteroid_3017,6.45707389414485597e-11,-3.14970743537555720e+00,6.92768534326159480e-01,2.87430278362407976e-01,-2.18311291278536690e-03,-9.08324904097781126e-03,-2.03032837024553657e-03
asteroid_3018,2.94124284189567158e-11,7.51720421100899427e-01,-2.07776454176877312e+00,-3.66646342502479419e-02,1.08301130022259336e-02,3.93688504351131455e-03,-1.05559601549155683e-03
asteroid_3019,4.06557159669812381e-11,1.71580635325429287e+00,1.79581859511907194e+00,1.95176911212713217e-01,-7.59349037290526357e-03,7.49621983013027977e-03,-2.21794645766444642e-03
asteroid_3020,9.94230445154595151e-11,2.12941390085280347e+00,1.01534734309919616e+00,3.26675333591913863e-01,-4.84566163315515615e-03,1.00298951331886654e-02,4.12004983489659715e-04
asteroid_3021,1.57140105829579807e-11,2.11466720126544683e+00,1.45671003893488971e+00,1.44391585470487527e-01,-6.10513117275602799e-03,8.77366487317903995e-03,8.97801288196298361e-04
asteroid_3022,1.04470096178289404e-11,-2.89146468409050517e+00,-5.85099821456648739e-01,4.91904410956737648e-01,1.83472759366916480e-03,-9.74308764300571908e-03,-8.04279834711987439e-04
asteroid_3023,4.09203212601569788e-11,-2.05798517853446716e+00,1.61248933609330369e+00,-5.37235920052897109e-01,-6.42812040263977553e-03,-8.33072816387643925e-03,-3.80156657535354273e-04
asteroid_3024,8.64141638677990398e-11,2.40959229753085413e+00,-1.37126000612936738e+00,-2.62772414408250166e-01,5.00947086623077745e-03,8.96773551580580704e-03,-8.61257240053770628e-04
asteroid_3025,1.62292051287074696e-11,5.48904344901758046e-02,-2.46993159139066121e+00,-1.78560782087735709e-01,1.08864293110367445e-02,3.08779386365671247e-04,-9.24632633745297878e-04
asteroid_3026,8.00448296727204285e-12,-1.48312413129080212e+00,-1.71398045573886648e+00,-1.16008364864149074e-01,8.60155957986811180e-03,-7.33353784792234800e-03,-1.61746988760278279e-03
asteroid_3027,4.18907049374059668e-11,-4.52908330126432002e-01,2.35990408351790792e+00,-2.89270628945367814e-01,-1.07855244107789676e-02,-2.19852816101761541e-03,-1.04905823172296271e-03
asteroid_3028,6.32334844389247344e-11,-3.09054064805373940e+00,4.47365780567303306e-01,-2.35464215241406150e-01,-1.44727653584834286e-03,-9.57934481481091324e-03,7.95857206668742524e-04
asteroid_3029,1.54777040528428797e-11,2.56400308732215754e-01,-2.79362437662685315e+00,-3.14146678972172522e-01,1.00751862909601760e-02,7.37470124781863063e-04,1.66503863616667813e-03
asteroid_3030,8.04608390139801397e-11,-2.20263412716427975e+00,-1.26450171944552836e+00,2.65031782355995504e-01,5.34766559940368438e-03,-9.34170112679142892e-03,-1.26952274047714860e-04
asteroid_3031,8.45931298277513725e-11,1.29183380286183813e+00,-2.74079736148454289e+00,-3.29865880902895536e-01,8.88071250984419705e-03,4.24248616785274750e-03,-4.71071093637891701e-04
asteroid_3032,5.22643666269904537e-11,-2.08556893816702305e+00,-5.23108985866487131e-01,-3.42939510545885617e-01,2.85377833447841194e-03,-1.13025503315764015e-02,-1.14556089159289441e-04
asteroid_3033,3.05608110686591722e-12,-2.23021717165042688e+00,8.79325105052145450e-01,1.88024455184588407e-01,-4.14283705713704153e-03,-9.93045301901616245e-03,-2.69821124872778257e-03
asteroid_3034,5.16150670292334555e-11,-3.97156516742071308e-01,2.34128148044702566e+00,-8.14369175764474845e-02,-1.09869943843804597e-02,-1.84086234082007135e-03,6.57926578575990261e-04
asteroid_3035,2.14260828830349340e-11,2.01879054948607495e+00,2.58079381913548334e+00,1.95917725304459361e-01,-7.47421696958924971e-03,5.85451619235693912e-03,-1.04230590756549809e-04
asteroid_3036,4.46152398671548474e-11,1.97564110732600406e+00,2.18487482247715770e+00,9.92440426966480910e-02,-7.42119047632046683e-03,6.72496141276243686e-03,-3.18305277593941929e-04
asteroid_3037,7.59761254643681045e-11,-2.52537144922902890e+00,-1.22795522323605844e+00,-4.33423302963424850e-01,4.57618994638836572e-03,-9.07032416324314236e-03,-9.65862936526926705e-04
asteroid_3038,5.45134186176315811e-12,2.06836496567784467e+00,-3.89885446517899303e-01,-7.08217216672472755e-02,2.13777523140753090e-03,1.15829942489775080e-02,-1.33209825204377483e-03
asteroid_3039,2.52014202114037977e-14,-1.54168725100566273e+00,1.71928922124978456e+00,2.34700786123771737e-01,-8.41314059597166389e-03,-7.52937200665752988e-03,-1.07641155868209244e-04
asteroid_3040,1.33535738605041463e-11,-2.53338680043717890e+00,-1.33235540167558786e+00,3.92792322643221378e-02,4.71981272451635261e-03,-8.98988590019210096e-03,-5.24750142881577055e-04
asteroid_3041,4.54647867970653114e-12,1.27078064094443577e+00,2.19047052757097926e+00,3.44049095700993846e-01,-9.00069796775590514e-03,5.53932353298885148e-03,-2.02242127061138784e-03
asteroid_3042,2.60494035753507170e-11,-1.52608920940808312e+00,-2.80152038212112542e+00,-3.47982894769576945e-01,8.40527691148086967e-03,-4.62700092460498983e-03,3.89200169640515692e-04
asteroid_3043,4.04327629487490218e-11,1.02825392000979635e-01,-2.98115471259031839e+00,4.56585251587564800e-01,9.88791276592155231e-03,2.69832617508511245e-04,-4.65007851640118373e-04
asteroid_3044,7.79730509793282397e-11,2.01882180787161980e+00,1.69610738986040466e+00,2.47703338275419051e-02,-6.81380030885342641e-03,8.10592713591773428e-03,2.95746563071259321e-04
asteroid_3045,3.04241959632486486e-12,2.99047333581704322e+00,-2.27933161292168007e-01,-4.02973793386968288e-02,7.57946359719777955e-04,9.90055855599203047e-03,2.46983021214604173e-04
asteroid_3046,3.51055055057304380e-11,1.35717774917124401e+00,2.97545141543431590e+00,-2.88236073481162140e-02,-8.65384081988130466e-03,3.94582583892504578e-03,-1.45267317700623408e-04
asteroid_3047,9.29451077035568664e-11,7.11565866590161633e-01,-2.54956735341482421e+00,-1.80910105493472778e-01,1.01618325891361643e-02,2.78543001675258736e-03,7.14010840612633812e-04
asteroid_3048,5.76422529058729686e-11,2.66355358166862288e+00,1.02905215876032896e+00,-2.98920308783405753e-01,-3.71637797746571371e-03,9.42350406873729805e-03,-6.74074868022207915e-04
asteroid_3049,8.26780759002480475e-11,-2.68520111622230129e+00,-1.74342198332418175e+00,-7.43286308231412840e-02,5.21417479274046986e-03,-8.05525716063698084e-03,5.73190183477431821e-04
asteroid_3050,4.83565744990726707e-11,-4.74271044403831721e-01,-2.34284303908431069e+00,1.96270357854875149e-01,1.08850311382209207e-02,-2.16558243302509114e-03,4.52617290186284934e-04
asteroid_3051,9.73304937882309152e-12,6.44974653882330773e-01,-3.09742916691928105e+00,-3.23141061103741998e-03,9.46792853516876913e-03,1.97148459140540503e-03,1.23953303676855642e-05
asteroid_3052,1.87020419228133958e-11,-3.73578256386701280e-01,-2.18151667062209542e+00,-1.29426352914575327e-01,1.13504273568534337e-02,-1.99227402289577213e-03,8.18273325272113826e-04
asteroid_3053,7.58106526205482680e-11,-8.01509254053660469e-01,-2.76428103921388102e+00,-3.23647680332991286e-03,9.73396601276695604e-03,-2.82201436951680937e-03,-3.16091816583552465e-04
asteroid_3054,8.64121114389178391e-11,7.36385432304248799e-01,-2.94811656598415306e+00,6.58235583745776925e-02,9.56843784168367496e-03,2.39568107228476474e-03,2.53538701111468074e-04
asteroid_3055,4.67595058279255667e-11,2.80794023390967418e+00,-4.08690381418113258e-01,2.43285651988013347e-03,1.47083410622453705e-03,1.01055336340824010e-02,8.27466481922365663e-06
asteroid_3056,4.92507379008567336e-11,-5.61241760507953824e-01,2.60635301596619007e+00,3.91185229804055956e-01,-1.02176870272213342e-02,-2.02941087246997663e-03,-1.13816032267705287e-03
asteroid_3057,4.50177278766270362e-11,-2.57559576508992061e+00,1.05696932323716353e+00,-5.65120168092305808e-01,-4.09896842207032024e-03,-9.24201689743908358e-03,1.39573387789652817e-03
asteroid_3058,1.84612763014395812e-12,1.02334096459874702e+00,2.03967669896959247e+00,1.84690210063038330e-04,-1.00438004458097419e-02,5.03898079863680792e-03,1.84479143460374246e-03
asteroid_3059,9.56002916896977290e-12,1.81365934416417263e+00,-1.50710018227310960e+00,5.17982320346991668e-02,7.16031145925730139e-03,8.61204522399722054e-03,-1.38052170825888237e-04
asteroid_3060,9.91888887096146986e-11,-1.36679044411256223e+00,1.91907004086421940e+00,-5.69424708043094752e-01,-8.79153579442069379e-03,-6.59660636658384800e-03,-1.12949530905991536e-03
asteroid_3061,4.21094330863742250e-12,6.90704401082254504e-01,2.71712348959270367e+00,-2.78469120596243846e-01,-9.59941543104643816e-03,2.68441873343108891e-03,2.38280894142549023e-03
asteroid_3062,3.49034160389988626e-11,2.40927673684346599e+00,1.04049344592374648e+00,1.76461471422887539e-01,-4.25010258442070667e-03,9.65727769652227098e-03,1.08431112810776780e-03
asteroid_3063,6.90717170916133188e-11,-1.59587304655269757e+00,-1.78324330555184507e+00,3.81749748521711812e-02,8.28075214941770624e-03,-7.41621704520379222e-03,-2.59076475581566002e-04
asteroid_3064,4.24888460967620302e-11,2.56345378436853633e+00,-1.84626404498235708e+00,-4.04986664934037302e-02,5.57491446468973660e-03,7.70078926005989591e-03,1.81105353720396791e-03
asteroid_3065,9.82665543471656366e-11,8.91965337710119655e-01,-2.34768904415962476e+00,4.34347009599343192e-01,1.00202355781119773e-02,3.44494085081709133e-03,-1.95708246940274905e-03
asteroid_3066,3.28354157650321140e-12,1.58199146167922988e+00,2.06413605043607085e+00,4.25587863487730866e-01,-8.47481336895085542e-03,6.22850474299135176e-03,1.29374274015361533e-03
asteroid_3067,8.74571503871274644e-11,-1.24586803918723876e+00,2.23520869928180943e+00,-4.10194448102579823e-01,-9.35814163550255027e-03,-5.14226582613140030e-03,4.02180629295835577e-04
asteroid_3068,1.34830796236096448e-11,-2.10452861335314134e+00,9.08641255980674578e-01,-3.46397953553954308e-01,-4.55763865114410839e-03,-1.03189778808574426e-02,6.21920327033137097e-04
asteroid_3069,2.04901608651021362e-11,-2.87049463054977183e+00,-4.75162613379392196e-01,-6.34572039864943593e-01,1.90535349537578991e-03,-9.68902972681402221e-03,-1.36382039753290890e-03
asteroid_3070,5.28350951412612594e-11,-2.56084764812230814e+00,6.33493197773021044e-01,-2.40969714439729643e-02,-2.54448890261399019e-03,-1.02791244787417465e-02,1.78154570058065804e-04
asteroid_3071,8.71467528772176240e-11,1.49815441919122905e+00,-1.49707140887760204e+00,-8.14060787294032806e-02,8.35421263618976902e-03,8.35540316693176785e-03,8.92487271883159617e-05
asteroid_3072,4.14139660280987284e-11,2.23809002184327033e-01,3.18296100457135855e+00,6.52320562468055032e-01,-9.46556310400556086e-03,8.22455877076187650e-04,-7.65523547815846338e-04
asteroid_3073,2.93644521686876860e-11,-6.60180829357672194e-01,-3.00581316066302140e+00,9.47328189123248787e-02,9.57436202354970158e-03,-2.09598152104884189e-03,2.18313157361823423e-04
asteroid_3074,4.01731838717132743e-11,-2.59688468365658487e+00,-1.41046485010043576e+00,2.78231757803951207e-01,4.73325504498207841e-03,-8.78427620312234592e-03,-3.52926239256821971e-04
asteroid_3075,9.44338917612886823e-12,-1.77535224332973507e+00,-2.58312160061922969e+00,-2.31283406819035336e-01,7.99562123177955004e-03,-5.49743308202614057e-03,2.37546288397883298e-05
asteroid_3076,8.38250500284186900e-11,1.88649063455756272e+00,-2.56222168418990304e+00,-2.01476584350624738e-01,7.75498318632052066e-03,5.71577917900873388e-03,-7.63870521327125203e-05
asteroid_3077,9.15223577429276737e-11,-2.39247249798928596e+00,-7.42301627416902754e-01,5.17254627324689395e-03,3.22052703621718631e-03,-1.03803931126865544e-02,-6.96634838703680086e-05
asteroid_3078,6.75807094481512723e-11,-4.40641515821983132e-01,2.76733179430207299e+00,-4.17673393567498330e-01,-1.00901599918792970e-02,-1.62063011208405088e-03,-9.26030790114302458e-05
asteroid_3079,4.44725160436157289e-11,1.00122183126953757e+00,2.64473372334969437e+00,-1.22724657155451403e-01,-9.53351655678647165e-03,3.56382659311647561e-03,-9.76108087936047495e-04
asteroid_3080,6.14189382659039938e-11,1.08298154184720574e+00,-2.14100560916803451e+00,3.21438975510563496e-01,9.88747438970582170e-03,4.90929117896928523e-03,-6.13280663966961825e-04
asteroid_3081,5.51911620697212420e-11,-1.99461740623920858e+00,-1.26314895809596894e+00,-1.59793286624151543e-01,6.00453787435092229e-03,-9.42195025570026143e-03,-4.72041807741970616e-04
asteroid_3082,5.16499969676291726e-12,1.78227908035910731e+00,-1.28415669893137530e+00,-4.20950375793183673e-01,6.36168366815691687e-03,9.41480861390347687e-03,-1.78594408347094221e-03
asteroid_3083,3.94481890718957261e-11,1.15458799575753290e+00,-2.62070251007084210e+00,-3.97176990835489019e-01,9.27459968262964694e-03,3.97868069259351906e-03,7.08507762694498958e-04
asteroid_3084,6.56862999940879896e-11,5.67482620469603627e-01,-2.88667576417515948e+00,-7.54360563907927939e-01,9.69236310795441869e-03,1.86030253215909575e-03,1.72540012899492968e-04
asteroid_3085,8.47814298821248129e-11,2.88903820782653931e+00,-8.22812213585942809e-01,-2.35526009157117105e-01,2.74691502488703162e-03,9.50996140394077573e-03,4.71413187254259740e-04
asteroid_3086,3.59037098311791929e-11,2.08418722053838323e-02,2.47944279094660125e+00,5.72944684446695970e-04,-1.09239903921624065e-02,9.18242400497970096e-05,6.04194569373426847e-06
asteroid_3087,8.19290184272418336e-11,1.28785918073714467e+00,-1.90300907330277891e+00,-4.74504327493106282e-01,9.32339989776171003e-03,6.25678619475429198e-03,2.11811041248407883e-04
asteroid_3088,7.56940264549690439e-11,1.34283916618970323e+00,2.20770970185949444e+00,-5.61532804422488541e-01,-9.07226330836616822e-03,5.42913840259026149e-03,-3.50164711259587662e-04
asteroid_3089,9.29317206216488293e-11,-2.51953945687816194e+00,-1.11660126978476448e+00,-4.03672143404745637e-02,4.19882514371585237e-03,-9.47263724530009177e-03,-4.82283913686014736e-05
asteroid_3090,9.89431931611288100e-11,2.65555324318191577e+00,-1.77019371529285818e+00,2.70275345145605916e-01,5.18444717218929842e-03,7.98208554305333481e-03,1.34034482810567500e-03
asteroid_3091,4.18280829463461115e-12,-4.05387437328920353e-01,3.12232900703318972e+00,-8.88014011264813830e-02,-9.46615235949394181e-03,-1.27586411587285366e-03,-1.64646379209668005e-03
asteroid_3092,4.37526951254928978e-11,2.10302944155744553e+00,-2.40903667016967837e+00,-9.55929234931200689e-02,7.24751218687840967e-03,6.31785061476517352e-03,2.28026287216799730e-04
asteroid_3093,7.73582836214846426e-11,-5.75380137099591571e-01,3.05790989166051030e+00,2.33430142339114799e-01,-9.51364411507732606e-03,-1.69850334605151023e-03,-1.19989505011577641e-03
asteroid_3094,8.23184247066067740e-11,2.26292148548877144e-02,-3.25327740716299596e+00,1.64206080787141023e-01,9.52371597591473822e-03,4.75684098192051110e-05,-3.70028818574473072e-04
asteroid_3095,8.29459375413416171e-12,-2.10229187346956303e+00,1.62739876882895951e+00,-9.80142309030292494e-03,-6.45792792172412717e-03,-8.34256478403736131e-03,-2.34934379730444386e-05
asteroid_3096,6.06629939128256810e-11,2.04301180617142242e+00,-4.94942870136510726e-01,4.83369545656628652e-01,2.70406943208254110e-03,1.13938791959033031e-02,2.37651498298522580e-04
asteroid_3097,8.98462720950153662e-11,-2.15642185809563403e+00,-3.71994642624855043e-01,2.29504598747563321e-01,1.87614424107858044e-03,-1.14112165235593505e-02,-8.67751510344497937e-04
asteroid_3098,2.27136365323205611e-11,2.56708717830357269e+00,7.09600069990948684e-02,3.67984126499175043e-02,-2.59267539775836749e-04,1.05077980481091265e-02,-2.17593749740769594e-03
asteroid_3099,3.47424336323220407e-11,-2.17329530406695959e+00,1.03975210210217495e+00,-8.11324861561314725e-03,-4.69126587461927893e-03,-9.82197473534334765e-03,-2.08458821235872225e-03
asteroid_3100,3.94908467409466601e-11,2.15239845230876448e+00,5.78495124497694579e-01,-5.83619561447102253e-01,-2.81034806169945051e-03,1.09673842724159979e-02,5.06476360904685105e-04
asteroid_3101,3.94598299353687702e-11,-3.21478923084257628e+00,2.30005320132562752e-01,-3.67090022957518691e-01,-6.99725932285417702e-04,-9.52403966748625701e-03,1.60428220038697145e-04
asteroid_3102,5.61750098670291480e-11,-2.07250403246962245e+00,-1.06007173351412032e+00,-1.75731542873926255e-01,5.17180348184636055e-03,-9.95716648074821548e-03,-9.29103770793713386e-04
asteroid_3103,6.09003447047453668e-12,-1.37028292402669805e+00,2.94774009409557225e+00,-6.17490500680247731e-02,-8.63459245840920986e-03,-3.99963575662823454e-03,6.79328994540129706e-04
asteroid_3104,7.79211855374884879e-11,1.80535354885574861e+00,-2.40975977855234946e+00,1.09385535971027487e-01,7.86471081417010331e-03,5.82066279946334437e-03,-1.57410647481855083e-03
asteroid_3105,1.22964791760981788e-11,-1.70390076055357187e+00,2.29815949746877735e+00,-2.17070634903162363e-01,-8.16201443798156290e-03,-5.95372608952418701e-03,1.03491865981125242e-03
asteroid_3106,8.13334634426559151e-11,-2.75861041121879902e+00,-7.50833574320406538e-01,-5.49122440968702108e-01,2.68377740011299356e-03,-9.71616141244975758e-03,-1.97180204784115127e-04
asteroid_3107,1.71926518819451491e-12,1.40995952305446148e+00,2.04920970117356127e+00,-2.27166596222633466e-01,-8.97651182735328609e-03,6.15172485178103450e-03,-2.21617484281216978e-04
asteroid_3108,7.87047278469114990e-11,-1.06330248351443912e+00,2.67046087808860744e+00,-8.80261173245070333e-02,-9.42503760728688467e-03,-3.74764872658762179e-03,1.55824047353304997e-04
asteroid_3109,3.55331593374672335e-11,2.15145299459554851e+00,-7.12108274780523298e-01,-5.15043470877313614e-01,3.46664831046093573e-03,1.07322688222748260e-02,-3.57652425816358923e-04
asteroid_3110,6.55892702237111987e-11,5.08448728672411199e-01,-3.11246481402873831e+00,-6.75468563550204348e-01,9.45757961886300666e-03,1.44311365273220161e-03,4.69383601050403000e-04
asteroid_3111,1.79254106197819113e-11,1.69479970106412137e+00,1.77177356537700570e+00,2.25088686010182892e-01,-7.92735312973341308e-03,7.57191534993033495e-03,8.68824576197503069e-05
asteroid_3112,5.37055920624469950e-11,1.91099023594027195e+00,1.46216460304128337e+00,-1.01999232813222117e-02,-6.63573135591729018e-03,8.65873195657747632e-03,-1.99280472902020134e-03
asteroid_3113,2.99181451660012101e-11,-1.95994456399790562e+00,2.19894417530248942e+00,2.14023268893272889e-01,-7.48125565574670522e-03,-6.56468286910765093e-03,-1.06285264122600023e-03
asteroid_3114,4.02427518624217367e-13,-1.02577799784506940e+00,2.66976834983202149e+00,-3.98935935251233054e-01,-9.28036911170565179e-03,-3.78005892668868042e-03,-1.43452415722938398e-03
asteroid_3115,7.25168500725053432e-11,2.55263972630801650e+00,6.66551066109689838e-01,1.32561231577391941e-01,-2.70915446333127100e-03,1.01882221883517719e-02,9.39376806582456112e-04
asteroid_3116,1.31262770433769947e-11,2.80255894418750007e+00,4.78466459154736956e-01,-3.00408555030471147e-01,-1.60709934997479271e-03,1.00021160132116524e-02,9.37677608408743674e-04
asteroid_3117,9.39710245913003119e-11,-1.83239975154266821e+00,1.37544547318470900e+00,3.06065357392833713e-02,-6.82100766011977354e-03,-9.08890166933227703e-03,8.08949974281350417e-05
asteroid_3118,5.43770131516004654e-11,-7.07881992222274214e-01,-2.81803426733167406e+00,-1.18384442761548622e-01,9.77933374822098807e-03,-2.46540980374421268e-03,2.11134614366527109e-04
asteroid_3119,1.77414894625016351e-13,-2.29873838614803327e+00,-6.85041022138170197e-01,3.54753361437208481e-01,3.34365300654298038e-03,-1.04129912546910685e-02,1.55842735705293456e-03
asteroid_3120,9.44928498082683151e-11,-2.23409661480883948e+00,-9.22001803630416616e-01,2.25856479417001293e-01,4.24349606331534367e-03,-1.01853097819954684e-02,3.96296801863472081e-04
asteroid_3121,1.32870420839096006e-11,-6.22673214683525100e-01,2.20850935916702706e+00,-5.16791772957329604e-03,-1.09294192327378387e-02,-3.08170734895393513e-03,-1.01184680778528344e-04
asteroid_3122,8.33957786380693239e-11,-1.82837748878236561e+00,-1.70330351702323779e+00,-7.55077751038118420e-03,7.40945739852496340e-03,-7.95564699553749644e-03,4.76294809963168737e-04
asteroid_3123,3.29344910686749424e-11,1.33018413281406955e+00,2.09942598376028977e+00,-2.46035194696898329e-01,-9.16124273228846944e-03,5.85955179107060763e-03,4.69670870286661415e-04
asteroid_3124,5.68105224277255172e-11,-1.87185899404607303e+00,-1.80392721046650806e+00,4.87948657394207175e-01,7.37871143820184074e-03,-7.57177479805100275e-03,3.13509993360659798e-04
asteroid_3125,8.35741681126970035e-11,2.31854337656476783e+00,1.68351324927166479e-01,-1.33949812511768740e-01,-8.63047344156863089e-04,1.12076291752908341e-02,-8.52509461288702324e-04
asteroid_3126,5.02531441616065573e-12,1.88431504657265014e+00,-1.29897112899119027e+00,-4.45456555151809708e-01,6.44970062794066393e-03,9.22917908311681780e-03,3.70026580489677022e-04
asteroid_3127,6.80090000572781578e-11,8.42252014472845367e-01,-2.60427396237076669e+00,-2.67101578910874993e-01,9.60504186057282126e-03,3.31965498448951292e-03,-2.07945301657028571e-03
asteroid_3128,1.48667498475981605e-11,-1.32382642354183133e+00,1.81560710938380931e+00,-1.85779598590448403e-01,-9.27046632428676909e-03,-6.71942090840240477e-03,3.91108103145904290e-04
asteroid_3129,7.16424287502684191e-11,-2.06378727839844611e+00,2.04648403187900785e+00,-3.43685878696957436e-01,-6.82858952664973633e-03,-7.17625308614390153e-03,-1.72637629820839153e-03
asteroid_3130,1.60787937848030791e-11,-2.34942068568556639e+00,-2.21818007974280995e+00,1.02397186989488270e-01,6.56998835275856077e-03,-6.95429825264464851e-03,9.55171559412296020e-05
asteroid_3131,2.20414714078223330e-12,-1.22216943663971556e+00,2.30652917359545651e+00,-9.78644804451444805e-02,-9.37481117557851032e-03,-4.92147953359516575e-03,1.08386179631071397e-03
asteroid_3132,1.55522589753878734e-11,-1.17840796190858921e+00,-2.95496221040528617e+00,1.97615694171318808e-02,8.95617913118829448e-03,-3.57003262779356225e-03,2.38912777033147792e-04
asteroid_3133,6.25775214430801117e-11,2.20274438549174745e+00,2.58471281534701669e-01,-2.33376753603785868e-02,-1.34499101358532777e-03,1.14715182070802175e-02,1.02264188009201234e-04
asteroid_3134,9.85728219435893607e-11,-1.03626453160345400e+00,1.88552104772510187e+00,-1.13998359282321150e-02,-1.02767649865120984e-02,-5.64687551877398122e-03,1.88108901592183407e-04
asteroid_3135,9.70124979181144739e-11,-4.60305021753406374e-01,2.92951547018833702e+00,3.30868896571711937e-02,-9.86439967457398113e-03,-1.55278622958373116e-03,2.50207098874063408e-04
asteroid_3136,7.45716686333328788e-11,2.95184146749214227e+00,3.56360771396605658e-01,4.89049282764475401e-01,-9.41786782210861742e-04,9.76103612997087505e-03,-1.42816912784823826e-03
asteroid_3137,8.24597997661775924e-11,5.34490257919303935e-01,3.05231595201887140e+00,2.83155420818067383e-01,-9.56484241939732291e-03,1.57645230279330659e-03,1.06120016851574562e-03
asteroid_3138,8.73977133112857145e-11,5.58781039654383749e-01,2.02642131288605221e+00,-5.31403979560993944e-01,-1.12499709564529600e-02,3.14498624734479374e-03,1.63334669221547297e-04
asteroid_3139,5.28400928028396889e-11,-1.01974332748285712e+00,-2.84473567219138301e+00,2.49751560832952690e-01,9.26982313836817971e-03,-3.22432938022835722e-03,1.12301794844198578e-03
asteroid_3140,2.28679630474201105e-11,-2.41249544855653264e+00,7.82705434525457155e-01,-2.81350968826170000e-01,-3.16064801029720087e-03,-1.02111031785451743e-02,-1.30526300495206358e-03
asteroid_3141,6.61129626861823867e-11,-1.24351174494534900e+00,-2.12677065458328185e+00,-4.29714747529090987e-02,9.44638004450016472e-03,-5.53321751120836904e-03,4.93352760939159084e-04
asteroid_3142,1.41678690259322226e-11,5.65585718649635694e-01,2.21371676094297998e+00,3.23606458748907033e-01,-1.09642234184671051e-02,2.82638279879609666e-03,-1.71822259611052459e-04
asteroid_3143,8.32377424225092296e-11,1.20877782191653549e+00,-3.05589310074046105e+00,2.42571996240793009e-01,8.77334997257803693e-03,3.52204254117642742e-03,6.51165978674110926e-04
asteroid_3144,4.12149822416811329e-11,-2.03845416266516288e+00,-5.79190847321989555e-01,4.95926884741814233e-01,3.38572051007381440e-03,-1.11191313033184389e-02,9.30655305302919623e-04
asteroid_3145,2.66565126679512020e-11,3.94257591570136637e-02,-3.09060106778944066e+00,-9.81218216464657400e-02,9.49424199253284286e-03,1.95645607641834732e-04,-2.34753923077476567e-03
asteroid_3146,8.43473659046335099e-11,2.85060587785360386e+00,3.07653150928645647e-01,-3.66078447336275203e-02,-1.08217640712882177e-03,1.00879284968699509e-02,5.11490406093261310e-04
asteroid_3147,1.11281396454677386e-11,1.41736454617966201e+00,-2.61916981082983158e+00,-1.54683477083106008e-01,8.61962977623496537e-03,4.75457780107853886e-03,-1.52497860951161996e-03
asteroid_3148,9.74828925493695461e-11,-2.74559980225891254e+00,-1.06467998638556982e+00,2.33691997058044609e-01,3.47106075429255961e-03,-9.27252580581240139e-03,-1.46401645064846630e-03
asteroid_3149,9.50416776298738875e-11,-3.76392634899790468e-01,3.09549682987874242e+00,-2.71823154288237667e-01,-9.59574840610523568e-03,-1.06579056271209247e-03,1.15007759010828797e-03
asteroid_3150,6.08827197393876172e-11,-8.79354569839760236e-01,-2.14747369169275482e+00,-6.84338956050030769e-03,1.04443022571186726e-02,-4.27793342770829612e-03,3.65984167554112266e-04
asteroid_3151,7.12156078434685270e-11,-1.98127086565358157e+00,-6.40266545745069804e-01,-2.80680521854668630e-01,3.46753750446055680e-03,-1.12803027194273084e-02,1.25505475638245951e-03
asteroid_3152,3.72457189342806825e-12,-2.11615585566589726e+00,1.84494092492951411e+00,2.46010792430050640e-01,-6.48467456290082594e-03,-7.69542965571600335e-03,1.93093584913145476e-03
asteroid_3153,4.37139324574608883e-11,1.64649721818455474e+00,1.90675957581403366e+00,-1.64539726144865478e-01,-8.20696878601980158e-03,7.02842860243601316e-03,-6.75993195655598010e-04
asteroid_3154,8.84628158942182250e-11,-1.63774833565979439e-01,-2.24219272786411850e+00,-4.12708208183803979e-02,1.13415940957943967e-02,-8.00323231386083282e-04,-1.52622978675968240e-03
asteroid_3155,1.16210024390113657e-12,1.15865198019588234e+00,-2.01288778134653468e+00,6.19700306744910695e-02,9.78205372278856400e-03,5.62561058560762713e-03,-1.65775388463486318e-04
asteroid_3156,2.90690865499847881e-11,-2.45568142257222188e+00,-4.52449452768487193e-01,7.36052404001878435e-02,1.99021398495781605e-03,-1.03779847933425772e-02,2.60603685517368615e-03
asteroid_3157,3.53905277005485089e-11,-1.60201329905375656e+00,-1.48370344845980662e+00,5.70682218783722800e-02,7.90567983784291016e-03,-8.54136347322916566e-03,-1.37488101696628450e-04
asteroid_3158,6.75112129698526953e-11,-4.74221576603887585e-01,-2.11554963720447153e+00,3.27183380526104850e-02,1.13815681568639592e-02,-2.56075871301570876e-03,-6.12102322671109343e-04
asteroid_3159,7.04868496834189135e-11,2.62249720752247928e+00,-1.82871453901544112e+00,-1.15731408990154522e-01,5.50757891980998074e-03,7.85612878289842706e-03,6.65276716313540294e-04
asteroid_3160,6.52830982717738007e-12,1.38348702495650366e+00,2.01957653585563657e+00,-3.61302955984218965e-01,-9.05039236584977320e-03,5.89242189367644373e-03,-1.71851185495059951e-03
asteroid_3161,2.17593541663838773e-11,-8.04634519205443044e-01,-3.14160496934769551e+00,4.82289651916104622e-01,9.18605513702556303e-03,-2.19544798829333790e-03,1.02466794932283686e-03
asteroid_3162,8.25514750037442786e-11,1.01330190089301650e-01,-3.25565838410549357e+00,-5.98055968184173746e-03,9.52678314150005520e-03,2.96515328689310432e-04,-3.12545228896697272e-07
asteroid_3163,1.91898568538440022e-11,-8.19122282229534537e-01,2.11678208800133438e+00,7.81140396111818375e-02,-1.06347099811507102e-02,-4.12939509717995083e-03,3.82795020338287054e-04
asteroid_3164,2.86605181494702697e-11,-2.10097787980625172e+00,-2.00116065018330147e+00,5.74869219992413694e-01,6.87229311079779782e-03,-7.26513795120748308e-03,-1.74252461768612264e-04
asteroid_3165,1.62328094938747097e-11,2.67637677180756262e+00,-8.90966979433379991e-01,-3.21502628179724387e-02,3.22876743394521571e-03,9.66012614577937273e-03,1.07447795760807238e-03
asteroid_3166,7.54340953536127553e-11,-2.88145167913286659e+00,-5.24129542027626294e-01,1.60049696662138245e-02,1.79861955917779695e-03,-9.88935513993163991e-03,-4.17265100009192222e-05
asteroid_3167,2.72037476515976773e-12,-7.64576341141854132e-01,-2.04796191344052447e+00,3.59724283240323350e-01,1.04991668127772941e-02,-4.30475422130253190e-03,-2.19211819145343802e-03
asteroid_3168,3.01982835644609678e-11,1.69944690041231361e+00,1.58711842812933734e+00,6.69117685922114985e-02,-7.70163332779715513e-03,8.23378746964236602e-03,3.06688361389531746e-04
asteroid_3169,5.32361913263310559e-11,2.19110641264091299e+00,-5.48619154188618799e-02,-2.75595720326401346e-02,2.68884187570152277e-04,1.15130732309531685e-02,-1.54122067333655258e-03
asteroid_3170,6.11982325613577691e-13,-2.86901875285900221e-01,2.80972996080169812e+00,-5.92433474734315110e-02,-1.01638283630955031e-02,-1.02456132288257853e-03,6.29281994759639117e-04
asteroid_3171,9.53990714850727102e-11,5.28202431329630184e-04,3.25656728548235064e+00,-4.22882333242496300e-01,-9.39448915401247878e-03,-1.73809799080340067e-04,-1.35022310630820465e-03
asteroid_3172,8.69302224611401532e-11,-3.25991051895282435e-02,-2.84632050217110999e+00,5.86898630261838639e-01,1.00895787588905425e-02,-1.20404507526879865e-04,-2.35110091197778689e-05
asteroid_3173,6.47351500262357061e-11,6.14018856735905283e-01,-2.87548513560403274e+00,-2.72518324014380753e-01,9.78785094767180459e-03,2.04497051752552906e-03,4.75721122117657425e-04
asteroid_3174,4.39186923867808492e-11,-2.43185727476026381e+00,2.13759614854327751e+00,5.33861971029026550e-01,-6.32375982984387415e-03,-7.06536987180779799e-03,-5.16189455303070433e-04
asteroid_3175,1.55391377776704584e-11,-2.12979365221973360e+00,1.95146205822052399e+00,-3.80684368796973760e-01,-6.48134650474234582e-03,-7.45942522309208256e-03,-1.97763479950517759e-03
asteroid_3176,5.53683982879149571e-11,-1.98919332940127336e+00,7.07999938553171559e-01,3.95835920506573014e-01,-3.69721582941714890e-03,-1.10716617196234685e-02,1.22338253517214409e-03
asteroid_3177,2.39284051593353829e-11,-7.59108189392389443e-01,3.04703902855231945e+00,3.82398843311116121e-02,-9.36743579096911347e-03,-2.32058453748314230e-03,-1.04565085552127488e-03
asteroid_3178,6.38053560723335631e-11,-1.69051868701195818e+00,1.89221702573563166e+00,-3.38503732724623127e-02,-7.98889818356485551e-03,-7.15946040713954113e-03,-1.23694971338416293e-03
asteroid_3179,1.45671533663104742e-11,-1.48651776985679579e-01,2.08393112732108277e+00,2.59140459081499575e-01,-1.16169575553233036e-02,-5.42046760354745658e-04,-2.30490163333148430e-03
asteroid_3180,7.17147540206472632e-11,-7.96141649236064564e-01,-2.58895226435950176e+00,-2.09159700128929218e-02,9.99015521532407511e-03,-3.07251272054496864e-03,4.82940009602997604e-05
asteroid_3181,3.22972867671022437e-11,3.20363780743132676e+00,3.65021574143145344e-01,1.83165147262440882e-02,-1.08439956432331897e-03,9.51819578872325350e-03,-1.76544052734052831e-05
asteroid_3182,5.02031524734391134e-11,1.74321318536799197e+00,-1.65734789702296759e+00,-1.29258968584268608e-01,7.63494123641839193e-03,8.03440378720247581e-03,-5.00699316259027021e-05
asteroid_3183,1.61909425244900091e-11,-1.70479813692269055e-01,2.62545466405911565e+00,5.59493984998620908e-01,-1.04426209697191779e-02,-7.99482135564739895e-04,5.69707687339061778e-04
asteroid_3184,2.56351200395808786e-11,1.34404019777776074e+00,1.87496036455139303e+00,-8.60278921596686758e-02,-9.19711627824818835e-03,6.60052299586167193e-03,1.67678419019255480e-04
asteroid_3185,4.50266739190516508e-11,4.53356821112017583e-01,2.11534142394258939e+00,-1.59255386052650938e-01,-1.14216604796535653e-02,2.43614911595362764e-03,-1.55728152205005053e-04
asteroid_3186,4.58235471012827298e-11,-6.05095893568819918e-02,2.19312259195671100e+00,-1.08813606842605562e-01,-1.14616319780954049e-02,-2.26235083555717200e-04,1.81390340089085194e-03
asteroid_3187,9.99777812017257690e-11,-2.41563226735734382e+00,1.72783909675091030e+00,-1.20550260568655213e-01,-5.79411578569225590e-03,-8.11870587422914951e-03,-2.60176723332578876e-04
asteroid_3188,3.35487910450315153e-11,-2.39916693651587659e-01,-3.12760870754812004e+00,2.40549400349807513e-02,9.65432528390266533e-03,-7.34682673443558579e-04,7.66323872653177762e-04
asteroid_3189,8.44693948135669606e-12,2.23672957025839914e+00,3.87047269915608338e-01,9.50323774926549319e-02,-1.98701386708046660e-03,1.11619274479086948e-02,1.30712427259667245e-03
asteroid_3190,5.24266196074036417e-11,-1.55417810433908943e+00,-1.88311938503142562e+00,1.45674714691140433e-01,8.48458748731501476e-03,-6.99920230226146189e-03,4.27429152853895519e-05
asteroid_3191,3.21893555653278170e-11,1.41924073448287635e+00,1.79136579635953042e+00,4.73798890276633022e-01,-8.48248067245530556e-03,7.18929247778567031e-03,-1.77284194234269502e-03
asteroid_3192,8.77788881123299872e-11,2.12971042333331573e+00,4.95684871981890152e-02,9.09294710076575391e-02,-2.72426939486801326e-04,1.17773106063948536e-02,-3.95138931363763250e-05
asteroid_3193,2.10377145076607666e-11,2.59413643972856933e+00,9.21204941488602436e-01,2.49367072749661745e-01,-3.56874705486239039e-03,9.48559987677038280e-03,2.08381681670395755e-03
asteroid_3194,8.55677515016530357e-11,-1.15695193390579099e+00,-2.69594019476372226e+00,-1.90839016196945516e-01,9.14230736171442460e-03,-3.99738241046008937e-03,1.04535087048616190e-03
asteroid_3195,6.63610940599748230e-11,2.12923268407771138e+00,1.93365735748893441e+00,-8.41013441485350816e-02,-6.81293354125421264e-03,7.50949777988903829e-03,1.72112143843046396e-04
asteroid_3196,1.88070660535094966e-11,-1.64821466214754486e+00,-1.96542800356916647e+00,-5.58056332072312603e-02,8.23020349677737809e-03,-6.89513516722684797e-03,-2.37437137126463298e-04
asteroid_3197,4.05306636150511681e-11,-2.76184831572997691e+00,-1.23429230493903086e-01,-8.82220083528599125e-02,4.99822671471946973e-04,-1.02477183635384436e-02,-1.30994990474979280e-03
asteroid_3198,4.92483276828036376e-11,1.27583395290545853e-02,-2.21243277178870867e+00,4.46060425046688538e-02,1.15162856247142450e-02,8.74386329454104107e-05,1.04298458959424393e-03
asteroid_3199,5.21846877123105891e-11,-9.84502464120028065e-01,2.06220224251204876e+00,-7.30955832962367630e-03,-1.02489781030790442e-02,-4.89536990667214025e-03,-6.97525355409580185e-04
asteroid_3200,3.97155201600657606e-11,-2.52352837448889522e+00,-1.85056613097939504e+00,-7.50814069746020829e-01,5.49041715709271735e-03,-7.81899774298415104e-03,8.18243746916590175e-04
asteroid_3201,5.84669348713927251e-11,-2.84247461611686170e+00,-9.44061975182884261e-01,-3.34860455626791065e-01,3.06918855280706449e-03,-9.40955611965623231e-03,4.75163847545103236e-04
asteroid_3202,7.16769641741265695e-11,-2.93151984173531366e+00,-1.07724827529313893e+00,-7.29669052350090497e-01,3.13615884030160391e-03,-9.04730232592878929e-03,7.57163754862878952e-04
asteroid_3203,5.06233184961179460e-11,-1.07702601431809675e+00,3.01176063388466453e+00,9.70434639061072968e-02,-9.05348818924023475e-03,-3.22817714150376231e-03,-2.92090420158966433e-04
asteroid_3204,6.02472863584002301e-11,-2.35499445175303501e+00,-1.65174355739175316e+00,-1.26280059835627984e-01,5.82728290698568234e-03,-8.29318102969131554e-03,-1.98056436645642497e-04
asteroid_3205,8.59609371368757709e-11,2.63735525685700134e+00,1.77077324750979348e+00,-4.87632037524583395e-01,-5.38681564126556201e-03,7.93417596553694024e-03,-3.22620329053591203e-04
asteroid_3206,4.97802034017348136e-11,1.37714676408916370e+00,2.20130458100211390e+00,1.34009466346842548e-01,-9.04768254686086869e-03,5.62894439192292498e-03,5.14632791618318099e-04
asteroid_3207,4.16357595529419269e-11,-1.65845155993341398e+00,-1.29462616981153067e+00,-4.15476679922022960e-02,7.29789952884977305e-03,-9.33199302135833027e-03,-5.23987914634597290e-04
asteroid_3208,2.47826115402334858e-11,1.97855388492250395e+00,9.02735396447696181e-01,-3.72768085837322516e-02,-4.84410658059439628e-03,1.06083581438771932e-02,-2.08856381149072069e-04
asteroid_3209,1.31451761065621418e-11,-1.49257627340042998e-01,2.22629687988571057e+00,2.00611088529140530e-02,-1.14883062637977460e-02,-7.68360595939939915e-04,-2.05299604931553567e-04
asteroid_3210,2.92327847327890651e-11,3.58261717075116851e-02,-2.20029716329883485e+00,-2.47150090694523761e-01,1.14089865981072854e-02,-2.32897812140401130e-05,1.86115550724249516e-03
asteroid_3211,4.06223028149611922e-11,1.30526524905309804e+00,-2.15662818314812688e+00,7.70567481911320629e-02,9.25738421561639151e-03,5.57688495268842104e-03,-7.27705904421259387e-04
asteroid_3212,7.64281266751887134e-11,7.70131594141284737e-01,2.80686364802360755e+00,-4.25420885243842251e-01,-9.37554099929440929e-03,2.88863875230278497e-03,2.08643910342723275e-03
asteroid_3213,2.17507045610126501e-11,1.16069309447592173e+00,2.81606772756081236e+00,-1.32683271132176844e-01,-9.10995506924219996e-03,3.74551869469633321e-03,-1.97670893410284334e-04
asteroid_3214,7.02175856349442771e-11,-5.72276031182117451e-01,2.74814815274165092e+00,8.05185610909290445e-02,-1.00156850156282156e-02,-2.05917143933048762e-03,-9.04490618718709061e-04
asteroid_3215,7.91259972853669378e-12,1.29363475877694079e+00,-1.85976021098783151e+00,2.16143713563429041e-01,9.34336600792545942e-03,6.53114113363353552e-03,2.75064122245875526e-04
asteroid_3216,1.58475393508799701e-11,1.31600294892582048e+00,2.69154398403630291e+00,9.28713981659320953e-02,-8.87099436667989141e-03,4.29389829141357121e-03,1.26022257065633216e-03
asteroid_3217,3.26395918499232840e-11,1.47199874453744028e+00,-2.05191194182419467e+00,4.85004140097798908e-02,8.59630113441101941e-03,6.10920495271892981e-03,-2.43696641351297564e-03
asteroid_3218,4.69874981386226695e-11,-9.16219956272261382e-01,1.85158329282466139e+00,-4.55971369501277757e-01,-1.06241363801052938e-02,-5.18869036767034744e-03,2.77985377306886434e-04
asteroid_3219,1.81010314163374682e-11,-8.08320054173357838e-01,-2.29872317191975117e+00,5.31779143948215519e-03,1.03959550284115475e-02,-3.65558389569477747e-03,1.57064864434313409e-05
asteroid_3220,1.12119735587850713e-11,-8.61178263526288096e-02,-2.49140908670160410e+00,-1.38125166313346648e-01,1.08325025892248988e-02,-4.29670980971929228e-04,9.96303664387968285e-04
asteroid_3221,5.65868880721157144e-11,2.20185940840515437e+00,-1.02581109779979074e+00,-5.24579003601499498e-03,4.55663626629604270e-03,9.76848597883408359e-03,2.37354292660188482e-03
asteroid_3222,4.12046733434249177e-11,-9.20163191794013513e-01,-2.93330479038872882e+00,-9.45116949584093590e-05,9.36119070830191552e-03,-2.93655917064128977e-03,-4.08854187050171885e-07
asteroid_3223,4.15950740236457885e-11,-1.62491137982971962e-01,3.00617122939424064e+00,9.02392396267439612e-02,-9.80331842729512300e-03,-5.70356604021080601e-04,1.34794183490108887e-03
asteroid_3224,3.08015894773704802e-11,-1.80403665271274050e+00,-2.30608373788034937e+00,1.99181238395020693e-01,7.90861075355509154e-03,-6.18767019918791371e-03,-9.34802031356091496e-06
asteroid_3225,3.71310409168595324e-11,2.25178805934611814e+00,1.07406808998561101e-01,-2.37327162238076733e-01,-5.75289743246959408e-04,1.14071450250062007e-02,-2.95901770896424710e-04
asteroid_3226,1.84156188923673690e-11,-6.79637659808292049e-01,-2.97641470576279943e+00,3.16652422342922735e-01,9.55695191832002522e-03,-2.22155423401520060e-03,-3.69497426355881850e-04
asteroid_3227,2.70656777285981405e-11,1.85985186084998699e+00,-2.22516311942708134e+00,-2.70007188823232769e-01,7.75259721165789777e-03,6.42668565963484730e-03,4.37982562862110987e-04
asteroid_3228,5.42318690138207367e-11,-2.32200238610302634e+00,-1.31765346117533960e-01,1.93880465819325554e-01,4.20390638397977905e-04,-1.09864991078861551e-02,-2.43186847175462170e-03
asteroid_3229,5.22339620735784680e-11,-2.54057173051645746e+00,-1.29058162523520648e+00,-4.01403573076098974e-01,4.60733151349499229e-03,-9.03256100744120362e-03,-1.19577737974598596e-04
asteroid_3230,9.05936821987907720e-11,2.40162566665603538e+00,-1.05449184327953338e+00,-5.51169692957062862e-01,4.42370229452062388e-03,9.45727353712825375e-03,1.18195752764575519e-03
asteroid_3231,8.32556664681754227e-11,2.03963006252059831e+00,-1.64271010090212655e+00,2.09040787599304917e-01,6.44445047552856445e-03,8.23329039358893823e-03,1.82076603933076578e-03
asteroid_3232,7.20071897156353050e-13,8.17117775010262282e-01,-2.07978523412593752e+00,-3.97177897135932677e-03,1.06647684019507069e-02,4.19205137257277257e-03,-1.05613071693010574e-03
asteroid_3233,2.29840938182016657e-11,2.06083137924316917e+00,-1.77047300222866633e+00,-1.65811788372399405e-01,6.69553645026101357e-03,7.90448462396594817e-03,-1.18390258995410545e-03
asteroid_3234,8.87706422320044289e-11,-2.08063052441479179e+00,-7.71443034810785466e-01,6.23614449490251799e-02,3.96465220251585124e-03,-1.07843238522049578e-02,-1.13074881029707184e-03
asteroid_3235,3.14821753376358612e-11,-9.47834871280722607e-02,-2.24208423148172598e+00,-4.90674508807646514e-01,1.13383865707626149e-02,-4.13911893362983241e-04,-2.98907902526867751e-04
asteroid_3236,4.77757879200059612e-11,-1.14488212257441879e+00,-1.94472159609620165e+00,1.03125843741550705e-01,9.85642410439994607e-03,-5.81356308618431478e-03,-2.06717671902618700e-04
asteroid_3237,6.75017427578440947e-11,-1.46285090672542739e+00,-2.81681216997940131e+00,-6.74690081485469939e-01,8.28793831641288364e-03,-4.59052398455982516e-03,1.19555002715542665e-03
asteroid_3238,5.43402810332672241e-11,-1.37100521964271338e+00,2.01354552937797093e+00,1.68967727547203656e-01,-9.07395872080169787e-03,-6.05401138591957471e-03,-1.48204164046650115e-03
asteroid_3239,4.96748396031768592e-13,-1.24284768200996454e+00,-2.18499219030511993e+00,-2.51104597954394049e-01,9.39998467505566773e-03,-5.19170472622348684e-03,-1.34969604664578343e-03
asteroid_3240,2.06642809111223729e-11,2.30805809223318947e+00,9.22827971814182635e-01,6.26286951576312673e-02,-4.04810963131704577e-03,1.00265018401265605e-02,1.44559670396109011e-03
asteroid_3241,1.00529629443273275e-11,-2.74237912135651785e+00,1.53878661975171127e+00,4.58851064047080204e-01,-4.73262998983041763e-03,-8.40895902554964457e-03,-8.51518972536529121e-05
asteroid_3242,1.67728492825890444e-11,2.56296840467267506e+00,9.57258705510648400e-01,4.67522202092790273e-01,-3.53774661521485479e-03,9.69011890692767115e-03,-4.46648055689606528e-04
asteroid_3243,1.47453955981566979e-11,3.01991836277658177e+00,9.65338869117272180e-01,-4.55379978789477557e-01,-2.78914354846108341e-03,9.15335565855805375e-03,9.07163689412298084e-04
asteroid_3244,6.22816538713334019e-11,2.12601921586435294e+00,1.23250561113733914e+00,-1.10131123751395790e-01,-5.48335838473200041e-03,9.49158130969580613e-03,3.69576991215527233e-04
asteroid_3245,4.06623976355205955e-11,-1.66194101735639288e+00,-1.46039860598689741e+00,-3.36071434560676952e-01,7.61840258184299981e-03,-8.60958535463067498e-03,-2.61579171659736566e-04
asteroid_3246,6.66446271422151231e-12,-2.19750494791420303e+00,-1.66289376898899399e+00,-2.54171263869997721e-01,6.24879391053115036e-03,-8.23777779863840015e-03,-1.30644844389887782e-04
asteroid_3247,8.23821967175527845e-12,-2.06832792888694694e+00,1.36835139912085157e+00,-4.16017350615517645e-01,-5.96403013453943205e-03,-9.06001683528784296e-03,-1.48351064064982258e-04
asteroid_3248,9.50361364861204568e-11,3.03760772555346392e+00,-7.09461564604919048e-02,-3.81464244140333364e-01,3.15428274222045383e-04,9.80086301695653334e-03,6.88960513660492359e-04
asteroid_3249,1.54846493791779220e-11,-7.62886167157981521e-01,3.06061384390563562e+00,-8.13433565273029707e-02,-9.39172208560632577e-03,-2.33085143709794952e-03,3.80838580486237679e-04
asteroid_3250,2.53914721082577334e-11,-2.40602448918436806e+00,-1.05965371347155846e+00,4.48931733525902099e-01,4.07835881004301338e-03,-9.66464178568443404e-03,-9.54582518733604292e-04
asteroid_3251,5.74337496721551994e-11,-2.85666907116719981e+00,-1.56780247493847513e+00,-2.13967119185794113e-01,4.50228563533786128e-03,-8.33316014122569178e-03,9.49720546855643160e-04
asteroid_3252,1.87187133085656699e-11,-2.73174089066456549e+00,-1.41238523279928502e-01,-3.93972857512581542e-01,5.63007232053175637e-04,-1.03304005883076682e-02,-2.00367492459385162e-04
asteroid_3253,1.97609639501068942e-11,-1.12031525815550714e+00,2.11493184069321938e+00,3.91265551753157359e-01,-9.68024855589386460e-03,-5.26730425838312609e-03,7.54115279113282805e-04
asteroid_3254,7.26803998196684125e-12,2.78033278395038608e-01,2.64309489131831477e+00,3.94313641103120782e-01,-1.03835165609540772e-02,1.22687497397733366e-03,-9.02286373606583252e-04
asteroid_3255,9.80823064703671552e-11,4.91274174411518549e-01,2.04551052349373164e+00,-4.17833484712595293e-01,-1.14214590897159050e-02,2.74213446275197283e-03,-4.79373854515665441e-06
asteroid_3256,6.06089925802118410e-11,2.95103639839735177e+00,8.10496817166979633e-01,1.65791010119123255e-01,-2.60275740148108951e-03,9.47509529928225978e-03,7.82458316520965954e-06
asteroid_3257,5.29790993516537856e-11,5.46767249974644681e-02,2.22022962131698032e+00,6.03307617782051150e-02,-1.15368323929343920e-02,2.81014796938837354e-04,1.14018714426650534e-04
asteroid_3258,8.88681710496315314e-11,4.61779785698010148e-01,2.40369920123643332e+00,-3.35187809341778609e-01,-1.06511162091121082e-02,2.21318842011082898e-03,1.19744533044300705e-03
asteroid_3259,5.94465722141994770e-11,2.75681897638831463e+00,-3.43477674312451631e-01,-3.69708690247333438e-02,1.28183728304127323e-03,1.02213043815456203e-02,6.22205799432806544e-04
asteroid_3260,2.63156955800477309e-11,9.65218876345571797e-01,-1.92250521509169969e+00,3.97533948596410711e-02,1.04754626612455978e-02,5.26507416977952530e-03,2.77165011873080759e-04
asteroid_3261,4.72311076183401331e-11,-2.19221190367877439e+00,1.07137979912959549e-01,3.93049617433577983e-02,-5.72591340787929459e-04,-1.15912535508297544e-02,-3.40365758685167450e-04
asteroid_3262,4.77630920075831651e-11,-1.58530760435459750e+00,2.47042587970683680e+00,3.80930757520942746e-03,-8.42129610263505669e-03,-5.40533235733259981e-03,8.21197522218043621e-04
asteroid_3263,3.98139779926092883e-11,-1.53779860738547858e+00,1.52043174861259822e+00,-3.20371814502276364e-01,-7.73361281318207631e-03,-8.33874348278170266e-03,-2.45262312419253312e-03
asteroid_3264,7.53655127523652034e-11,1.10381768829586213e+00,-2.43345693530018847e+00,4.61205936169265321e-02,9.57332274470347466e-03,4.34991761123207279e-03,3.93190899036369678e-04
asteroid_3265,1.09771828699704159e-11,-1.26481352663520830e+00,2.15607675777847918e+00,-1.83834066674697899e-01,-9.35780123607230126e-03,-5.51434149867527368e-03,-2.90859892110234021e-04
asteroid_3266,1.59298852496241661e-11,-7.02637998233890948e-01,2.23985028549942600e+00,-3.51852056419950820e-01,-1.03672023773766029e-02,-3.58037743274542070e-03,-2.08928461775878885e-03
asteroid_3267,3.72259047146350689e-11,7.00022199043741744e-01,-2.16802125784357402e+00,4.71610381245385790e-01,1.05087493861458110e-02,3.75009942828308110e-03,1.64105256337158880e-03
asteroid_3268,7.12658873786866437e-12,-1.15128550688630416e+00,2.78318166334883355e+00,-1.58939698434141241e-01,-9.14353087782526774e-03,-3.79837450931174098e-03,-2.81564038948801097e-04
asteroid_3269,9.87396801925429176e-11,-1.88891613552995796e+00,-2.53772849358153652e+00,7.08184611929358998e-01,7.56052014254461613e-03,-5.80592394186613039e-03,-6.39197916706887468e-04
asteroid_3270,4.95844822974601848e-11,2.20575174981432065e+00,-5.27608688951564986e-01,-3.30258810253876156e-02,2.66104457433440729e-03,1.11010975457011378e-02,3.80556211401260097e-04
asteroid_3271,5.02011587285703904e-12,8.74583516338322875e-01,3.06536282939007787e+00,-6.41615556924646557e-01,-9.16323707300657937e-03,2.64829224777594820e-03,1.62029296547626383e-04
asteroid_3272,6.07935405083194491e-11,2.81052548637199884e+00,-1.33898434664115801e-01,-3.13438032516562574e-03,4.88053555398612637e-04,1.02434618907988051e-02,3.30028369414265906e-05
asteroid_3273,7.81126466952939967e-11,2.34191006550850833e+00,1.64422605852142922e+00,-2.20985940158162669e-01,-5.86586361142823597e-03,8.25496829166636782e-03,-7.43445745735309247e-04
asteroid_3274,4.07775478654895047e-11,-2.55396325491664733e+00,1.47914536390964146e+00,-5.64189385738261343e-02,-5.01847539750778417e-03,-8.64153137637453661e-03,6.18953304984712935e-04
asteroid_3275,4.80584158609039998e-11,2.73374253651003851e+00,1.02844500213488610e+00,-3.76350822999663437e-01,-3.33968496567496305e-03,9.35917557599922310e-03,1.31674614680202793e-03
asteroid_3276,7.00629942554264694e-11,-6.26514522271589658e-01,3.01945980001941416e+00,1.38477730342099158e-04,-9.59142648266538347e-03,-1.99014481960022938e-03,-4.11740601263648948e-05
asteroid_3277,2.33894406431679871e-11,-2.51380430028518642e+00,8.70856702024533913e-01,-3.25064510894122249e-01,-3.43282870943881820e-03,-9.93079262662255498e-03,-5.79507843797428244e-05
asteroid_3278,5.97704120611025615e-11,-2.73194954821906189e+00,7.39554463753397257e-02,-1.96845955894846797e-01,-4.01895593875305256e-04,-1.02390607578330198e-02,1.73091784263589075e-03
asteroid_3279,6.30982231343053957e-11,2.00763765432648122e-01,2.48032066736415358e+00,2.82036449126201634e-02,-1.08687627181072340e-02,8.80315630793305072e-04,-5.00404817720450775e-05
asteroid_3280,8.04663199798370101e-11,6.49298902186087323e-01,2.11255643945062399e+00,-2.68269436077111290e-01,-1.07141972728829974e-02,3.58462163230903724e-03,2.29619517693882861e-03
asteroid_3281,8.91082533115097525e-11,-1.74927330147820081e-01,-2.89204317573823433e+00,3.72604507407400670e-02,1.00422537861852342e-02,-6.19591914076997210e-04,-9.45289782182862949e-04
asteroid_3282,9.40894053523906836e-11,-2.04072471577156866e+00,-6.41591580583521948e-01,6.94535103750891919e-02,3.51466809638741095e-03,-1.12155840478761256e-02,-3.36257221362224791e-04
asteroid_3283,1.26413758857941880e-11,-2.07823646207350077e+00,-1.26020362423680043e+00,3.77389960688196968e-02,5.71991615846155661e-03,-9.41406632308260799e-03,6.27939898577772730e-04
asteroid_3284,8.16285953552375512e-11,1.88048775240253402e-01,-2.20394940943997097e+00,-7.03514076424490709e-02,1.14793742297869608e-02,1.00999005049040840e-03,-9.56408878477335426e-04
asteroid_3285,6.75463232194840963e-11,2.30056725933493533e+00,-3.54087014050977478e-01,7.52343442935972245e-02,1.69869505900177012e-03,1.11340498073780325e-02,4.58038341124789516e-04
asteroid_3286,3.70791057178204886e-11,-2.83074799326740001e+00,2.89962212366757233e-01,3.45656842700094891e-01,-9.63968300304992405e-04,-1.00980364488466954e-02,5.76576630305319416e-04
asteroid_3287,9.22818891867562005e-11,2.75128371398121541e+00,7.44371752250798213e-01,-1.50486462691377526e-01,-2.70756411580538306e-03,9.68574727488944603e-03,-1.59137493980827526e-03
asteroid_3288,8.60131003751688928e-11,-1.94075907967783667e+00,1.72228225468108964e+00,-2.33684438096159242e-01,-7.10650847687023524e-03,-7.90806626806630532e-03,7.36457465301566415e-04
asteroid_3289,7.74381417898143690e-11,-1.55691613253861449e+00,-1.54968418653066897e+00,2.25092111501511594e-01,8.11984218972616571e-03,-8.23397496853679051e-03,-5.24885129871361603e-04
asteroid_3290,5.75785757255094729e-12,1.01644940854700172e+00,2.40856515737187094e+00,1.74068008626201309e-01,-9.55527993678660648e-03,4.17997490873069175e-03,-2.04106019488381734e-03
asteroid_3291,1.77089128539611033e-11,1.36670633101113093e+00,2.12071328423079164e+00,4.12408205918148307e-02,-9.06826501186787544e-03,5.86031505075885681e-03,-8.33949820150404792e-04
asteroid_3292,9.18337352689259026e-11,1.63974718674995446e+00,-2.45792304128457451e+00,2.41673374633657484e-01,8.16462567929680458e-03,5.58472799226074519e-03,1.40234572180321132e-03
asteroid_3293,9.82238198310445271e-11,2.18099402895830963e+00,-1.63160179203640787e+00,6.26279613206915164e-01,6.26380838934653770e-03,8.14115262950066906e-03,-6.03898750961901561e-04
asteroid_3294,2.77376263383655633e-11,-1.13374202695339976e+00,-2.43446027003121346e+00,1.53234521394441686e-01,9.51019189279098814e-03,-4.42189877017716212e-03,1.12033235045434182e-04
asteroid_3295,2.77459265750994034e-11,2.53911415912743843e+00,-8.71073885778143486e-01,4.18295004749485305e-03,3.36472998547440423e-03,9.79978602500370874e-03,-1.69637578355528529e-03
asteroid_3296,6.10343866678816856e-11,2.11823441360344189e+00,2.44566944815749787e+00,3.95589385855594444e-01,-6.87061766456135807e-03,6.27989113377475788e-03,-2.03483493901512966e-03
asteroid_3297,7.62740682548597537e-12,-2.94303600407136301e+00,-5.18883138824016488e-01,3.38636696262105408e-01,1.80545724216577930e-03,-9.72094050415765742e-03,7.95819086829998288e-04
asteroid_3298,5.95355938403238704e-11,-2.67849743167822307e+00,2.23205596274219598e-01,2.15108017669919133e-01,-6.43784940818788653e-04,-1.01491544217513444e-02,2.51488419497228636e-03
asteroid_3299,9.68692221310941949e-11,2.48996984815592270e+00,-9.54165085965687831e-01,-2.13549346177576732e-01,3.77427261130926619e-03,9.81586495091076386e-03,1.49236589752587957e-04
asteroid_3300,2.97023175555673779e-11,1.64794190379244876e+00,1.34545904454641252e+00,1.35984401277182476e-01,-7.30767815876107781e-03,9.10853466251418734e-03,-1.56290931163331715e-03
asteroid_3301,7.42770770009603053e-11,1.87113841433434591e+00,2.63136278634010878e+00,1.19179497722746941e-01,-7.79349252256214715e-03,5.51046015256097688e-03,6.93772513850292555e-04
asteroid_3302,5.24948252594795121e-11,-2.47401417492627207e+00,2.11154898327150786e-01,6.17174552262258883e-05,-9.28357264823529522e-04,-1.08771730843902799e-02,-1.06266200024267788e-05
asteroid_3303,2.87382600421938202e-11,2.01178875197272969e-02,-2.37408192130820384e+00,-3.96976329056457300e-01,1.08568776941610368e-02,4.60177880616487861e-04,-2.20185053544250109e-03
asteroid_3304,4.12537499693280972e-11,3.11192987636676088e+00,-1.09304884924735357e+00,-8.03483036348103807e-02,3.12060882886436774e-03,8.92473224441278114e-03,-5.48268732585193005e-04
asteroid_3305,5.51126830293472327e-11,-2.54111002345155867e+00,1.35898855673257590e+00,6.86940514907963484e-01,-4.48167348423164462e-03,-8.87863728975507582e-03,9.86316935504893922e-04
asteroid_3306,7.61614683970412069e-11,-2.24228219172752985e-01,2.14441565078811003e+00,-5.60984021205921460e-02,-1.14889907621096993e-02,-1.14981367174459416e-03,1.96935209069464554e-03
asteroid_3307,5.40840914886795766e-11,-1.20173259287960521e+00,-1.75609877655188895e+00,4.46512705392298426e-01,9.40676455713230185e-03,-6.77271323572425313e-03,-1.31942016033780984e-03
asteroid_3308,9.25147772042637838e-11,-1.87517302442240985e+00,8.67614648543324818e-01,-5.20033948249258415e-01,-4.78843323803747681e-03,-1.07478079641103157e-02,-6.64985032883733704e-04
asteroid_3309,1.17037012800579564e-11,1.97858542019577932e+00,-1.96922010916969548e+00,-3.96475494420022112e-01,7.17082330143970631e-03,7.30086658383465991e-03,-4.76515847467127345e-04
asteroid_3310,9.57701906563553202e-11,-2.00908414889293008e+00,6.86368678446248381e-01,5.20133567529425189e-01,-3.46672534299689427e-03,-1.10434835964456600e-02,1.18230843911063823e-03
asteroid_3311,5.50696349195362898e-11,-1.03531263434111387e+00,2.98652815172871300e+00,6.14493754372560819e-01,-9.00588859240540260e-03,-3.23697271447407091e-03,5.58833824632330202e-04
asteroid_3312,3.91876066569479510e-11,1.83493567295444415e+00,2.62120021364026279e+00,-3.97935476010145672e-01,-7.79413620518735681e-03,5.54168149140588963e-03,5.63202227362189899e-04
asteroid_3313,7.61434591258891164e-12,2.31149033362873046e+00,-1.49634435290933832e+00,-9.72140656337535380e-02,5.60383367890704941e-03,8.54417278420552088e-03,1.73002417945153364e-03
asteroid_3314,2.96318593273849218e-11,2.13697030065716698e+00,-1.87049306818889050e+00,-4.95716340657805822e-03,6.71371624156296299e-03,7.67155110063458615e-03,-5.18631427546479098e-04
asteroid_3315,4.37990728638942880e-11,-1.48063182320747955e+00,1.95232118226406604e+00,-3.24977534028602581e-03,-8.75606048045581009e-03,-6.64060480633121234e-03,-2.81967653611482909e-05
asteroid_3316,9.37073004690498041e-11,7.25036467992544842e-01,2.04730685451769778e+00,-1.45504492596553514e-01,-1.09920303957823252e-02,3.88720451879929303e-03,-7.78150404341456552e-05
asteroid_3317,7.56449689857793976e-11,-2.22063248321340678e+00,1.98995310980738394e+00,-1.37184645177753445e-01,-6.64412770471759905e-03,-7.34299795475382849e-03,1.03469443069576579e-03
asteroid_3318,5.91390382516906903e-12,-1.51459071890705954e+00,-1.62125500534564093e+00,-1.24368416993364914e-01,8.42154732680289522e-03,-7.88579628672488389e-03,2.38720421907001162e-04
asteroid_3319,3.27960661370248431e-11,1.86200402836444012e+00,1.17119026050862840e+00,1.14043154488903120e-01,-6.18655106893762404e-03,9.69592410225067307e-03,1.43464232983186958e-03
asteroid_3320,4.91483173817395203e-11,2.41650629969639841e+00,3.85998133376268704e-01,3.59924104609425088e-01,-1.86189617649197667e-03,1.07324975391503829e-02,9.90652803548622025e-04
asteroid_3321,8.50100163699965521e-11,-9.16831400618580816e-01,-1.87559177645506536e+00,3.38565151734654290e-01,1.06576736472339464e-02,-5.08228182951128270e-03,7.05931638404966397e-04
asteroid_3322,7.76449845295435646e-11,-2.26095495388990697e+00,1.30177209565745344e+00,2.49577181514801877e-01,-4.99476138752813145e-03,-9.10570403705471439e-03,2.24628277601670277e-03
asteroid_3323,2.16216103342573662e-11,1.66474085377178649e+00,-2.41791302653045026e+00,-2.83224190755791361e-01,8.15153604283072424e-03,5.34116207208554239e-03,2.31523203875230949e-03
asteroid_3324,5.05545177840181465e-12,1.24543458030157450e+00,-2.79487298239477333e+00,1.05294306961566428e-01,8.77354976240359886e-03,3.82498385314088791e-03,-2.24644848976231302e-03
asteroid_3325,1.32462157575843036e-11,1.41101692950545488e+00,-2.42089556696877750e+00,-3.60380946663501456e-01,8.86345059567700787e-03,5.01478446280985944e-03,1.01617294811403398e-03
asteroid_3326,5.03339350892434426e-11,-2.80075888802287221e+00,-1.36043750811876696e+00,-1.26362732854079729e-01,4.26756628481539651e-03,-8.75365889742401107e-03,-3.45183299736330420e-04
asteroid_3327,8.99686178071100188e-12,2.50887764180346418e+00,-1.04060449523230264e-01,-6.25641213708922672e-01,3.45920578965941644e-04,1.06807120283683894e-02,-3.89308253925460350e-04
asteroid_3328,2.49832787343898464e-11,-2.06077063049382536e+00,2.34050423353540493e+00,2.17229239726383291e-02,-7.30149757687565976e-03,-6.43292254400696425e-03,4.40579878588648203e-04
asteroid_3329,8.21365565042793021e-11,2.69724951016491277e+00,2.15433867510482879e-01,1.02179851597047608e-01,-8.37021571188215400e-04,1.04195036911146083e-02,1.26659463348473625e-04
asteroid_3330,4.02012905256766355e-11,-2.15463928074199784e-01,2.35636740375445930e+00,8.27224519636320238e-02,-1.10987202177854297e-02,-1.04442311817422003e-03,8.42222818822731950e-04
asteroid_3331,9.96146879876977668e-11,-2.84171918637467646e+00,-1.48841208248651058e+00,-4.01730557342042771e-01,4.33485042079511263e-03,-8.49135629708790488e-03,7.97075782744361577e-04
asteroid_3332,7.56007155683529637e-11,1.23705549320984942e+00,-2.04967386219473058e+00,-4.16246204540936637e-01,9.39140305865298827e-03,5.77199747257748155e-03,-5.11777902639590828e-04
asteroid_3333,2.64991776699502498e-11,2.95592996758503479e-01,2.11084527565122748e+00,1.03364826888295959e-03,-1.16687733488967365e-02,1.63402109687918679e-03,4.06037871299252557e-05
asteroid_3334,7.66958565576897484e-13,2.30381910822906733e+00,6.27601018409236322e-01,-1.28118109424115223e-01,-2.97991070039732965e-03,1.04958043564441668e-02,-2.16985491366334955e-03
asteroid_3335,5.27254754382179227e-11,1.73413969803985202e+00,1.85432292897331341e+00,7.72874945902823768e-02,-7.87104282489653126e-03,7.37630320738370034e-03,-3.69533791172561507e-04
asteroid_3336,7.05885190129020950e-11,1.59363671803842122e+00,-1.94961581522867045e+00,1.33737398031436833e-01,8.35324647607798773e-03,6.87006753775002300e-03,6.12783151084959530e-04
asteroid_3337,4.69736077479803777e-11,-1.33549582246290699e+00,-2.37908428861142873e+00,8.44425066694066417e-02,9.06368996455455926e-03,-5.05894106504024832e-03,8.15618598140449981e-04
asteroid_3338,9.06514010014774538e-11,2.99812323978622297e+00,9.60219969529808370e-01,-2.70682441074885372e-01,-2.93969687075642215e-03,9.21890911813721958e-03,1.42628854021042202e-04
asteroid_3339,7.67974132000446955e-11,-2.37217279406548398e+00,-5.18203674358489241e-01,3.32732042058596134e-01,2.53177046361937772e-03,-1.05751950051451819e-02,1.57992630538446722e-03
asteroid_3340,5.20317095821446974e-11,1.03611061556359507e+00,2.52023414411696489e+00,-1.04610163014926434e-02,-9.63751698680110833e-03,3.96257811082174546e-03,1.04291580561204127e-04
asteroid_3341,1.90220211984146595e-12,-7.92542795581996584e-01,-2.37887897705965345e+00,6.09191884391705671e-02,1.02906047251321575e-02,-3.44100656622515133e-03,-4.92349684888591693e-04
asteroid_3342,3.38313084430977128e-11,-8.99588125822780249e-01,2.95210374283525123e+00,-2.94934880523880843e-03,-9.36668544183877697e-03,-2.85423320361618583e-03,5.64458415283639463e-05
asteroid_3343,4.94458695825551953e-11,-2.26178638337677462e+00,-2.70347666430633737e-01,-2.26524134404324395e-01,1.12983945820987921e-03,-1.11339637139060196e-02,2.00678663839657127e-03
asteroid_3344,2.50309317977848665e-11,1.35350685931963044e+00,-1.70342339717910773e+00,-4.62048011498683187e-01,8.70299360499491789e-03,7.37630172279269639e-03,-1.69983070749429735e-03
asteroid_3345,8.37668156216668545e-11,-1.12079082601872804e+00,-2.43418266113017312e+00,-3.57777663592300121e-01,9.50872134550779374e-03,-4.20968258667859998e-03,-1.14638595864471676e-03
asteroid_3346,4.24528710402830779e-11,-1.20702086485741922e+00,2.62427523664963136e+00,-3.20401252414490689e-01,-9.06348800273937619e-03,-4.30096614746807229e-03,-1.08332855805592649e-03
asteroid_3347,2.03880117562178111e-11,-6.15563533378159056e-01,-2.91387975992628823e+00,-6.79081874434816490e-01,9.63530584794178128e-03,-1.85726194782883064e-03,-7.64716205554420302e-04
asteroid_3348,7.79121485419133985e-11,1.96767730559928533e+00,1.99661833108854703e+00,1.55232961542070058e-01,-7.32201591733006984e-03,7.18610945838553221e-03,3.82951387097365582e-04
asteroid_3349,6.08322952823151387e-11,1.28370911229839157e-03,3.02846005969348964e+00,-3.10707005808960358e-02,-9.88362168782499703e-03,5.61458214938914466e-06,1.38903934814261598e-04
asteroid_3350,1.97158738998585718e-11,2.47885847995233322e+00,-6.75061745143555547e-01,-1.04352697597583685e-01,2.84932921660562650e-03,1.02526354919751320e-02,1.36002122122994918e-03
asteroid_3351,5.32792773513830981e-11,-1.86175179906063160e+00,-1.04505097458546881e+00,-1.37685750728466644e-01,5.76995215709946198e-03,-1.02445980215427057e-02,-2.62130700767326504e-04
asteroid_3352,6.94551785306522282e-11,-1.70136876952590343e+00,1.43327734625559944e+00,-2.56145860012183368e-01,-7.43182565690623295e-03,-8.76392928747155367e-03,3.24560238056119355e-04
asteroid_3353,4.48488482038122360e-11,-1.50741301118546867e+00,1.52544333486734285e+00,-8.97203956180084444e-02,-8.26082328585307085e-03,-8.24025444588754631e-03,-1.31039009671657250e-03
asteroid_3354,3.02451807047596479e-11,2.32871180787668175e+00,8.83018230465843601e-01,-1.45154301328220436e-01,-3.88998745889623972e-03,1.01518406362138269e-02,-6.50338106410299605e-04
asteroid_3355,6.89699713813123598e-11,5.28173953251036443e-01,-2.63794492403931580e+00,1.51960575770699213e-01,1.02217238258598964e-02,1.97793478699322036e-03,-1.19218586660627774e-03
asteroid_3356,6.87297358971633238e-11,-4.35000198851047182e-01,-2.48771850872530464e+00,1.03426596027880999e-01,1.06213841239701009e-02,-1.81651589991255235e-03,9.79670455042115943e-04
asteroid_3357,1.70357348179568472e-12,-1.31786635648286810e+00,-2.43814031441374190e+00,8.16870791253642842e-02,9.08758890237964211e-03,-4.91300582227408109e-03,-2.90117392865629813e-05
asteroid_3358,2.34201896483772069e-11,3.15047528557728662e-01,-2.59254821653617329e+00,5.86794281919967520e-01,1.04090873524620899e-02,1.38514009828397231e-03,5.31166127768556819e-04
asteroid_3359,6.46351424253192454e-11,-2.40259616384943753e+00,1.60186450247651124e+00,3.87591005956864576e-01,-5.40517668202171193e-03,-8.41196715941624172e-03,1.26002621321818684e-03
asteroid_3360,2.24222369680954958e-11,-2.85995942186951480e+00,4.81767547792282924e-01,2.42676594220514255e-02,-1.67725661621852392e-03,-9.96033323456927203e-03,6.92054860363886795e-05
asteroid_3361,9.62658586236766762e-11,2.14341230488705303e+00,-1.24910995725226659e+00,-6.50278539793166244e-02,5.50123781098261003e-03,9.43119988446888304e-03,1.66315370748278401e-04
asteroid_3362,1.62874657555821914e-11,-3.08731227250997600e-03,-2.51542426158821009e+00,-1.25265494709702867e-02,1.08427464937663962e-02,-1.46457098170447443e-05,2.68647762247282117e-04
asteroid_3363,7.48241239661040473e-11,-1.61620346777769797e+00,-2.28872332234724496e+00,4.27785802283213029e-02,8.39365117661319479e-03,-5.92827574905380010e-03,-5.45793991749443674e-05
asteroid_3364,9.98322794615280560e-11,-1.20475723524975509e+00,2.54470843028054672e+00,3.59482815806736467e-02,-9.26567978453548408e-03,-4.38544601909875154e-03,-8.93868759330553107e-05
asteroid_3365,3.46643808967913392e-11,-2.10254459295517071e+00,-1.30765659111748356e+00,8.96656589746849531e-02,5.76402006450056278e-03,-9.28243753075710248e-03,-2.13363718605486473e-04
asteroid_3366,6.03167066218897422e-11,2.35049739453973983e+00,-8.34522386637592262e-01,1.03222056391388303e-01,3.64819198803691775e-03,9.98421990032103204e-03,-2.35425209714530377e-03
asteroid_3367,1.05801398597335656e-11,1.65791837451662394e+00,-2.41389369319753433e+00,-1.61420505242140022e-01,8.03305543854632501e-03,5.65698767154362327e-03,-2.08905707024558025e-03
asteroid_3368,6.21861308476469052e-11,-1.58742501931189950e+00,2.35108379297791448e+00,-4.78539515302096929e-01,-8.23320041704767545e-03,-5.80130157898632159e-03,-1.19061806033216489e-03
asteroid_3369,9.87524027655636818e-11,4.56083295799980092e-03,2.25819399997236081e+00,1.32132015249616153e-01,-1.13087504315411060e-02,1.22695997445739885e-04,-1.70658143028118762e-03
asteroid_3370,9.72861883380129373e-11,-7.30623733431610800e-01,-2.47868903848400546e+00,4.85022182248837030e-01,1.01896524939369456e-02,-2.92531406120486934e-03,3.99689038881604480e-04
asteroid_3371,4.11837011877966280e-11,1.42781615100253845e+00,2.77338106732929290e+00,-5.71408695146783607e-01,-8.51462480117119724e-03,4.51631233945525880e-03,6.44260979363126961e-04
asteroid_3372,8.20638393183833801e-11,2.00238954638856148e+00,-5.96379356693803264e-01,4.79214400909353189e-01,3.20066226369865748e-03,1.12850832114568100e-02,6.70301240790275622e-04
asteroid_3373,8.26617042256599151e-11,2.40751918702784362e+00,-1.91119276805815708e+00,-5.69473088234306313e-01,5.96033011482306231e-03,7.67033409143570190e-03,-5.44148508661321229e-04
asteroid_3374,3.27333895627619427e-11,1.80618570074461826e+00,-1.35335333994069673e+00,4.20581624727022707e-01,6.89167468108463355e-03,8.99945897729726753e-03,-6.37679781536622139e-04
asteroid_3375,8.22765361456960675e-11,-1.72893963258019112e+00,-2.06008752468199630e+00,-3.22263769827591362e-01,7.74708128040997590e-03,-6.78264522952051144e-03,1.79544526357310768e-03
asteroid_3376,1.62488340777318434e-11,1.87552988469033877e+00,-1.79781137231330823e+00,-2.41259084924062811e-01,7.24280242305368280e-03,7.71578471917099083e-03,-1.19138776138749116e-03
asteroid_3377,9.78881308600291474e-11,-1.97639498534142244e+00,7.36176644909508404e-01,-1.14483267825379237e-01,-4.13903893488703004e-03,-1.10880246531359795e-02,1.54005100998326076e-04
asteroid_3378,8.64183653595079488e-11,-1.15554226097448565e+00,-2.98238133903918445e+00,-1.93501960764245057e-02,8.96639233701138766e-03,-3.47541320732000633e-03,2.04763871715632869e-04
asteroid_3379,5.10642185796994318e-11,1.54917371161295403e+00,-2.12554576020719788e+00,-2.88022923093445848e-01,8.53770023891601594e-03,6.23938175419662400e-03,-1.23985500191830053e-04
asteroid_3380,3.85383524731768001e-11,-1.66933416646182198e+00,-2.78205269710978476e+00,6.57463722686902341e-02,8.18625901816149963e-03,-4.91496098523126323e-03,-1.22875078122624220e-04
asteroid_3381,9.45954037543782148e-11,-1.40508705573750237e+00,1.99944662682089991e+00,-3.91482626299573186e-02,-8.99915124299688687e-03,-6.31514484408646128e-03,4.54576182169907407e-04
asteroid_3382,7.12190128465973048e-12,3.13833002345829337e+00,8.46299852562919369e-02,1.94133445599822575e-02,-2.61758654083644679e-04,9.70489833715269465e-03,8.22320044843460353e-06
asteroid_3383,4.98439729446693252e-11,-1.71082560671587142e-01,3.19368258013382444e+00,-2.34779525241441439e-01,-9.58726111899655883e-03,-5.33608389123498375e-04,-2.72437022888320085e-04
asteroid_3384,4.86998205752585920e-11,2.53224631847099824e+00,1.02087166396255835e+00,-4.56590381308926430e-01,-4.09771578586330329e-03,9.28801854203776395e-03,-1.95919757749431558e-03
asteroid_3385,3.81386565384308244e-11,2.09184045704400701e+00,1.03006215055876837e+00,-2.32000539900645619e-01,-4.96186266652278926e-03,1.00828525521506548e-02,2.81883633091670916e-05
asteroid_3386,1.12716316531924925e-11,-2.43591642457132718e+00,1.61089266344333004e+00,1.05618556133378172e-01,-5.55892950695394909e-03,-8.37188840774393157e-03,-5.19549554843917998e-04
asteroid_3387,2.51456178703610447e-11,-2.68546473199287661e+00,-6.31026223814455389e-01,-3.02868722912352506e-02,2.36763221506319224e-03,-1.00238355337270504e-02,-1.08594002646348426e-03
asteroid_3388,9.83119932341072105e-11,2.66196219674637735e+00,-1.82242469013756136e+00,-2.18703646289715697e-01,5.37810107407827968e-03,7.90206726991609515e-03,-3.86919686896488907e-04
asteroid_3389,8.07970593386147041e-11,8.72122839780335668e-01,2.46809987643155893e+00,2.22886212203697504e-01,-9.93329293434396486e-03,3.36275653035981309e-03,1.63057490917108356e-03
asteroid_3390,8.38299328735042091e-11,1.76283845393208516e+00,-1.61248283139619453e+00,-3.99289220503988795e-01,7.47682186240113643e-03,8.13898184471604190e-03,1.41402771954676206e-04
asteroid_3391,5.09580642010411666e-11,2.23004362945018109e+00,-4.01581651640191550e-01,1.19004130730920692e-02,2.02555427885921973e-03,1.12465619728276244e-02,-5.55849069784414423e-05
asteroid_3392,6.61859248525710045e-11,-2.92740266924493664e+00,5.23033147687075387e-02,-2.48070805796983929e-01,-2.66179338879724372e-04,-9.97795829217932098e-03,1.03734017794929320e-03
asteroid_3393,5.05055430141501597e-11,-1.37660134810653112e+00,-2.96485006157106845e+00,-2.33724657183689982e-02,8.62952924661943878e-03,-4.00628636716486401e-03,-5.91812638703245381e-05
asteroid_3394,6.77391668837529553e-11,-1.23839828469952007e+00,1.69672813941238365e+00,-3.76155240419191905e-01,-9.52001968065410882e-03,-6.93016198216417616e-03,8.23468442692476939e-05
asteroid_3395,8.63482077487466974e-11,2.68559268624901604e+00,1.26625195514887001e+00,-3.39905756707978846e-01,-3.92310290257223086e-03,8.89273769648041279e-03,2.13173804192620100e-03
asteroid_3396,2.42670444085478975e-11,-1.85639114368688829e+00,-2.51217272366250999e+00,7.49517849792840307e-01,7.67293005012242152e-03,-5.75818897380888511e-03,-2.95664588350892047e-04
asteroid_3397,9.50898181989693424e-11,2.31869088794350003e-01,-2.17432660454580562e+00,-1.16156597110271306e-01,1.15593709101152430e-02,1.22700308788206854e-03,1.06367975903870661e-04
asteroid_3398,9.13620455553878360e-11,-2.09344894385216751e+00,7.47756050602984668e-01,-2.02650801956205356e-01,-3.98427204808411879e-03,-1.06223807807001702e-02,1.96357777350418278e-03
asteroid_3399,4.19349365086343316e-11,2.24284388425304959e+00,-1.82475977867319927e+00,-4.76283002812901091e-01,6.45215890005292145e-03,7.59791648197799888e-03,1.27405917825567641e-03
asteroid_3400,9.76816534380616789e-11,2.30200639106352467e+00,1.60133746535601995e+00,-6.45611124925739910e-01,-5.79330688465645380e-03,8.32297952138495375e-03,-1.29033446996307501e-05
asteroid_3401,8.82535895564289559e-11,-2.00561281629093502e+00,8.48212399747226065e-01,-1.47528695856767506e-01,-4.54012495095219501e-03,-1.07219273855797548e-02,7.63311265545454194e-05
asteroid_3402,4.01733868408499855e-12,-2.27560719311023529e+00,-2.09480801813610373e+00,2.26932269327853736e-01,6.53866153131717025e-03,-7.20062928915526316e-03,-9.01197335995099864e-04
asteroid_3403,4.22099554829801101e-12,1.65516063956845705e-01,2.71860881377058172e+00,1.56035824953659558e-01,-1.03947466223893014e-02,6.38457580095960894e-04,-9.75343816424408401e-05
asteroid_3404,7.07313850722245020e-11,2.57227951503641306e+00,1.88426522217504333e+00,-1.81002064667532166e-02,-5.69286344315237530e-03,7.77127025446717763e-03,-2.77203525572322712e-05
asteroid_3405,7.83693601067778392e-11,2.51159132037898258e+00,-1.86873367188014150e+00,-3.80614561748085389e-01,5.85385260505319385e-03,7.62674584316763889e-03,1.18263638564662459e-03
asteroid_3406,2.48762051019063984e-11,-5.75319797650593934e-01,-3.00441324974485813e+00,3.13353619519484039e-01,9.63249980803136327e-03,-1.79525316999780719e-03,4.72582477474499808e-04
asteroid_3407,4.98786775192708225e-11,-1.72547389433762044e+00,-2.10109216548879774e+00,-3.92478738709412869e-02,8.03971943451158369e-03,-6.61476817718879406e-03,6.60203700527598760e-04
asteroid_3408,5.39294491683716896e-11,2.22313439649839895e+00,-9.07703511830838528e-01,6.00441509014145308e-02,4.15021317607075241e-03,1.00041947116343583e-02,-2.42553170537568915e-03
asteroid_3409,4.45651201056499585e-11,-2.52544143444626012e+00,9.74710724385721261e-01,-2.92787954890073934e-02,-3.71947777434473168e-03,-9.67753463193497636e-03,-1.34819431161098922e-03
asteroid_3410,6.92155169410524307e-12,9.79418219443088822e-01,-1.97381989826000415e+00,-2.78386295611961876e-01,1.02164276828963247e-02,4.70330880477237440e-03,2.59592844590858822e-03
asteroid_3411,2.18974212500456623e-11,-2.70879450266426325e+00,-9.61056026986639944e-01,3.07344952505313851e-01,3.14909646368564684e-03,-9.44761362179694086e-03,-1.78766828021480239e-03
asteroid_3412,8.14529288071056088e-11,2.20883938907509814e+00,-3.60640775149431048e-01,-3.19468024497489733e-01,2.09765061424293988e-03,1.10653365849004738e-02,2.01197518593778909e-03
asteroid_3413,7.31795759868819886e-12,2.63911629079676446e+00,-4.23072546231425872e-01,-4.67606013447402047e-01,1.45692285031028489e-03,1.02840819461918961e-02,-1.08194482404154273e-03
asteroid_3414,6.22178438058876732e-11,8.08138126516936506e-01,2.00858173351536884e+00,-2.92573543475090382e-02,-1.08436586080012786e-02,4.35874354294535707e-03,-2.83049879457144215e-04
asteroid_3415,6.34194784144887875e-11,2.43393246138801800e+00,3.52561982561012177e-01,1.98722589173374632e-02,-1.57098274175995387e-03,1.08546362352062008e-02,-1.64358748876235709e-04
asteroid_3416,9.56494483670416658e-11,-1.71248385792886038e+00,1.61067017557608971e+00,3.61090672189235906e-01,-7.28307066530359520e-03,-8.19945237210515689e-03,2.03403881043448661e-03
asteroid_3417,9.87452494690523388e-11,-2.80432950840172124e+00,-4.71256130514780547e-01,-4.69570774760293339e-02,1.69489000624346462e-03,-1.00531628618645841e-02,-3.28287642994691640e-04
asteroid_3418,9.45048021689064842e-11,-2.95547831777969838e+00,-6.61029134510681793e-01,3.08223004601311967e-01,2.16569604899027098e-03,-9.61754420758213248e-03,1.40128385587362818e-04
asteroid_3419,5.41367303134462953e-11,-5.40062929470518593e-01,-2.09142210725744970e+00,-1.94476007655053046e-01,1.11766483864294951e-02,-3.02873103099425512e-03,1.53366767200409371e-03
asteroid_3420,4.18715446410588608e-12,-6.93934386300006034e-01,-3.03996074483956624e+00,-1.16696562398760764e-01,9.48273628341177177e-03,-2.17993462350027454e-03,3.98631266655044547e-04
asteroid_3421,2.77372881878929785e-11,-3.03320080143376547e+00,7.71375290863658525e-01,1.40955726855355734e-01,-2.40973037566675867e-03,-9.40790652827033780e-03,-3.70112468737040525e-04
asteroid_3422,4.75547993966455029e-11,9.18574225897665908e-01,-2.33225510860709218e+00,-1.43307103705262340e-01,1.00178369434098299e-02,4.01733659194878582e-03,-1.16761116356923025e-03
asteroid_3423,3.92159302693925041e-12,2.66468478681933929e+00,-1.08807854158691031e+00,-2.68873434225656238e-01,3.81042261377431430e-03,9.37114714600782543e-03,-1.59811063043414448e-04
asteroid_3424,3.71936225729019366e-12,-2.47637033330307421e+00,-6.62517108057704363e-01,-3.18199274670733501e-01,2.90547810087788501e-03,-1.02125056360538608e-02,-1.34846339137116513e-03
asteroid_3425,3.24090653418528262e-11,4.24354334803599909e-01,-2.24519530012039237e+00,1.94746405111455231e-02,1.11804174790755863e-02,2.11141269654325755e-03,-2.01531795360650840e-04
asteroid_3426,3.87405989609179296e-11,6.04990840286322551e-01,2.65550883245315372e+00,2.43257899202572792e-01,-1.00811573948857806e-02,2.38391841671900832e-03,-9.51699939912960366e-04
asteroid_3427,5.80886286778631959e-11,1.06728024263523791e+00,-1.92625079135357913e+00,8.03930497335277328e-02,1.01380051220119026e-02,5.60394228157426368e-03,-3.17120845153229085e-04
asteroid_3428,9.32864363751816280e-11,3.10608667643998348e+00,5.06683242483451313e-01,-2.10391315089277720e-01,-1.63486838128355815e-03,9.44530261957111580e-03,-1.38915591260082324e-03
asteroid_3429,3.91237814885205926e-11,-1.81253559178216817e+00,-2.64647201204798810e+00,-9.76199306351478585e-02,7.92252224661917602e-03,-5.42610439171988153e-03,1.84243579040512712e-06
asteroid_3430,4.81857693278085595e-12,-1.23078195242763333e+00,-2.82537509886525884e+00,1.59470619168615463e-01,8.97794527509614311e-03,-3.90981994887103831e-03,1.99728947000474826e-05
asteroid_3431,5.40089618998765768e-11,4.90688445334021839e-01,-2.72850802093288003e+00,1.23616805872648394e-01,9.93231213618081532e-03,1.88169155814607949e-03,2.10763986991280208e-03
asteroid_3432,3.58026651532311845e-11,-2.43459395110901911e+00,1.31937677258248787e+00,-3.66556593423661512e-03,-4.91677730977304640e-03,-9.07096869978763452e-03,6.35888166459897767e-04
asteroid_3433,9.01113465709907450e-11,-3.20141063959216909e+00,5.54396015364322814e-01,4.60485158115800819e-01,-1.77948791243081597e-03,-9.24489181794544562e-03,-1.24116996924959712e-03
asteroid_3434,4.31554919136315372e-11,7.30080025834160984e-01,-2.27719004252659074e+00,-1.71197954740593461e-01,1.05789011811415201e-02,3.39304508544202013e-03,-1.84817324033414808e-05
asteroid_3435,3.21865240792625118e-11,3.49694292001074325e-01,-2.16234478353017101e+00,-5.53610477904455667e-02,1.14513528018327319e-02,1.86859178039381463e-03,-6.51486556523018590e-04
asteroid_3436,7.23907868674946908e-11,1.59297228001522262e+00,-2.26619488940988267e+00,1.53954667337888762e-01,8.41801430848333754e-03,5.95595558570513519e-03,5.69600553254355924e-04
asteroid_3437,4.93303622819244605e-11,2.13709553400734453e+00,-1.27821636381496462e+00,-1.47407512006050984e-01,5.32993224837415361e-03,9.18865923972284754e-03,-2.40503480688714077e-03
asteroid_3438,5.55143569919829191e-11,-2.41578852167992020e+00,-5.75723165881911303e-01,1.29287893303148993e-01,2.56820386509869691e-03,-1.05563708205602506e-02,9.79907602841074933e-04
asteroid_3439,1.52152208705120362e-11,9.80674221593853424e-01,1.86565662252522668e+00,5.81886086492949886e-02,-1.04775739771349637e-02,5.48624796470080153e-03,6.81093034860306068e-04
asteroid_3440,3.75255188016470426e-11,9.89491512710915955e-01,2.63048761030605771e+00,-1.68553156773127571e-01,-9.54541889394661461e-03,3.50747458612343885e-03,-1.29776589627418290e-03
asteroid_3441,4.65194177475988688e-12,2.26641270546074169e+00,8.03215826044002879e-01,2.43588815296342243e-01,-3.69572363211503148e-03,1.04297279804232580e-02,-5.28587288099404182e-06
asteroid_3442,7.54903311695088687e-11,2.06580984687077907e+00,-9.68297565576262231e-01,4.49950425166788182e-01,4.91465051133132842e-03,1.01238436599821527e-02,-7.77508433005026146e-04
asteroid_3443,2.45657104632964495e-11,-9.92338198591129483e-01,-1.83605744090835699e+00,-5.10185196445751443e-01,1.04049624213145165e-02,-5.30818005639132912e-03,-1.13511363989288075e-03
asteroid_3444,1.20603709281209718e-11,-2.26568294329058295e+00,1.12650429724327572e+00,1.87682418794659828e-01,-4.85854402220330973e-03,-9.56337476292072955e-03,-1.25071679735325506e-03
asteroid_3445,5.89553079586017316e-11,2.47988546175087921e+00,1.93972544715069217e+00,2.00401208378197665e-01,-5.98550384654740909e-03,7.55280945123972935e-03,9.63004573768441881e-04
asteroid_3446,5.79471711756069281e-11,-2.37748914696352154e+00,7.82698925182092942e-01,-7.04885377300745880e-02,-3.41175210370781934e-03,-1.02800103221013222e-02,9.25690485673638739e-04
asteroid_3447,3.15865989744024684e-11,2.11175197705105466e+00,1.91801910363568018e+00,-5.98568702669665109e-01,-6.46940173533649184e-03,7.58252861388837313e-03,1.47295177050758754e-03
asteroid_3448,9.62354942825128933e-11,2.98739914985650890e+00,-8.02061350851364417e-04,3.50207845370174020e-01,5.92261280827000367e-05,9.90673624368536634e-03,-4.82531378618292770e-04
asteroid_3449,6.35557758446997635e-11,2.25437750761794753e+00,1.05986255350818359e+00,1.14532537575260010e-01,-4.63099183538195902e-03,9.85949548084136089e-03,-8.47464413603646289e-05
asteroid_3450,9.26401247251849358e-11,-3.01515967154250397e+00,3.66904362500229730e-01,5.45341438590090766e-01,-1.47445439802069739e-03,-9.52195673799661156e-03,-1.74581996591441965e-03
asteroid_3451,3.00665623740143396e-11,-2.71890189054544607e+00,1.08771513475225867e+00,-1.04144742182815872e-01,-3.53566865911039219e-03,-9.07495980014746788e-03,-2.47573631550789810e-03
asteroid_3452,5.51847878971624134e-11,9.54748813327240375e-01,-2.58274908211348464e+00,-3.11135675014679980e-01,9.69850185732286721e-03,3.56190896940139501e-03,1.93214802625796050e-04
asteroid_3453,4.13579376787653060e-11,9.64737107401464233e-01,1.86654429954232870e+00,1.72664021182584795e-02,-1.04948444861392379e-02,5.43428940195613951e-03,-1.07584619952210119e-03
asteroid_3454,4.13342023460283426e-11,7.90293856805967421e-01,1.95850833183483064e+00,-3.58205744436966456e-01,-1.08364053957563742e-02,4.49869520146554958e-03,6.88954390494920664e-04
asteroid_3455,4.78625452263801718e-12,6.33107629901925734e-02,3.27024398017652418e+00,-3.45360226381725033e-01,-9.31612507219384961e-03,-7.93606992035560420e-06,-1.78296116425218348e-03
asteroid_3456,2.19714424055201140e-11,-2.92906917816335133e+00,-7.97541067000541060e-01,1.35746409451242001e-01,2.52102767809625570e-03,-9.46410227746757350e-03,-1.20626217685773098e-03
asteroid_3457,8.69338516679896364e-11,4.68280288041997339e-01,-3.18191448631845120e+00,-2.39298730926925551e-01,9.47191866631549341e-03,1.36195002145114252e-03,4.25845544941880682e-04
asteroid_3458,8.49870315818545922e-11,-2.38644458616760913e+00,2.10433979813213545e+00,8.13753643743998500e-02,-6.37326730282136711e-03,-7.19985689883599882e-03,-7.18937953642952697e-04
asteroid_3459,1.05187500084444738e-11,-4.57040723939974136e-01,-2.06771753024791138e+00,1.71150300062379385e-01,1.15248684970782854e-02,-2.51972855370605599e-03,3.34485766209985684e-04
asteroid_3460,1.82462328882976900e-12,3.03664583659447063e+00,2.87391570899799331e-01,-3.21812359278511378e-03,-9.27901890254875859e-04,9.80102047215656268e-03,-3.04134340469489040e-04
asteroid_3461,1.02135565064108492e-11,-2.41824689653145652e+00,9.36070744510987263e-01,-5.02707502501750225e-01,-3.94336563256768476e-03,-9.79522833028423009e-03,7.30056792936083524e-04
asteroid_3462,6.38837520459480843e-11,2.36634473115879684e+00,1.92022488986789042e+00,-1.48808809880855760e-02,-6.20785358617685461e-03,7.64804009383631030e-03,-2.66427677633903270e-04
asteroid_3463,2.39898923444122207e-11,-9.53818270397757684e-01,1.86757845986517679e+00,-2.15160177580526080e-01,-1.05604708389600080e-02,-5.36560975027919936e-03,2.42018932705603086e-04
asteroid_3464,7.62647949649766420e-11,-1.45106674375647682e+00,-1.95898422239551873e+00,1.97269676347471473e-01,8.76321118878885079e-03,-6.26816134401314562e-03,2.21410181383166265e-03
asteroid_3465,5.92856184842823525e-13,-2.10645757737406569e+00,2.13809457446259055e+00,-3.03607395326253478e-02,-7.02640818027196797e-03,-6.93725952046142427e-03,-1.04365670165791581e-03
asteroid_3466,7.15801008012605004e-11,2.69854720861808106e+00,-1.40817217003680373e+00,2.17506127287456691e-01,4.57195849974705634e-03,8.71677976129087845e-03,-2.89275414927079970e-04
asteroid_3467,8.86402135589519223e-11,2.76271402414486289e+00,2.00289449096253874e-01,-6.43182288870041030e-01,-5.07229313477326662e-04,1.01412117556587879e-02,9.79268535230820754e-04
asteroid_3468,4.49019938289892946e-12,2.11050745503076165e+00,1.26475321734201751e+00,7.19471772240333068e-02,-5.63960196876419836e-03,9.40114625250827035e-03,1.70847966446823163e-04
asteroid_3469,8.67408199105455971e-11,-8.95255171514473258e-02,2.46660622215245739e+00,1.44132916193690397e-01,-1.06537861346768809e-02,-5.28637203306070859e-04,2.42938331406278947e-03
asteroid_3470,9.17877024457183683e-11,-2.33240811723236435e-01,-3.25167701746438320e+00,-2.35915876518318461e-02,9.50184147654995620e-03,-6.80555520202285767e-04,-1.38628851690750519e-04
asteroid_3471,5.35886566018895706e-11,-1.57373100850538239e+00,-2.09086473564906328e+00,-2.30372135264713063e-01,8.49811504486211108e-03,-6.32245744749173472e-03,-6.69976167760049854e-04
asteroid_3472,2.84600264650829779e-11,-2.58734503474173039e+00,-2.99464665024087306e-01,4.09103861982131445e-01,1.12521806503086555e-03,-1.05180209241840707e-02,-5.82855018924832041e-04
asteroid_3473,5.62857867658450966e-11,9.87961389456528005e-01,2.57598294831260688e+00,1.45959297827572138e-01,-9.64692426911703711e-03,3.65235333003741331e-03,8.38513252195910463e-04
asteroid_3474,3.10655618944750501e-11,-1.47484997180358857e+00,-2.12159151680882374e+00,1.97574012169004332e-01,8.76823685309621390e-03,-5.97908831754138774e-03,1.24839709484970995e-03
asteroid_3475,9.33216595234804253e-11,2.74601654063286205e+00,-2.82155368245065485e-01,1.22834149507149187e-01,1.04373970159693172e-03,1.02911242192398472e-02,3.05855164754182144e-04
asteroid_3476,5.43677383300765441e-11,-1.56807199282509524e+00,2.06363261696513689e+00,3.75096280795045811e-01,-8.49338318643786533e-03,-6.37860665439273031e-03,-4.13588628125699455e-04
asteroid_3477,7.98724563928205770e-11,1.07790300949382489e+00,2.89621873210661418e+00,-1.04231649011396477e-01,-9.16898485574573451e-03,3.40888322256232635e-03,-9.98250086355811017e-05
asteroid_3478,6.10009208385053845e-11,-1.47325221562422271e+00,2.75259419909589065e+00,6.59051161552723475e-01,-8.50157672147371438e-03,-4.52177747621100145e-03,-1.18880437756935071e-04
asteroid_3479,2.88478406091929815e-11,-1.18026265189942503e+00,-2.95413560013107901e+00,4.88889732487149731e-01,8.89812075230458563e-03,-3.57126851513130290e-03,-9.79604580703286612e-05
asteroid_3480,5.00179713462203589e-11,1.89563907509915852e+00,2.00071259810270963e+00,-3.41019022234501368e-01,-7.46613102636830943e-03,7.12240128973543486e-03,2.83820753131366736e-04
asteroid_3481,8.79903342258024552e-11,-7.28848320802205851e-01,-2.52754376576440887e+00,-1.56418195922822141e-02,1.01902269125148676e-02,-2.93762279781171207e-03,-1.38064819810239169e-04
asteroid_3482,3.82934663070495291e-11,2.17247551597313654e-01,-2.91892542666871035e+00,-3.36587655059291169e-01,9.97937911487284390e-03,6.69916971721681528e-04,6.31508593548174395e-04
asteroid_3483,3.41397702979543737e-11,-8.23038244403766162e-01,2.97025562808649690e+00,-3.83865772324293975e-01,-9.35012419309130469e-03,-2.69127479390281242e-03,-7.77001556226617320e-04
asteroid_3484,9.56434824615099251e-11,2.29283483525095377e+00,1.55227022339108656e+00,1.92879856070716005e-01,-5.78811517701488532e-03,8.55046572720482602e-03,-7.47219637632827248e-06
asteroid_3485,3.34127566458577162e-11,1.72192620350745651e+00,2.32590673140411974e+00,5.18260665090381156e-01,-8.07162484109264812e-03,5.95764670688273771e-03,8.06770467245564480e-05
asteroid_3486,8.59515126607792913e-11,1.54313214289734257e+00,-2.57209323820153957e+00,-3.36302576476176784e-02,8.51672064970377014e-03,5.10745663921957464e-03,1.65645489534184908e-04
asteroid_3487,1.78362892083530088e-11,2.81888557061910472e+00,7.12811719992571979e-01,1.53689705425127165e-01,-2.46395808606146008e-03,9.77438697126352569e-03,-1.41074468133371326e-04
asteroid_3488,7.91745789581207341e-11,1.58770380881776396e+00,-2.53725927903426252e+00,-1.17026043232259333e-01,8.23667567214385332e-03,5.24027149438041195e-03,-1.86732910966090323e-03
asteroid_3489,6.15340120179259948e-11,-2.09476535865047042e+00,1.06469000416528492e+00,-5.15082810719082670e-02,-5.07446971750183645e-03,-1.00011657300186352e-02,-3.55628349973205558e-04
asteroid_3490,1.20284559081051420e-11,-2.31820344558093083e+00,-1.37862992468130852e+00,6.91605739666139863e-02,5.35729189854046786e-03,-8.97748421592776090e-03,6.16885420410009716e-04
asteroid_3491,6.40387710800596845e-12,-1.05614624888658715e+00,-2.58842383473031479e+00,2.40451477304566064e-01,9.35639409192183004e-03,-3.95724783593505349e-03,-1.50264868085518157e-03
asteroid_3492,2.98377463788742936e-11,2.04753282737247089e+00,-4.37635217264671805e-01,-1.96423905787233344e-01,2.26545924562450212e-03,1.14780391965810784e-02,-1.95796943114514383e-03
asteroid_3493,6.57490265216464468e-11,1.18359782027411664e+00,2.89438069119111407e+00,-2.74786185170376313e-02,-9.00307986533168889e-03,3.68256947131300047e-03,9.94324869771219365e-05
asteroid_3494,3.60177715678411904e-11,1.43315689233433630e+00,2.44100573068122140e+00,-8.91230867921227604e-02,-8.81614327108289075e-03,5.17223989983106418e-03,-1.06024792832544720e-04
asteroid_3495,2.71225242099349972e-11,1.13595733572661106e+00,1.94004026794912243e+00,1.75229902187313047e-01,-9.80874496651577485e-03,5.83318878511400029e-03,-9.94723688762820524e-04
asteroid_3496,5.81905843669279325e-11,-2.94056705114847627e+00,-8.96427115412298803e-01,1.83290651578017605e-01,2.90878890329412249e-03,-9.25583948804617647e-03,1.39834362842793493e-03
asteroid_3497,9.52559529397993839e-11,-1.03355334749616182e-01,-2.95821021879415458e+00,5.17965747429111611e-02,9.92200742234604360e-03,-3.67179963171487421e-04,-1.17195241127235946e-03
asteroid_3498,1.21940546816613315e-11,2.63147588290675305e+00,1.46106678219747588e+00,-2.17816267684079190e-02,-4.73372893066587898e-03,8.55065016515779187e-03,1.67009588516767908e-03
asteroid_3499,6.44616853668563720e-11,-2.27550835477845048e+00,-1.08874059321683836e+00,-4.93886379786856566e-01,4.70580871933743653e-03,-9.63198831998627984e-03,-4.48221268174331161e-04
asteroid_3500,9.12410914242623994e-11,2.76448697165255641e+00,-1.45697360291862665e+00,-2.70833163354288857e-02,4.37932009795433726e-03,8.35387486214058880e-03,-2.39268337491536399e-03
asteroid_3501,5.41146349527288782e-11,1.78928207679462581e+00,1.86923251815281244e+00,-2.19046991561821919e-01,-7.72857485712897564e-03,7.35375323551356111e-03,-3.77662309549263138e-04
asteroid_3502,9.64189861437260413e-11,2.76654199550771107e+00,2.93563095905525040e-01,1.18846226009570247e-01,-1.08739274107511920e-03,1.02510724616044699e-02,-8.57313202219349158e-06
asteroid_3503,5.97934790069306552e-11,-7.34869420518840410e-01,1.96766579084917925e+00,3.86791291701742146e-02,-1.10987105144784125e-02,-4.12953122951224914e-03,-7.90235777853987519e-04
asteroid_3504,6.72634780262641219e-11,-2.84257233410312615e+00,4.22142622359354180e-01,-2.40613957394484913e-02,-1.49271010606602593e-03,-1.00295283816369471e-02,3.84227016077929575e-04
asteroid_3505,7.91300900601861680e-11,1.89896697477258458e+00,2.27289986872179162e+00,-1.32182565526105453e-02,-7.63281178464396588e-03,6.37109354383230079e-03,-1.02886672301051455e-03
asteroid_3506,1.99803609513045624e-11,-1.40249950928168388e+00,2.37332356831878055e+00,3.62883363193884201e-01,-8.59735749657119554e-03,-5.37246543088141810e-03,1.90917861577004876e-03
asteroid_3507,5.60236086485789343e-11,5.21560489187710696e-01,2.63410314735726203e+00,2.39151524664329262e-01,-1.02720160862325872e-02,2.05202191939297734e-03,-1.99704607807392698e-04
asteroid_3508,6.14302002560534231e-11,-4.62758788026158996e-01,-3.03521370046291628e+00,1.00238394937775824e-01,9.70139084972071811e-03,-1.47221144533921620e-03,2.08777514104459115e-04
asteroid_3509,1.20235650247171008e-11,-2.11952557527070384e+00,1.97633885101913043e+00,-3.38173947847084710e-01,-6.78818314541667928e-03,-7.40389838488972937e-03,-7.24136919127529302e-04
asteroid_3510,4.55566247028390217e-11,2.24542129615676389e+00,-7.63968923160715963e-01,-5.45230313220567142e-01,3.82329692858628589e-03,1.02497776568889008e-02,1.38363683660968229e-03
asteroid_3511,7.70701302928690563e-11,-2.35101664066444105e+00,2.23951543763787431e+00,-1.59888040448719376e-01,-6.57962547954019789e-03,-6.90890758827305152e-03,-2.37429228698946370e-05
asteroid_3512,4.08021622794919211e-12,8.66997519294832264e-01,-2.80612284130674183e+00,2.62570509989275058e-01,9.45880435448572150e-03,2.75224320881188329e-03,-1.81904425510466452e-03
asteroid_3513,4.13550658062528471e-11,-3.17363269784817126e+00,8.49310591356846833e-01,3.75873852768034075e-02,-2.37438064448268179e-03,-8.96209283723667892e-03,2.02696506711818030e-03
asteroid_3514,1.45803072066886140e-11,3.51456536283571430e-01,3.24475757059018033e+00,-1.07729054799740348e-01,-9.42026285546094730e-03,9.88893758663175054e-04,-9.47677897287368932e-04
asteroid_3515,1.75831022687609100e-11,-4.57500268168749058e-01,3.16890870096245214e+00,7.71042530909872847e-02,-9.39672352820858717e-03,-1.31927288498130484e-03,-1.53491156658079413e-03
asteroid_3516,5.12623257143595332e-11,2.41081379041297073e+00,-1.79333351558817777e+00,-1.03191160572990909e-01,5.85747299293052845e-03,7.93574953967300309e-03,-1.06762005455562437e-03
asteroid_3517,2.95788706632936838e-12,-2.15601390275337002e+00,1.83511163560918433e+00,-1.77577216838641708e-02,-6.60745824510547159e-03,-7.76965134682407969e-03,-6.98611741670096781e-04
asteroid_3518,4.25014225515654239e-11,7.37243750587410096e-01,2.18535271567925893e+00,-3.36280709911060890e-02,-1.06608095646493744e-02,3.61573344038857445e-03,1.25007662189004242e-03
asteroid_3519,2.58025906395959656e-12,-4.94451576177407925e-02,2.75083718200125471e+00,-6.38233247247164126e-02,-1.03672929921957060e-02,-1.88557729682867572e-04,-9.52500942747524040e-05
asteroid_3520,9.25567548096364366e-11,2.66761038953116847e+00,1.38916863333866591e+00,-2.55179836522136438e-01,-4.38942896007202873e-03,8.72628281177006797e-03,1.61843535674635066e-03
asteroid_3521,8.82965671802773037e-11,-1.36965316200938081e+00,-2.31846722471632827e+00,4.17780758850498812e-01,8.74187856104435834e-03,-5.44839697092663194e-03,-1.57639665625761323e-03
asteroid_3522,2.11717062518266482e-11,-1.90634514880097394e+00,2.49660000311148922e+00,6.54998501331530980e-02,-7.69951973467648734e-03,-5.85940446414960712e-03,-7.53480973928491731e-04
asteroid_3523,6.58977877669275395e-12,2.20788924349156845e+00,-3.16468969829424851e-01,-7.10870656529495326e-02,1.66915421718728872e-03,1.12718703274040828e-02,1.66149003629708432e-03
asteroid_3524,2.50710592316473175e-11,-1.37801577220512317e+00,2.15290324870754457e+00,7.06107474423646186e-02,-9.05569250028494428e-03,-5.77721929396988413e-03,-5.81963916784372171e-04
asteroid_3525,2.84890712154573757e-12,2.10518078086170624e+00,1.69971692206306746e+00,-8.87520377582405595e-02,-6.56604451413007016e-03,8.13573795173163500e-03,6.46830511717591896e-05
asteroid_3526,7.34815317502707805e-11,-6.43310362427113924e-01,-2.53819200041371795e+00,4.23800695561097340e-02,1.01576240680237330e-02,-2.54392605154179314e-03,1.82944642949769433e-03
asteroid_3527,5.73937040665472627e-11,1.11949599907988237e-01,2.22658906792017275e+00,6.34326884901063731e-02,-1.15019630055365370e-02,5.71550621648714481e-04,2.36972309673375275e-04
asteroid_3528,5.43885178554275211e-11,-2.23719757832308774e+00,2.42777439768890657e-01,-3.92085273446422966e-01,-1.43515505670721512e-03,-1.12226867568935816e-02,1.23980749122188467e-03
asteroid_3529,8.51987021529462389e-11,-6.47630186065492830e-01,3.03277966477754779e+00,1.57231463704347846e-01,-9.54003771676809227e-03,-2.01196240942887574e-03,-4.87038142146916330e-04
asteroid_3530,8.09331527528873170e-11,-2.05159448958272472e+00,1.65514432875511441e+00,-4.90528742163366227e-01,-6.72101873216949912e-03,-7.99338232724926614e-03,1.13877846651684036e-03
asteroid_3531,4.08940690310114183e-11,-1.97609486814788649e+00,-8.45310638749042220e-01,1.98691737981005340e-01,4.63134126635119693e-03,-1.07486760978884599e-02,3.32170082843534617e-04
asteroid_3532,6.10375858333754443e-11,1.44210093258576211e+00,-1.55081970834764826e+00,9.38653419521209981e-02,8.58987213380990426e-03,8.04893189308221110e-03,1.01187077152051566e-03
asteroid_3533,4.41863752450120212e-11,-2.45422098795113230e+00,9.10147718824285801e-01,-5.17266077887807763e-01,-3.61567521957885038e-03,-9.88798386221229238e-03,-2.43317611262210473e-04
asteroid_3534,6.24047298720300047e-11,-2.89588372918526904e-01,2.26505104782258160e+00,2.51118358667870856e-01,-1.12127862255649545e-02,-1.52931153317035985e-03,8.63641244154905231e-04
asteroid_3535,1.51609702189626182e-11,2.77376237134883752e+00,9.87974667950533791e-01,9.97741159422293467e-02,-3.34714640300664331e-03,9.43791657443995326e-03,-4.03248371000423781e-04
asteroid_3536,3.00150228233042041e-11,2.84659010837513948e+00,1.01778448223076978e+00,4.36264259639483731e-01,-3.04028341439156790e-03,9.21362431075687174e-03,-1.65735133821409892e-03
asteroid_3537,2.51958403436576787e-11,-9.05028337694608442e-01,2.19327117363217639e+00,-7.84384785718321570e-02,-1.02736250043213538e-02,-4.27226252638626160e-03,-9.21849669572893200e-04
asteroid_3538,1.67550267200824206e-11,-2.07174105257300134e+00,1.89908196138760421e+00,3.03052182207009455e-02,-6.92932630924148352e-03,-7.56335673941579013e-03,2.52912543916841790e-04
asteroid_3539,4.13896704400285453e-11,-2.27998208329479279e+00,7.25359033015202659e-02,1.38454970048852460e-01,-2.98055539177163452e-04,-1.13287169101280605e-02,1.02688567353325971e-03
asteroid_3540,7.26526747742132733e-11,-2.40494712328137883e+00,5.37460842662598415e-01,-1.16462355899170089e-02,-2.35550628459053673e-03,-1.05755854528864924e-02,-1.63958611467583280e-03
asteroid_3541,3.96117067175508977e-11,-2.99880161750908192e+00,9.53901951593611686e-01,-3.52601639435263625e-01,-3.02828248493955312e-03,-9.11456398616696147e-03,1.09703982205295106e-03
asteroid_3542,9.82637375762432089e-11,-2.39681300769011685e+00,1.31570891333248419e+00,-3.20551678140225893e-01,-5.09861357497238925e-03,-8.82549395962971099e-03,1.89873368925609089e-03
asteroid_3543,3.02160468563559953e-11,2.93675045168510929e+00,1.15792216831607075e+00,1.99254369190903724e-01,-3.59104588765901981e-03,8.89724766847858548e-03,1.22298608188250025e-03
asteroid_3544,9.48134969064550518e-11,-1.98843753399175349e+00,1.28402967469301510e+00,1.25273965848978486e-01,-6.04679290170929973e-03,-9.39143701706132705e-03,2.81094732212473124e-04
asteroid_3545,1.93634330002005680e-11,-2.16905164380319615e+00,1.23488061509817371e+00,2.11343232575262815e-02,-5.36912165152007501e-03,-9.44344944843945010e-03,7.39579845448793522e-04
asteroid_3546,3.20842508631996672e-11,1.37342402349345427e+00,-2.28377714904132167e+00,3.24543233276072818e-02,9.02595203991972059e-03,5.43155820681157000e-03,2.46782217511638011e-04
asteroid_3547,1.64165060834923564e-11,1.89253740364702305e+00,1.87188068329175716e+00,2.75418168389327700e-01,-7.17170544537198626e-03,7.50066290595239639e-03,-1.69787347350580870e-03
asteroid_3548,2.37986359623313571e-11,3.21590252540000110e+00,7.26558962338693326e-01,3.82477140515888672e-02,-2.08973743188377043e-03,9.23705466918049202e-03,2.38629401486830674e-04
asteroid_3549,1.57195859264802342e-11,5.50995966029403150e-01,2.16492172823358109e+00,-1.23217272918564977e-01,-1.10451814140945515e-02,2.71422825737481803e-03,-1.70234796213478666e-03
asteroid_3550,6.24864828453890620e-11,3.08848689358969752e-01,-3.10370942999774568e+00,1.43944462118222816e-01,9.58598907096068487e-03,8.86777509603482185e-04,-1.44722790195482239e-03
asteroid_3551,2.00695088974383953e-11,-2.69481303359302915e+00,1.60320897599342227e+00,6.94576840541634849e-02,-4.82524981790256012e-03,-8.19612281775044908e-03,1.97172669951126275e-03
asteroid_3552,8.52236388758359843e-12,-2.58538448705935586e+00,-9.76970662184509897e-01,1.08557634850621129e-02,3.65621217249586421e-03,-9.67773578403625413e-03,-1.98024322397059150e-04
asteroid_3553,2.66494086754791428e-11,1.93352112869086890e+00,1.60024279645517309e+00,1.22910661264550414e-01,-6.92590903953043367e-03,8.35113006213459783e-03,2.24193237987178629e-04
asteroid_3554,6.78432228206566590e-11,2.53911736149784018e+00,-7.95413749437517525e-01,-5.79066001055273061e-01,3.32018888743936804e-03,9.82409173686691825e-03,1.06400928941990805e-03
asteroid_3555,4.28688438412036058e-11,-3.32388011037918374e-01,-2.40524211604951299e+00,3.33975450528835149e-01,1.08764380627311540e-02,-1.41013949924816921e-03,6.69123138834888231e-04
asteroid_3556,1.56242468582798784e-11,2.96340854569062717e+00,-7.46524607912262606e-01,-1.34003916456398808e-01,2.34119030046298256e-03,9.48996293389249741e-03,-1.09390470608886330e-03
asteroid_3557,6.35438439365624156e-12,-2.88791836367515986e-01,-2.66462804787716712e+00,-3.08560941178830039e-01,1.03009648166417951e-02,-9.25635431762380362e-04,-1.64752029284743963e-03
asteroid_3558,7.29381770961946138e-11,1.21256773525092143e+00,-2.97188370033831495e+00,-9.04208300434845291e-02,8.62110897861636041e-03,3.58540177252881457e-03,-2.23088526496883956e-03
asteroid_3559,7.04139252234400593e-11,2.65794019378730306e+00,1.01688265430346680e+00,8.95548103948593799e-02,-3.61761665737977706e-03,9.51070843846600796e-03,-6.23815980439200099e-04
asteroid_3560,4.61578560639499619e-11,-5.35047337759006592e-01,-2.59833646554473541e+00,-5.87755475613680911e-01,1.02203080536894895e-02,-1.89498172406493302e-03,-9.26488178534074728e-04
asteroid_3561,5.27796216813313694e-11,1.64558235888265880e+00,2.45108929296296152e+00,7.81139154261542568e-02,-8.31173888441909432e-03,5.57688875808437078e-03,1.04956419202075982e-04
asteroid_3562,2.40568811225000476e-11,-1.81220868381309286e+00,-1.89173422091575572e+00,-6.72866411301572653e-01,7.63161566916495653e-03,-7.13602781546070382e-03,-4.91348894398757488e-04
asteroid_3563,4.85388294405943384e-11,1.36967292105115157e+00,-2.87264182205817420e+00,-1.36918809015512122e-01,8.69922767572435529e-03,4.14949729460179374e-03,-3.59547934090180521e-05
asteroid_3564,7.28633753680500045e-11,1.94666903553895243e+00,-1.26390389797955049e+00,4.02926246052630124e-02,6.12319506600525129e-03,9.45524195546926238e-03,7.61502399028700437e-04
asteroid_3565,7.71555464096740803e-11,3.00400776549621384e-01,-3.25402208932459613e+00,3.23111796623776620e-02,9.47301008155273377e-03,8.72318663738563317e-04,-2.21452268230459592e-04
asteroid_3566,3.40560821893377680e-11,1.79404355183151853e+00,2.47581007419787946e+00,3.24212308812575234e-01,-7.92238330045722493e-03,5.50918631845383373e-03,1.76859937724739699e-03
asteroid_3567,6.78882670793412117e-11,1.68523811207612506e+00,2.55983479989957718e+00,-6.49735031959412512e-01,-7.85624202695655617e-03,5.53734151099043604e-03,1.43911128575079463e-03
asteroid_3568,4.86535774885392851e-11,2.67146778219540515e+00,-7.82528898793148353e-02,1.91832772074449653e-01,2.84846378692884617e-04,1.05002254265239188e-02,3.16499937941377161e-04
asteroid_3569,7.39361879829293722e-11,5.54977824092933239e-02,3.10143831922456492e+00,-1.29620299805862343e-01,-9.73485100351189660e-03,1.43921021210354036e-04,-7.24427213921823542e-04
asteroid_3570,6.90811574242207124e-11,2.07689838160677809e+00,-1.32401778368413381e+00,-1.58525358940098698e-01,5.86188490706121296e-03,9.24055332861543725e-03,-3.79230565568610051e-04
asteroid_3571,7.50381663225282751e-11,-2.44783689958691753e+00,1.75555658664509129e+00,-1.11121747142699664e-01,-5.76854172507840213e-03,-8.05384155117048507e-03,-1.66711665141349710e-04
asteroid_3572,1.64966887677492096e-11,1.87384526704444210e+00,-1.19914984330019658e+00,4.43867280205125836e-01,6.02917401482134293e-03,9.67569129427141121e-03,6.86837081898542456e-04
asteroid_3573,3.22189861783072426e-11,4.94025372099683391e-01,2.41851350524914510e+00,6.12200938436404871e-03,-1.07259199704983123e-02,2.19139939447561896e-03,-1.71908654684210620e-04
asteroid_3574,2.65057245750471191e-11,-2.79563482922704443e-01,-2.54571889879393787e+00,6.19473909878421658e-01,1.05162248355699997e-02,-9.30696031704285852e-04,9.21204196315662414e-04
asteroid_3575,4.47124147227386922e-11,2.30574363943163707e+00,-8.24964450528765991e-01,4.32519253954092020e-01,3.32118532668596901e-03,1.02316572265411399e-02,1.81021199022838339e-03
asteroid_3576,4.64965968542628036e-11,8.98810431580958524e-01,2.40161393790227740e+00,-2.53574626605734023e-02,-1.00573060692191064e-02,3.76064103144984957e-03,-3.15634578530107955e-04
asteroid_3577,6.67340467834307792e-11,2.67155283654784748e-01,3.06022545256337963e+00,2.74735379389922096e-01,-9.71114182606431196e-03,7.54877081767628844e-04,1.03477313552874828e-03
asteroid_3578,5.69650173300957525e-11,-1.49435560651990640e+00,1.87919124505389856e+00,-1.84550539868821695e-01,-8.27966132064126767e-03,-6.85115719406150046e-03,-2.71945182787789157e-03
asteroid_3579,5.79916885515235169e-11,-2.93475200788662116e+00,1.02245136444363491e-01,5.85519503309680389e-01,-1.38642506122848891e-04,-9.88639238784510231e-03,1.03148428361718187e-03
asteroid_3580,6.33021541489022102e-11,-1.36912114450962030e+00,-1.69984125629470695e+00,-1.59311075976981242e-01,8.83023530837605264e-03,-7.29891834216945742e-03,1.99195599368485630e-03
asteroid_3581,2.72962416778044506e-11,-3.01412520858078059e+00,-1.68795512606539244e-01,-1.53490103242043228e-02,5.53425658797850658e-04,-9.88499704505444755e-03,2.92471023591523800e-05
asteroid_3582,2.26209006627727219e-11,1.88584881601545540e+00,2.39709858533159181e+00,-5.10189762673362926e-02,-7.74001226428571928e-03,6.09057059703905449e-03,6.28236336884114687e-05
asteroid_3583,2.15267035257398726e-11,-3.74576900903441035e-01,2.53085666662778053e+00,3.48395826343658510e-01,-1.04242949196324802e-02,-1.77296952180726179e-03,1.67175265848289677e-03
asteroid_3584,7.79470293734841800e-11,1.41931565185089759e-01,2.96232609743376418e+00,-8.60848836096494707e-02,-9.93239799044193933e-03,4.48597578062809386e-04,-9.38939296824042413e-04
asteroid_3585,9.73519831310532192e-12,-2.93849134295146408e+00,-1.14113487732873287e+00,-5.39764877656636832e-01,3.54446544389933798e-03,-8.93270742546830102e-03,-4.11210583165783419e-04
asteroid_3586,3.16161096567072761e-11,2.97851098995850094e+00,-5.51596807931672650e-01,4.39374616878949187e-01,1.59594067127937075e-03,9.62007747676651807e-03,1.25832758259851506e-03
asteroid_3587,2.80344946075401768e-11,2.41698598240509099e+00,-8.30666454718887337e-01,2.56023869659851300e-01,3.53267227783303798e-03,1.01227344703241958e-02,-5.06997342088046175e-04
asteroid_3588,5.91966561402486748e-11,2.19365528272088595e+00,-1.53879417460429857e+00,-8.97297511343743553e-02,6.02742180630940101e-03,8.60289914822476645e-03,-1.78373473642018653e-04
asteroid_3589,9.24199165394657332e-11,-5.65795210242549085e-01,2.98121080322015430e+00,-6.98092795798152116e-02,-9.65772613753603133e-03,-1.81015763642573347e-03,9.71700175343424713e-04
asteroid_3590,8.78606790978611972e-11,-6.50677759160166236e-01,2.35931009623434651e+00,-1.35025004178826846e-01,-1.02982211993420340e-02,-2.97803454012563829e-03,-2.40906094473158829e-03
asteroid_3591,1.05476782720190543e-11,-5.16002445021874201e-01,-3.01091659242545129e+00,2.45477705678223412e-01,9.67547293838442318e-03,-1.68446325456450964e-03,-3.22679688288064162e-04
asteroid_3592,5.40256206817863119e-11,-1.33897852874865719e-01,-2.49008690738030891e+00,2.29969406636417384e-03,1.08761644151345854e-02,-5.84672304170445940e-04,1.78377195399743305e-04
asteroid_3593,3.72936702847178789e-12,-2.37133314183155841e+00,1.90629513534837347e+00,3.87897540375194527e-01,-5.80057932058767461e-03,-7.64308872627062711e-03,2.10075287511533653e-03
asteroid_3594,7.92426932830666594e-11,-1.55928818166337613e+00,1.53125205914510265e+00,2.86724866042904980e-01,-8.18888879063145621e-03,-8.07757586166604410e-03,-1.39518014824204862e-03
asteroid_3595,3.74780735484423774e-11,-2.22674604369920037e-01,-2.13014635551553644e+00,2.22470928085053310e-01,1.16168616814958849e-02,-1.09667125489337010e-03,1.12693287296202426e-03
asteroid_3596,2.14943299579622517e-11,-2.67865283769615048e-01,3.22943596647806652e+00,-6.08760094325005441e-01,-9.36445411226906853e-03,-9.74720593394963800e-04,-1.05030797748824171e-03
asteroid_3597,4.84153511199280418e-11,2.13512698601975259e+00,2.30690570392022964e+00,-7.67595336411343570e-03,-7.08125433582970296e-03,6.55049662540076270e-03,-1.04211141895923370e-03
asteroid_3598,4.35159812469371510e-11,2.07624786832798680e+00,2.30108115035856242e+00,-6.13299384395458502e-01,-6.87011389736736852e-03,6.62558669435502935e-03,1.60109946765283609e-03
asteroid_3599,9.43134039320108418e-11,-3.07141355041462116e+00,-7.50587854877915905e-01,-7.14557139864361313e-01,2.33238272474506955e-03,-9.26061272280317635e-03,-2.97818684047305169e-04
asteroid_3600,3.32833941183322053e-12,3.64729682798017374e-01,-2.59371248016474620e+00,1.88139675759527114e-01,1.05123164226001604e-02,1.46603544906910794e-03,-1.68382312475988540e-04
asteroid_3601,9.49989155781236084e-11,3.38703773136314057e-01,2.42007863026333281e+00,5.12430289037304476e-02,-1.08448236429229787e-02,1.53985664167521625e-03,-1.04192641367158102e-03
asteroid_3602,2.34447806712787307e-11,-2.04658298146119311e+00,-9.48344050217258538e-01,-4.25792946808020850e-02,4.78978283814331281e-03,-1.03724328926317628e-02,7.97264934062648627e-04
asteroid_3603,1.45117658193590233e-11,-2.57621408487835435e+00,-7.39641584019819720e-01,3.37473860732835362e-01,3.01701829611307308e-03,-9.94554038018760460e-03,1.23372455319363940e-03
asteroid_3604,7.41849625185681768e-11,-2.31964477357133703e+00,2.62204204255607976e-01,-3.73185254440950132e-01,-1.34945060069307870e-03,-1.10903289199131613e-02,5.95723333293681650e-04
asteroid_3605,5.22624671573774881e-11,-2.19734242842676730e+00,-2.35251916096649039e+00,1.51274424385030665e-01,6.98439237399198481e-03,-6.44479793760997788e-03,1.22685023673117766e-03
asteroid_3606,8.95657842921771527e-11,1.02357963097031135e+00,-1.77654564948817439e+00,4.75782838598316715e-01,1.03586070926678115e-02,5.62788469143917468e-03,-1.27088476470354345e-03
asteroid_3607,5.42682836816448347e-11,-1.16590248213899517e+00,1.93252209800793584e+00,-2.59362567242967523e-01,-9.72974793489442616e-03,-5.94146674301693212e-03,-5.32376391269821542e-04
asteroid_3608,5.05517064671000306e-11,2.24885997371169655e+00,8.20663981398960907e-01,-9.41182568523013657e-02,-3.65081439496048191e-03,1.02591138416538337e-02,2.22183085018109192e-03
asteroid_3609,2.06241262398989400e-11,1.63667335460917895e+00,-1.66804414040524351e+00,-9.31210805803826952e-02,7.96869779417279725e-03,7.71411918114004672e-03,1.87566607988869267e-03
asteroid_3610,9.49778809992426670e-11,-1.38394062731235756e+00,1.92489327789597331e+00,2.86849897684916012e-02,-8.97738608561330330e-03,-6.47689744823881468e-03,1.50486470924198509e-03
asteroid_3611,6.64523769315667497e-11,-9.42111385539705415e-01,-2.72922144879745687e+00,5.48932801697481990e-03,9.56894650753313536e-03,-3.30336576153663188e-03,-1.09892729982033680e-04
asteroid_3612,6.01608564495729007e-11,-5.11041339080898216e-01,2.43988765990465417e+00,-3.01035540875602518e-02,-1.05019733126878751e-02,-2.22263461754606271e-03,-1.86145034425775919e-03
asteroid_3613,7.90076742763572252e-11,-1.80470311717411214e+00,-2.17471602925242991e+00,2.60896381444606584e-01,7.69557362546891520e-03,-6.55765932877783089e-03,-1.42900083274018967e-03
asteroid_3614,1.01360859804954762e-11,1.71983950417717857e-01,-3.16195384483355735e+00,-1.03221222834004936e-01,9.64998606428676096e-03,5.24045778269805590e-04,2.55195711757207248e-05
asteroid_3615,8.66426805123193984e-11,2.22351279505589350e+00,-1.73674157046585864e+00,9.71245080728469490e-02,6.22618376380354877e-03,7.85445723582408988e-03,-2.08842106188334656e-03
asteroid_3616,5.00532662561030366e-11,-2.61431465337987490e+00,-1.28287740132026507e+00,3.53059320449336689e-01,4.40217625817108937e-03,-9.02537028303385114e-03,-1.97614599340286394e-04
asteroid_3617,8.02232837460911766e-11,-2.29864208696848671e+00,1.06570764315710864e+00,1.58182901176823015e-01,-4.56881824990938799e-03,-9.76247903353737179e-03,-6.20353995403910151e-04
asteroid_3618,7.12659557235894896e-11,2.26113392355300569e+00,3.69531146746991446e-01,-5.04536672152562995e-02,-1.73813688694783933e-03,1.09658535298354769e-02,2.41933159312873215e-03
asteroid_3619,4.51314784121901903e-11,-2.37513792671635970e+00,7.08818948568423202e-01,1.73303101965628065e-01,-3.15710146265024260e-03,-1.04281334248093431e-02,-6.16797111622948389e-04
asteroid_3620,7.69732852897506118e-11,-1.94913035041437732e+00,2.57345949440738320e+00,4.32611529549237372e-01,-7.63636615714988112e-03,-5.63491404345430481e-03,-8.85436407300981107e-04
asteroid_3621,7.20719071777841312e-11,2.69687090236470883e+00,-8.49717543058260527e-01,-3.24918364400291537e-01,2.91708794977236195e-03,9.70138372265490559e-03,-1.15852586662712844e-03
asteroid_3622,3.82151067735711379e-13,-2.13844658647642838e+00,-1.15995013461707708e+00,3.34037537753138214e-02,5.25807321603629588e-03,-9.69412704641414193e-03,-1.78199196169288583e-05
asteroid_3623,7.09276513453061997e-11,1.57680992791436614e+00,2.09938745190903564e+00,-2.85732597098748320e-01,-8.47689589584690179e-03,6.33463580992185346e-03,-2.36580199076846955e-04
asteroid_3624,5.08837819701408755e-11,-2.66828089077996378e+00,-1.57653503660342342e+00,1.45045531972739422e-01,4.95112748676651993e-03,-8.41105202589011863e-03,-3.40026694270845350e-04
asteroid_3625,8.39486908197453039e-11,-2.56751746620530241e+00,1.34782010109481010e+00,1.16648337177732112e-01,-4.70278977796681312e-03,-8.92939701062484166e-03,-3.36688153433666840e-04
asteroid_3626,8.09663496684042230e-11,-1.05241303031774058e+00,2.52140713205726241e+00,4.72504730728355193e-01,-9.52708670396868948e-03,-3.99334841094811047e-03,8.97916426469625497e-05
asteroid_3627,1.70731449168652321e-11,2.97820936083759058e+00,-1.06285487073650264e+00,-9.41292576216223691e-03,3.25143560850836262e-03,9.11077658251586119e-03,2.41141827683054516e-06
asteroid_3628,2.18564917616247917e-12,-2.82766776738700720e+00,-3.26830456856353618e-02,6.73390101282735465e-01,3.48144707696789076e-04,-1.00361381670928083e-02,9.74807923175166364e-04
asteroid_3629,1.96405795718447733e-11,1.92620396334806943e+00,-2.10927509475078301e+00,-2.91411872247865078e-01,7.48139569061521351e-03,6.85926004526681617e-03,-1.96877192475641822e-04
asteroid_3630,7.41151158672432210e-11,-6.13261485394862253e-03,2.32460587654749373e+00,-1.20243600223974442e-01,-1.12555814365577263e-02,4.50507027233855570e-06,6.61146693785941066e-04
asteroid_3631,8.71364253688882447e-11,-2.10707486861547899e+00,7.17709727382719431e-01,-8.73265271787682373e-02,-3.51092448888449789e-03,-1.06374308918742895e-02,-2.71174037231173117e-03
asteroid_3632,7.00603958862730418e-11,-1.59397045203247067e+00,2.83611314124987368e+00,1.77188371109502307e-01,-8.22349438689906620e-03,-4.69019641309955174e-03,1.09443196440260821e-03
asteroid_3633,8.20605636490914903e-11,-2.14517336511118639e+00,1.77353053511222392e+00,4.44405220784362731e-01,-6.49078105996419609e-03,-7.92286218570813043e-03,2.87096904511623780e-04
asteroid_3634,5.87282152277150136e-11,-1.88876854381378689e+00,-1.78017399405124355e+00,-1.31908316880372634e-01,7.13834323296071768e-03,-7.71130730323950440e-03,1.85576295560025881e-03
asteroid_3635,5.06570024672300067e-11,2.71544773398934858e+00,6.83221072074115088e-01,-1.94471251305115056e-01,-2.59517722277235368e-03,9.68528171655625575e-03,-2.21050437155932179e-03
asteroid_3636,9.70366987203439053e-11,-2.87471379177848541e-01,-2.15403981145236756e+00,-6.71328184920405996e-02,1.15633218577085809e-02,-1.53806441589872324e-03,-1.64928244299464586e-04
asteroid_3637,8.06820994924189703e-12,2.92325362565768954e+00,9.88472169965590952e-01,6.57172445790730059e-02,-3.13603820352608689e-03,9.27557799538078487e-03,-1.84983428361407408e-05
asteroid_3638,4.21412132893174618e-11,-1.86125392772115705e+00,1.33822098920820820e+00,-5.60694849864490918e-01,-6.28380960697360463e-03,-9.20233014095037452e-03,-1.10396240015608296e-03
asteroid_3639,2.78129426985593628e-11,-2.58819263709695058e+00,1.64263993073735115e+00,2.92590380644720252e-03,-5.26480101727433512e-03,-8.29534093514951512e-03,-2.08378461117589820e-05
asteroid_3640,1.22138769222337338e-11,1.31354221049366227e-01,2.69615125315973536e+00,4.77481627338759318e-01,-1.03525720032777001e-02,6.15425967531747493e-04,-6.27097348035364380e-04
asteroid_3641,6.05616439898411763e-11,2.27286234661858177e+00,8.62516351529197700e-01,6.50679558775601324e-02,-3.82177870627095932e-03,1.02016472237290521e-02,-1.73219863582163374e-03
asteroid_3642,2.63324051985896540e-11,2.09060028556859434e+00,-3.22151528211473803e-01,2.98632183450432021e-01,1.84911138805352927e-03,1.16158771528161158e-02,-4.14155695435689647e-04
asteroid_3643,4.63018249732536557e-11,-1.77963648737468794e+00,-2.43290329588468879e+00,6.27787136057745943e-01,7.92698515166136673e-03,-5.76665273187890702e-03,1.23359605055972307e-04
asteroid_3644,1.36674949327005591e-11,2.01639855629981168e+00,-1.12454955518306199e+00,1.17146295265064440e-01,5.20629834491245867e-03,9.63211664248988901e-03,2.84959945750281338e-03
asteroid_3645,3.90047512408607873e-11,-2.16214270418072019e+00,5.05674128799912803e-03,-8.70446781228071537e-03,-2.79046461888799985e-05,-1.16978615492285051e-02,1.35650762138945857e-04
asteroid_3646,2.00334818800670033e-11,2.56674606901273439e+00,1.49088802906299001e+00,-4.81078904824355447e-01,-4.97098400453349978e-03,8.58422012172376306e-03,8.07712937906643796e-05
asteroid_3647,8.96947388898795564e-11,1.37337850949648788e+00,-2.07307214320683464e+00,-4.08490844836175038e-01,9.08479431973601217e-03,5.82136968938174858e-03,1.00061469852328667e-03
asteroid_3648,5.22443919658162192e-11,-1.86954265806845765e-01,2.55381906304767092e+00,-1.83238308449167359e-01,-1.06985075657667194e-02,-8.11039897755404249e-04,-3.88114937291139509e-04
asteroid_3649,7.99563630706933643e-11,-1.15067491372857278e+00,-2.05567408020403608e+00,4.39628256887393098e-01,9.73872470834267860e-03,-5.11523946317460690e-03,1.57142090912194615e-03
asteroid_3650,4.85777759703842303e-11,3.09632116413931646e+00,-3.27828333792399840e-01,3.29505072171465074e-01,9.64324334198431968e-04,9.65818110174305154e-03,5.47389367295234171e-04
asteroid_3651,4.24800725171841665e-12,1.54749237387335126e+00,1.90793646462368893e+00,-2.98260147592284384e-02,-8.51287583301007025e-03,6.91172347750401098e-03,4.53256156440836277e-04
asteroid_3652,6.94584104418315561e-11,4.45478104099340855e-01,-2.30671157916815206e+00,-1.16713411525343702e-01,1.07743334229569079e-02,1.95807151824638160e-03,2.42494310221798943e-03
asteroid_3653,4.79186497135216761e-12,-2.45781127326739934e+00,2.27850849656496213e-01,1.16538930443296718e-01,-1.10395193335498286e-03,-1.05662915187544493e-02,-2.62373273476677622e-03
asteroid_3654,3.95100924547831860e-11,-2.11534642585767196e+00,-1.00924329332695906e+00,-6.30651821585648427e-03,4.83609070343291730e-03,-1.01381335209347057e-02,2.91139764193041142e-04
asteroid_3655,5.46984660723505629e-11,-2.44016861672602081e+00,-2.93346983262761984e-01,3.40308611135864192e-01,1.49970070926743176e-03,-1.07096943732960231e-02,1.52175423194573882e-03
asteroid_3656,7.79850332660005173e-11,-8.96002121057803524e-01,-2.00629001123792206e+00,9.94186787987486609e-02,1.05776153906095693e-02,-4.74318069786431717e-03,-3.88561086997061351e-04
asteroid_3657,8.98609906628788293e-11,4.42788815550298864e-01,2.24702107709830390e+00,-3.92933233244209448e-03,-1.11524111116197977e-02,2.19765647034914123e-03,4.45430683417180949e-06
asteroid_3658,2.04893299682330748e-11,1.17536446450515508e+00,-2.31728846360133778e+00,-1.05369631421323232e-01,9.48847909334892339e-03,4.83929749500950582e-03,-5.84865940657468644e-04
asteroid_3659,6.63605791331108434e-11,-4.00755806737012887e-01,3.10777451703902408e+00,3.70716191849308818e-01,-9.40268383406145727e-03,-1.43002722966308320e-03,1.82355681372900241e-03
asteroid_3660,4.70281700688409254e-11,-1.67341417919805813e+00,1.37894295808239997e+00,-4.09032688738489303e-02,-7.41917149418467280e-03,-9.01453527609684738e-03,-3.71196814007260863e-04
asteroid_3661,7.67538957102533850e-11,-2.34877874202328174e+00,-1.55023528484455941e-01,7.88581840761224395e-02,7.35573604783531306e-04,-1.11845593004587969e-02,-7.82442718413509076e-05
asteroid_3662,9.39849767955320730e-11,-3.12757812316630535e+00,-1.56514934292431018e-01,-6.08237331146962767e-01,4.34861660432158054e-04,-9.61851261100993109e-03,2.39013697593349809e-04
asteroid_3663,5.33013817414487529e-11,-2.00176685526364428e+00,2.44055004259786656e+00,-2.70149065566107183e-01,-7.42434067685893324e-03,-6.15721785209563319e-03,-6.11511284513583395e-04
asteroid_3664,2.86842337758928318e-11,1.73700694268257116e+00,-2.33910241666016239e+00,-1.03052954671417618e-01,8.09087777988483532e-03,6.00108037469270720e-03,1.62724776732411187e-04
asteroid_3665,7.98529346339599729e-11,1.27649077154010915e-01,2.38258936175840486e+00,1.10598383772296444e-01,-1.11052156338662285e-02,6.14829423743800687e-04,-4.27813820011376325e-04
asteroid_3666,5.26783206937291139e-11,-2.46437879269535820e+00,-6.45996728166555623e-01,-5.37733695580959181e-01,2.69915867128876861e-03,-1.03131780318802303e-02,1.95819567130279740e-05
asteroid_3667,8.82290167418342392e-11,2.32276033209542865e+00,-1.14833196520133254e-01,3.61104130156120529e-01,4.60084978680564685e-04,1.11877176728834571e-02,5.98315627617989785e-04
asteroid_3668,5.66116532122116448e-11,2.09737790433588644e+00,-7.53553701536747944e-01,3.39203829625664588e-01,3.63008424550133324e-03,1.07665720786478455e-02,1.47265953891572376e-03
asteroid_3669,9.37129241310468640e-11,4.02915225220657425e-01,-2.52329896288598743e+00,6.12194127186700965e-02,1.06243237404963844e-02,1.69882552746872988e-03,9.70753981930256053e-05
asteroid_3670,1.76348651404629076e-12,-1.35157696359623425e+00,2.42517719205806248e+00,2.85232778969502054e-01,-9.00875152220394909e-03,-4.94533169452330765e-03,-6.40583442456050438e-04
asteroid_3671,7.38984933388032016e-11,-2.47924201362285102e+00,-2.45212204452386590e-01,4.51491862015666545e-01,8.52320255009682043e-04,-1.07166424193682799e-02,-1.14009436272330270e-03
asteroid_3672,3.46603304546176468e-11,2.58373590264697661e+00,1.16193736718771601e+00,-6.29473948562605471e-03,-4.18020027819569848e-03,9.29912794762663940e-03,7.10228848725208525e-04
asteroid_3673,6.68653512080690070e-11,1.89816279351586603e+00,1.55652054438555631e+00,6.10734049103799359e-02,-6.94838955737471856e-03,8.48927782090369738e-03,-4.02152174198003212e-04
asteroid_3674,9.42352533997053774e-11,-2.41997024641313807e+00,-6.37270273422156253e-01,2.50917100010046912e-01,2.76419742473385174e-03,-1.04888882622027266e-02,2.00019541081965634e-05
asteroid_3675,6.53945786044249573e-11,-2.58500315048648011e+00,1.59688748264847513e+00,-2.50880829676659423e-01,-5.19543363574883395e-03,-8.36573548270039789e-03,2.83298015130533623e-04
asteroid_3676,7.45010877441178515e-11,-1.84124744523177064e+00,2.56041975909984432e+00,-4.04189325815345266e-02,-7.85871227863983723e-03,-5.64419387395198504e-03,4.53460436225376498e-04
asteroid_3677,1.58134645591150293e-11,2.35692288721653176e+00,5.30539879493957867e-01,-5.88073361426272756e-01,-2.57502304975031982e-03,1.05719931040803832e-02,-7.82669040645854247e-04
asteroid_3678,1.70600995053012775e-11,-2.76136853622595702e+00,-2.74448123356754003e-01,-2.45579562702644277e-01,1.09700672405294670e-03,-1.02055312596320748e-02,-9.29845086660972993e-04
asteroid_3679,5.73469043807895292e-11,2.39025779263688065e+00,-3.17203737693653343e-01,-3.30766251676786915e-01,1.56801257644626694e-03,1.08773342314225467e-02,8.99799190347252455e-04
asteroid_3680,4.30661412780823036e-11,-9.36076326124946956e-01,-1.95106244223739944e+00,4.38786203271952346e-03,1.05374697663324305e-02,-5.05647538609345880e-03,-3.69936513849168582e-04
asteroid_3681,1.11239428922493266e-11,2.41680179391414285e+00,-1.68770794088198395e+00,4.72752605700181072e-01,5.68031713572291538e-03,8.17505873437064136e-03,1.45765245345402805e-04
asteroid_3682,7.28362515970697887e-11,-1.58833590528351443e+00,1.66114170004359019e+00,-1.78223498213050002e-01,-8.05245199971328825e-03,-7.84845249015651662e-03,-1.38810582203676325e-03
asteroid_3683,6.98986710991379204e-11,2.17486618598659209e+00,1.29958875808867758e+00,6.30547470636493079e-01,-5.44905643791560382e-03,9.14570679497080617e-03,-5.50143245029299715e-05
asteroid_3684,9.16666221839128463e-12,2.44947721219580128e+00,-1.06279096148944507e+00,-2.77188051537110625e-01,4.14627448529115115e-03,9.64033391705625478e-03,-3.22722733039591922e-04
asteroid_3685,4.87519213047294557e-12,1.30537690106924864e+00,1.86159065563333570e+00,4.68199768697442398e-01,-9.20677122192291655e-03,6.52876826559740855e-03,-2.89593285963236316e-04
asteroid_3686,3.78875440691353374e-11,1.71570044490004725e+00,-1.38782029896068804e+00,1.72512020318114273e-01,7.28184259335633560e-03,8.97931230414772061e-03,-1.84269424537995911e-04
asteroid_3687,6.32970898120196944e-11,2.49393597134594724e+00,-7.49713382303155429e-02,3.36230675698603598e-01,2.22081784587477158e-04,1.08122277410690991e-02,7.63610968279498535e-04
asteroid_3688,8.93578161292997890e-11,-7.21056169907632216e-01,3.06770204637002575e+00,7.64633831441009049e-01,-9.26411523724250674e-03,-2.28780179325438048e-03,4.42495189715606666e-04
asteroid_3689,4.34562122560186247e-11,-1.48538554465920103e+00,-2.37872782571355312e+00,4.36407231718935862e-01,8.60279535553958377e-03,-5.47281426033417468e-03,-5.49641902803097273e-04
asteroid_3690,8.41945768275504566e-12,1.32228863156897325e+00,-2.14513199066524507e+00,4.37894149714694703e-01,9.20200095201258346e-03,5.51771250371392227e-03,-7.56985768681127922e-04
asteroid_3691,8.40482008212329300e-11,-7.08094563540944466e-01,1.96800262942045734e+00,-4.83589196758524520e-01,-1.10139833405252085e-02,-4.05086891669582169e-03,-3.58111707828369472e-04
asteroid_3692,1.24987365359261065e-11,1.83309438355621834e+00,-2.03505746857471115e+00,-6.72722644609867082e-01,7.65145359476678867e-03,6.80491678524756168e-03,2.63763803972256745e-04
asteroid_3693,6.37427551130876340e-11,6.88789352364921115e-01,2.09818412091307716e+00,-1.02115881521878199e-01,-1.09925899916151638e-02,3.59234865038691922e-03,-3.34620292192647619e-04
asteroid_3694,4.13512048248657040e-11,-3.67136183234860886e-02,2.74983689528501918e+00,-7.30830831306676920e-02,-1.03602147174607900e-02,-1.50401142453501156e-04,-4.54518888674216627e-04
asteroid_3695,9.09579176565243549e-11,1.56746928459525048e+00,2.52757398794713684e+00,-4.10437468215118006e-01,-8.39696488434756548e-03,5.27831110207851138e-03,4.36941838293663750e-04
asteroid_3696,7.04940419616650649e-11,1.53796181570456247e+00,-2.03501900285517623e+00,5.44621533687748016e-01,8.60267540528022838e-03,6.07100506677941097e-03,-1.60841163030074402e-03
asteroid_3697,2.42581789212840718e-14,-2.39201609817263083e+00,-4.77307849779532445e-01,3.13946120768847203e-01,2.15879786727539652e-03,-1.07542564603234081e-02,9.80684968920158249e-05
asteroid_3698,3.72824662416679064e-11,-5.30709407517557685e-01,-2.08458197615890706e+00,-1.57845590281571496e-01,1.13290276277006486e-02,-2.92517025947855403e-03,5.40627456907655170e-04
asteroid_3699,1.80391046918577543e-11,-2.12244076821551486e+00,5.17780844435730258e-03,-1.76019727846997570e-01,-1.39266133409938618e-04,-1.17107757553162311e-02,1.33478200687463765e-03
asteroid_3700,2.83603148430071883e-11,-1.58234712543387945e+00,2.08280021293988371e+00,-4.17571968373919647e-02,-8.46919268526633191e-03,-6.43306754846678132e-03,5.76724650107192000e-05
asteroid_3701,3.99015866147130008e-11,1.14450156138215919e+00,-2.94341065503579591e+00,-1.10183596928287081e-01,9.01861235520160301e-03,3.49567724225680575e-03,2.95890509229410363e-04
asteroid_3702,5.41430962687993035e-11,1.98092974283376444e+00,1.34170902935231640e+00,3.98321631040313637e-02,-6.22691953862635015e-03,9.20520114594867468e-03,-3.91928858726889827e-04
asteroid_3703,7.98401846536297403e-11,2.06126829400086953e+00,1.87846976492425122e+00,-1.73583901062578302e-02,-6.93805763391968765e-03,7.61358171644916336e-03,3.94526437243574297e-05
asteroid_3704,8.65195922238922066e-12,2.56082062779127417e+00,1.38913429004496503e+00,2.13822783319513959e-01,-4.61382464728129008e-03,8.77361161866831163e-03,-1.74231862234547146e-03
asteroid_3705,4.41159257039734676e-11,1.21301549900135891e-01,-2.16238498413426816e+00,-1.76884254225364523e-01,1.16488832567907888e-02,6.29749069264570619e-04,2.89837344362530987e-04
asteroid_3706,8.50733146561351426e-11,-2.01433714440183609e+00,-1.07549022622748081e+00,-3.38487831934054031e-02,5.36286777826019447e-03,-1.00294885368431824e-02,-4.72893537661315969e-04
asteroid_3707,4.32237018723805831e-11,1.23622893403453094e+00,2.16842429267214687e+00,-8.56794047352593680e-02,-9.40068892463594673e-03,5.30379786938531272e-03,-1.40663331482547994e-03
asteroid_3708,5.19343076083804775e-11,-2.23426737916818885e+00,1.83908208170372944e+00,2.44319000874504699e-01,-6.40915902280845152e-03,-7.79802565754049611e-03,8.77309043077236628e-05
asteroid_3709,7.78628102168540021e-11,-1.59951701908486132e+00,2.08273387143595823e+00,-6.37536424718730954e-02,-8.35996129812789646e-03,-6.45278411383921110e-03,-1.05925969234218608e-03
asteroid_3710,7.12923134085085909e-11,-6.91919683971145227e-01,-2.89761700954188894e+00,1.07828633344670563e-01,9.67021680677339519e-03,-2.28164759961768009e-03,7.38880387993273604e-04
asteroid_3711,5.10046739505575101e-11,2.97262996304064764e+00,1.01493110523134078e+00,2.17211777933559811e-03,-3.13611804662916127e-03,9.18535452004527742e-03,7.57696993495835175e-06
asteroid_3712,9.67096362083307796e-11,-2.97246510554007015e+00,-8.63827228611878384e-02,-4.66230146890450448e-01,1.46691918603045418e-04,-9.87356054686072682e-03,8.94125868609483014e-04
asteroid_3713,3.63099301047361609e-12,-9.50980307317887408e-01,3.14889466108837279e+00,9.37192761797347312e-02,-9.07815822667205549e-03,-2.74014001236196764e-03,-5.05493097352440989e-05
asteroid_3714,5.46048070177432359e-12,-1.70191576430829361e+00,-2.47317192019867926e+00,1.35390053006359701e-01,8.17831447253238204e-03,-5.60864658653877600e-03,3.51983599012385857e-04
asteroid_3715,4.27419749000653912e-11,1.73120703371822460e+00,2.59412168587936609e+00,1.55497703756675931e-01,-8.09694220086940725e-03,5.40404390968970711e-03,-8.13007385188350830e-06
asteroid_3716,1.57933532671179565e-11,-3.08701509148258690e+00,4.16804132166277638e-02,2.67222045405366704e-01,-1.39043500575362943e-04,-9.77062907445064820e-03,-8.22743774970434905e-05
asteroid_3717,2.16586702071612264e-11,3.71154506927046435e-01,2.95140350532768414e+00,9.96793004731273136e-02,-9.89104875369847987e-03,1.23535686099360991e-03,2.51514137681455637e-04
asteroid_3718,1.50167525940407611e-11,-2.83438937583016415e+00,1.12633327144820283e+00,-2.72850589797854537e-01,-3.61585097284979323e-03,-9.13962911351976805e-03,-1.66900050526102472e-04
asteroid_3719,6.92399709552748621e-11,2.88469230191239090e+00,-1.43126451752916384e+00,9.41637568213629650e-02,4.26703959860187838e-03,8.56450771586969410e-03,-5.41825007151421826e-04
asteroid_3720,4.21326380666647718e-11,-1.42802620745215192e+00,-2.25614639709305287e+00,-2.78123936181598128e-02,8.89502819598110041e-03,-5.62852109965717579e-03,-1.28208308211009547e-04
asteroid_3721,8.34191315722015461e-11,-1.46352768159661872e+00,2.45359601018359763e+00,2.27136109810320147e-01,-8.44030838826603617e-03,-5.23353082144596606e-03,2.15001205946969542e-03
asteroid_3722,2.50459249683905919e-11,3.93142015190450431e-02,-2.71586914056161399e+00,9.81835113436712037e-02,1.04069994900294338e-02,1.23759030265827854e-04,-7.43806602507802181e-04
asteroid_3723,6.23464057926532236e-11,-1.40021026884676481e+00,-2.78954512815154088e+00,3.96101116213356044e-03,8.69952683997365396e-03,-4.36637714681007393e-03,2.42543593936691778e-04
asteroid_3724,2.13520484396255306e-11,-7.01477411050996702e-01,-2.49682071454023191e+00,3.54697834452398997e-01,1.02401909184578043e-02,-2.85755171755989112e-03,1.36646712120423698e-04
asteroid_3725,1.45827304601648411e-12,-1.42188217753404578e+00,-2.73475351500243224e+00,9.16954862548125804e-02,8.69239535016567977e-03,-4.51532729161292258e-03,1.22741552667721018e-04
asteroid_3726,6.88949489932051132e-11,2.77241826916493750e+00,-1.21372024120111388e+00,4.46587859199580495e-01,3.72182037488931992e-03,9.00159100871643358e-03,1.35912877140797594e-03
asteroid_3727,1.45605379457523836e-11,8.58419337671371352e-01,3.13892256919834622e+00,-2.26077835164488622e-02,-9.19677426921295012e-03,2.51609419897875488e-03,1.38712868967311067e-04
asteroid_3728,6.93841274241308441e-11,2.25731920247306217e+00,7.86577197798020822e-01,1.98975463851854467e-01,-3.56296789926495439e-03,1.04738274247146556e-02,-9.83628661330568929e-04
asteroid_3729,6.90702365582187466e-11,2.27202936820431622e+00,-1.88112126706523997e+00,-1.04277709623869994e-01,6.12944794243314769e-03,7.53751716569899324e-03,-2.42331852214190983e-03
asteroid_3730,6.68177199833491876e-11,-1.05186906154684290e+00,2.81725822864613695e+00,-8.07271946296546361e-02,-9.28967939367401560e-03,-3.45941643922303066e-03,3.15344987484257025e-04
asteroid_3731,5.92000571829743423e-11,1.40185866642380641e+00,-2.89782598140872194e+00,1.69025275471182901e-01,8.62590760154943216e-03,4.16997184837346584e-03,-4.99958542882083146e-05
asteroid_3732,8.84933782065604224e-11,2.79134505247764908e+00,-1.45915906090004133e+00,4.94363726482529076e-01,4.43304408390344899e-03,8.55085929911021669e-03,2.08162832841820455e-04
asteroid_3733,7.57290979046422209e-12,-2.45094067892534584e+00,-1.22375347740621665e+00,-5.19181581111521684e-01,4.83167342614931102e-03,-8.92365861870962444e-03,-1.77546106244104570e-03
asteroid_3734,9.31825820243828539e-11,-1.99467147387832555e+00,-1.94497909653933476e+00,2.24224433009366120e-01,7.13365880542101392e-03,-7.38839029496816697e-03,-6.28651192651505787e-04
asteroid_3735,6.60627566775518296e-12,-2.27235811251197051e+00,2.39689488251181720e-01,2.69045907282884966e-01,-1.34265680931213338e-03,-1.11757873729311438e-02,-1.38369819670422349e-03
asteroid_3736,4.95373830468489629e-11,2.78283618873908045e+00,1.71359321770868367e+00,-1.09673704651121071e-01,-4.99263431985705157e-03,8.09480376576283446e-03,-2.04995635157420093e-04
asteroid_3737,9.23240657214178018e-11,-2.39920869104449919e+00,1.18326721309050545e-01,-1.36869576292834610e-01,-6.38656189613573573e-04,-1.09335716116194560e-02,1.74279636256969867e-03
asteroid_3738,2.69002388263893793e-11,1.55187556912790803e+00,-2.52885389814435602e+00,-1.24900140516537125e-01,8.48564487805253224e-03,5.23250465047821450e-03,-5.09005094888527790e-04
asteroid_3739,8.37920771253543161e-11,-2.71493549402863810e+00,-1.32797980319064091e+00,-4.45352537804872106e-01,4.40041143189005401e-03,-8.77965402437966280e-03,-6.45847810383624529e-04
asteroid_3740,5.93229822196074547e-11,1.69218758368179811e+00,-2.01246347901924993e+00,2.33342122622505303e-02,8.11629115829244109e-03,6.82725223183567285e-03,2.27505216523591264e-04
asteroid_3741,8.61199624547383021e-11,-2.34636896671006800e+00,1.81791138980493844e-01,-1.22072364334275089e-02,-8.65961512309658074e-04,-1.10738355195901719e-02,1.53515883483977631e-03
asteroid_3742,4.86625108906317063e-12,2.30471537170453011e+00,3.13239663316829009e-01,-6.28091061840740511e-02,-1.53326772487762824e-03,1.11547892654431484e-02,-6.30852164496487392e-04
asteroid_3743,5.55985755894670236e-11,-4.30864821467201342e-01,-3.05512676457902632e+00,-5.13477144463077684e-01,9.62397354400364342e-03,-1.24682132919922144e-03,-6.57155694262697766e-04
asteroid_3744,1.88732206621685649e-11,2.51039384775466390e+00,-9.82550410683702080e-01,3.03950760225278782e-01,3.93180467496221948e-03,9.53203786176048083e-03,-1.66036943121569431e-03
asteroid_3745,1.81667388060272914e-12,-8.88337824328148895e-01,-2.00485058103392522e+00,2.59653576584879475e-01,1.04994386401935143e-02,-4.37307487577462840e-03,2.15551343469294393e-03
asteroid_3746,6.88985446297217715e-11,-1.77448412848738979e+00,2.36196146439165089e+00,1.90920486649919924e-01,-7.83770199916264745e-03,-5.68731646846705203e-03,-2.48614213873841593e-03
asteroid_3747,7.49709028559064024e-11,2.05658030448037499e+00,1.22878844204129933e+00,-1.46770985617539457e-01,-5.72481591477096412e-03,9.44453707366158489e-03,-1.14604163650008158e-03
asteroid_3748,7.36322547819358147e-11,1.75797962196057744e+00,2.61582204952002328e+00,-5.45627781219986709e-03,-7.91702303266362921e-03,5.32421499302493124e-03,1.69232899099694997e-03
asteroid_3749,7.27002617644235120e-11,1.66454962017365582e+00,1.82688421913475829e+00,-3.51682577536317504e-03,-8.08813568976110217e-03,7.36953135643577274e-03,5.04281979769907911e-05
asteroid_3750,7.99961832599867652e-11,2.28614445227394381e+00,-1.31902647920675381e-01,-4.82976523463923557e-01,9.08309204056197334e-04,1.11370274370809069e-02,1.25787198625945370e-03
asteroid_3751,4.69642804430284694e-11,1.80190402689330553e+00,-1.26286166854222714e+00,-7.98637298565095244e-02,6.62539470871085275e-03,9.33876439577313588e-03,1.81256020317312021e-03
asteroid_3752,3.47641152581874987e-11,2.25606162406277821e+00,-1.49554838645464772e+00,1.96046449234812042e-01,5.69714769433459726e-03,8.70795284491693820e-03,8.67389067215309801e-04
asteroid_3753,7.70986021042750001e-11,1.56447231373735618e+00,-2.12703205421461572e+00,4.93473375273847381e-02,8.46051168928779046e-03,6.25034914071183247e-03,1.18459631894813505e-03
asteroid_3754,6.66493932249417274e-11,-2.56306134896985993e+00,1.53896225932109387e+00,-2.67883568414574502e-01,-4.89687934603049574e-03,-8.45930947780156907e-03,-1.74536962696679194e-03
asteroid_3755,2.00086365634916392e-11,-2.04268363255643370e+00,-1.69908312709716003e+00,-5.46731757884716049e-02,6.62532124049823156e-03,-7.89196911939281896e-03,-2.27394304920317761e-03
asteroid_3756,4.35349664012908103e-11,-2.35311781673171794e+00,-7.66561320956433256e-01,-4.33905900713475623e-01,3.12068572400355871e-03,-1.03128747173434794e-02,1.29546449515354520e-03
asteroid_3757,1.82254442502454044e-11,-1.06689829827716332e+00,-2.16471844650677570e+00,-5.52266955054822664e-02,9.83031324004112264e-03,-4.88203214429946877e-03,1.45365517777135437e-03
asteroid_3758,7.78925486106365795e-11,-2.36280662109699957e+00,-5.40733691411807160e-01,2.19130154801593618e-01,2.42314574618338833e-03,-1.07496671983283772e-02,-3.98313106265132564e-04
asteroid_3759,2.47206235125928467e-11,3.19201492748986704e+00,-3.67463472135226510e-01,4.54226176502419629e-02,1.09707826211703102e-03,9.23974134077383200e-03,-2.34734940665603251e-03
asteroid_3760,6.22733341793308381e-11,4.64857949250220337e-01,-2.23525539944980478e+00,2.62255412490971951e-01,1.09972692413520309e-02,2.44622221379890486e-03,1.35655306932081616e-03
asteroid_3761,7.35393833480778325e-11,-1.22777794175817334e+00,-3.01426373310307438e+00,-4.50925784483887981e-01,8.76518681680980849e-03,-3.62120207416113081e-03,3.40532873915513359e-04
asteroid_3762,9.91604858516699396e-11,4.98772992012954663e-01,2.42960044412741194e+00,2.44628604147021422e-01,-1.06204357702416839e-02,2.04724403431820337e-03,1.32119263695715077e-03
asteroid_3763,4.33199238406317515e-11,8.14584935943217903e-01,-2.04226299145841672e+00,-1.79862511131697766e-01,1.06970673906234617e-02,4.12135043362615080e-03,1.65008532282859711e-03
asteroid_3764,8.72473267399786799e-11,2.30609833906609074e+00,-6.52156058255421112e-01,9.51944815787250237e-02,2.89548136554116774e-03,1.05327145877253964e-02,2.01386527044136081e-03
asteroid_3765,6.64387492232099066e-11,-1.09194729308477201e+00,-1.84909802700873449e+00,-3.12745413741474076e-01,1.00612532150282444e-02,-5.92639913564616417e-03,-8.90988739614053001e-05
asteroid_3766,8.54753667778204109e-13,-3.04780191637377795e+00,2.57583108450294071e-02,2.75999390352419278e-02,-1.01347624041151751e-04,-9.59534604269858885e-03,-2.23651134374896598e-03
asteroid_3767,3.91339961960365040e-11,2.55074619589219065e+00,7.55262257337223297e-01,-5.42994059758359793e-01,-2.74639763687000663e-03,1.00188365756694354e-02,1.03405514901808463e-03
asteroid_3768,3.94178696205327579e-11,-1.96746846856950564e+00,1.52448841676489955e+00,-2.77383893707424500e-01,-6.62277978122205631e-03,-8.61214673105338037e-03,-3.56933273281392015e-04
asteroid_3769,1.19713187522496893e-11,-6.45724361310581418e-01,2.82136806341670843e+00,-2.86049826955251350e-02,-9.84808454644147367e-03,-2.24951688601244615e-03,4.34644680744834832e-04
asteroid_3770,4.37146252766569966e-11,-2.74861928289213786e+00,-7.77211145769095446e-01,4.69363611034276582e-02,2.71408085959530662e-03,-9.69027331613421528e-03,-1.52149504472390219e-03
asteroid_3771,1.16547966137483408e-11,-3.10612054849994701e+00,-7.09707665128577747e-01,-5.17033114479332645e-01,2.09761026537571465e-03,-9.33954721910853006e-03,2.18395880343940160e-04
asteroid_3772,8.35400950661962915e-11,-2.04649989565813017e+00,2.49910008761844837e+00,3.89462832981576690e-01,-7.41025105992222134e-03,-5.97043940701195552e-03,-6.27408715426045318e-04
asteroid_3773,3.61961021996212875e-11,-6.30634442579995014e-01,-2.76796918147737170e+00,6.69693078290997335e-01,9.80349588845409736e-03,-2.29652101947142940e-03,-2.60234497280651691e-04
asteroid_3774,1.83203420384338241e-11,-2.14171718745835671e+00,2.21512447684918445e+00,3.41800694821728437e-02,-7.04510561230314424e-03,-6.80835916868988058e-03,-2.12426004202221513e-04
asteroid_3775,6.01862720719759264e-11,2.94952559517653556e+00,-7.79505372038647892e-01,-2.68831012728357119e-02,2.50307615872623086e-03,9.49660299008804609e-03,-7.35251854022808443e-04
asteroid_3776,8.57596364578119824e-11,1.22723314471909695e+00,2.31600041000788703e+00,6.03155623652942285e-01,-9.25090167443441171e-03,4.94165765817732635e-03,-1.52312281360508420e-04
asteroid_3777,9.34934064351468593e-11,-2.08765090601650272e+00,2.07198829947074437e+00,-1.53832648507879061e-01,-6.94621683150410587e-03,-6.82176187598529816e-03,2.38353221124390719e-03
asteroid_3778,8.94296290853287022e-11,2.15579985992413636e+00,-3.67769006891042916e-01,-1.74692759824368243e-01,1.87600103976970941e-03,1.14256093333160343e-02,-9.02740440096914606e-04
asteroid_3779,8.82064405160939574e-11,2.76207268380783200e+00,-1.18779912322941117e+00,-1.33911079810878436e-01,3.92580640415059971e-03,9.10245900821677646e-03,2.35005211481544479e-04
asteroid_3780,3.48116683980673708e-11,3.16195364388431743e+00,6.99443248771902670e-01,-3.20380068804554829e-01,-2.10195741862280851e-03,9.28971875297942770e-03,-4.64014053363458081e-04
asteroid_3781,5.05470895633011977e-11,-3.54086736166477845e-01,2.17105315701354717e+00,-9.91027190809846553e-02,-1.13805996954557311e-02,-1.79773920386208045e-03,1.27879465795260557e-03
asteroid_3782,3.71371667839469769e-11,1.89128249579365626e+00,2.42736437658379955e+00,4.02076224477728228e-01,-7.66513573365619309e-03,6.03703481434671434e-03,-3.90836856367492527e-04
asteroid_3783,9.22269407823727481e-11,-3.17653226962201041e+00,5.18947125515362040e-01,-7.75012687885281576e-02,-1.52678478349705282e-03,-9.44241219242142500e-03,-6.48138184409917275e-04
asteroid_3784,9.29168927490606608e-12,-2.28513651233751736e+00,-6.33367422092364074e-01,-2.57151548514540085e-02,2.98329843486081284e-03,-1.07267396497549780e-02,-9.05176010528191649e-04
asteroid_3785,5.54364242685930881e-11,-2.12093044580899326e+00,1.65927692406946803e+00,4.47344482298267621e-01,-6.47327011997635583e-03,-8.13926629399332191e-03,-5.00864433987938964e-04
asteroid_3786,2.46981090986533208e-11,-2.89366255083078805e+00,-1.37812700034804059e+00,-2.31548150089907118e-01,3.99137760576502489e-03,-8.61477830124619121e-03,1.39305226497232846e-03
asteroid_3787,8.50389210129020678e-11,-4.19640269004339261e-01,3.17837040424817996e+00,-5.46929256561092592e-01,-9.45762783285963339e-03,-1.18584960765634895e-03,3.65188346872749939e-04
asteroid_3788,3.39284407129310439e-11,1.63491012247165513e+00,-1.54690921394145509e+00,-1.10533318443865131e-01,7.81189140356879693e-03,8.32634385246052398e-03,-9.80317012078763851e-04
asteroid_3789,8.63697853770880731e-11,-2.30373688830322365e+00,9.99070955714358222e-01,1.97566593670226553e-01,-4.27786305590402167e-03,-9.94960769821169599e-03,4.31718467455146466e-04
asteroid_3790,9.28050108980352517e-11,2.84844099277674445e+00,6.74197115570948968e-01,-2.49711243196196891e-01,-2.28107852996953329e-03,9.76731155426597067e-03,3.50707814113033892e-04
asteroid_3791,1.72050450418232926e-11,2.23190791986437187e+00,7.77771033261209555e-01,-1.04885922924775471e-01,-3.68383255782824253e-03,1.02055734302607965e-02,-2.71128538000232292e-03
asteroid_3792,7.54277261580784776e-11,1.83361106210761737e-01,2.47005338942570418e+00,2.52872123009977301e-01,-1.08716833587558792e-02,7.86069776231403941e-04,2.04884474067071716e-04
asteroid_3793,3.50043261626879877e-11,-4.44089795646438121e-02,-2.12742052589421471e+00,1.66689162007656634e-02,1.16423272252519153e-02,-2.28446007692710605e-04,1.86113755887879514e-03
asteroid_3794,4.03335842939195657e-11,2.24368370404592898e+00,-3.24498280467442390e-01,-2.79772763950698666e-01,1.54256124949920994e-03,1.12560095059553358e-02,-6.84613430231340503e-04
asteroid_3795,2.74453838633523936e-11,1.03928231409334759e+00,-2.53774286951457828e+00,4.23370847516413240e-01,9.51825245962477362e-03,3.60754775452671672e-03,-1.74108079525114976e-03
asteroid_3796,6.16704988777130974e-11,-2.62214593208637758e+00,1.18978075827689000e+00,-1.56667629794740582e-01,-4.21230718322876136e-03,-9.17710493596879395e-03,8.07705304942510621e-04
asteroid_3797,3.43232810450247378e-11,-6.47847546925963913e-01,-2.80484347411535717e+00,-5.18876763582601028e-03,9.81539053766809083e-03,-2.26497879602812402e-03,-1.14973098009960267e-03
asteroid_3798,7.40641775977965542e-11,-2.11931104628637712e+00,2.17067280975161392e+00,4.53193906921955034e-02,-6.91829321794293003e-03,-6.70957454198849342e-03,-2.15634441341562306e-03
asteroid_3799,7.78514177141138942e-11,5.89781705606129636e-01,-2.52963575743395186e+00,6.67776865944797460e-02,1.03850919842339521e-02,2.43067552223337176e-03,3.56203600873208480e-04
asteroid_3800,3.95192767712088081e-11,1.91606302637511083e+00,-1.49043575970882891e+00,5.83511995402611408e-02,6.66591925816724992e-03,8.63568342118745808e-03,1.68993874784618254e-03
asteroid_3801,4.84355474144601523e-13,-1.41372738929439179e+00,1.57179663859511409e+00,-1.40379826549913239e-01,-8.80032803367289743e-03,-7.83001442848778664e-03,9.55083222606876742e-04
asteroid_3802,6.61747166992801508e-12,-2.33083139846009635e+00,1.93224000833476267e-01,2.06847468389823763e-01,-6.63238606177275823e-04,-1.08792671691169563e-02,2.68912239987330022e-03
asteroid_3803,2.73884843616373045e-11,7.59836224529603754e-01,2.35283708132593627e+00,-1.08467521564459712e-01,-1.02034129310670362e-02,3.38716060408508724e-03,1.99612112193940346e-03
asteroid_3804,9.53877789399474601e-11,-9.96988158907669342e-01,2.08802979569397262e+00,-6.30907891895600686e-03,-1.02051091679384327e-02,-4.87269907853905056e-03,5.09414369761187423e-06
asteroid_3805,3.93869949597232347e-11,-1.32722254815713647e+00,-1.65224276393656311e+00,1.43828525123924605e-01,9.10498282253337926e-03,-7.10098590119860422e-03,2.44587038819770505e-03
asteroid_3806,7.44260854516318680e-11,1.84919882336505714e+00,-1.34788610911574991e+00,5.38510485856737442e-02,6.62527660016929039e-03,9.00691881208843907e-03,-2.06408126996675658e-03
asteroid_3807,9.36084311554524849e-11,-2.10536746057417323e+00,1.94804583691146016e+00,4.22609310364258417e-01,-6.84651067952835729e-03,-7.42771377881714431e-03,1.30394906336913789e-04
asteroid_3808,3.41744592167122397e-11,-1.90326941165036101e+00,-2.12440002779683690e+00,1.35589803263840042e-01,7.56330633064640229e-03,-6.80171337068874622e-03,-4.02319956098090722e-04
asteroid_3809,5.61333823130461522e-11,3.15993375876009308e+00,6.33406821304596024e-01,1.36219937147906665e-02,-1.88339665954488276e-03,9.38786453133783234e-03,3.72284270950820986e-04
asteroid_3810,8.52335408881784368e-11,1.64913780721003489e+00,-2.57406397374335727e+00,-6.84975572856185849e-02,8.15407476962454192e-03,5.26657916738856955e-03,-1.59595055019381938e-03
asteroid_3811,6.14836401887868867e-11,-1.87791924649561093e+00,2.02795612091364275e+00,-3.10618408973293458e-01,-7.58671802062425241e-03,-6.98260569682813449e-03,2.79525692450983845e-04
asteroid_3812,1.12309386462603506e-11,-2.71825169849764015e-01,-2.19221272563700609e+00,-5.00845038047168623e-01,1.13255038033272925e-02,-1.49219905870871111e-03,3.84671417455605081e-04
asteroid_3813,7.69599966998619252e-11,-9.31798667665175717e-02,2.77388557760372523e+00,8.92927013712900425e-02,-1.02974166594158398e-02,-3.66058518716992425e-04,6.25947388823578873e-04
asteroid_3814,9.04102142263232284e-11,2.09958520176346308e+00,-5.25391858244195209e-01,-2.03979834875533533e-01,2.95143979440257295e-03,1.11736411418120827e-02,1.59946807277337971e-03
asteroid_3815,7.68798928008086982e-11,-2.10418322433080673e+00,-1.54779643660539512e+00,1.60474349237761688e-01,6.28773155231239066e-03,-8.57209170132699171e-03,-2.32521510600281367e-04
asteroid_3816,7.52563524243024451e-11,-3.39652765793957867e-01,2.53000449440068298e+00,2.82721303138403379e-01,-1.05357210707993695e-02,-1.56316428378547117e-03,1.33108420892130816e-03
asteroid_3817,7.55720751968251254e-11,2.25492447076264835e+00,-1.32060468831596300e+00,3.24960218559908476e-02,5.37727072311343368e-03,9.18227469035941789e-03,2.51004887066675924e-05
asteroid_3818,6.12577623436819939e-11,8.18380061303783823e-01,-2.28184684697152473e+00,-2.37712715621513110e-01,1.03812209393350906e-02,3.68771563674549991e-03,3.40671428931091618e-04
asteroid_3819,2.47885150525219217e-11,1.46039492704518192e+00,-2.52981878455052245e+00,-1.05699245875518155e-01,8.71562712205543530e-03,5.01989653776377560e-03,2.72746291550444628e-04
asteroid_3820,9.10847662702311128e-11,-1.79865104648806051e+00,-2.49169473539107500e+00,-4.72252065716464775e-01,7.86446560688297547e-03,-5.75726596640331080e-03,4.23333256447721749e-04
asteroid_3821,1.28994400742247325e-11,-2.89803112917590244e+00,-8.53242878135740401e-01,8.49014589520666468e-02,2.80698972772401101e-03,-9.45719849192717954e-03,7.70968493076179518e-04
asteroid_3822,8.27313016817673690e-11,1.86590882494241361e+00,-2.14890355475541206e+00,-2.04775514103085643e-01,7.64264745111346237e-03,6.45436523543385481e-03,1.90782051532792677e-03
asteroid_3823,3.59438347900253047e-11,-2.19554955003232771e-01,-2.73672476906497364e+00,5.21989064387398047e-02,1.03451159109743639e-02,-8.25347127405379253e-04,2.40877300849838549e-04
asteroid_3824,6.73852708264110592e-11,-2.10282584261710381e+00,-3.76375875720402209e-01,-6.72332420250071200e-02,2.10380886033104206e-03,-1.14563212991268017e-02,-1.66674511837650551e-03
asteroid_3825,8.05116601216746268e-11,-1.47875903042331780e+00,2.56804323528548029e+00,1.56860959969048641e-01,-8.52295693555355297e-03,-4.99652846747079219e-03,1.45288921147621345e-03
asteroid_3826,7.98609166805961122e-11,2.47182775293844159e+00,-1.21425914445086014e+00,-6.74742750384452108e-03,4.57044465142098563e-03,9.30360319608440275e-03,5.43430016121619061e-05
asteroid_3827,1.61226497138759738e-11,1.34784860978613730e+00,2.01578278242992237e+00,-3.43893641246260581e-03,-9.18258742857963259e-03,6.14009188953046781e-03,1.02884601508494475e-04
asteroid_3828,6.10956990899486341e-11,-3.04416062772160045e-01,-2.47076654002846663e+00,1.40496337092459733e-01,1.07898040578963562e-02,-1.36508976225508880e-03,-6.27976793938324188e-04
asteroid_3829,2.14641192271740455e-11,2.74444087231112199e+00,1.63728212589639299e+00,4.16327067598190603e-01,-4.98699838033556282e-03,8.13435318472567961e-03,8.84619662582159395e-04
asteroid_3830,1.12193073020627496e-11,8.81882813542487987e-01,2.63479217749031180e+00,-6.31103182458413792e-01,-9.51302497480254611e-03,3.46364149729514034e-03,1.16716618312058757e-03
asteroid_3831,5.13609954643119262e-11,-2.60447397979486706e+00,5.89438266208455630e-01,6.34499727295824295e-02,-2.32348836813882570e-03,-1.02656932788514309e-02,-7.44759121707460017e-06
asteroid_3832,9.87528298429426615e-11,-6.28242673389975859e-01,2.72660287238607912e+00,5.15341216682108638e-01,-9.92328056902010321e-03,-2.33737679949121147e-03,2.69471909806486682e-04
asteroid_3833,9.81665768665546388e-11,-1.82248244026216821e+00,1.79031962562819147e+00,4.63764827786701361e-01,-7.44416089334748194e-03,-7.64716693120441517e-03,2.67421156903887506e-04
asteroid_3834,5.73443841317496864e-11,9.01635729365870442e-01,-2.50275185686406676e+00,1.46108125328519856e-01,9.81041856535269478e-03,3.43244048295212548e-03,-1.74444169822412978e-03
asteroid_3835,7.72196946495222474e-11,2.11230459504963752e+00,1.20578608848834534e+00,-2.80660451916994846e-01,-5.51426568420981290e-03,9.47884178087417609e-03,-7.77997709436188938e-04
asteroid_3836,2.49752998740232313e-11,-2.32005589786447519e+00,1.15085984904810323e+00,-4.45332468067051124e-01,-4.93373064292570388e-03,-9.18901488942433335e-03,1.95643176845490454e-03
asteroid_3837,2.24439749174963039e-11,-2.54729940329030224e+00,1.41319972644852210e+00,-2.37423663243165273e-01,-4.78169560463246809e-03,-8.79273462428770310e-03,-1.03393150467174393e-03
asteroid_3838,7.06552490281910864e-11,1.90746526786057569e+00,9.70970131384839563e-01,1.79994091365628772e-01,-5.39198108999475526e-03,1.01553184155573819e-02,2.35844296163621866e-03
asteroid_3839,7.86020940170361198e-11,-2.14340031168203105e+00,2.17511174383971895e+00,-4.29056090910450022e-02,-6.98886041007361347e-03,-6.90002048032702531e-03,-6.61685006723937018e-04
asteroid_3840,7.41862940097129850e-11,2.05682618222689495e+00,-1.23592328720379463e+00,4.39872772265655521e-01,5.82375368846168619e-03,9.27355489897253860e-03,-1.17544581766746152e-03
asteroid_3841,1.04597102437416818e-11,-5.13530105268305781e-01,2.87159794148607883e+00,-1.05792189953335392e-01,-9.56561480289162477e-03,-1.80535633559875293e-03,-2.57132743342603680e-03
asteroid_3842,3.56336925663428768e-11,-2.36748805288367548e+00,-1.51341755630406238e+00,-5.90560074081581399e-01,5.22136761687924927e-03,-8.62648379869703288e-03,1.17506517609494297e-03
asteroid_3843,4.42757479177648239e-12,2.87298110606212109e+00,-2.11763902459836506e-01,1.17092420995764196e-01,7.14892695899292468e-04,1.00818692235873919e-02,6.92638874543743282e-04
asteroid_3844,7.86183648311614141e-11,-2.65753534725149754e+00,8.40204887065294836e-01,4.88951209470026682e-01,-3.28539543035608712e-03,-9.58393167562654816e-03,-1.38784451611043483e-03
asteroid_3845,3.11815189907502536e-11,-2.58673418812646361e+00,1.96776096835216285e+00,-7.22371013619498015e-02,-5.77785857735325752e-03,-7.59136202736984678e-03,1.07955911342556967e-04
asteroid_3846,4.29791841245385526e-11,-2.31197918748097209e+00,1.41378941557335835e+00,-1.10525746893276895e-02,-5.35950929100708663e-03,-8.77885514511516328e-03,-1.84378297989927975e-03
asteroid_3847,5.78930455421734192e-11,2.89323301441049763e+00,6.65622794907718141e-01,2.43509372773578286e-01,-2.20421668343511986e-03,9.71341039964694099e-03,-3.62018504116300816e-04
asteroid_3848,6.52454392717107636e-14,7.29929306785357279e-01,-2.81486382904939436e+00,-4.75224234756719210e-01,9.65932032237113922e-03,2.60386643138503298e-03,-5.86898617656476831e-04
asteroid_3849,3.54184798093073654e-11,1.44860154859546464e+00,1.89210485277242046e+00,-5.16292458761846637e-02,-8.81315482642411330e-03,6.71529891444145113e-03,-1.17569150405744571e-03
asteroid_3850,7.27310382854951542e-11,-2.66370216561811535e-01,-2.42538250540971978e+00,-2.36760382485546412e-03,1.09467410795292576e-02,-1.20226068105155014e-03,2.37500731860316381e-05
asteroid_3851,2.86136678123462098e-11,1.76689610645709816e-01,-2.60279276857789066e+00,1.39670813715367659e-02,1.06066966140439638e-02,7.16586902056874143e-04,-6.41929978270393688e-04
asteroid_3852,5.70520386470473192e-11,-1.48122697310637230e+00,-1.93044200991409243e+00,2.26107847243355205e-03,8.74859889559358693e-03,-6.71265175488046546e-03,1.21939817834032917e-04
asteroid_3853,9.77173653614194018e-11,2.51501367326308900e+00,-2.78941617351480486e-01,2.21277511054335130e-01,1.12140368594859695e-03,1.07084828118940642e-02,7.53334176291324455e-04
asteroid_3854,1.18244474762415564e-11,3.47846215303071638e-01,-2.48302927737147794e+00,5.60459100006655775e-01,1.06275663510242476e-02,1.49436800294964383e-03,2.46240437614253883e-05
asteroid_3855,2.68314133790875374e-11,-4.63314142573673371e-01,-2.78451213825305510e+00,-1.02024564690698288e-01,9.92653928964424594e-03,-1.58095265500456193e-03,-1.93016439167185863e-03
asteroid_3856,6.83998119686464159e-11,-2.34995929816382887e+00,1.75708581233164102e-01,-1.86252396834249406e-01,-9.86017570681612917e-04,-1.09417478517783093e-02,2.11831994559667520e-03
asteroid_3857,5.98417678813136020e-11,-2.25032287836745004e+00,1.98776572450608247e+00,-6.16425466326241622e-01,-6.58286032838607902e-03,-7.27075004233043633e-03,5.85656330230210193e-04
asteroid_3858,9.78005582819203684e-11,-2.26802164744796064e+00,1.32154534755768793e+00,2.12073246771202657e-02,-5.31298207808169731e-03,-9.13458859477401727e-03,1.02863958641198822e-03
asteroid_3859,3.46991971800771148e-12,-2.91527126689050275e+00,-2.76503657020626348e-01,-3.35341265271778655e-01,8.67269789772900012e-04,-9.95942926152792486e-03,6.72425189607531106e-04
asteroid_3860,8.78006338266796062e-11,-2.16981232086553488e+00,3.40710918466627710e-01,7.64984422875603920e-02,-1.73401014069677543e-03,-1.13766898945730204e-02,1.48612039540600748e-03
asteroid_3861,4.88596199048950385e-11,-1.58588479722254161e+00,-2.13904665436219155e+00,-7.82532171759147965e-02,8.46559869855440482e-03,-6.27788421223494583e-03,4.11861051383124121e-05
asteroid_3862,2.26976313308504401e-11,-1.55799068839825350e+00,1.44712165326733833e+00,-1.78541620238973187e-01,-7.84868504174160257e-03,-8.64121330545198491e-03,-1.54982727975109700e-03
asteroid_3863,5.03413935209217086e-11,7.46917232526142727e-01,2.79604597544566769e+00,3.14162579299360756e-01,-9.58090562757040257e-03,2.73297435942930489e-03,-1.54499126955845272e-03
asteroid_3864,4.12254981562054865e-11,-3.78875449836218625e-01,-2.45437259528065921e+00,3.80688946036201681e-01,1.07247582757439928e-02,-1.57294730467445374e-03,5.32584042181190841e-04
asteroid_3865,1.79416833057656046e-11,-1.04308171017794216e+00,-3.06655119268235588e+00,-5.91734488913182692e-03,8.87798071133914617e-03,-3.01624979752725727e-03,-1.85469826094666109e-03
asteroid_3866,2.19473795795577259e-11,1.87660953030407085e+00,-1.63366835989475923e+00,6.58161954907423297e-02,7.15480968129820691e-03,8.22600218247307273e-03,1.78914299248789934e-04
asteroid_3867,2.88212765322855029e-11,2.74585278630622343e+00,-2.95425109008965847e-01,-2.86951594231016460e-01,1.26843133892020699e-03,1.00958044034078522e-02,1.74374918927750746e-03
asteroid_3868,5.52243627125018324e-11,-1.55929537612412683e+00,-1.83388127418743152e+00,9.00468101548759225e-02,8.44779534059623451e-03,-7.16135575201562978e-03,4.39016124510608230e-04
asteroid_3869,8.31910516441209596e-12,9.77040375098414460e-01,2.62294027694240262e+00,5.04659476707442711e-01,-9.54931923819854478e-03,3.27754887041961087e-03,1.45297084944749546e-03
asteroid_3870,8.89365603270983789e-12,-2.50192051188807385e+00,-9.04198100004522054e-01,2.86027032169340716e-02,3.58414819955243111e-03,-9.89628064414054681e-03,6.66221735022751367e-04
asteroid_3871,3.31812980622650658e-11,-6.92851009965424591e-01,2.43990467222563279e+00,-2.06385925576913376e-01,-1.02975379458763189e-02,-3.01500953206425022e-03,-1.07408621741544082e-03
asteroid_3872,7.07320161083388028e-11,4.40102970039202290e-01,2.28521991844375849e+00,-2.83581178522169353e-01,-1.10131105378863062e-02,2.17593336360934891e-03,4.42848877654940449e-04
asteroid_3873,9.78307283346406020e-11,-1.50813259025232771e+00,-1.64073631684327781e+00,1.53288280891338669e-01,8.48090275238231467e-03,-7.77892692662676341e-03,1.77168932184013366e-04
asteroid_3874,1.21020794025807620e-12,1.73381367092769523e+00,1.42423896928035454e+00,-1.78493070147497622e-02,-7.25022158978910845e-03,8.83970053864151055e-03,1.08198454171545356e-03
asteroid_3875,9.72343410202940120e-11,5.12817839414655308e-01,-3.25863196863366600e+00,2.70891542197913802e-02,9.34580278378855864e-03,1.46699980694367928e-03,-4.53388916914102902e-04
asteroid_3876,6.86072917874184698e-11,-2.57530653003736409e+00,-2.67456815097308676e-01,1.70614732244308065e-01,1.18658394534543144e-03,-1.05168975615480085e-02,1.42427006843316804e-03
asteroid_3877,9.00995747976544691e-11,1.71028359208178271e+00,-1.21655375963831625e+00,1.21070535142574320e-01,6.56432756555009548e-03,9.49956152547419205e-03,2.72457340617344220e-03
asteroid_3878,5.36384724076099957e-11,-2.49023489473696324e+00,-2.06179367789359835e+00,-2.61005032122340774e-01,6.10175420897904851e-03,-7.34615281940723206e-03,-1.86011012963696365e-04
asteroid_3879,4.62993004065151276e-11,2.07610309265264537e+00,4.27702415230445276e-01,1.34685763978345890e-01,-2.45090916218567139e-03,1.14639823388072055e-02,1.37480867678885449e-03
asteroid_3880,7.85181172598179435e-11,-9.97891714603192592e-01,2.33526282778669980e+00,5.68104198161344720e-01,-9.74758600428255254e-03,-4.29228278438865182e-03,5.22040010680903843e-04
asteroid_3881,5.51155773719569736e-11,2.83178703278263866e+00,7.91150125905250912e-01,-3.49893407925203404e-01,-2.69234054151297085e-03,9.62747873216685673e-03,-2.10178929379987654e-05
asteroid_3882,8.97375758729708830e-11,7.63352294249016516e-01,-3.04338772911539523e+00,6.15802530693119632e-01,9.32951537631580841e-03,2.15006594678249620e-03,-9.38974133257631464e-04
asteroid_3883,8.93073912627635240e-11,6.58678958560921290e-01,2.87710020628191776e+00,-1.52319487513741608e-01,-9.71225286849516228e-03,2.16810197854527429e-03,-1.04654996934314321e-03
asteroid_3884,5.30502435110149910e-11,-7.43937675062865789e-01,-2.55004736684490618e+00,3.91121962980104342e-03,1.00654481469538426e-02,-2.93458045053622638e-03,1.21367314432120925e-03
asteroid_3885,5.73807264757626670e-11,5.59274055054163832e-01,-3.22113031769318292e+00,-7.31970148595915970e-03,9.36574977409963122e-03,1.62525533807405978e-03,3.90946451268593329e-04
asteroid_3886,4.56329744571846240e-11,-1.70784400429457706e+00,1.30075924862130665e+00,-4.11118547274529900e-02,-7.11526499606995877e-03,-9.33221189842184731e-03,3.11387691555241504e-04
asteroid_3887,6.89437259257782489e-11,-3.20262484720135188e+00,-7.24346045726422805e-01,-7.03601513658911604e-02,2.03632367066780215e-03,-9.14904837076494469e-03,1.49937461546642342e-03
asteroid_3888,6.82387877444138310e-11,2.32369996726797678e+00,2.00601445408098611e+00,5.53325351336065974e-01,-6.47738801000324448e-03,7.17726346353641555e-03,1.18160510203700478e-03
asteroid_3889,6.50628142278220215e-11,1.85453724932340003e+00,-2.62487767971889685e+00,-7.14692253830519625e-02,7.82942574726673383e-03,5.53888217228818043e-03,-2.64820213355765268e-04
asteroid_3890,6.24436799027721370e-12,1.20882067178004871e+00,-2.07706844008983227e+00,1.09823672072909759e-01,9.26541659757328454e-03,5.52811253997819232e-03,2.56812551364839214e-03
asteroid_3891,9.63586368396169935e-11,-8.00181070504770831e-01,-2.12515041644631575e+00,-2.56601167864999695e-02,1.06321901536029582e-02,-4.01616613741013952e-03,1.06312222744066320e-03
asteroid_3892,3.35668687811275533e-11,1.91153232623038893e+00,2.17546278596587195e+00,-9.81584816630022387e-03,-7.54403141798009030e-03,6.63384304487382292e-03,1.12254655005116421e-03
asteroid_3893,2.46291971873360475e-11,-5.44659062257811244e-01,2.61641733349879102e+00,5.00837490979895383e-01,-1.01636419027415111e-02,-1.83398409368571770e-03,-1.47203815422955572e-03
asteroid_3894,2.11128312970278348e-11,-2.64597799369926312e+00,-3.66289879045564370e-01,-5.52750842002851850e-01,1.66187530440169845e-03,-1.02131516882630335e-02,-1.18735483924944452e-03
asteroid_3895,6.93766757282687625e-12,3.17921053756993688e+00,7.38768341154714958e-02,4.33968813460247738e-01,-2.51712631296103682e-04,9.59635317416319793e-03,2.10382072312805977e-04
asteroid_3896,4.57093649195744293e-11,-2.76640043046663520e+00,6.36389956987703287e-01,1.75854277280330290e-01,-2.30831565530659590e-03,-9.92816779106028488e-03,-3.84063157393781899e-04
asteroid_3897,4.16624747635062973e-12,2.43046333315054541e+00,4.52634960625150684e-01,-7.11809613036148842e-02,-1.99071940829049446e-03,1.07488451862280034e-02,3.78367876742741291e-04
asteroid_3898,1.60988422608260819e-11,2.11346771882046758e+00,1.47686105263066203e+00,9.45925813412465538e-02,-6.10329916599498031e-03,8.77588755156234225e-03,-6.51644776581777126e-04
asteroid_3899,5.37464061719179202e-13,-9.27069963717112255e-01,-2.05037294146384186e+00,-2.12116785876295705e-01,1.03342202048840714e-02,-4.45958087142145701e-03,-2.05896576996472029e-03
asteroid_3900,1.74763834706091196e-11,-2.18899357601477940e+00,-7.97415676044812338e-01,7.03994352179576344e-02,3.81913962974144523e-03,-1.05628606649567584e-02,-8.93736753872614084e-04
asteroid_3901,9.95245963700325257e-11,-2.16653318405689799e+00,6.71083238535732818e-01,1.33628262649111568e-01,-3.21695416359740792e-03,-1.07742534090029003e-02,1.95155514503184482e-03
asteroid_3902,5.41499579915596010e-11,-2.16355717358594291e+00,2.17832649357876562e+00,1.15091992369112828e-01,-6.96790968981338566e-03,-6.90265941977161786e-03,-3.40815231779177511e-04
asteroid_3903,6.72418774544684910e-12,-2.48738143994624528e+00,-1.55442628007928030e+00,-2.73338440426540208e-01,5.22639258740565261e-03,-8.51070527652925471e-03,8.38638077042168600e-04
asteroid_3904,5.64190336295269376e-11,2.70990241415627819e+00,3.78902230144516849e-01,2.87001880635242256e-02,-1.42407737812032817e-03,1.02570116190248764e-02,-9.50999069856794292e-04
asteroid_3905,6.00831217727644450e-11,-2.51157405942942047e+00,3.86892013458878359e-01,2.02341372924851493e-01,-1.72007989429459260e-03,-1.05756803360075469e-02,-1.12909080559526987e-03
asteroid_3906,5.47772077219347596e-11,-2.71040434160729271e+00,-1.03674713871661517e+00,3.98590757116543057e-02,3.58692269604669314e-03,-9.31995298921669060e-03,1.49467223630335736e-03
asteroid_3907,3.36054391290879304e-11,1.21772890385983690e+00,2.76316189594184713e+00,5.83686008154912228e-01,-8.96820171249437977e-03,3.59468894042613884e-03,1.69291523044074995e-03
asteroid_3908,6.57275504367700620e-11,-3.14131302887296737e+00,-1.05387591450223556e-01,3.01205858122218006e-01,1.19549660921353470e-04,-9.45781401086647107e-03,-2.06235474772122973e-03
asteroid_3909,1.42694932229334543e-11,-2.62157752455141280e+00,8.44328807314538965e-01,-1.10853343260253576e-01,-3.19642397219094135e-03,-9.68435122036715758e-03,1.83031492743591863e-03
asteroid_3910,2.19640985259532813e-11,-1.71159003804592880e+00,-2.56319999279565947e+00,1.03300896698148348e-01,8.14842940430922369e-03,-5.43235375521996296e-03,2.18405537745076841e-04
asteroid_3911,9.94721141277733216e-11,1.93278207673119784e+00,1.79546896666277056e+00,-6.35681743587718007e-01,-7.01972995308249113e-03,7.71784226163543547e-03,4.55476402263407711e-04
asteroid_3912,4.15646277705214599e-11,2.22181201968709363e+00,-1.35317985371110372e+00,5.98619045951300444e-01,5.58642040625284206e-03,8.90362801271964328e-03,-6.07675209046656300e-04
asteroid_3913,1.47877068328547116e-11,7.35784209912834553e-01,-3.02067001493684950e+00,4.29500776395664474e-01,9.32700263416197731e-03,2.01657660486748115e-03,-1.79568658142529409e-03
asteroid_3914,2.17103708671994059e-11,-5.76006316128280127e-01,-2.48747232609920665e+00,2.30201929323650550e-01,1.04456541658888187e-02,-2.33225400910002821e-03,9.35463361258929657e-04
asteroid_3915,7.24159688429862691e-11,-1.23070456044530929e+00,-2.25957865480651066e+00,1.03855443667265887e-01,9.40824309201032487e-03,-5.13377332007312719e-03,-2.06026114584414733e-04
asteroid_3916,1.16338558121471997e-11,7.69834576419499927e-01,2.34215331892210576e+00,4.79986756414184298e-02,-1.01934280550684802e-02,3.39427739596364231e-03,-2.13890691545763579e-03
asteroid_3917,3.54043936369197639e-11,-2.01074239434956414e+00,1.81673093650611950e+00,-2.60949370452264184e-01,-7.01037159323304650e-03,-7.70884895805381241e-03,3.49289885429841665e-04
asteroid_3918,3.28463684120709681e-11,-1.64272588799016228e+00,2.19799195838113492e+00,2.31965132893074910e-01,-8.28227375354144597e-03,-6.22491014118816029e-03,3.31070987501226230e-04
asteroid_3919,2.28058336079445645e-11,-2.26801451324458014e+00,1.77244039771467055e+00,-2.85359821725181650e-01,-6.20502496439753314e-03,-7.98296142316511255e-03,-2.67159704040340724e-04
asteroid_3920,4.76890292885475398e-11,1.17777352795118762e+00,-2.33453991041716824e+00,9.68658384208771345e-02,9.37443264809840505e-03,4.79163863100002998e-03,1.50014711319817660e-03
asteroid_3921,1.10216927330430164e-11,-1.03753151069648775e-01,2.35129021008604866e+00,1.92099000904803974e-01,-1.11765777458985444e-02,-5.21908192986834159e-04,3.51654433930314117e-04
asteroid_3922,4.56621486176096155e-11,2.42272049983369442e+00,1.99783548575500358e+00,7.60390878910443342e-04,-6.07514605247924059e-03,7.36782732220943835e-03,-1.74383522587319385e-03
asteroid_3923,3.27170809178686606e-12,5.23429627506635353e-01,-2.46005948104296079e+00,-1.91062776311201610e-02,1.04601719538360248e-02,2.21142022011569126e-03,1.82864663963221868e-03
asteroid_3924,9.70344884526611285e-11,3.19076914170794179e+00,1.96047162789143775e-01,-2.62335646161575731e-01,-5.03442642727205329e-04,9.53894280819662585e-03,1.00525196777326688e-03
asteroid_3925,6.04913331548152040e-11,-4.72197945256428109e-01,-2.30066974214981856e+00,-3.03647706721582762e-02,1.09946818301534955e-02,-2.25743389828109370e-03,6.40115399831093411e-05
asteroid_3926,7.51626564903379464e-12,-2.20900599066546199e+00,1.67289129427976602e+00,-7.80617280652358692e-02,-6.10936025532688668e-03,-7.95100191108613283e-03,2.49099693425041758e-03
asteroid_3927,1.90805961385125522e-11,2.55918206024416461e+00,-9.48244276762363114e-01,2.83930163754244458e-01,3.57672373515890507e-03,9.74453379174192690e-03,3.05396154892559324e-04
asteroid_3928,7.36475951305573024e-11,-7.84441058100512234e-01,-2.97413507803051713e+00,-3.38148437827575032e-01,9.43507163066774346e-03,-2.53623220889960966e-03,4.19459590632051307e-04
asteroid_3929,7.31698466913318934e-11,-2.18593450872854067e+00,-5.92886336124440971e-01,-8.80334263710007281e-02,3.02018272516953352e-03,-1.09441991443976431e-02,-1.28650574837827630e-03
asteroid_3930,3.65046904617710918e-11,-2.33450708108535476e+00,2.15722107968178589e+00,-2.91301564892820886e-01,-6.55000974102192164e-03,-7.05208838535178410e-03,2.68211401344558198e-04
asteroid_3931,1.48522417007522278e-11,-2.29248887361917886e+00,-1.46225339260101261e+00,-3.18412730654515641e-01,5.40635569829166131e-03,-8.77407751401452010e-03,1.36902292114596735e-03
asteroid_3932,5.35973688864077270e-11,1.56355925543344365e+00,2.32678213831931791e+00,-5.78729202434614780e-03,-8.52751892515672336e-03,5.73042892164186100e-03,3.08466328152486437e-05
asteroid_3933,2.76469620693187599e-11,2.32449982924593490e+00,1.26335353322997213e+00,-5.97214202400155880e-01,-4.86860488981172203e-03,9.22409262695383057e-03,5.62978533862971520e-04
asteroid_3934,9.68988892239983106e-12,1.56347084938981284e+00,1.46483356206797599e+00,5.70604261850027050e-02,-8.03301945596787692e-03,8.57540268768941863e-03,-3.76077315202842218e-05
asteroid_3935,3.46063942200588616e-11,-5.89934806322684913e-01,2.59021759390958373e+00,-4.62503424328059742e-01,-1.00931076439351730e-02,-1.93638353253985885e-03,2.02943537108083100e-03
asteroid_3936,7.51037475185917239e-11,2.38998552541177345e+00,-3.42136117158936201e-02,3.53707574913939282e-01,3.80217032802615898e-05,1.10366869196476640e-02,8.10651568536935644e-04
asteroid_3937,3.54204645869972076e-11,-2.34301559112373115e+00,9.03201058012258362e-01,2.75842306161691933e-02,-3.90562357283132404e-03,-1.01272229255602846e-02,-1.45679724333497084e-04
asteroid_3938,4.08761192337145029e-12,5.44214729893057969e-01,2.82701361957943398e+00,3.96715514099578882e-03,-9.84820952406217053e-03,1.89374399048484934e-03,1.48737136830945664e-03
asteroid_3939,1.20485245408892157e-11,2.23737964810117074e+00,1.50253962960272736e+00,-1.07666184823349484e-01,-5.79547385981273207e-03,8.68754276896689138e-03,8.05285608812788254e-04
asteroid_3940,5.96386415496313227e-11,2.16953919488004088e+00,4.30374053183317562e-01,-1.45162914970365757e-02,-2.19934362780074355e-03,1.09907122164925649e-02,-2.85505699224380006e-03
asteroid_3941,5.22200594202215840e-11,3.84170020710467686e-01,-2.11465490676826207e+00,-4.07993241765841452e-01,1.13959083849417640e-02,2.20914148787667870e-03,-7.19633309501229996e-04
asteroid_3942,6.74895223252233379e-11,2.00598967531044892e+00,1.13022016370025713e+00,-3.06525093819738526e-01,-5.55332207075945848e-03,9.82562667533203905e-03,-1.13482872583943505e-04
asteroid_3943,5.71793132082922345e-11,-5.00317024111880475e-04,2.31444425897785155e+00,2.60534337301787711e-01,-1.12712087589735971e-02,9.81384138398939615e-06,-1.08825449910983146e-04
asteroid_3944,4.97279040292835355e-11,2.10521148950154968e+00,-1.84737318139346485e+00,4.04939076919626939e-01,6.34618485039882291e-03,7.71251561048836090e-03,2.19251064897988323e-03
asteroid_3945,4.75172648432088252e-11,-1.71857730967675804e+00,1.52219633791846154e+00,-2.84824743833175575e-01,-7.31247709858608066e-03,-8.51556833439726449e-03,-1.38790510063442206e-03
asteroid_3946,9.61541568109411512e-11,1.55714657032661385e+00,-2.71801371817975390e+00,-4.01322617352633859e-01,8.36482860367497756e-03,4.85358793041547592e-03,-4.15761281482632022e-04
asteroid_3947,8.62303968013027501e-11,-1.97804594332412620e+00,-1.24880630107090584e+00,2.41599106006575970e-01,6.00332896808462597e-03,-9.47394570460774292e-03,1.81033036773830223e-04
asteroid_3948,3.82940228674480552e-11,-2.18789745784292888e+00,-2.62553473758964706e-01,-1.59474093281764456e-01,1.34039571486638709e-03,-1.14835624974234368e-02,5.16703660583799984e-04
asteroid_3949,6.53505942064226436e-11,-9.43767214408858579e-01,-2.96021243323760297e+00,-5.24010000104551121e-01,9.24284492659253019e-03,-2.81320782396334186e-03,-7.54568103140790562e-04
asteroid_3950,2.05307616380793913e-12,2.42128025321300067e+00,-3.90168970154633310e-01,-9.59976911782393916e-02,1.66460692009432723e-03,1.07305368152328558e-02,-1.62756657480001466e-03
asteroid_3951,2.10486898531374459e-12,8.91967402445880242e-01,-2.41975285670742801e+00,-4.04892425115260357e-01,9.95419081933766534e-03,3.39075982722283290e-03,1.66467167186973015e-03
asteroid_3952,3.18640327550298109e-11,-2.31541907822784987e+00,-2.27857035691714271e+00,-1.21893837882552022e-01,6.66212131650605575e-03,-6.69867978025495865e-03,-1.33058096089852919e-03
asteroid_3953,7.54791525613901585e-11,1.19225369661582925e+00,2.96668894235390246e+00,4.80779103736409974e-01,-8.85582804233043044e-03,3.60680334572729923e-03,-2.95083296776226228e-04
asteroid_3954,9.25466022708589048e-11,2.86229871039443262e+00,6.79007532629494759e-01,-3.08818479568377324e-01,-2.23368115431508757e-03,9.72564338174268864e-03,6.81055190534623524e-04
asteroid_3955,6.83007570543970161e-11,1.78590849286260034e+00,1.23132103136325299e+00,-2.42230063020390851e-01,-6.34215867998654936e-03,9.57517717803572574e-03,1.91389121108212837e-03
asteroid_3956,7.06418821910442790e-11,2.78670431812205699e+00,-2.33953311962908944e-01,-2.94846959666086816e-01,8.87639039553334854e-04,1.02158415120521453e-02,2.83393080664124091e-04
asteroid_3957,3.22151616007174305e-12,-2.95795336973080447e+00,1.43316954278510944e+00,1.43509383043255011e-02,-4.04298851110969273e-03,-8.32341049958528097e-03,-2.09833458118545641e-03
asteroid_3958,9.30166317034842364e-11,1.18211695941191033e-01,-3.22621377127243747e+00,2.26285180936630165e-01,9.54291768861597126e-03,3.82682523076566727e-04,4.70782670502183065e-04
asteroid_3959,8.68847524474507650e-12,-1.20810749319366750e-01,2.22383290163084313e+00,-2.01283804361914731e-02,-1.13203802289933621e-02,-6.33775734006978403e-04,-2.07605930480069976e-03
asteroid_3960,9.46913466456642408e-11,2.01890588548300487e+00,-1.59519242694553065e+00,-1.04082205593266280e-01,6.39263647488973446e-03,8.25018345651580033e-03,-2.44517078002383977e-03
asteroid_3961,1.41792127812419357e-11,2.28127893529378234e+00,8.55814401385950885e-01,4.54999648194495510e-01,-3.97687834416567826e-03,1.01398908303289206e-02,8.67042854340194019e-04
asteroid_3962,3.34811778221011456e-12,-2.08064422020166928e+00,8.56530092259106146e-01,-1.59184793479610759e-01,-4.39473685373110382e-03,-1.05580669907660643e-02,6.31855205171318914e-04
asteroid_3963,5.63653589333301711e-11,-2.17341399336330943e+00,1.89902549916721641e+00,-5.26222019713502909e-01,-6.65826643417973246e-03,-7.50781003772818187e-03,4.06001130766777633e-04
asteroid_3964,1.13736962206944269e-11,-7.34878456554523218e-01,2.31445312093425626e+00,-3.80259892667354771e-02,-1.05038235998520958e-02,-3.34454692046245268e-03,-5.72329178405709912e-04
asteroid_3965,2.89122646966061536e-12,4.40023645777211758e-01,2.47499829246237457e+00,1.22057009111665084e-02,-1.06808210434162030e-02,1.89968818510971712e-03,-1.56582481698223761e-04
asteroid_3966,6.67860642890355295e-11,-1.81639778104855587e+00,1.17287481722760267e+00,-4.49699576375756138e-01,-6.21744908015028040e-03,-9.75815349760811475e-03,-3.37407004564024956e-04
asteroid_3967,7.38283807999992901e-11,2.45176355718216676e+00,-1.00005602532756921e+00,-5.15343705833457455e-01,4.10449309005668332e-03,9.59254961431602222e-03,9.12322268681304443e-04
asteroid_3968,2.93012436758664198e-11,1.73797455315186911e+00,1.49078711515827900e+00,1.37421953787805039e-02,-7.40131007059568417e-03,8.62850606060399511e-03,1.66672556877260084e-06
asteroid_3969,5.33554872602574093e-11,2.26615285341296602e+00,-1.19006612205766427e+00,-5.52160011332074374e-01,4.64574074419310274e-03,9.46750952932240604e-03,-1.33838686661098458e-03
asteroid_3970,5.86086561243432806e-11,2.27109850989795792e+00,-6.43633467919833419e-02,-1.17759401592997556e-03,3.21787496435114019e-04,1.13301417564777244e-02,1.32920222241333041e-03
asteroid_3971,1.60931385604235648e-11,-7.32618704258300335e-01,3.12837167764229473e+00,-4.51794829683278221e-01,-9.18522717651370016e-03,-1.89032439333074523e-03,1.80531490210970522e-03
asteroid_3972,4.40119265171058259e-11,2.23034914567303577e+00,3.55085649112545143e-01,-2.65400723069731392e-01,-1.54465430367067705e-03,1.11379486035387103e-02,1.92089643623045915e-03
asteroid_3973,6.37005236130119280e-11,-2.00615835779827467e+00,1.82706698061362438e+00,2.63957339630760957e-01,-6.69381132732776562e-03,-7.66994510852802604e-03,2.21497122180817820e-03
asteroid_3974,8.85703879625398871e-11,-2.03070360950254791e+00,1.07838364495753658e+00,-4.14708811732044214e-01,-5.45836937203374954e-03,-9.74254400250633770e-03,1.39406315190299091e-03
asteroid_3975,4.18920075172956769e-11,1.08159027188073775e+00,1.82592269584023126e+00,-5.47201153263635942e-01,-9.93585408402063858e-03,6.01035003997426459e-03,4.16503924508767589e-04
asteroid_3976,6.99363538919621680e-11,-1.33420626241328222e+00,-1.89465278546088167e+00,-3.44611883280172504e-01,9.09461954967782926e-03,-6.55242028083973665e-03,8.13851735138620643e-04
asteroid_3977,5.01730574381699073e-11,1.46542071049207023e+00,-1.59023611058574987e+00,1.18629874770327007e-01,8.58350096154764444e-03,7.92996738476149654e-03,2.70424406133486066e-04
asteroid_3978,7.07114461065675282e-11,4.43804182181007034e-01,2.22340389934497074e+00,7.57013819030573267e-03,-1.11458924965408008e-02,2.22082614124976445e-03,1.16248893501206857e-03
asteroid_3979,7.89006256093246191e-11,2.34259266112624487e-01,-2.63099345381391014e+00,5.20417641382816432e-01,1.04325251270153477e-02,9.90451360688611405e-04,3.11202683111107617e-04
asteroid_3980,5.30598413471470696e-11,6.17277156604401633e-01,2.81482638869155544e+00,5.17198358278438339e-02,-9.88920903308825212e-03,2.17553388625049259e-03,-3.74466762883127278e-04
asteroid_3981,6.11968598832774027e-12,-2.12878019798748541e+00,-4.00685550907207699e-01,-4.11002793493782159e-01,2.44693835436069059e-03,-1.11844131743747219e-02,-1.77020976895613251e-03
asteroid_3982,8.75416498041118936e-11,1.90835604850174878e+00,1.80319352181640058e+00,-1.39572468099791291e-01,-7.28922668487586717e-03,7.70759472106341895e-03,-8.70871120991995805e-05
asteroid_3983,6.01033672659761807e-11,-1.71722882267006227e+00,-2.11869115569174404e+00,-6.23104500733977829e-01,8.04850442979588090e-03,-6.38597330124652651e-03,-4.67367242662343073e-04
asteroid_3984,6.00682774054441796e-11,2.17359616659476096e+00,-9.55188412789327423e-01,-1.80535342225058043e-01,4.54033347678042560e-03,1.01190081109559533e-02,1.12605178121867686e-03
asteroid_3985,5.09514050432815398e-11,1.47421362868890515e+00,2.07445911230815705e+00,8.91388703415608719e-02,-8.53315793398104483e-03,6.16389543058911294e-03,-2.32279498805744878e-03
asteroid_3986,1.74053789925534093e-11,-1.92209076350307861e+00,9.46825248252413099e-01,-4.34243649854761993e-01,-4.76641016452060765e-03,-1.04706198154865763e-02,-1.73260853466504906e-03
asteroid_3987,4.86225722566100901e-11,-6.60760288655640626e-01,-2.25542172159987153e+00,2.56336537044165425e-01,1.07273461815417803e-02,-3.16843419541857707e-03,-2.26073696128436472e-04
asteroid_3988,5.36869816882975755e-11,-2.62520447080545116e+00,4.15219382178553365e-01,1.09749901628170971e-01,-1.69773874434333595e-03,-1.02415316135168084e-02,-1.86267969037260729e-03
asteroid_3989,3.83827082826945386e-11,2.32230332739290279e+00,-2.32137015159066529e+00,1.80503403766410664e-01,6.69622780853035022e-03,6.71551235812134495e-03,2.13391100923829627e-04
asteroid_3990,1.49188058868809615e-11,-2.35985766322343560e+00,-2.19858980724900022e+00,6.76545678362778125e-01,6.40578114353899074e-03,-6.97521308588992632e-03,-3.23556384314660191e-04
asteroid_3991,7.62260686182410549e-11,-2.77726776616930815e+00,-1.71432156079371678e+00,2.77645552758518765e-01,4.76103631072888334e-03,-8.01388497553665036e-03,-1.85741538018752085e-03
asteroid_3992,4.56643814743169013e-11,-8.20294515474552677e-01,2.47024903810815344e+00,1.58445557067426857e-01,-1.00884274029676806e-02,-3.38261944584851860e-03,5.07623978004246722e-04
asteroid_3993,7.00691833507272521e-11,4.78742638470811332e-01,2.14401179298012323e+00,4.63148638223152657e-03,-1.13268719505271055e-02,2.52935960609545476e-03,-6.91486303555082247e-05
asteroid_3994,4.70753086382462224e-12,-2.37897030124421427e+00,-6.95827525137061698e-01,2.18865603918719759e-01,2.98869347657480669e-03,-1.04594770682466705e-02,-7.67498498277169447e-04
asteroid_3995,5.04427847679861918e-11,-1.69185649667813154e+00,-1.67939285645721337e+00,8.19352130023836556e-02,7.85124565892667686e-03,-7.89414839022669311e-03,3.14938593134684393e-04
asteroid_3996,7.38720350495757883e-12,-2.02822824376945299e+00,6.04569764084099237e-01,4.76539153454271155e-02,-3.35484717194038315e-03,-1.10578707358564635e-02,-2.50014053927646385e-03
asteroid_3997,7.33564902364417415e-11,-3.71818610695012930e-01,2.18277220984983877e+00,-1.71403285446530759e-02,-1.13687477054184288e-02,-1.94273982246576343e-03,-7.84495947148961871e-04
asteroid_3998,5.81003048406366498e-11,-2.63270745645407178e+00,1.03576039381799975e-01,-2.19002795952630364e-01,-6.06844388271545929e-04,-1.02777182825345391e-02,2.43429948007731559e-03
asteroid_3999,4.51445967350282937e-11,2.38722838740625232e+00,-7.10084451851140441e-01,2.91467260240355075e-01,3.28990038216207597e-03,1.00648991145938817e-02,-2.42502438431573117e-03
asteroid_4000,9.72844993094517745e-11,4.63120039150775098e-01,2.26290569125790553e+00,1.74928466277014083e-01,-1.08301093072371863e-02,2.02138857178566509e-03,2.52348261224876521e-03
asteroid_4001,3.26083994048945031e-11,-1.39878409808901938e+00,2.58893835336554456e+00,-3.13649331919925167e-01,-8.79695412012321265e-03,-4.61370427431092526e-03,1.14919290849613623e-03
asteroid_4002,4.22947343359385544e-11,2.31465462410116496e+00,1.01426362842353246e+00,-8.45653405487327287e-02,-4.31322584257337518e-03,9.89864707504358420e-03,6.64687886879534290e-04
asteroid_4003,7.37556303788390238e-11,1.51583449029030670e+00,2.70836339589369191e+00,3.39713175567520453e-01,-8.44915003736472318e-03,4.50987439123069593e-03,1.74598561859319666e-03
asteroid_4004,5.25098793425778098e-11,1.39078993592462097e+00,1.93922036704314715e+00,1.15210234131121275e-01,-8.95702462478504408e-03,6.30741310129248525e-03,1.96055286496341595e-03
asteroid_4005,6.58555277835717432e-11,-1.36575536571104683e+00,2.28044171119966732e+00,-6.89355021110481525e-01,-8.85685976375359847e-03,-5.40419558827017355e-03,-3.30235194209588310e-04
asteroid_4006,9.76282273285330499e-11,1.88300124147630066e+00,-1.33878202487073383e+00,-2.21036446710815376e-01,6.51818416481450644e-03,9.21548864103750344e-03,-2.88557246796508952e-04
asteroid_4007,6.95707284878087947e-11,-2.69188304204750084e+00,1.10278490172203911e-01,3.44113059885796727e-02,-4.30098612940781749e-04,-1.04705985371719035e-02,-8.98938478494907438e-05
asteroid_4008,1.50793638280938218e-11,2.04376813200895935e+00,-9.91626561168622356e-01,2.27143310222968353e-01,4.58072004346860191e-03,1.00629285329906643e-02,2.71519143290602791e-03
asteroid_4009,2.09426236921436647e-11,1.22101449203210644e-01,-2.25860911541481224e+00,-3.81742564262262885e-01,1.12112574430999618e-02,8.75512960825898610e-04,-1.59408677407617359e-03
asteroid_4010,8.69869428461339898e-11,-2.78363206873931546e+00,5.09905219672113663e-01,-1.63499664893429236e-01,-1.84419020998031168e-03,-1.00491826815527329e-02,5.75922072995013835e-05
asteroid_4011,4.80692873036277596e-12,-1.84753385821774740e+00,-1.49805994362024864e+00,4.26750899393001537e-01,7.05645948297902500e-03,-8.49185973345981983e-03,7.39852923231465605e-04
asteroid_4012,5.09225658229755409e-11,-1.37672901588919472e+00,1.85098107283935875e+00,-4.12584053097530190e-04,-9.08776374024510523e-03,-6.75932784743349651e-03,2.90912228114817418e-07
asteroid_4013,9.05964946561269463e-11,-9.97511975361003000e-01,3.02211162123881483e+00,4.61170843578342815e-01,-9.11725329309998403e-03,-2.97324832156284488e-03,-2.36530644471176201e-04
asteroid_4014,7.76250182742020375e-11,-1.47993095712673006e+00,1.55475247551691376e+00,1.48150087170788425e-01,-8.51259541395834457e-03,-8.03003768243241121e-03,-7.64984452728960569e-04
asteroid_4015,1.15755525969306496e-11,-1.91125338633637920e+00,2.01418509153550129e+00,-9.18718608153613614e-02,-7.43119273045128852e-03,-7.09569331360520097e-03,-9.70345163222418932e-04
asteroid_4016,7.40490973752834246e-11,-2.74617773042818847e+00,2.53951856841189982e-01,1.09706938615013894e-02,-9.49250147696136469e-04,-1.02935461408229963e-02,6.61356503541474456e-04
asteroid_4017,3.82130240212857908e-11,8.81611585325485225e-01,2.22991043364351871e+00,1.17337636577775628e-01,-1.03207330344089760e-02,4.04957787151730142e-03,5.85335333497481020e-04
asteroid_4018,9.01294677290486343e-11,1.64619367487033985e+00,2.04634362955198634e+00,-2.99494531746241466e-01,-8.21185523566791975e-03,6.66114108109060708e-03,3.76232141109197622e-04
asteroid_4019,5.72838312248671848e-11,-2.13355285721677435e+00,-5.57041300612317269e-01,3.06696000353184166e-02,2.93025981561464153e-03,-1.11828981216759507e-02,7.34541293422875420e-04
asteroid_4020,5.48817901426770765e-11,-1.01179422443519851e+00,2.76945507261083002e+00,3.17371519427361359e-01,-9.34509821440374436e-03,-3.48073900850286166e-03,5.81129345670403975e-04
asteroid_4021,8.81051542702425585e-13,-1.89127727765027309e+00,-1.41627561983358019e+00,1.23946425481679445e-01,6.70235308013469259e-03,-8.81207755369342940e-03,1.57872634978282697e-03
asteroid_4022,2.49731185112872535e-11,2.04058897163190833e+00,1.12040977956826038e+00,-1.38541547836848716e-01,-5.44021378137463270e-03,9.66402083240934864e-03,-1.97469134192389609e-03
asteroid_4023,4.12813005557525320e-11,-6.25966468962455225e-01,-2.38186851480324258e+00,2.73184306285851386e-01,1.05097531405074461e-02,-2.58950270208362218e-03,1.50410583069757338e-03
asteroid_4024,7.23945777521956243e-11,2.67090609147810332e+00,-1.72716029885110212e+00,1.16932766228251009e-01,5.21349452480841975e-03,8.09588304427987480e-03,4.97153158165947965e-04
asteroid_4025,5.20097667923659802e-11,-2.93824706359373922e+00,8.39227857040936276e-01,8.35703480023540328e-03,-2.70222645260604017e-03,-9.46181907417888504e-03,9.73079347660634993e-05
asteroid_4026,8.52553683456332828e-11,2.65515176301047084e+00,-1.84913326643193998e+00,6.57544030735630614e-02,5.30220304537002557e-03,7.68659358137620003e-03,2.05890597105387336e-03
asteroid_4027,3.44468214338809924e-12,1.62002613222716829e+00,2.30990553058537884e+00,-5.89763555679445384e-01,-8.37256919500719773e-03,5.62136456105254232e-03,-9.81681209706031059e-04
asteroid_4028,3.22956897957900004e-11,-7.53023835209456482e-01,-2.69782145382224359e+00,7.33940339129043329e-01,9.73757768009267215e-03,-2.71598906685207231e-03,7.32282602096239751e-06
asteroid_4029,5.97629833424375535e-11,-2.16366356523228154e+00,-1.55670394715544846e+00,-2.37503451544824329e-01,5.79549295865070587e-03,-8.42774579110074258e-03,2.44210422064965139e-03
asteroid_4030,6.58790121308245798e-11,-2.54312606652462758e+00,-1.91888705535741244e+00,-4.90207255106068288e-02,5.70602597351004253e-03,-7.60275785602628710e-03,1.58484487197061699e-03
asteroid_4031,5.02458999596594478e-11,1.77668452528139520e+00,2.00135768006796066e+00,4.45661116939930935e-01,-7.89082494943172362e-03,6.62403658491934281e-03,1.71080683976966509e-03
asteroid_4032,3.98912666404911291e-11,-2.11296316325494393e+00,1.37785639520186565e+00,1.33935071258355076e-01,-5.92978239867149402e-03,-8.98365755959270630e-03,-1.12906763181030772e-03
asteroid_4033,7.16487730939911004e-12,-4.75617280460425618e-01,2.78249018158135142e+00,5.09452708999362458e-01,-9.98941272314855626e-03,-1.51836802550416993e-03,-1.03305602363365392e-03
asteroid_4034,6.96272805080349740e-11,-1.66156841088655183e+00,2.17636477546842588e+00,3.07695052589928797e-01,-7.87484988104638489e-03,-6.33576125228296760e-03,2.28903847006162609e-03
asteroid_4035,9.03735875699193414e-11,1.85639912728933432e+00,1.26462009007305998e+00,-1.08289861731187861e-01,-6.41772451605867288e-03,9.22318888701030570e-03,-2.30887938857584664e-03
asteroid_4036,8.08857153886960791e-11,-2.32040908484692388e+00,1.08226561434909296e+00,-2.36293855466368191e-01,-4.47490476134347007e-03,-9.73000893147298040e-03,-6.21448372014583991e-04
asteroid_4037,7.01259873390857846e-11,2.41285614541473237e+00,-5.51549991334840395e-01,6.66839678716860812e-02,2.39783083477736712e-03,1.06153026194162250e-02,1.03846853461792682e-03
asteroid_4038,6.34197475595043606e-11,-3.07767716864921770e+00,4.64412063149545529e-01,-1.51427951290535101e-01,-1.47901422214738519e-03,-9.61477626375721768e-03,5.72617020165293463e-04
asteroid_4039,7.72063518426128086e-11,-1.49770271972686753e+00,2.05841245813850282e+00,2.14155144999758185e-01,-8.71809334950379364e-03,-6.29102781689816655e-03,-5.02355839200669904e-04
asteroid_4040,7.76753996588480883e-11,2.87350471972044064e+00,-9.16194507086036447e-01,6.52785526668354210e-01,3.02688029626831676e-03,9.30935327346058689e-03,-2.58241760579743917e-04
asteroid_4041,7.03974294680834192e-13,-1.45250510262270316e+00,2.14030051716806469e+00,4.80423242928716743e-01,-8.77775849357465172e-03,-5.95210294527095170e-03,-2.17516318366916186e-05
asteroid_4042,3.57912645689568742e-11,-2.99536413864129303e+00,-1.57726607896938098e-01,-1.67742947963268496e-01,5.02735100154469601e-04,-9.90620493251475991e-03,3.37405605336836957e-04
asteroid_4043,8.68066823361860203e-11,3.08606835636434373e-01,2.21734799859951659e+00,-3.26043435853631991e-01,-1.12757424675574321e-02,1.37372424404533884e-03,-1.33033348169417256e-03
asteroid_4044,8.50798487525872821e-11,-3.12399877155222150e+00,6.79399414380367883e-01,-2.83643402016113544e-01,-2.07586234134077502e-03,-9.36487096578421906e-03,4.31892839698884445e-04
asteroid_4045,7.09984429163412274e-11,-2.02640108783176620e+00,-1.73936766476322813e+00,1.81303756401295729e-01,6.72119482470337915e-03,-7.97147597986592148e-03,-1.35403182140373638e-03
asteroid_4046,3.09139551103226115e-11,-1.03048603918551063e+00,2.17067944427133730e+00,-2.06943026357858217e-01,-1.00146844522206561e-02,-4.70692826982447958e-03,4.96562149024683849e-04
asteroid_4047,7.97932631946874582e-11,1.56919582400799706e+00,-1.77281994089854278e+00,3.25297326028645806e-01,8.33007554660143354e-03,7.37786339377105842e-03,2.49113154527134596e-05
asteroid_4048,2.31631582764718700e-11,2.37737942829844595e+00,-9.60417613748973109e-02,-4.31295216337384657e-01,3.14934288606228113e-04,1.10342632741947735e-02,-7.21157503139215452e-04
asteroid_4049,2.24176642649396986e-11,2.46970615607800781e+00,4.39067371442799281e-01,-3.99652234867598988e-01,-1.69706726757531999e-03,1.05964763378985308e-02,1.15427737913314588e-03
asteroid_4050,5.35780004195912945e-11,1.48298617340388317e+00,-2.53480083276042567e+00,-3.78413207070469604e-01,8.43472904181833891e-03,5.15633708040258085e-03,-1.48435881591347488e-03
asteroid_4051,5.71383846113993572e-11,-3.05264223350243658e+00,-1.03879846960414612e+00,-3.11105484184736103e-01,3.10756007010169017e-03,-9.03193647822973962e-03,-3.33993861482683840e-04
asteroid_4052,3.51393055286542318e-11,-2.20772976692055645e+00,-1.83812926192813331e+00,4.16795753223101029e-01,6.54326740944805810e-03,-7.61123067181496051e-03,1.09247853916568240e-03
asteroid_4053,6.03814825616647398e-11,2.71313297063995273e+00,-4.60859183536743044e-01,1.59245843083319460e-01,1.74859952642157103e-03,1.02092489196809084e-02,-2.45889658242225107e-04
asteroid_4054,7.09141303296796930e-11,1.48883605883792391e+00,-2.15902638747145348e+00,2.87560064938585269e-01,8.74226443232500872e-03,5.94319368195882908e-03,-6.40862762283588645e-04
asteroid_4055,1.80299831165101676e-11,-2.15503760074492901e+00,2.21687914758179616e+00,-1.14300685019008280e-01,-6.89853671135493181e-03,-6.78047690733683036e-03,-1.44261483138405453e-03
asteroid_4056,2.88686352436759895e-11,-2.32924603453364343e+00,2.03778457335452501e+00,-3.92275724890567001e-01,-6.47813996174210170e-03,-7.16650361524300613e-03,1.23737278197751988e-03
asteroid_4057,6.99868134149468543e-11,4.98433512079960783e-01,-2.33862250141288142e+00,-5.41269860882418574e-01,1.06603684678342036e-02,2.48764257042457387e-03,-9.31461423616814443e-04
asteroid_4058,9.27258448526305860e-11,-2.80284408077481872e+00,1.61366969493053425e+00,2.53668826075753917e-01,-4.75465436111455544e-03,-8.28172066104266788e-03,1.47463214156801661e-04
asteroid_4059,8.84453635736166361e-11,1.71946383894524013e+00,-1.86209957581397600e+00,-4.49686516610555809e-01,7.97652863278353400e-03,7.02145013105855576e-03,1.42479974398333873e-03
asteroid_4060,1.29734194687670361e-11,-2.39200881278792110e+00,-1.89261367649722723e+00,-2.45928160241278393e-01,6.09327972506936311e-03,-7.71730152930124452e-03,1.24799123575417052e-04
asteroid_4061,5.69768381803181780e-11,-2.65117106995887220e+00,1.83862566124311311e+00,-4.68557782508228327e-01,-5.41914214117483663e-03,-7.83526950616277897e-03,-8.33508898300044189e-05
asteroid_4062,8.00195517834296773e-11,2.15747545177564248e+00,1.94052185652352915e+00,4.99104626934923967e-01,-6.47350383835118993e-03,7.53868874838520622e-03,-1.32750656234208609e-03
asteroid_4063,2.37402819967280853e-11,2.25261755959392529e+00,1.19301194517613535e-01,4.16268007540987139e-01,-4.95590767500521433e-04,1.13329479542096240e-02,-5.66120285080144313e-04
asteroid_4064,6.43226366129492999e-11,2.73930715164646843e+00,-2.63193335453162036e-01,5.34581382677865258e-01,7.42128064836803671e-04,1.01758641859559084e-02,1.20711820816242986e-03
asteroid_4065,4.27695204906894578e-11,2.00242807234070863e+00,-9.93568396887896332e-01,-1.79041568824804875e-01,5.16759912675361123e-03,1.00088238192268877e-02,2.25251891981990277e-03
asteroid_4066,6.62765087492298807e-11,-2.88924345346326295e+00,9.44328022055253569e-01,-2.11058672903302047e-01,-3.07436751274748482e-03,-9.36075124104380693e-03,2.03623498378274168e-04
asteroid_4067,3.22030664249843809e-12,-5.35222821723782827e-02,2.43698539482017429e+00,5.00739683123157218e-03,-1.06451385963705712e-02,-2.39612639847295341e-04,2.83188899962955693e-03
asteroid_4068,3.13021692249797329e-11,-2.18956118976643666e+00,-1.95223617254430049e+00,-6.68168196794658165e-02,6.52600545597003569e-03,-7.23624211895905738e-03,-2.42805110230918031e-03
asteroid_4069,3.07396864426803501e-11,1.48695688175509844e+00,2.81891217033550534e+00,-1.79567243370932716e-01,-8.50008286985154925e-03,4.42406609468965362e-03,-9.36712949240962336e-04
asteroid_4070,4.18731320625666217e-11,-2.29315086875355467e+00,-3.31827799171917848e-01,-2.86361189110014153e-02,1.61835082885958075e-03,-1.11840410870734947e-02,1.85537099786424147e-06
asteroid_4071,1.14626540093085079e-11,-1.80554268929676076e-01,-2.55852950307482230e+00,1.83237904270383473e-01,1.06960918637593085e-02,-7.27961610499822847e-04,3.74997681673244667e-04
asteroid_4072,4.36675287777297626e-11,-2.81356637090379635e+00,1.48413986888581928e-01,5.79926359264591129e-01,-3.64195894386142667e-04,-1.01028744763888168e-02,8.18584207504677200e-04
asteroid_4073,5.41544098943036381e-11,1.78154860808899085e+00,1.86511869041936640e+00,3.55104684750224275e-01,-7.33397915180484562e-03,7.42182850306850796e-03,-2.18738513420350337e-03
asteroid_4074,2.67562240915522738e-12,-2.21891105367418762e+00,-5.77804404175678354e-01,2.78697086406353489e-01,3.04396844228510630e-03,-1.07113926997192705e-02,2.02802746938201281e-03
asteroid_4075,3.00984991327737111e-11,1.56405156631030295e+00,-1.44776214754548760e+00,-1.24360066211185463e-01,7.92469742403506018e-03,8.64797570338110035e-03,-1.00978120611248750e-03
asteroid_4076,1.77373466907164242e-11,-2.57569778822594309e+00,2.49391630396998215e-01,-3.00518774607360095e-02,-1.02936715526426173e-03,-1.06430502414707889e-02,-9.81285457066828105e-05
asteroid_4077,9.72165450996085632e-11,-2.87289247882395538e+00,3.35332701050158541e-02,-1.85197239631509608e-01,-1.95109188009758917e-04,-1.00644296146907217e-02,1.20430780990102944e-03
asteroid_4078,1.30303193009083729e-11,-2.66328694529429422e+00,7.91225389650841660e-01,2.41173741160921551e-01,-2.89007798232947298e-03,-9.87533121026403990e-03,4.83078393986456427e-04
asteroid_4079,6.27452700026278362e-11,-2.09778990503997642e+00,-9.09122182351141950e-01,7.33657158753199673e-02,4.52350076199597474e-03,-1.04354252299169222e-02,3.10454978102798332e-05
asteroid_4080,4.01912843513920986e-11,1.26565653509987142e+00,2.31738993838818885e+00,-4.25647906686781527e-02,-9.28969831491890594e-03,5.06924276349594687e-03,-2.38582308316208597e-04
asteroid_4081,2.87402536486355027e-11,1.54899999387853660e+00,2.01475269391812262e+00,-1.00386372476064384e-01,-8.55280227305108172e-03,6.57197747301600538e-03,-7.35294073307172992e-05
asteroid_4082,8.54090234053112401e-11,2.14938787866350633e+00,-1.12400004326871139e+00,-1.30403128930482087e-01,5.11694173959456947e-03,9.77942682261516601e-03,4.76704753962900517e-05
asteroid_4083,6.64120770925050912e-11,2.69758944978707760e+00,1.24530107545348234e+00,1.53649239449567709e-01,-4.01579832423619876e-03,8.93181770149369114e-03,-1.88628982825181347e-03
asteroid_4084,6.20339943170757995e-11,-1.20089977483686017e+00,2.15165142237431262e+00,-1.92238459982179449e-01,-9.50973915789645775e-03,-5.36873992759741465e-03,-6.83595197910939322e-04
asteroid_4085,9.37482172612311379e-12,-2.35745407898147530e+00,-1.40318217876312357e+00,-1.61028791644970137e-01,5.33299455714665409e-03,-8.84319635549297121e-03,-1.01642843449700261e-03
asteroid_4086,2.59043403570092204e-11,3.10147867101172769e+00,8.19187075525000363e-01,-1.34628622528552323e-02,-2.42876019765457009e-03,9.17077680827788067e-03,-1.49790704112310940e-03
asteroid_4087,2.76564590525570230e-11,-2.41294983692060461e+00,1.18835051284081561e+00,-5.58771738856815636e-01,-4.81306140048060657e-03,-9.07435993650443362e-03,1.48567899806412314e-03
asteroid_4088,4.34436313514848004e-11,-2.44426034865365294e+00,-1.33468102585912440e+00,5.58789983459900053e-01,4.89709929189281485e-03,-8.95523345787394877e-03,3.11484542413612345e-05
asteroid_4089,9.21475967239195157e-11,4.08133097260923339e-01,-2.14527219837148486e+00,1.34610190417168346e-01,1.13042753335465783e-02,2.03634350300758819e-03,-1.82109393110834036e-03
asteroid_4090,4.03712331981228167e-11,2.25425014179438499e+00,-3.61593832144722349e-01,-3.75627523742796732e-01,1.58743282740939789e-03,1.11334712435139493e-02,-1.19087081607170708e-03
asteroid_4091,3.28088209565581469e-11,-9.42018773661654540e-01,-1.96848716935653911e+00,4.13676427768579269e-01,1.04274653713100126e-02,-4.94426642662756065e-03,2.17907312897704097e-04
asteroid_4092,7.10297657580671207e-12,-2.97260713373622432e+00,-1.03906757243738795e-01,-5.09685601301233304e-01,4.49450869015878356e-04,-9.87340681306592312e-03,-6.08467600055544221e-04
asteroid_4093,3.85019387679348839e-11,-2.98485415449038483e+00,-8.28786636963819268e-01,1.81716459637198874e-01,2.65884610025103043e-03,-9.32823953549307555e-03,1.12894316497350738e-03
asteroid_4094,5.24523318795853966e-12,-2.32312346575690265e+00,-4.94301261062170608e-02,-2.12398950616838646e-02,2.52643790761069729e-04,-1.11582098563546787e-02,-1.66530947412167423e-03
asteroid_4095,3.65267939330117147e-11,-1.33361687416585983e+00,-1.93056929780421993e+00,2.80594349644330610e-01,9.18931820070418605e-03,-6.38150337298777365e-03,-2.31311397638533722e-04
asteroid_4096,9.67787614682645695e-11,1.98691364664450654e+00,-1.47719629965665655e+00,2.43837328879662335e-01,6.47564803180039009e-03,8.76837629859902531e-03,3.52938483341284112e-04
asteroid_4097,5.56105147230854208e-11,2.68021072471911959e+00,8.41782617333260874e-01,6.66815877893741716e-04,-3.06740029651073227e-03,9.76708679880732705e-03,-7.26913564252427264e-04
asteroid_4098,2.08949633612058731e-11,-2.83361061097319977e+00,4.46809944413440255e-02,-2.63163942071774515e-01,-1.52627611641568381e-04,-1.01950055879736854e-02,-8.75339073785255374e-05
asteroid_4099,2.99289898466290294e-11,1.52341073094284640e+00,2.47483208613370698e+00,3.23750645905789725e-01,-8.55581244511106551e-03,5.28845610725011545e-03,-1.66870306512119403e-04
asteroid_4100,5.71142871446556234e-11,2.71753604011444772e+00,1.64872182421251057e+00,-2.20871369032332121e-01,-5.03011051694804163e-03,8.11763809941365780e-03,-1.29387308665129710e-03
asteroid_4101,1.93835163789030106e-12,-9.10650693395874261e-02,-2.43135928029285209e+00,3.20236814043334372e-01,1.09732740627556270e-02,-4.10482898922727316e-04,3.90510289576538417e-06
asteroid_4102,8.99581212543286344e-11,2.78011793961485454e+00,-7.91170868295595575e-01,6.74603836728739428e-03,2.76769607712288451e-03,9.72791588695875488e-03,2.84929239360676417e-04
asteroid_4103,5.78180297171077207e-11,5.65142625008754118e-01,2.70271946389009310e+00,2.40959689389160625e-01,-1.01087229428704819e-02,2.13080926419169717e-03,-1.91357537292120318e-04
asteroid_4104,4.92334730641173824e-11,9.73354162068980511e-01,2.25570922271514851e+00,2.24654647843132660e-01,-1.00635675087015642e-02,4.30204081140981437e-03,4.06233238167736006e-04
asteroid_4105,7.16262219122302878e-11,-1.09257444992248676e+00,-2.99259922091207820e+00,-1.40366865195118901e-01,8.92889195632708653e-03,-3.17913668011247843e-03,-1.72118444896473253e-03
asteroid_4106,2.00341081663455016e-11,1.23970794571441267e+00,1.82831987102834415e+00,1.57275722320397660e-01,-9.57847246468775809e-03,6.44472519495912360e-03,5.81712699643263643e-04
asteroid_4107,2.17412581667810518e-12,2.26150199895055470e+00,-1.90107651924780940e+00,1.84865439380281103e-03,6.43986400022588442e-03,7.66077977772245278e-03,-1.98819877128479510e-05
asteroid_4108,6.15260294063258203e-11,2.51722069523986036e+00,1.58187537357612307e+00,5.16332470494866580e-02,-5.30547788941032605e-03,8.44698738585200615e-03,-1.36008979244371019e-04
asteroid_4109,1.60086410158198087e-11,2.31850068648074004e+00,2.19974025311053367e+00,1.24127774864505616e-01,-6.60291656548574798e-03,6.89219918135734310e-03,1.19085851919843396e-03
asteroid_4110,1.23387346966709900e-12,6.37614139646825590e-02,2.71984235223116144e+00,-9.63921306389613902e-02,-1.04165862072113334e-02,2.56886550324589616e-04,3.58065059935763351e-04
asteroid_4111,9.28923834413449051e-11,2.28353612623905855e+00,9.81950958419057329e-01,3.41554827507072681e-02,-4.25660812201431645e-03,9.94750807112180190e-03,-1.40084866626826940e-03
asteroid_4112,7.88439951009372006e-11,8.56994562180615982e-01,-2.96322299135084899e+00,-2.30879725907532724e-01,9.28929481687602691e-03,2.78550328028975749e-03,-1.26989157202961182e-03
asteroid_4113,1.14289670174405727e-11,2.92763860694724842e+00,2.54386072342513092e-01,7.17410315076714378e-01,-7.39949092832730597e-04,9.85146097732858377e-03,-4.73607538621918951e-04
asteroid_4114,8.96361231413774238e-11,1.18257722082562955e+00,2.42306087179024798e+00,-1.49440467288896650e-01,-9.24240314618340712e-03,4.61507864045153631e-03,1.69138287730851485e-03
asteroid_4115,6.76671603399087063e-12,-1.39920328616202005e+00,2.67792042141105036e+00,2.16351367562065636e-03,-8.77097248259217817e-03,-4.58273520998773130e-03,-8.01084531960137699e-05
asteroid_4116,8.03009473046833778e-11,-2.40635821507361714e+00,1.96733847864390687e-01,1.84822983724068329e-01,-8.45075666131429350e-04,-1.09996458436828429e-02,7.05799018015299331e-04
asteroid_4117,4.14530126577229673e-11,-2.76218445561244330e+00,-4.26159228116433531e-01,-2.65071232428508108e-01,1.36222645835869043e-03,-1.00002451442728329e-02,1.88242231638861249e-03
asteroid_4118,5.18229234024698218e-11,-2.81310015258600732e+00,-1.39046518529180685e+00,3.87270341570035564e-02,4.30030536811255599e-03,-8.68197241800210823e-03,6.50948384170040657e-04
asteroid_4119,6.68361791770567919e-11,-1.37555720049022639e-01,-2.46902002828995570e+00,2.08001913707119623e-01,1.06107380136001642e-02,-7.97837351746335643e-04,-2.45338460580589619e-03
asteroid_4120,9.88516877240802761e-12,-1.06946028007599073e-02,2.65818263145146760e+00,-3.43138860964862846e-01,-1.04932806130973964e-02,2.78452755465484539e-05,5.42751979580875462e-04
asteroid_4121,9.07765691918209342e-11,-2.19395652392762752e+00,2.38582488472128773e+00,-1.09885706801871718e-02,-7.03065469882636993e-03,-6.46630299292344328e-03,-2.28951404615754635e-04
asteroid_4122,1.43726510653699609e-11,-3.32834090795845361e-01,3.03376080657254832e+00,-1.89708219015335355e-01,-9.77701903428172293e-03,-1.08013949175157320e-03,-1.19971685235437708e-04
asteroid_4123,9.41590060156943264e-11,-3.14299370176423176e+00,2.03613310293991517e-01,3.06359127456027558e-01,-8.11548776753554858e-04,-9.41079429089663327e-03,-2.07119572775485298e-03
asteroid_4124,9.15736959215107457e-12,1.31381409233619850e+00,-2.14884441598148079e+00,4.70875166666789580e-01,8.82721937681710429e-03,5.81892909144235242e-03,1.92545314748825028e-03
asteroid_4125,1.72091168530719067e-11,-2.05526805847007044e+00,2.48888094313515262e+00,6.66096165774705651e-01,-7.15034760566282766e-03,-6.14967660054850651e-03,9.15681380575439764e-04
asteroid_4126,5.76499461972301411e-12,-7.00529732634151192e-01,-2.16491873703803561e+00,1.86637142869350542e-01,1.08351945636653846e-02,-3.48774827817850729e-03,2.12628379392317311e-04
asteroid_4127,3.97845157274370992e-11,1.46571221553735209e+00,-2.26031062517237791e+00,3.93477217006127367e-01,8.77612275636225833e-03,5.44024017099322462e-03,-1.44007744941709957e-03
asteroid_4128,5.90907042657773238e-11,2.67163153461291136e+00,1.35101922986631623e-01,-2.10367394844892287e-02,-5.35054013123865795e-04,1.04863080750146401e-02,-6.05929841341971628e-04
asteroid_4129,6.25112174779409486e-11,-2.97297604472443089e+00,7.05063325761577597e-01,1.28018330538558656e-01,-2.29704032294453762e-03,-9.52253732880261813e-03,-8.98730788488014934e-04
asteroid_4130,8.28536104086914131e-11,7.26077525323016615e-01,3.09931680872783888e+00,-2.12895582943738504e-01,-9.21698092310825612e-03,2.27092999154047352e-03,1.62562693805217459e-03
asteroid_4131,5.28426995828549979e-11,2.46778558920443247e+00,-1.55984027189453101e+00,-5.84506943412885560e-01,5.52218045065610338e-03,8.15256511768864753e-03,1.55833554685222268e-03
asteroid_4132,5.10160612715852148e-11,6.00761915782508149e-01,-2.77777792773906018e+00,2.40754459958680639e-01,9.93943439754365471e-03,2.08104807681240697e-03,-7.91446339819669594e-04
asteroid_4133,3.26213304778360398e-11,-1.18124701900874896e+00,2.30797524765309303e+00,-3.24392794575945775e-01,-9.44452681235259314e-03,-4.88862598387588675e-03,-3.89985921065138413e-04
asteroid_4134,6.51140401332368516e-11,2.49538346185989512e+00,1.05975393229163939e+00,8.39551266490948522e-02,-4.06358413925218820e-03,9.60865157947723633e-03,-5.07481080735724802e-04
asteroid_4135,9.08538068723850910e-11,-2.70095539072206359e+00,-2.16319296971317354e-01,9.18505458539198294e-02,7.94664751904385481e-04,-1.03647465733005938e-02,-1.04235250492208382e-03
asteroid_4136,3.55364767137472048e-11,1.42636606589566206e+00,-1.57400957958333887e+00,-3.50459185585145425e-02,8.74539406953207983e-03,7.92511493792512865e-03,-2.09718935797959810e-06
asteroid_4137,3.56419073683400385e-11,2.22958421077062457e-01,2.67984743585316787e+00,-2.80102547436336613e-01,-1.02363088066950714e-02,6.35844841378931905e-04,-2.06461557283625988e-03
asteroid_4138,3.43390228729427243e-11,3.12716116259808219e+00,3.17121186625670586e-03,3.70066374477136641e-03,-9.79546168818833143e-06,9.72742802118944580e-03,-5.82997599385412860e-05
asteroid_4139,2.27490523586769207e-11,2.00318441456791119e+00,2.10758497318677973e+00,5.04478993751216076e-01,-7.18956568069688707e-03,6.95229378946990526e-03,-4.96599469720936538e-04
asteroid_4140,5.66753905430835245e-11,2.66742731725828408e+00,1.48094712934156969e+00,-1.54070591145505587e-01,-4.74922524663876598e-03,8.60597703902374681e-03,4.98367870557503792e-04
asteroid_4141,1.05664558871039875e-11,-1.57979678265482049e+00,2.00016273340339579e+00,3.18126693423849860e-01,-8.41347102604726033e-03,-6.66367620195881197e-03,1.15873170903544483e-04
asteroid_4142,8.34813641354101169e-11,1.42306453520720799e+00,-2.33513412495565742e+00,3.14853629076585623e-02,8.86362553939650834e-03,5.39141961101223706e-03,-7.56645013496276813e-04
asteroid_4143,1.37838996406209307e-11,-1.31420285978137352e+00,1.67482998983933995e+00,-2.19515355609147950e-01,-9.23360434582749454e-03,-7.27660533450986014e-03,-2.38013422527256536e-04
asteroid_4144,1.74012495640798565e-11,2.44334654390214023e+00,7.49910677191285235e-01,-1.38676462696575770e-01,-3.20072766099056610e-03,1.01661593057189754e-02,-1.41895355016100825e-03
asteroid_4145,6.86673813488516820e-12,-1.99078440377683741e+00,-1.77749852631303407e+00,-4.93452464893313000e-02,6.93924520815943514e-03,-7.72338738314668448e-03,-1.74751265489555912e-03
asteroid_4146,3.81409036663876758e-11,2.56486276738013774e-01,-2.32728500331787735e+00,-5.54978950827810236e-01,1.09640019978133989e-02,1.41635901522201035e-03,-8.72384518639472435e-04
asteroid_4147,7.57669537332092301e-11,2.04216976078588530e+00,-6.04048203286100871e-01,1.83107642051808323e-01,3.35089590112773840e-03,1.12775042680509294e-02,-1.68983062695904774e-04
asteroid_4148,9.10103123760242252e-11,2.78607858180694468e+00,7.83842917759304925e-01,-4.46551809001632494e-01,-2.72709001832247304e-03,9.67512239877193515e-03,-3.15997375702032368e-05
asteroid_4149,4.34337352992133965e-11,-8.80021658078200542e-01,2.42529713095818122e+00,-4.67901610928208755e-01,-9.76820408160701710e-03,-3.85426964033277119e-03,-1.60614524665858333e-03
asteroid_4150,2.35213019126893757e-11,-1.43344600377752074e+00,-2.16249134422943046e+00,1.50655475846525860e-01,8.86664166925269122e-03,-5.91384321528764818e-03,-5.22932844155089838e-04
asteroid_4151,7.25682077986910583e-11,-1.73902044947019863e+00,1.63952608685740930e+00,2.18370763371303039e-01,-7.30202997097074112e-03,-8.04874700342561589e-03,2.27938588840739245e-03
asteroid_4152,6.88175032066153327e-11,-1.80756726275550195e+00,1.98471472093399837e+00,5.75160753978256389e-01,-7.40555571065151189e-03,-7.14425560405895690e-03,1.37921302334770334e-03
asteroid_4153,6.81676584274328515e-11,-2.34723894176577375e+00,1.15845748641146185e+00,2.05887649068576317e-01,-4.75134595486230091e-03,-9.23912452432722013e-03,-2.18279862824498653e-03
asteroid_4154,4.43479015880147711e-11,-5.94395715859861173e-01,-2.57443766428508303e+00,-3.75976640116199523e-01,1.02642145502456275e-02,-2.29696454187972021e-03,-4.99002079310000425e-04
asteroid_4155,5.65341731682710734e-11,2.16625273260648266e+00,1.76834610520829050e+00,-6.13623706710614003e-02,-6.35736915812952670e-03,7.85449561401736253e-03,1.91971749377829238e-03
asteroid_4156,6.20606961250930761e-12,-1.12275609819578470e+00,1.78362695478342292e+00,-5.23964662507783990e-03,-9.94648437234301082e-03,-6.26547664321990602e-03,-1.48808523049633328e-03
asteroid_4157,2.50087671300340219e-11,-1.82065347541680556e+00,2.57387347733295302e+00,4.81265693480174006e-01,-7.82535045660646446e-03,-5.60458812672161993e-03,3.70375923286646183e-04
asteroid_4158,9.26952417945760218e-11,-1.45668350667488822e+00,1.60247563267572435e+00,2.92749740548945536e-01,-8.18147215669109799e-03,-7.89177237693240198e-03,2.48866960674213721e-03
asteroid_4159,4.18755375045328973e-12,-1.63830683906271579e+00,-2.06818343452845843e+00,1.18441600138999487e-01,8.27338036631744024e-03,-6.58284162676430352e-03,-5.08169158662246582e-04
asteroid_4160,3.01669828692522402e-11,1.24525977358725490e-01,-2.33817999923441899e+00,1.85719995864579823e-01,1.09933186428710118e-02,7.55068591927893760e-04,2.13510952027816218e-03
asteroid_4161,2.26721647364786619e-11,-2.49110401944860715e+00,-1.07285630911092378e+00,2.97160433736336160e-01,4.18598969542221221e-03,-9.50372838254695887e-03,7.79379668526655441e-04
asteroid_4162,1.30325903562027820e-11,-1.78322098714152633e+00,1.65975047591297975e+00,-2.81540946277727584e-02,-7.49695132787457901e-03,-8.06303659617059985e-03,-4.93991390499917606e-04
asteroid_4163,9.24359351872989249e-11,1.70937155974604504e+00,-2.60744910910879080e+00,2.97877254648507561e-01,7.98006467455692446e-03,5.38486021029271726e-03,1.34234270036247337e-03
asteroid_4164,1.25983467171278789e-11,-2.56406285634524744e+00,1.95873596012823420e-01,-1.45239031102546157e-01,-9.19784885073618983e-04,-1.04658674967063013e-02,2.12339035402759387e-03
asteroid_4165,4.89422397608800390e-11,2.73771988669600486e+00,-7.43339013839787732e-01,-4.11336120468283051e-01,2.60686831613451487e-03,9.81269481076933736e-03,-3.82372577661876034e-04
asteroid_4166,8.39525535864475559e-11,2.29974925368694860e+00,-4.98390860251814283e-01,4.65090272881034550e-01,2.12920316195430075e-03,1.08459709768387921e-02,1.09419493899149561e-03
asteroid_4167,3.97162343360400038e-13,-3.19466111758654248e-01,-2.09324962296656070e+00,-1.56833414720468162e-01,1.16404835445842823e-02,-1.83027369464990085e-03,7.17192216168085128e-04
asteroid_4168,1.08616825697748856e-11,1.93582089602715723e+00,1.60231796186673670e+00,6.06072888966763479e-01,-6.74979569355573742e-03,8.29333157256311945e-03,-3.66554252762935854e-04
asteroid_4169,3.41960012207567735e-11,1.63481669164432053e+00,2.18747779540132292e+00,2.65828425361582354e-01,-8.32151509271064453e-03,6.04447954436284317e-03,1.43696816757911254e-03
asteroid_4170,1.47600252159423886e-11,8.30757121868746728e-01,-2.49503220210581311e+00,3.38937927316809662e-01,9.81260098301878388e-03,3.50403359023714793e-03,1.74305808405676851e-03
asteroid_4171,1.82741333451806310e-11,8.67789162130208180e-01,-3.13415108378297225e+00,1.23573880239729705e-01,9.16708343933103804e-03,2.56093414883187039e-03,5.76650024464709070e-04
asteroid_4172,5.91196697729003564e-11,2.42151557742839829e+00,-1.67956553381756524e+00,-8.51263269013420032e-02,5.70013271169822044e-03,8.16084704181298769e-03,1.13105710189846252e-03
asteroid_4173,1.70714145837116292e-11,3.16296778515603272e+00,5.00261831167071902e-01,-7.75309429968433439e-01,-1.44280175042016076e-03,9.36512458512561013e-03,1.56684431301118903e-04
asteroid_4174,6.38883346726955921e-11,2.40240749987986080e+00,4.99839501569615208e-01,3.26892995401010383e-02,-2.23680517446183487e-03,1.07506636949836407e-02,3.40001332470419450e-06
asteroid_4175,9.15526962902784748e-11,2.55448014673029755e+00,-1.63034791703196902e+00,3.16190909127629760e-01,5.28414355776605886e-03,8.31635172963017533e-03,1.90729420678015287e-04
asteroid_4176,2.29505753106694391e-11,-1.70845672319228248e+00,-2.10298122644556962e+00,-5.59561762698145615e-01,8.00458372902527505e-03,-6.54644529917549310e-03,1.63639980452921958e-04
asteroid_4177,2.12363776338663788e-11,-3.10024165984652378e-01,2.80596328941050244e+00,-2.50296373210805112e-01,-9.98636316606135201e-03,-1.26030043171194463e-03,-1.75928571231447626e-03
asteroid_4178,1.14924517475633717e-12,-3.11738106532357850e+00,-7.80524578626535792e-01,-6.71537201661572936e-01,2.45898119619593998e-03,-9.13520516803140344e-03,-7.97169918864852286e-04
asteroid_4179,1.47649266638960663e-12,-2.84902780642589137e+00,1.99650498801869997e-01,4.06402084144542097e-01,-5.13461685278121245e-04,-1.00276236589768100e-02,1.32665029894071091e-03
asteroid_4180,3.96686898301657552e-11,7.91728943072402491e-01,3.06754787387054151e+00,2.58239927509517131e-01,-9.13230040973188502e-03,2.16892941333577749e-03,2.23440172992606795e-03
asteroid_4181,4.89093175755306687e-11,-1.46618397233736553e+00,-2.55800760876655087e+00,3.64897405224152371e-01,8.62431952986044033e-03,-5.00420038347701174e-03,-4.27362835406824750e-04
asteroid_4182,1.82892507522216919e-11,-1.09320046931423476e+00,1.96951396794698907e+00,-3.63417118090072766e-02,-9.87384231076503770e-03,-5.51482528105709958e-03,-1.85561907816722657e-03
asteroid_4183,3.23055670162059831e-11,-2.46781470184007334e+00,1.46554491674039089e+00,6.33721447223246082e-01,-5.20244089143563713e-03,-8.56801595418114036e-03,-4.44750434710811777e-04
asteroid_4184,1.40395920272184777e-11,-2.22111434611727621e+00,-1.49573983202479610e+00,-1.34657610777522863e-01,5.69969086555862509e-03,-8.62992446000803576e-03,1.84509892042963950e-03
asteroid_4185,6.81279023199578736e-11,3.08773729449354883e+00,8.49357508530733774e-01,2.90749079997575828e-02,-2.55074725345350159e-03,9.26466807882135243e-03,2.41515004054378965e-04
asteroid_4186,3.92999958705963241e-11,2.05579156110267780e+00,-2.27703254405052258e+00,-5.19931988150454522e-02,7.26727893374261823e-03,6.54000212153839442e-03,9.27295037884849844e-04
asteroid_4187,7.34360677793689576e-11,-1.12009189028253919e+00,1.90264447645929846e+00,-2.75304171449368362e-01,-9.85652304399378329e-03,-5.92601087612616446e-03,-8.53166632754660554e-04
asteroid_4188,5.50358028177497242e-11,3.01626948571434517e-01,2.23351783819943250e+00,1.76573468562422897e-01,-1.11298440470564731e-02,1.66592758903464115e-03,-2.06043462944851315e-03
asteroid_4189,3.77361411164168426e-11,-9.36723582700883739e-01,-1.96873759939818349e+00,-1.20160056822953915e-01,1.04576325263917320e-02,-4.88285749742777518e-03,-1.52168585664857157e-03
asteroid_4190,6.26404045610367144e-11,-2.11770973036224408e+00,-1.62685859206009464e+00,3.39011972336124123e-01,6.47252185103464311e-03,-8.07988647179967191e-03,1.65802337459511014e-03
asteroid_4191,7.26838595034182206e-13,1.24733090981947803e+00,-1.75451255989707100e+00,4.38560846383315661e-01,9.54053968226727285e-03,6.53189437925535792e-03,-1.00309755728207627e-03
asteroid_4192,6.90395415409113952e-11,-9.99142335538283022e-01,-2.79313722103487372e+00,-1.07613922392813602e-01,9.37728737727635576e-03,-3.37712449865033284e-03,5.90326276478770934e-04
asteroid_4193,3.71111361403518105e-11,2.59357713491375330e+00,-8.71127001598083206e-01,-3.84352242678854317e-01,3.17373494806236786e-03,9.81542740771258401e-03,-8.30377497705242127e-04
asteroid_4194,5.13624963782513772e-11,-6.96274347468109622e-02,3.08116202010838602e+00,3.61367586732070922e-01,-9.72308788651889307e-03,-3.19304706013287889e-04,8.49096257992315909e-04
asteroid_4195,5.23457439575265609e-11,-1.65921871224744755e+00,-1.78222839774575381e+00,-5.96436261118672081e-02,8.04539695003555697e-03,-7.51009545674337364e-03,5.97418838436126792e-04
asteroid_4196,5.58456523580470252e-11,-2.44322343681484783e-01,2.68994580146176698e+00,-3.45047867970149580e-01,-1.03823832756249398e-02,-9.19823089118372030e-04,1.80769000560741100e-04
asteroid_4197,7.02416274731358431e-11,2.22032399282208681e+00,-1.63679748398456337e-01,2.55620911034894038e-01,7.27873680930106546e-04,1.14249563230704003e-02,9.93340403500909876e-04
asteroid_4198,1.10735064253003289e-11,-2.24222970502262059e-01,-3.08141471530724331e+00,6.70739904076528060e-01,9.64728462946788483e-03,-7.21072688251973436e-04,-8.76363179355034308e-05
asteroid_4199,4.89028862317099422e-11,9.62975703857537502e-01,-2.09915055375149828e+00,-4.87058254747895353e-02,1.02265526767014968e-02,4.66025611050756988e-03,1.34157600759396791e-03
asteroid_4200,8.32446926621330702e-12,6.20765654656888710e-01,-2.13390397426447143e+00,4.58032896737060186e-02,1.10788664759586819e-02,3.22169427403979887e-03,-5.66244386507889491e-05
asteroid_4201,2.34229858826755904e-11,2.32638962960691931e+00,7.37573231108648586e-02,2.94061289796081149e-01,-3.86752122262218280e-04,1.12214918617708631e-02,2.45081307623639581e-04
asteroid_4202,1.89345586445129225e-11,-3.34873395113729766e-01,-3.04872025853688466e+00,5.08386162658158516e-02,9.53425365907529555e-03,-1.01170982489906373e-03,2.13120776523415640e-03
asteroid_4203,5.98749471491012846e-11,-2.02562102053732795e+00,8.78640934312971522e-01,2.90306868305410692e-01,-4.47463380161266817e-03,-1.05906544118130261e-02,8.31775703541681602e-04
asteroid_4204,6.06136876927452422e-11,2.56597994016901287e+00,-1.19975745589505101e+00,-1.63321824915387714e-01,4.28540284503029032e-03,9.24926489945875410e-03,-6.16064563540219198e-04
asteroid_4205,8.30916336492729845e-11,2.94067030894494641e+00,2.96699767788619229e-01,4.86778948869303785e-01,-1.26688586441410424e-03,9.70359028575619453e-03,1.73886044943185464e-03
asteroid_4206,5.21884990413465218e-11,1.57336927562338857e+00,-2.55470250735220716e+00,-7.60937589875318732e-02,8.44618012241198091e-03,5.21119516707766253e-03,-3.16623320645170335e-04
asteroid_4207,7.44704047907446537e-11,-1.29792402879799895e+00,-1.93200650062143509e+00,-5.16554742556311897e-02,9.31494208247275746e-03,-6.28266885224481198e-03,9.30586908327199112e-04
asteroid_4208,8.89089072662806212e-11,6.96537892161461891e-01,-2.04886111585411879e+00,-2.07500528387162347e-01,1.10015647457881727e-02,3.81419676955812312e-03,-7.31336599643451178e-04
asteroid_4209,1.33623058206813242e-11,1.69036811817291799e+00,-2.00091658508513204e+00,3.17848617698642089e-01,7.87343182697614052e-03,6.90296554214847591e-03,1.58333266405705523e-03
asteroid_4210,7.20997243031308796e-11,-1.01319447463106371e+00,-2.10767950741551768e+00,1.43842428671623002e-01,9.84352832715821614e-03,-4.89161619073027066e-03,-2.33971780441357509e-03
asteroid_4211,3.28003303670680941e-11,-2.52078419733122683e+00,1.51077476692655654e+00,-4.07704326882616513e-02,-5.15884206038398890e-03,-8.60595350726387452e-03,6.54920257207494667e-05
asteroid_4212,2.78135944185364965e-11,4.52492272392315542e-01,-2.43468510406898853e+00,5.08430666367215567e-01,1.06083455118595529e-02,2.07097340571452343e-03,4.75922777359097111e-04
asteroid_4213,9.62986339864494304e-11,-2.55407155457003299e+00,4.47887369358698051e-01,4.91551187503230513e-01,-1.87155715514631098e-03,-1.04194521264224741e-02,-2.30596309256615229e-04
asteroid_4214,2.06536117566108891e-11,1.70906239658667647e+00,1.39770409519224525e+00,-3.55019105046537442e-01,-7.41703378179813574e-03,8.57464708353709859e-03,-1.94737178188083919e-03
asteroid_4215,9.14561585761788906e-11,1.26272751790330928e+00,2.39733561844650955e+00,6.26576239763422471e-01,-9.03989664499254934e-03,4.92745268325866809e-03,-6.34929235909338619e-04
asteroid_4216,8.23734102841110009e-11,2.28285364522482181e+00,-9.81147339373399617e-03,4.27888500815284678e-01,2.24411541644009338e-04,1.12459394403421134e-02,-9.39402366504843715e-04
asteroid_4217,8.78644590627680316e-11,-2.40947453991255678e+00,1.63847821529595361e+00,7.60283529579384304e-02,-5.66991102995402767e-03,-8.31810369616419604e-03,-4.27137643291979486e-04
asteroid_4218,5.86024875343063607e-11,-1.11824179474047658e+00,1.87678232715495574e+00,-5.66379068462186733e-02,-9.95400226277554957e-03,-5.95823421519433606e-03,-9.06236190704840091e-04
asteroid_4219,5.84747334879448006e-11,-1.04267986972191951e+00,3.02622528959055703e+00,-6.74315281280467471e-01,-8.83150798508085429e-03,-3.31426859118152690e-03,-1.21795820826935608e-03
asteroid_4220,4.02641825252157536e-11,9.59416854170943134e-01,2.73835599858901624e+00,-3.40136505758783958e-01,-9.48669417373393040e-03,3.19405405708463215e-03,-1.04439596337319376e-03
asteroid_4221,4.00979297338722637e-11,-2.30932889148200182e+00,1.72845694470993239e-01,-1.02948405612194399e-01,-7.68934533022888611e-04,-1.11710330557183313e-02,-1.50699015476255058e-03
asteroid_4222,8.50682131973523880e-11,8.03717093725292653e-01,1.91123056250494328e+00,-4.27269999336206574e-01,-1.09275145905336369e-02,4.26471390050813665e-03,-1.47864049040448311e-03
asteroid_4223,3.87816385496647963e-11,1.25288157119833587e+00,2.08963658958041298e+00,-5.66114725625747828e-01,-9.30667639010461685e-03,5.62646394583598154e-03,1.71522817742984670e-04
asteroid_4224,4.86748208289906150e-11,9.57332983656455361e-01,-2.07254866250102987e+00,-4.31413685105461533e-02,1.01666210818852319e-02,4.65143858702828962e-03,2.14431936140437821e-03
asteroid_4225,9.96393215600284619e-11,1.98928748096695229e+00,-1.26923388504012125e+00,-1.06145358273973159e-01,5.96160206798730663e-03,9.13358688272769385e-03,2.51242636677096853e-03
asteroid_4226,3.54378426202744144e-11,2.00292342016893343e+00,-2.42687518597505747e+00,6.38266931085511580e-02,7.47938861249440763e-03,6.16724390348773709e-03,-2.11689257605062565e-04
asteroid_4227,8.22609424317333076e-11,-5.33064810834659841e-01,2.73804270978401565e+00,4.39394987057046660e-01,-9.93532788472252862e-03,-2.13284088537802220e-03,1.23723705072234188e-03
asteroid_4228,2.77270007113160066e-11,2.53135651176033094e-01,-2.24462258225522149e+00,4.91707324909029575e-01,1.11038456324881619e-02,1.57839141988183390e-03,1.48892195189903576e-03
asteroid_4229,2.51711223312345972e-12,-2.73873898238383129e+00,3.99793192893798888e-01,-3.53542078095825732e-02,-1.49335223022433144e-03,-1.02310703591581651e-02,-1.16059244191855746e-05
asteroid_4230,5.93468520390798242e-11,2.39113530788623940e+00,2.52408268413068015e-01,-1.10030396337767483e-01,-1.18150950261705786e-03,1.10174243948027144e-02,-4.02253158398517216e-04
asteroid_4231,4.79398043233847495e-11,-3.01646646868510349e+00,-1.09658508739922245e+00,-6.33054223161523710e-01,3.11429282466395849e-03,-8.96042909078379433e-03,6.81952702614048206e-04
asteroid_4232,7.86693952382492432e-11,-2.13549205704128964e+00,-1.21163234577635837e-01,-4.04321340398928475e-02,6.30343071950825512e-04,-1.16372389555151577e-02,1.58074490893877692e-03
asteroid_4233,4.25215478643104551e-13,-1.28839336339102917e+00,-2.68532565420180047e+00,4.70267016084408504e-02,8.98386716973064228e-03,-4.31321375924852493e-03,-1.62221045444907864e-04
asteroid_4234,7.06533318696159667e-12,2.03221748254686130e+00,2.24419519412470114e+00,-4.49287262482090614e-03,-7.31084444921986914e-03,6.61890428831072176e-03,-6.92810134390589886e-04
asteroid_4235,8.59692946969141880e-11,-1.89077270626340277e+00,1.08577834502765658e+00,3.25560155284861028e-02,-5.76827245848665800e-03,-1.00739951756540561e-02,9.71669362090944451e-04
asteroid_4236,4.80882904503235237e-11,-1.15750153184975968e+00,-1.99026594544451552e+00,-1.33377429633262184e-01,9.75350867168373742e-03,-5.71865655677702370e-03,6.89368287537699587e-04
asteroid_4237,5.06422797336055307e-11,-1.32927065439211267e+00,2.13034748988620981e+00,5.04222745862388688e-01,-9.18766419303758235e-03,-5.44146590323978888e-03,-1.23096225039233203e-03
asteroid_4238,2.25184435753532166e-11,-1.02982842501246430e+00,-2.94402784334443801e+00,-3.78115636313249570e-01,9.04149358996802176e-03,-3.31669443922921053e-03,1.19871708522496551e-03
asteroid_4239,9.25928514324826702e-11,-2.18294565930170714e+00,-1.58440635062815893e+00,5.06098526983383312e-01,6.01164957307597381e-03,-8.45035383973590133e-03,-5.24976726423426860e-04
asteroid_4240,9.14429150107659809e-11,-2.32006093746459086e-01,-2.87701106153765274e+00,-1.01007787308293445e-02,1.00924794730034451e-02,-8.13893067007831245e-04,6.19931830541265232e-06
asteroid_4241,5.16742145748834338e-11,2.93502988974646328e+00,-7.20731433096597041e-01,3.24665278478794561e-01,2.31810884441468372e-03,9.58511749260248548e-03,3.22106266767762674e-04
asteroid_4242,2.17901764217806041e-11,1.82869892180608673e+00,-2.49003063754841625e+00,-1.63952183177327626e-01,7.84671638832671117e-03,5.80391926212059546e-03,-6.26127566568842383e-04
asteroid_4243,9.82793163035116580e-11,1.78123204963054982e+00,1.93043491573531467e+00,4.87613729946677510e-01,-7.83766501730490291e-03,6.89974723481851307e-03,1.31494892754545453e-03
asteroid_4244,8.92467164910503226e-11,-9.54074188971566040e-01,2.45854757424122639e+00,-6.26400148595011586e-01,-9.77982107251398891e-03,-3.56205503866695306e-03,9.15058983787101865e-04
asteroid_4245,5.21458867817583792e-11,-2.50842968960226020e+00,1.56012769583444411e+00,-2.11892086460108431e-01,-5.31160499273009012e-03,-8.42568190431259960e-03,8.43108258449302072e-04
asteroid_4246,6.26435901014457349e-11,-1.37824221777505612e-01,-2.35189860442891563e+00,-5.35430454295140801e-01,1.09465344082986735e-02,-9.43714932550418191e-04,1.32757530162410493e-03
asteroid_4247,4.39723837677425062e-11,2.39017012936356865e+00,-2.01373536801406283e+00,-2.18937147209547585e-03,6.26940712097801521e-03,7.44133076565515854e-03,3.59379351302537817e-05
asteroid_4248,2.06137169460018797e-11,1.63604661604684076e+00,-1.34532725694042465e+00,1.69805329116768600e-01,7.47032414847531578e-03,9.12851652557454367e-03,3.47713194324416675e-04
asteroid_4249,6.81482697060231138e-11,5.05623772418740125e-01,-2.23630537368079985e+00,-4.41771366978634894e-01,1.09861895150811257e-02,2.32987706718742939e-03,7.79955441911386752e-04
asteroid_4250,6.69167225727783277e-11,-1.92780198776398048e+00,2.37608578149005822e+00,5.35191012751290787e-02,-7.59342164174998425e-03,-6.18129677116033890e-03,9.09545060904506041e-04
asteroid_4251,5.47371361004252622e-11,-2.65900241591114028e-01,2.49063789378633915e+00,1.32809143478067215e-01,-1.04882461194143392e-02,-1.25457503245167759e-03,2.52892933880342072e-03
asteroid_4252,8.14464524262557930e-11,1.84767920768236582e+00,-1.33216707159857473e+00,-9.43278303562176679e-02,6.67286112160193901e-03,9.22325759770588512e-03,4.49355035949740712e-04
asteroid_4253,4.51891413130202491e-11,-3.45110781554453405e-01,2.28823820474421380e+00,-2.15248236772598855e-01,-1.09924355741714240e-02,-1.46161025789038582e-03,2.08640779767642597e-03
asteroid_4254,8.60930633091929277e-11,1.81485925377804558e-01,2.72868784095825978e+00,-1.09495146269236121e-01,-1.03699055310398983e-02,6.75340905155613082e-04,-3.57982854189181588e-04
asteroid_4255,2.17096650716547070e-11,-1.83245046516514010e+00,-2.51598695812500317e+00,1.33278682580330821e-01,7.86759265546686445e-03,-5.74502217966016762e-03,-2.80818028803695710e-04
asteroid_4256,9.61809269278226848e-11,2.72525582411673795e-01,-2.15472594698624942e+00,2.36966879208684922e-01,1.15287741501400622e-02,1.51232265192946178e-03,4.92705853905742739e-04
asteroid_4257,2.05159757191649548e-11,-1.37413956142346838e+00,1.56383883226755760e+00,4.80739261963829101e-01,-8.97024964748214561e-03,-7.53260515831891304e-03,-1.13698735464056117e-03
asteroid_4258,1.60203108612845693e-11,-2.70804153882832493e-02,2.64670864426638985e+00,-2.45431490046952250e-01,-1.04725613978977790e-02,1.18095053052932541e-05,1.28287381765953569e-03
asteroid_4259,6.03437167251703679e-11,-2.96156841111434366e+00,1.23505897242166385e+00,-4.99510109506036915e-01,-3.58343948826515780e-03,-8.82845118790225904e-03,-5.82684224163880363e-04
asteroid_4260,9.31706225298777836e-12,-1.64022126211237973e+00,1.79942888661786826e+00,6.18222488754728919e-03,-8.14741140119900481e-03,-7.42654683551420124e-03,-2.34669215614162586e-06
asteroid_4261,1.68014409365005086e-11,2.09818394310479439e+00,-2.48297804575330128e+00,3.84106657409451768e-02,7.28621617578477637e-03,6.15837142349436820e-03,8.53735816790903356e-05
asteroid_4262,7.29061580109715319e-11,8.84999229897654449e-01,3.03891122582113971e+00,1.99045046258806667e-02,-9.28178743721868107e-03,2.70410082904608490e-03,-1.58136622202003751e-04
asteroid_4263,3.08220714582435739e-11,-1.02269567877475276e+00,-2.18884014154091533e+00,3.39869750522511838e-01,9.95045827170566721e-03,-4.37376782518373274e-03,1.77365620162683066e-03
asteroid_4264,8.00141291726078841e-11,2.41746231965693426e+00,1.89978983971079729e+00,1.87495874562088383e-01,-6.06118555781943492e-03,7.70155286782731822e-03,1.13900160380953490e-04
asteroid_4265,1.55637282910446707e-11,-4.63740834418897574e-01,-2.87522646602552312e+00,-2.49368222115906368e-01,9.93111072335281161e-03,-1.61113663060535677e-03,1.07957248590806926e-04
asteroid_4266,3.85362917392312944e-11,-2.25215658143721820e+00,1.48241647560906853e+00,3.11516408590294558e-01,-5.81634586175034177e-03,-8.59500120049104185e-03,-1.14905736936408444e-03
asteroid_4267,3.86349318895433065e-11,1.46763025067188635e+00,-2.12740752147680068e+00,3.45328333675964438e-01,8.68274678992311637e-03,6.11993956646074248e-03,8.00813573311256045e-04
asteroid_4268,4.80448625092603665e-11,8.72088869843889780e-01,-2.95008492814473167e+00,-1.19407882401873930e-01,9.34382849443910618e-03,2.80186190835724673e-03,-9.80519480807548948e-04
asteroid_4269,4.10451164312592925e-11,-1.08500300889382340e+00,2.85229884318425597e+00,-2.02516566365474378e-03,-9.20374813939329496e-03,-3.50106241944931913e-03,8.95503603185266208e-06
asteroid_4270,3.86847041838254950e-11,4.18658274885863768e-01,2.97115719745863949e+00,-2.16705002283799936e-01,-9.78758892567024343e-03,1.31205498435918596e-03,-9.19837948234174729e-04
asteroid_4271,3.28504734290344113e-11,1.62392485252250030e+00,-2.83649906729865497e+00,4.39696063498018819e-01,8.05222366833400344e-03,4.81332851874049193e-03,1.31180551479859837e-03
asteroid_4272,1.52491220890553762e-12,-2.00143530943596680e-02,2.67271028108254249e+00,8.74345161144218647e-02,-1.05047278150030444e-02,-6.07197555825294720e-05,-5.48513547860242780e-04
asteroid_4273,6.16628727726238382e-11,6.51130763222698583e-01,2.99817928936990885e+00,-3.82235904038842611e-02,-9.43771584946171034e-03,2.02660710926968546e-03,-1.80662414773450340e-03
asteroid_4274,4.73544017839192257e-11,-3.90849877220945163e-01,3.11051414780460922e+00,5.86209288157956885e-04,-9.63960720112220365e-03,-1.21125207727168288e-03,-3.84983757779563216e-05
asteroid_4275,3.73345320621840530e-11,-2.33151560841801109e+00,-3.94966971796780475e-02,-3.21603682674463709e-01,-1.10226022271238061e-04,-1.10033487138297709e-02,2.15044062226054603e-03
asteroid_4276,2.11493642311966490e-11,-2.11195343663328128e+00,-2.59841698784441744e-01,3.10963091380313195e-01,1.06415625670137470e-03,-1.14459360317451363e-02,-2.33687861792796284e-03
asteroid_4277,8.91400944702136283e-11,2.44314941496883531e+00,-8.46672867815184693e-01,-7.52024168671592218e-04,3.50292243045629073e-03,1.01079869046411374e-02,6.15174331779315426e-06
asteroid_4278,2.37970035002333426e-11,1.21665633229166970e+00,-2.85850640248428789e+00,3.65510821336748615e-01,8.95773135806575589e-03,3.78110141230114530e-03,-2.46717686560830461e-04
asteroid_4279,9.20932402256857077e-11,3.39907717632600914e-01,2.42311346079286993e+00,-2.05098806146931552e-02,-1.08282099628300051e-02,1.50891739856102687e-03,-1.18548105135900315e-03
asteroid_4280,2.17342256176361646e-11,2.61824991536799478e+00,1.33000454483424968e+00,-1.39738822966069265e-01,-4.34789743155167534e-03,8.78421481838628782e-03,2.14087640582084253e-03
asteroid_4281,9.71428865241763655e-11,1.51342223596383230e+00,-1.46542598069608676e+00,9.58759859804786119e-02,8.21791506406880333e-03,8.38355945339163723e-03,-1.58214339036224214e-03
asteroid_4282,4.19907156793688535e-11,2.39822412797663231e+00,-6.96488644001688639e-01,-3.82505067304135415e-01,2.93527830312437015e-03,1.04028965719068379e-02,-5.38670192345997736e-04
asteroid_4283,5.32764129062453328e-11,-2.81101338442443671e+00,-3.92684974985534896e-01,-4.20233124087769291e-02,1.40313025297470221e-03,-1.00998236815609821e-02,5.19499470603233988e-04
asteroid_4284,2.98880633078434458e-11,-2.15988887382913530e+00,-6.49363432982103084e-01,3.77968178562408108e-02,3.29951601021811342e-03,-1.09672392534664442e-02,1.28682460588447941e-04
asteroid_4285,9.39186976124852395e-11,3.04831281184841985e-01,-3.15312070857886306e+00,-2.26777907734872219e-01,9.46363666734395016e-03,1.02981359625331460e-03,-1.59766041572126025e-03
asteroid_4286,2.82642590760699598e-11,1.00660726318183325e+00,-2.02637885696410347e+00,-3.36628030560525093e-01,1.02131156566539882e-02,4.94640069968888419e-03,7.64388525083727977e-04
asteroid_4287,7.30238795112121527e-11,3.07218704449817048e+00,5.52782428399650527e-01,-6.65868456539922327e-01,-1.81682070392788541e-03,9.43996241333262473e-03,-5.45704903680288632e-04
asteroid_4288,2.05887852365718715e-12,1.13727572469895288e+00,2.02304019771084365e+00,-4.26545940799393009e-01,-9.80877662131823813e-03,5.22079040480142968e-03,-1.39120931867588171e-03
asteroid_4289,5.58762870114257625e-11,2.55781347142435989e+00,-2.07024590304646150e+00,-1.28087392341237033e-01,5.93281507296340629e-03,7.23634925637188595e-03,1.51468393986209783e-03
asteroid_4290,7.41601421139498908e-11,2.65769947558789044e+00,-8.76604930805248372e-01,-3.90856823827608224e-01,3.17122296998782489e-03,9.72636827337946402e-03,-2.50794554392860596e-04
asteroid_4291,4.70926174838608059e-11,1.42696099958755895e+00,1.63451359135964580e+00,-3.70796630836099150e-01,-8.82569797604637087e-03,7.26646530326905543e-03,-1.93310954580194912e-03
asteroid_4292,6.43352783628776681e-11,1.03032894486471882e+00,1.89865831807680863e+00,-2.80449865957265176e-01,-1.02216846972046013e-02,5.26515071368046771e-03,-1.90756165465493519e-03
asteroid_4293,7.68080078661545170e-11,1.14876347185561922e+00,1.86394769692118234e+00,-4.15922257343454560e-02,-9.66117645974873263e-03,5.89506113476093250e-03,-2.65244248932860983e-03
asteroid_4294,5.00287976472755673e-11,1.69142673885540296e+00,-2.23833099023854842e+00,-1.14416713509894921e-01,7.85587790895399783e-03,6.06997038982398651e-03,-2.61291267520350834e-03
asteroid_4295,2.18170176304158085e-11,-2.85225053370624915e+00,1.10666082077925276e+00,2.72122249413263351e-01,-3.59112177999666585e-03,-9.11758565713320993e-03,-5.61160239857992518e-04
asteroid_4296,3.96832335114088833e-11,-2.07063735230366008e+00,-1.48272658533487012e+00,-4.34443052098806792e-01,6.32984734866456379e-03,-8.58607979277212045e-03,-8.65497975301674611e-04
asteroid_4297,7.30805929938619267e-11,2.46102216225092896e+00,8.93368938608560370e-01,2.86669899290828478e-01,-3.73480233930322848e-03,9.80446402944915897e-03,1.50845172830076156e-03
asteroid_4298,2.71164828754396389e-11,-1.74892013452378081e+00,-2.19232049523325712e+00,1.22774722077984594e-01,8.02901969739396211e-03,-6.39777036650570133e-03,1.31550784237485064e-04
asteroid_4299,6.32071421737725509e-11,-2.51683584096328650e+00,-1.08123778390689851e+00,-4.62314261450214592e-02,4.01940102546411229e-03,-9.42943303280449445e-03,1.71499610560701650e-03
asteroid_4300,1.48377157217936697e-11,2.22977438508701420e+00,1.88705968014623005e+00,1.63342511094401177e-01,-6.50782414370790294e-03,7.60537024627223023e-03,9.74590343322070214e-04
asteroid_4301,9.30300203866274360e-11,1.82815997382214679e+00,1.93438337500909818e+00,1.55916134201383449e-01,-7.65983268109864893e-03,7.15246705067200828e-03,1.07613084109902052e-03
asteroid_4302,6.03022826877884527e-11,-2.39338528206403245e+00,1.73142209895383981e+00,1.24747951629882059e-01,-5.86964613623742158e-03,-8.09859178449108714e-03,-2.10375296571134191e-04
asteroid_4303,4.68323763547986928e-11,3.23152204285207745e+00,1.53208143912604927e-01,6.34432066025565899e-01,-4.06983471223315281e-04,9.46295292369382125e-03,-2.12198282915078548e-04
asteroid_4304,8.11541884073210523e-11,-2.42925489640109271e+00,-5.15166290719600406e-01,4.30727081665947309e-01,2.12997004784099345e-03,-1.06030508463677061e-02,-6.68855568159052566e-04
asteroid_4305,7.97191335091191664e-11,-1.72395924203842621e+00,1.19019401666490987e+00,2.88415569669900451e-01,-6.68309858090146251e-03,-9.75567275153380563e-03,3.11196006235685003e-04
asteroid_4306,9.74133074469829338e-12,2.18697200648567591e+00,5.31730082968917550e-01,1.70988384054352668e-02,-2.71011848628960762e-03,1.11316827594003503e-02,4.62175637181162649e-04
asteroid_4307,3.07132764681113515e-11,-2.41904235232940623e+00,-1.32998855126719384e+00,-1.42338665733534153e-01,5.00197468449669214e-03,-8.94739837977343543e-03,-1.40545927784804293e-03
asteroid_4308,4.58631414132858079e-11,6.50723961537274853e-01,-2.42701746873660218e+00,4.31637592393418895e-02,1.04798669045834854e-02,2.80600631587619260e-03,-2.14859935293399150e-04
asteroid_4309,3.40605904634197063e-11,2.67101893767324450e+00,-1.79962694687448388e+00,2.16448231828579474e-01,5.37183746273374365e-03,7.90600027196884658e-03,-5.56384594204789693e-04
asteroid_4310,3.17368990462565716e-11,1.19198356128340510e+00,2.58661616959203222e+00,-1.66828814068443604e-01,-9.24081458339745011e-03,4.20731405967806390e-03,-7.92384095641336466e-04
asteroid_4311,3.52255078441581345e-11,-2.71796426658932955e+00,-5.40282509986674195e-02,1.79581288200004685e-01,3.53165735994434029e-04,-1.01614318098224281e-02,2.28803048696279423e-03
asteroid_4312,1.42135124498147619e-11,-3.04263415755170996e+00,2.98126180932108853e-01,5.20172625549817566e-02,-9.35921594083035735e-04,-9.73595607247735965e-03,1.05496498600161546e-03
asteroid_4313,1.19505394771208170e-11,4.75088955386410550e-01,-2.36205315153994722e+00,6.76705451930195989e-02,1.07243499560558155e-02,2.20575415830382435e-03,1.70071547369340134e-03
asteroid_4314,2.60384767699653184e-11,-1.95152743776327942e+00,2.36803299227772168e+00,3.05092257088453889e-01,-7.27197527677446616e-03,-6.25080979297207209e-03,2.00157337546559479e-03
asteroid_4315,7.01747217317747719e-12,6.10640384144284787e-01,2.01245654005338315e+00,-5.07785140213855082e-02,-1.12730767440582438e-02,3.45308769473474117e-03,1.28780848410650541e-03
asteroid_4316,5.10268971169582165e-11,-1.47854112118597181e+00,2.42791928734128426e+00,7.25123438384913110e-02,-8.51413743643242293e-03,-5.11546829460378903e-03,-2.32454456745078168e-03
asteroid_4317,1.53220953929750682e-11,3.02343935799895247e+00,-1.10679328647179998e+00,1.15018485712155921e-01,3.29489584481720398e-03,8.99961197651495334e-03,-1.04997145642234934e-05
asteroid_4318,6.76604082542962197e-12,1.67353096683539104e+00,2.53075322652316359e+00,-2.63131004489011056e-01,-8.23442711276980467e-03,5.40386236237365512e-03,-3.98001969811075996e-04
asteroid_4319,8.37162075480579215e-11,2.39935572303020228e+00,2.00007063437119914e+00,-6.66439890412027641e-02,-6.22885818692146907e-03,7.47645994610652079e-03,1.23063589748529170e-04
asteroid_4320,5.87550755286331573e-11,-3.08156734936351040e-01,2.54243754564813029e+00,2.80370433682594955e-01,-1.05738459457641893e-02,-1.39720800950820850e-03,1.04829976623009168e-03
asteroid_4321,8.98370191321557011e-11,2.49420091984779679e+00,1.79781075102399823e+00,2.98822912882932334e-01,-5.74652897925016521e-03,7.60098108906548560e-03,2.23501049261038559e-03
asteroid_4322,9.83394429982507987e-11,2.28191411603320482e+00,1.48110866535229713e+00,4.71481742623510836e-01,-5.65305185838194633e-03,8.67207986195206101e-03,1.17684735439397526e-04
asteroid_4323,5.93572010794627910e-11,-2.65730562662140057e+00,9.37235500357815554e-01,-3.72413386415080705e-01,-3.50119942127552746e-03,-9.53252369075919745e-03,9.92277196732526496e-04
asteroid_4324,7.95997724247742140e-11,1.37433457493469691e+00,1.67786613272300844e+00,8.88892110083642495e-02,-9.03427536713326262e-03,7.36274570188596468e-03,7.02170024659897721e-04
asteroid_4325,1.59626025630945378e-11,-1.84518600931462551e+00,-1.42922461246979537e+00,1.92154616524950111e-01,6.53649287743069112e-03,-8.78190963641278972e-03,-2.55146713773260004e-03
asteroid_4326,6.98398863874139045e-11,2.60299646408937502e+00,8.57197433152233290e-01,-3.37063193240216163e-01,-3.21813216174096986e-03,9.83795572939752394e-03,1.66982814646006342e-04
asteroid_4327,5.49599246471117472e-11,2.06437964871881219e+00,-6.55738760894253425e-01,-1.40283882126802262e-01,3.51445791469651376e-03,1.11302656070503565e-02,-3.09167251115029056e-04
asteroid_4328,6.76425230822162867e-11,-2.66271643406590997e+00,1.25323393808847672e+00,-5.27132091471747444e-01,-4.45958730183643529e-03,-8.70018780434630469e-03,1.84250928622001577e-03
asteroid_4329,1.04813724979401050e-11,-4.17648746688152772e-01,-3.06498419978625991e+00,3.02540281775704190e-01,9.64794021071356533e-03,-1.36513917473039684e-03,-5.11270310926210318e-04
asteroid_4330,9.35821535506002091e-11,-3.15242391924543863e+00,-5.20247634262364200e-01,-2.44884533824395734e-01,1.60542828038286742e-03,-9.45704688520982058e-03,-5.75717218117388629e-04
asteroid_4331,4.17545600445046177e-11,-1.91137694296685789e+00,1.13318054851611039e+00,-1.91541221238359476e-02,-5.88468611132459633e-03,-9.92651492152391533e-03,-3.55157933260389028e-05
asteroid_4332,7.75821707220671185e-11,-2.03685623689288331e+00,2.50333581125822846e+00,4.84076903083280399e-02,-7.42380884875514045e-03,-6.03225170624239939e-03,-4.23065760768476945e-04
asteroid_4333,9.90612951292931340e-11,-1.97198351609994904e+00,9.11540380161520059e-01,-1.94330482010653505e-01,-4.61691316574488076e-03,-1.04609431301013762e-02,-2.21836232322667479e-03
asteroid_4334,8.73324664691585411e-11,2.20972441289420374e+00,-1.49626177739277133e+00,-3.42377990982368416e-02,5.87126550332172075e-03,8.64065231985155016e-03,1.32020516884967737e-03
asteroid_4335,3.11774313394829102e-11,1.97262314276430351e+00,2.31282100119331302e+00,6.48963370979574683e-01,-7.53435977370842981e-03,6.06279287011517870e-03,1.29483082900937814e-03
asteroid_4336,4.02036011669916084e-11,-1.89567543925825244e+00,-1.08426957556955461e+00,4.75512333076252500e-02,5.77805642231514916e-03,-1.01035000594867329e-02,-3.36074319055855474e-05
asteroid_4337,6.48689247101391737e-11,-1.37444144203608731e+00,-1.60951151321366726e+00,1.50819875424445721e-01,8.80768449854463231e-03,-7.68062725694532069e-03,-1.70011687687725505e-03
asteroid_4338,5.38069357074781632e-11,-1.23751631497436310e+00,-1.73318822630993052e+00,3.52800838620041524e-02,9.40281583240730814e-03,-6.75849972885284467e-03,-2.19994256722576362e-03
asteroid_4339,4.10359429437103127e-11,2.53274515100348063e+00,9.54979588458486628e-01,1.90866559640802236e-01,-3.54421078554332603e-03,9.70413581947283423e-03,-1.52289091684446021e-03
asteroid_4340,6.53404366745534823e-11,2.72485692486745235e+00,-1.35778853300606905e+00,4.24882558615623074e-01,4.37104671479841573e-03,8.78396413638691739e-03,3.83373444139435275e-05
asteroid_4341,9.09537416503956895e-11,4.12262625354098911e-01,2.20038669021844724e+00,2.52884251807983296e-01,-1.12306278529932264e-02,1.97148086565245755e-03,1.15447230960638082e-03
asteroid_4342,3.09564965074962847e-11,2.19434160392607325e+00,-3.67225514199901404e-01,3.32273889687405899e-01,1.71051879206153361e-03,1.12804030885264271e-02,1.17068866053312215e-03
asteroid_4343,1.28425503913996043e-11,2.68605686790734755e+00,3.73022307144127374e-01,6.22014926017765757e-01,-1.45408505995256693e-03,1.02087168459535135e-02,1.57031683425505825e-04
asteroid_4344,6.75781989205713662e-11,-4.03118107658971617e-02,-2.37654429771114284e+00,1.42513031501195292e-01,1.11236432211331473e-02,-1.45610585286635303e-04,7.18279537878473693e-04
asteroid_4345,5.89636040033722170e-11,-2.97251791589298842e+00,-3.38339122605446074e-02,1.45241708053167162e-01,1.66230758011061240e-04,-9.90962201928686365e-03,1.09364332431626616e-03
asteroid_4346,9.05597471612259004e-11,-3.14529718435261652e+00,5.99864848503957826e-01,4.91968246466575054e-01,-1.88211877593484167e-03,-9.34874966067149489e-03,-6.33855111391022608e-04
asteroid_4347,7.42684970274741165e-11,-2.99138331776124078e+00,4.07008213261565444e-01,-4.22003443533651088e-02,-1.34141011579022151e-03,-9.77583117285614825e-03,8.01611085371451370e-04
asteroid_4348,3.97163048875946196e-11,-1.80063036475647009e+00,2.58419960021479467e+00,1.36364584795598848e-01,-7.94338574419061264e-03,-5.54394772114176048e-03,1.72815505274321967e-04
asteroid_4349,6.33366017571025758e-11,-2.18721601920276232e+00,1.48689296070664212e+00,-6.50158031147821225e-01,-6.00176129785106021e-03,-8.48631102599593616e-03,7.82751735408114004e-04
asteroid_4350,8.62380802584462695e-11,-7.33264439041296678e-01,-3.00939321693624073e+00,9.12843489395082086e-02,9.48322882830370667e-03,-2.32299504919697246e-03,-4.06324604101065512e-04
asteroid_4351,3.47538411851039994e-11,2.31271412446567304e+00,1.07191327963368083e-01,-1.40955995208634055e-01,-5.20304277075921530e-04,1.12829141381782811e-02,4.33858747586740443e-05
asteroid_4352,1.39251659106806685e-12,-2.12066289005024355e+00,5.11597940349597380e-01,4.75045989643932409e-02,-2.65652861773634907e-03,-1.11845594596161179e-02,1.86078672790236112e-03
asteroid_4353,6.26377856324859200e-11,-2.39709831307963261e+00,-1.60919063026661679e+00,4.91151542431424344e-03,5.64183924288097754e-03,-8.40362823038968976e-03,2.04320480065414554e-04
asteroid_4354,2.60227937652398187e-12,2.09609514999085977e+00,5.30870205461335010e-01,-1.70063602845832752e-02,-2.87242763603601497e-03,1.13399604003833719e-02,-4.90715770991291433e-05
asteroid_4355,9.37486153643608149e-11,-2.18634809382551420e+00,-2.29627628035834341e+00,-4.57913704421581691e-02,6.99674683289168344e-03,-6.66015806928119212e-03,-8.21356318559470660e-05
asteroid_4356,1.68282029754926852e-11,2.30615879616843822e+00,-1.80610539940030046e+00,-6.10219124801002627e-02,6.19869182109649558e-03,7.90654619372814157e-03,2.47647054059026823e-04
asteroid_4357,3.74326148621608822e-11,-1.78891000546079093e+00,2.70008847131986141e+00,1.55058229012512233e-01,-7.94803913274154741e-03,-5.21023659419236982e-03,-9.68842276119772803e-04
asteroid_4358,9.46289490719438088e-11,2.20016901744952209e+00,1.11089881459469675e+00,2.42949842030351915e-01,-5.01879519885378191e-03,9.48146174436653028e-03,2.09612438824775382e-03
asteroid_4359,8.00226017235035145e-12,-2.34288274655169682e+00,1.28790638424488724e+00,2.29737498071450275e-01,-5.03661524622993090e-03,-9.21058071064719160e-03,2.70599005194455816e-04
asteroid_4360,4.44209961397531681e-13,-2.48188919382043149e+00,1.65775096347775430e+00,1.79882831472171323e-01,-5.54785408400634231e-03,-8.20434045434077081e-03,-9.36197221973406393e-04
asteroid_4361,1.03726193274853913e-11,5.57405179503259851e-01,-2.32136834861958929e+00,1.37951071535632436e-01,1.06792567358507985e-02,2.66046561677455145e-03,1.61831042758637405e-03
asteroid_4362,9.86039863830513420e-11,5.11342627611161782e-01,2.70042129592594149e+00,-9.97787663453335028e-02,-1.01714789178320008e-02,1.89913217340672950e-03,-7.28148827162776935e-04
asteroid_4363,9.71731592102814288e-11,7.69626642741640055e-01,-2.78382971614058050e+00,1.33917188362935174e-01,9.68580396376816748e-03,2.72792771274533042e-03,1.04268499841008344e-03
asteroid_4364,3.84660646543789120e-11,1.12539165124165463e+00,-3.06867055465182448e+00,1.98911706168721281e-01,8.91177714510000933e-03,3.21857521019755771e-03,-7.66634725996660337e-04
asteroid_4365,7.42911338740867786e-11,2.61578373076393600e+00,1.43305356695216934e+00,2.56782137217235640e-01,-4.75651417845465805e-03,8.72696410083065657e-03,-2.49996479135599573e-04
asteroid_4366,7.35959853980455910e-11,2.11888511821875936e+00,-6.98511406003915591e-01,-2.18820039517103160e-01,3.62548276697564897e-03,1.08974137206675620e-02,3.19960190245460545e-04
asteroid_4367,9.99062246346111713e-12,-1.34800446214615288e+00,-2.30518751973009239e+00,-5.60227563465554457e-03,9.08703465888829019e-03,-5.31387669907908318e-03,2.12378417703283073e-05
asteroid_4368,2.35196412248349698e-11,-3.28450025332094109e-01,2.72835651989753991e+00,5.69889039830103639e-01,-1.01600318310416625e-02,-9.91679110050397265e-04,-1.10794997376430161e-03
asteroid_4369,8.88993442802523141e-11,1.49850905911279275e+00,1.61531011500206789e+00,5.70247394065910740e-01,-8.28198591249693951e-03,7.82687876643053254e-03,-4.07201375061636093e-04
asteroid_4370,1.65780239985530922e-11,-2.47347458370249385e+00,-6.53599942563419356e-01,-5.57257442441237649e-01,2.55343932771644883e-03,-1.02931258774833848e-02,7.38831234598691399e-04
asteroid_4371,5.20903271312036852e-11,-2.08456058015018764e+00,-1.26970225578205742e+00,-1.44257565700026710e-03,5.72772629128235917e-03,-9.40363328644644447e-03,1.52197572111886667e-05
asteroid_4372,2.44228024371601006e-11,-2.00106202936026767e+00,9.81942528697721584e-01,-2.46501959626996725e-01,-5.17727643909271160e-03,-1.00849969647017184e-02,1.85460544424751752e-03
asteroid_4373,5.57658795223994318e-11,-2.68815229899220398e+00,-2.53519570676671580e-01,2.78936525580004091e-01,1.09104937977350883e-03,-1.03217614416623374e-02,1.13337028407290417e-03
asteroid_4374,1.96611046061536463e-11,-6.89618556096320834e-01,2.19275703942713562e+00,2.32154834003816465e-02,-1.08211872088664340e-02,-3.40054453691879168e-03,-2.55154153377679159e-04
asteroid_4375,2.15826674290655886e-11,-3.78275277516296249e-01,2.74037473027888501e+00,-4.85530917546252216e-01,-9.97540683790703632e-03,-1.68445136166271454e-03,-1.73537487621856952e-03
asteroid_4376,4.68943774019673013e-12,-1.18936571330033569e+00,-1.91843503594659626e+00,4.60170079065208737e-01,9.66360941003252538e-03,-5.91293673310778947e-03,3.25924504249058963e-04
asteroid_4377,9.90172370669546085e-11,-1.48542605988212562e-01,-2.96444319676608758e+00,-2.99847577869118871e-02,9.96510354082032548e-03,-5.03035028182264666e-04,3.66063258277431094e-04
asteroid_4378,1.13183920263865156e-11,-2.29128474925556658e+00,3.46200261767194706e-01,2.81192347359977390e-01,-1.93624888649515160e-03,-1.08144866354682040e-02,-2.46279618494006777e-03
asteroid_4379,4.15677255199195177e-11,3.13327646900394274e+00,-5.08645990284382732e-01,8.90257668496401422e-02,1.54191937236304848e-03,9.52779240751259332e-03,1.68644633436930560e-04
asteroid_4380,4.17616225765825938e-11,-2.11797914808457088e+00,5.60273884465314481e-02,-2.32614695930043747e-01,-2.50687573802337060e-04,-1.17670786760649630e-02,-5.51674662490454467e-04
asteroid_4381,3.03695878310286001e-11,-2.70504204364945311e+00,-3.22377358857741492e-01,1.09819138104956027e-01,1.22844779084669946e-03,-1.03448109871178764e-02,-1.08632442822430078e-04
asteroid_4382,7.94010891216298073e-11,-1.09494386267350419e+00,-2.22852747872331891e+00,-7.51252439812110095e-02,9.79631644770292791e-03,-4.80399075161197335e-03,-2.74091272502246640e-04
asteroid_4383,3.37758142402389433e-11,1.58538785732655874e+00,1.73635467622096762e+00,2.98250007956202323e-01,-7.84497456423681287e-03,7.57898519386213977e-03,-2.42239379018339019e-03
asteroid_4384,6.25487740724611474e-11,2.25746472069229709e+00,-1.36407381652794868e+00,-3.87689161546114158e-01,5.40120176131337563e-03,9.03885081572376910e-03,-3.52440349841431845e-04
asteroid_4385,5.43046081345666727e-11,-9.46625118718787073e-01,-2.95595347016483689e+00,-2.02420268895821348e-01,9.29105375246148252e-03,-2.96269814232666623e-03,-1.85490350298782211e-04
asteroid_4386,8.64042480063486790e-11,9.12397582361430537e-02,3.13164142843551296e+00,6.43295413270840721e-01,-9.61420527480455998e-03,2.46228891076091414e-04,1.64927600205858472e-04
asteroid_4387,8.19500682632306612e-11,2.30079536057964074e+00,-6.86861071252346189e-01,-5.52591726455233245e-01,3.04587705792663940e-03,1.05198194633380551e-02,-3.93988277010007173e-04
asteroid_4388,2.18025523209988829e-11,-1.59475384546924448e+00,1.56688026182851181e+00,4.72539362964103871e-01,-8.11937696858304470e-03,-7.86000463475837810e-03,-1.33898162347750806e-03
asteroid_4389,7.50136783505255894e-11,2.78584579170318714e+00,-7.84780603099628604e-01,6.39904481982004114e-01,2.46050546105572960e-03,9.62235737699110652e-03,1.08899165583594901e-03
asteroid_4390,7.92589201248838673e-11,2.72612300964659093e+00,6.04502918490429364e-01,1.84020536280044639e-01,-2.01940948610431284e-03,9.81272837377054029e-03,-2.31856880191495546e-03
asteroid_4391,9.19193745129011112e-11,2.29928295363095625e+00,-3.38232789269885703e-01,2.83204267732164561e-01,1.47023196823212296e-03,1.10714314203483183e-02,1.28614526536631251e-03
asteroid_4392,9.63221281258350935e-11,-4.57591424050665774e-01,2.96689777271157151e+00,2.49819962827856207e-01,-9.79405193615941888e-03,-1.48239020629182031e-03,-3.34536801665879537e-04
asteroid_4393,7.36995304276736264e-11,-2.24510560800782155e+00,-1.53914114913068167e+00,-6.10785780660049460e-02,5.67788810158894545e-03,-8.38102254062068723e-03,2.49053351206793630e-03
asteroid_4394,4.49986178780521518e-11,2.64396952673556074e+00,1.14930505488952850e+00,-8.00453054280904075e-02,-4.03341328131047450e-03,9.29017076650890880e-03,1.62638122880677961e-04
asteroid_4395,2.93041371962459333e-11,-2.13776439668406704e-01,-2.52063088530559209e+00,-8.79070223392505734e-02,1.07704568201789832e-02,-9.03154082831505957e-04,-2.95219159455522131e-04
asteroid_4396,8.64676463032165578e-11,-6.22645180691563382e-01,-2.54015292322848341e+00,-2.46230414350820187e-01,1.02720459539295626e-02,-2.58343486221139030e-03,6.76113503683299817e-04
asteroid_4397,9.15562933307810136e-11,-1.05042711847515657e+00,-2.06324322964348861e+00,7.34025356144748092e-02,1.00386337246972986e-02,-5.13779037192585442e-03,-7.58258592516977150e-04
asteroid_4398,9.76514263235015611e-12,-5.27152208675369174e-02,-2.98251514447314126e+00,-3.85745904616739299e-01,9.86791855456415658e-03,-2.98213765749209944e-04,9.57204113151965573e-04
asteroid_4399,5.54367287068183204e-11,1.93259213873682767e+00,1.11120173002402467e+00,5.16870481573861951e-01,-5.80247186006193749e-03,9.75234462361995388e-03,7.29368957755997110e-04
asteroid_4400,1.29281358632558075e-11,2.73864728413979774e+00,-1.25296283911819351e+00,3.67188442305190377e-01,4.15130015165313202e-03,8.95129041951834258e-03,-4.17531192431606468e-04
asteroid_4401,2.51654557492510599e-11,-2.37967142266989740e+00,-1.91989851115081778e+00,1.13590548114462578e-02,6.11649641581653129e-03,-7.57285355233233096e-03,1.42102204482416812e-03
asteroid_4402,3.83257812204594588e-11,2.89767606951365631e+00,-7.60732766329426657e-01,1.73963375126182755e-02,2.50203962512529935e-03,9.55550675848959412e-03,1.09717021476363392e-03
asteroid_4403,3.11233098912813606e-11,8.17727499290579973e-01,1.95240470841339420e+00,1.66948122623287037e-01,-1.06758040857823401e-02,4.63948948397370758e-03,-1.96625472634070651e-03
asteroid_4404,7.16027337171994000e-11,-2.06629754072430094e+00,-1.27402113318948329e+00,-3.60907128560476256e-02,5.78983952427813628e-03,-9.39717801314208546e-03,2.40289265465554544e-04
asteroid_4405,7.90583415395567869e-12,1.66824024192998754e+00,2.07417061410537507e+00,-3.26026066971084050e-02,-8.21594001002213560e-03,6.60745084905590193e-03,-3.62352849637230434e-05
asteroid_4406,6.13812164243411111e-11,1.53449198790579522e+00,-2.33086597168773535e+00,3.66975617615464211e-01,8.59392259895650108e-03,5.48892802822152030e-03,-1.07186906125428965e-03
asteroid_4407,5.81456387527999017e-11,-2.97104243774144683e+00,1.18858261227323370e+00,1.40759843832202580e-01,-3.48658055300449981e-03,-8.86602988050061436e-03,1.27330469683678365e-03
asteroid_4408,7.87216263800244889e-11,4.63110305578254722e-01,2.49393834448810470e+00,2.68345778722162420e-01,-1.05850266586543455e-02,1.98435773495617791e-03,-1.74517050979495483e-04
asteroid_4409,9.67688263058558895e-12,-1.41234172519002121e+00,2.80424057399723647e+00,-2.53381027602779474e-01,-8.63934826384659370e-03,-4.38093892295793146e-03,-3.29522100663217732e-04
asteroid_4410,3.32671364740822697e-11,-7.58655580651444006e-01,2.16715619075352750e+00,-4.52961729639918959e-03,-1.07136850957865390e-02,-3.75085424105727405e-03,-1.52331160799029002e-04
asteroid_4411,6.97133713519232275e-11,8.46210823805096046e-01,-2.35850909057484159e+00,-4.48462503423755876e-01,1.01589956577628916e-02,3.60542172497341782e-03,2.07892901124002804e-04
asteroid_4412,7.11715938355058819e-11,1.14688879657615228e+00,-1.83348677428307649e+00,-2.02430190574890943e-02,9.86331153659455659e-03,6.15556224737220849e-03,1.28338216516400683e-03
asteroid_4413,4.49680831335206180e-11,1.20438240589571000e+00,2.71581359941053790e+00,-3.46155515201561070e-01,-9.08655529774028865e-03,4.04425041115127806e-03,1.14812370406112762e-04
asteroid_4414,4.61823256367465300e-11,6.90087898970480507e-01,-2.16414988268917075e+00,2.05442155354544298e-01,1.05327891701809361e-02,3.58953393462091300e-03,2.43250512002769455e-03
asteroid_4415,9.64962813681541362e-11,-2.02156962253651695e+00,-1.30071876851299262e+00,-1.47963511390811986e-01,6.00170960187963124e-03,-9.09859861800443002e-03,-2.01506318712149591e-03
asteroid_4416,3.26295364244586502e-11,1.61945590162084074e+00,2.55538597882069984e+00,1.73093530342820656e-01,-8.34495895165458280e-03,5.29245785208302781e-03,-5.76541806735515123e-05
asteroid_4417,1.50199685441674007e-11,-2.01841176868824546e+00,1.79663548280691865e+00,-4.63481136092826429e-01,-6.86886742112184819e-03,-7.78919627697856852e-03,-2.80795836725406325e-04
asteroid_4418,9.52846780784844785e-11,-3.68718863432454413e-01,2.08335374792305217e+00,-6.62360004208073366e-02,-1.16422115924421626e-02,-2.05491143539045414e-03,1.75064701387590290e-04
asteroid_4419,8.09627182446837372e-11,2.00770396833313347e+00,-6.18874758420972504e-01,-8.59734569366059215e-02,3.47895496247818681e-03,1.13357851096596313e-02,-3.57314786767355870e-04
asteroid_4420,2.37139222180889961e-11,9.96295950192929047e-01,-2.52321712090686656e+00,3.78004307619308122e-03,9.54601377448334974e-03,3.76634920154152435e-03,-1.94126765549578438e-03
asteroid_4421,8.57271207202851888e-11,-2.32513590849117913e+00,8.18904151020534155e-01,6.34957786728568008e-02,-3.63276574118814345e-03,-1.03320720254640140e-02,2.25252743118313254e-04
asteroid_4422,2.52376185634285034e-11,-1.14717892233162444e+00,-2.01198180077217570e+00,-3.86915315953364480e-02,9.80031613794207432e-03,-5.57237118464555536e-03,-8.06551038243998107e-04
asteroid_4423,8.27464730297830756e-11,-2.53458232226859836e+00,-1.20259440671925799e+00,4.17527268617390979e-01,4.55291686680534338e-03,-8.95544944827858860e-03,1.84411713217236717e-03
asteroid_4424,6.28599869689533288e-11,-2.05225550253857847e+00,-1.14688659427518425e+00,3.30699484044420955e-01,5.57882176093797699e-03,-9.55702253479400778e-03,1.47670817097567716e-03
asteroid_4425,4.82631962424266882e-11,-1.38613319895027765e+00,2.42258688371448105e+00,-3.30836793227785531e-01,-8.83108223688564183e-03,-4.75830669233291356e-03,2.15709045752768063e-03
asteroid_4426,9.28080099728888344e-11,1.47812897009283212e-01,2.54695948170540953e+00,-1.40650521570905296e-01,-1.04819803945236881e-02,4.76332402611939439e-04,-2.39012664495230143e-03
asteroid_4427,8.09386993356646701e-11,-1.27426160888067436e-01,2.31499184961805815e+00,-1.61229719689486767e-01,-1.12580002139601107e-02,-5.85708663992851259e-04,4.87831668375552968e-04
asteroid_4428,1.30012082415076193e-11,-8.83194402859429184e-01,2.05358540710194060e+00,3.69144286383541076e-01,-1.04766517936433490e-02,-4.55666758590430807e-03,2.83319662344284971e-04
asteroid_4429,7.05598400211157606e-11,8.98182984978296739e-01,-2.20777261261630464e+00,-5.97753920128408361e-02,1.02819154055302960e-02,4.15408591220019999e-03,1.06673265829886912e-03
asteroid_4430,7.89523002011545237e-11,1.67258876710605864e+00,-1.32588738333935430e+00,7.81333600982184601e-02,7.25544729053594854e-03,9.02934335368438604e-03,-2.09241232919996903e-03
asteroid_4431,5.41173511445368667e-11,-2.41833708838413575e+00,-4.75501069247024066e-01,-1.58811688392251543e-01,2.06271929675428366e-03,-1.07266386498080599e-02,7.06355875183391126e-04
asteroid_4432,2.76140771416289954e-11,3.07630101803863898e+00,-8.14675214158700256e-01,1.98214778177043335e-04,2.46856670747957335e-03,9.32157354452493175e-03,3.27102866108056278e-06
asteroid_4433,2.34549527405740070e-11,-3.05931196027055918e+00,-4.79750189876640531e-01,-7.60913725546593783e-02,1.51392712639511528e-03,-9.65589694233025958e-03,1.10791371649240114e-05
asteroid_4434,9.74148556076326551e-11,1.54324401267280509e+00,-1.97076848263380167e+00,4.67595363421599075e-01,8.55880990230999290e-03,6.49633462042231540e-03,-8.67332412806298973e-04
asteroid_4435,4.36849785532732485e-11,-2.40654272439653028e+00,1.41288508170110116e+00,-4.46180711043204226e-02,-5.21474401538205012e-03,-8.87727309286632550e-03,1.55487463686563508e-04
asteroid_4436,5.18873125215979289e-11,-2.23936763394452315e-01,2.76247785652678557e+00,2.27153607239865218e-01,-1.01986710942265617e-02,-7.13724981579936363e-04,-1.37443530963350527e-03
asteroid_4437,5.98205915632313942e-11,-3.01336428621593466e+00,-2.82449210030856990e-01,-6.44744777891785859e-01,1.07264866812268895e-03,-9.68939764824780329e-03,-7.68549810323134754e-04
asteroid_4438,1.00721340117208986e-11,-2.16691412726183152e+00,8.80555641795668476e-01,4.58700965562831631e-01,-4.21820963394168615e-03,-1.03119957728405875e-02,-1.31266328420416215e-04
asteroid_4439,8.13872660461703991e-12,1.97921198239759155e+00,-1.42975505873164210e+00,2.62318369430383669e-01,6.44262433840324302e-03,8.88612719799354751e-03,-1.76632596834745009e-04
asteroid_4440,1.98217094276669656e-11,3.93768540634982844e-01,-2.42937865008912368e+00,-7.21907343466086510e-02,1.08125362315347317e-02,1.73756281946668939e-03,5.04754467219009845e-04
asteroid_4441,6.54225339559620216e-12,-1.32800509837388048e+00,1.68074801676389618e+00,-1.72854343360291096e-01,-8.83675334472368811e-03,-7.25399176730864154e-03,-2.64314319662671982e-03
asteroid_4442,8.98482440341579189e-11,1.61273951944017413e+00,1.88065427655887762e+00,2.89574748276485300e-02,-8.21772766783964749e-03,7.02226155277261514e-03,1.60953086767878805e-03
asteroid_4443,1.48109468338504882e-11,-3.04004067662665411e+00,-8.12330718575847155e-01,2.06910282137214435e-01,2.54318683082525778e-03,-9.31231734251672383e-03,8.05711411705109753e-04
asteroid_4444,2.26646514998898549e-11,1.77195320725416106e+00,-2.56600008883746211e+00,6.92764054331023282e-01,8.00368512342516415e-03,5.23561192722349876e-03,-1.07911900055722106e-03
asteroid_4445,5.37356628434955643e-11,-2.19876924611524105e+00,3.60853812931110185e-01,1.22756424371860073e-01,-1.85738612271767298e-03,-1.13637487612362441e-02,1.35948769897994634e-04
asteroid_4446,8.96214605482234111e-11,-2.46207922013608238e+00,-9.56229500286334355e-01,-2.11053287073605822e-01,3.74656142223823161e-03,-9.84175276525217288e-03,8.84342085311403650e-04
asteroid_4447,4.91263136119396402e-12,-3.54590769715134646e-01,-2.53187450625464550e+00,7.27337104852038840e-02,1.06523416150408525e-02,-1.49195762634665502e-03,-3.12738085100792823e-06
asteroid_4448,2.16052860190063774e-11,-1.40779034583924101e-01,2.68345551888604383e+00,-2.14098609094997908e-02,-1.04741675088877093e-02,-5.46839977885900863e-04,3.32670697683656207e-04
asteroid_4449,7.17378680407237426e-11,2.45688301003261467e+00,1.23699073722134534e+00,-2.87182856091589112e-01,-4.65937013670489949e-03,9.23461265641126010e-03,-8.49528723542486208e-05
asteroid_4450,5.19227893930143575e-11,2.05034701769877392e+00,-5.01174862859933401e-01,2.39991698471528042e-01,2.58703567318421595e-03,1.13912907053747067e-02,1.68634032946859383e-03
asteroid_4451,5.94558904779255836e-11,-1.63970303916763416e+00,-2.63015037081522340e+00,-2.64725491389773970e-01,8.26324989672342150e-03,-5.17574075128982708e-03,2.40628459522171238e-04
asteroid_4452,1.70521095917081140e-12,1.44329447232976638e-01,3.25552296369549321e+00,2.51311479534450488e-01,-9.37377905053677143e-03,5.34758725575709302e-04,-1.54392852654007236e-03
asteroid_4453,8.66818552427836453e-11,-1.58965939079977003e+00,2.39197034976780154e+00,2.63460853250468308e-01,-8.38086820536521754e-03,-5.35974825324549414e-03,-1.90679919059342866e-03
asteroid_4454,5.78782854751086429e-11,-2.86634503179983202e+00,-2.86770165217416217e-01,-2.61977522815748876e-01,1.17572947187736566e-03,-9.82104703392961027e-03,-2.11339905797075815e-03
asteroid_4455,8.34384401440467465e-11,-4.72695410057562770e-01,2.69221520913227774e+00,-3.11950651551454218e-02,-1.02476338144297709e-02,-1.79895024145740475e-03,2.71923621123645245e-05
asteroid_4456,9.63748502571073224e-11,-2.40025871685080672e+00,5.90916038717185566e-01,3.81074887982664756e-01,-2.79101323568391744e-03,-1.04153610795987232e-02,-1.42898405012571185e-03
asteroid_4457,7.32188278125183144e-11,-1.92686154436348023e+00,-1.21357828447490190e+00,-8.50910970018853019e-02,6.06929475230105330e-03,-9.64406758699749150e-03,1.07418264595221730e-04
asteroid_4458,3.11073867128748919e-12,-2.58676807513324469e+00,9.63441861658352661e-01,-4.74675820944022164e-01,-3.68845889328860317e-03,-9.57017038185556043e-03,6.76008611265551383e-04
asteroid_4459,7.11558312855279038e-11,-1.98319362396436771e+00,8.37334996670478282e-01,7.22927226173868259e-02,-4.50702476887296193e-03,-1.07669588612774019e-02,1.06855399525339020e-03
asteroid_4460,5.63514327288586266e-11,-2.74552021203971730e+00,1.40485361595440361e+00,1.81428998057580837e-01,-4.47887319552634725e-03,-8.53238901607325864e-03,-1.70909461464335615e-03
asteroid_4461,1.03629239744728088e-11,-8.79048275508124421e-02,2.60258844431407743e+00,-7.29457658112025870e-02,-1.06397540024628281e-02,-3.44897880970216686e-04,5.16253422927008890e-04
asteroid_4462,2.70500020259797276e-11,-1.52370431340804768e+00,-2.05825396060927091e+00,-4.35875468932357346e-01,8.58800885959556948e-03,-6.33631793478305928e-03,-1.00566930533811422e-04
asteroid_4463,1.68924074139355017e-11,-1.52699569310306260e+00,-1.96993921294351693e+00,2.65233290968190545e-02,8.60954350341565713e-03,-6.66911607464300629e-03,3.38667071360802807e-04
asteroid_4464,9.24848904236808812e-11,2.71026840896817989e+00,-1.81434082822066856e+00,-1.06055334858775427e-01,5.30271872835700198e-03,7.90436027860359595e-03,2.88410542613712004e-04
asteroid_4465,7.95303797474673508e-11,5.31581888154163407e-01,-2.24175517003189873e+00,-1.66114568638711629e-01,1.09259798348545246e-02,2.47081555556242496e-03,1.61990273865881564e-03
asteroid_4466,7.00883815182512490e-11,2.26722619656405788e+00,1.57754514409671337e-01,2.00892381341591125e-01,-7.91141101362117247e-04,1.13609341869779709e-02,7.25350692772665042e-06
asteroid_4467,7.63344307182587954e-11,-1.72169290842048306e+00,-1.52123734819111989e+00,-7.31177384457580154e-02,7.34039649853664069e-03,-8.40604499618294136e-03,2.04712297487882758e-03
asteroid_4468,6.01285936266004798e-11,1.99402840517795243e+00,-2.02786347734700279e+00,5.14846687779869971e-01,7.22725292640918025e-03,7.08096622612375704e-03,-1.01223983019314932e-04
asteroid_4469,8.55281061110714277e-11,-2.52989474458038988e+00,2.04984429241706811e+00,4.72944468372708982e-01,-5.87309027189043039e-03,-7.41211068717569262e-03,7.09116177471694220e-04
asteroid_4470,2.28685287660200552e-11,1.24497265564469717e+00,-2.00589812469066286e+00,-3.21024265975914713e-01,9.27465662076975943e-03,5.99552882722035989e-03,-1.49436101423473322e-03
asteroid_4471,2.50579517863282252e-11,-8.46859058397662845e-01,-3.01447204764995558e+00,-5.92541494734086127e-01,9.28269074540042337e-03,-2.43827023814999645e-03,-8.62443003685123451e-04
asteroid_4472,5.91790480517801388e-11,-8.36287809304815610e-01,-2.28146585715654160e+00,-1.46788454654682210e-01,1.01291976948020192e-02,-3.55081913301364327e-03,-2.51962549890331075e-03
asteroid_4473,8.10154385563160413e-11,4.01522735660712893e-01,2.84907057414060683e+00,-3.83008498967813554e-02,-1.00399914450778269e-02,1.41717529920168633e-03,1.65730325403757868e-04
asteroid_4474,8.35804876763161042e-11,-2.13609168092403179e+00,2.03076758108876765e-01,-1.11124778975696822e-01,-1.18433841085244912e-03,-1.15597784077839157e-02,1.64079609418912279e-03
asteroid_4475,9.76255505291376730e-11,2.16879436142806181e+00,1.59633068476566597e+00,-9.96208642624055313e-02,-6.03726078965297237e-03,8.32735557526996691e-03,2.00395840937445243e-03
asteroid_4476,7.62308646102582089e-11,-2.86483071115343657e+00,3.36242038029446078e-01,-7.55246252979664412e-02,-1.19223319438302704e-03,-1.00434262417611522e-02,5.10087427046240815e-04
asteroid_4477,2.32819677000588182e-11,-2.73366476721183416e+00,1.38457863305322476e-01,1.87504823269770110e-01,-5.18769746929824177e-04,-1.03719724806240841e-02,9.56699040512007170e-05
asteroid_4478,2.30727485061820548e-11,4.32948792262254467e-01,2.34553147197551937e+00,-3.43854953422091381e-02,-1.09252082725730549e-02,2.02778129397751528e-03,7.61051025235207589e-04
asteroid_4479,4.45644186079748326e-11,-2.26012484508405675e+00,-2.07387557570613135e+00,-4.06111756453987560e-01,6.66254429734548792e-03,-7.12470855802359651e-03,-6.95431321319180834e-04
asteroid_4480,6.50185755538594039e-11,-1.65186374534519875e+00,2.80315514979047942e+00,2.61596586919598473e-01,-8.21197144314891707e-03,-4.79270882567971266e-03,-4.98291969831692375e-04
asteroid_4481,5.13040718136500874e-11,-1.92327109197248092e+00,1.81426418612225238e+00,-1.93551053253334382e-01,-7.07029346932811116e-03,-7.67249830282600107e-03,-1.66285763973157436e-03
asteroid_4482,6.75662169567066765e-12,5.88330248570862691e-01,-2.76537300786926732e+00,-4.51596181966142263e-01,9.93457561735184257e-03,2.14793045527951563e-03,-2.10403819168697621e-04
asteroid_4483,4.81952624323255246e-11,8.19107316850207101e-01,-2.92893212441039319e+00,2.09158314727028616e-01,9.34167249394406325e-03,2.72284141752534431e-03,1.54517120908627425e-03
asteroid_4484,8.17116972807378996e-11,2.35016068922163379e+00,4.14022957426302129e-01,-1.28105513976213808e-01,-1.90650205072246163e-03,1.09546897553307824e-02,4.28606661470499898e-04
asteroid_4485,2.40390780988527614e-11,8.29552658783997421e-01,-2.96185558486637124e+00,6.18190126156663355e-01,9.33050975574901964e-03,2.67717987772018865e-03,3.06169556609543086e-04
asteroid_4486,6.35069119755114698e-11,-1.74085562084220347e+00,1.70370572607243553e+00,4.55975575783202983e-02,-7.61902721708555310e-03,-7.73444253875607036e-03,-1.89510841250102331e-03
asteroid_4487,2.69792548907849460e-11,-1.67035972508993114e+00,-2.52713272301108827e+00,1.02182122626811894e-01,8.24167422857879049e-03,-5.44979474285560948e-03,-5.67019894050308911e-05
asteroid_4488,5.55713447872327283e-11,-2.20547767861141253e+00,3.57558086560901156e-01,-3.31049528340283186e-02,-1.83083555476208377e-03,-1.13464288934288227e-02,-5.78174972602267154e-04
asteroid_4489,7.01008794246971890e-11,-2.43313335677077403e+00,-1.73065577150721378e-01,-1.82043077317047497e-01,7.59123593654295863e-04,-1.09690078430208018e-02,2.81849418540948621e-04
asteroid_4490,2.07301529742859761e-11,-1.87110382647793205e+00,-1.91174246322104402e+00,5.94723489301720698e-01,7.20521515606114323e-03,-7.40260990461454049e-03,-1.12687333906448094e-03
asteroid_4491,7.39573175697801308e-11,-7.87244050350927926e-01,2.60445068419813941e+00,2.22425310072970256e-01,-9.95655720771594123e-03,-3.03210964052416654e-03,2.64086870575327775e-04
asteroid_4492,6.76550837430508778e-11,2.82855526177954886e+00,-1.31787265828262079e+00,1.07594037533188559e-02,4.11246035747938818e-03,8.82689973786329046e-03,3.79611113500019165e-05
asteroid_4493,3.12828683705101216e-11,-2.22127293048599528e+00,2.43330674581035211e+00,-6.56835359420591958e-02,-6.99916938097940294e-03,-6.38128018334135471e-03,2.96168051042329625e-04
asteroid_4494,8.94985196611165364e-11,-1.87965085735873982e+00,1.19730942175998045e+00,1.60332282248872408e-02,-6.19088464044154248e-03,-9.71836707810788333e-03,-5.04674082517681558e-05
asteroid_4495,7.80536097791385964e-11,2.41917307687089478e+00,-7.46958430325494055e-02,-1.60861839644914739e-01,3.99707952822263377e-04,1.10007760119844120e-02,9.02951751465750664e-04
asteroid_4496,5.21180669957563233e-11,2.26338263568614462e+00,1.08133551914286952e+00,3.22877144086725743e-01,-4.80436211065987748e-03,9.52915948114139988e-03,1.76504027218382241e-03
asteroid_4497,8.27763239571180959e-12,-2.07803248251446515e+00,-1.66718756718623862e+00,2.37271752059478730e-01,6.50585092436525327e-03,-8.22477198921760418e-03,-8.12857217361113754e-04
asteroid_4498,4.40677456217162378e-11,-2.58390632602883574e+00,7.56305108210467369e-01,4.49358277144776691e-02,-2.91095048659078355e-03,-9.80991162874120595e-03,-2.27740549920772868e-03
asteroid_4499,3.29917541959035547e-11,3.02754587384227092e+00,7.83519501873218727e-01,3.01176078564769460e-02,-2.43628616155783023e-03,9.41683829884793627e-03,-7.66441087070181119e-05
asteroid_4500,2.62519165457430954e-11,7.59091852205470596e-01,-2.92777243597043535e+00,2.37438295222609577e-02,9.50484828943313348e-03,2.45452965399433568e-03,-1.21078315080452924e-03
asteroid_4501,6.43609203953029577e-11,2.09985997277142378e+00,6.53374839230483617e-02,-3.03055797543437200e-01,-6.12640783949869880e-04,1.16635932289685298e-02,-1.73034150500212913e-03
asteroid_4502,9.21737982082964069e-11,-2.39793195337274412e+00,-1.02293572219903584e+00,-4.52746114651976672e-01,4.07840348695301391e-03,-9.74782521197548220e-03,4.23337885777300333e-04
asteroid_4503,1.46639605743349730e-11,-2.74136221078012587e+00,-6.44654542289982424e-01,3.80194533460391004e-01,2.53525001082732532e-03,-9.71924869132498835e-03,1.80034350263645723e-03
asteroid_4504,7.41663080190855533e-11,1.97058748285269059e+00,1.77480883846978110e+00,4.96046105507416471e-02,-7.06180588352325455e-03,7.82037986497067031e-03,7.30314691782375119e-04
asteroid_4505,6.21752708709623860e-11,2.86354437669487483e-01,-2.23728384616061504e+00,-7.47823609750793983e-02,1.12607741105231959e-02,1.48969857648207716e-03,-1.44828167040505704e-03
asteroid_4506,6.67065554640886390e-11,-1.22105495486165450e+00,-2.22947615909215946e+00,-4.23355131095130510e-01,9.32401932227696142e-03,-5.23670587883081143e-03,6.84935400662002722e-04
asteroid_4507,8.45201046821728183e-11,-9.81302618148967160e-02,2.59178907066608266e+00,-4.20423675000251157e-02,-1.06637499577760062e-02,-4.10855790091076449e-04,-4.38009850248474817e-04
asteroid_4508,3.75516315289256244e-11,-1.54098177760118293e+00,1.70131629349132529e+00,-3.71117158062109986e-01,-8.44798213254334580e-03,-7.30861720029362012e-03,1.57340339920760178e-03
asteroid_4509,5.79596400172135171e-11,2.98193551915004873e+00,3.07465628878714592e-01,-2.42886709472250856e-01,-1.00882335840720219e-03,9.86713656311653461e-03,1.05230721284190070e-04
asteroid_4510,2.76895925866966392e-11,-1.26996386617306256e+00,2.13626531949606990e+00,-4.65981031106537866e-02,-9.37923580331153327e-03,-5.57202782676880989e-03,1.70838647877136007e-04
asteroid_4511,2.84283201441860838e-11,2.29903169995246126e-01,-2.79584112263881446e+00,-9.19650739338221807e-02,1.00391336479162419e-02,7.59187205451198189e-04,2.01665515991036708e-03
asteroid_4512,5.13331134830597768e-11,2.36102063293352504e+00,-1.27976697403735562e+00,-4.24341781129519646e-01,5.08757289897116341e-03,9.05196552084139815e-03,1.00734380005866294e-03
asteroid_4513,7.39941983421987576e-13,-6.03181381457001259e-02,3.06854371490800970e+00,7.21982266688423469e-01,-9.68575892614719630e-03,-1.63680196848279002e-04,-1.13530635642295762e-04
asteroid_4514,2.48190480947356492e-11,-2.05974683785634394e+00,-7.49842212688518028e-01,-4.91500847792021245e-01,4.09679275895293710e-03,-1.06861244637700224e-02,-8.65611360670307927e-04
asteroid_4515,1.51713613424734578e-11,-2.21901051938553984e+00,-2.38187593096071848e-01,1.54742487469488571e-01,1.24527652846277855e-03,-1.14304021086047564e-02,2.63028923081027417e-04
asteroid_4516,1.19955941070779584e-11,9.95067337213834446e-01,-2.24588262287058926e+00,-1.39067294327601787e-01,9.94109775952703792e-03,4.29773241261096738e-03,1.72477025949237836e-03
asteroid_4517,3.84690219581325457e-11,1.81273791731285816e+00,-1.77666877942593437e+00,6.39152151590770545e-01,7.25101505562120857e-03,7.72379591221202672e-03,9.05006928497596600e-04
asteroid_4518,1.04451372983299475e-11,2.15571900204403422e+00,1.17866331997976093e+00,8.13932371203073129e-02,-5.23822242607767212e-03,9.62176465850800994e-03,-5.98151116169292176e-04
asteroid_4519,1.54373852611910380e-11,5.03620878257402815e-02,-3.00553690729952860e+00,-2.43739547428382830e-01,9.85935676572125691e-03,2.40204633389847345e-04,-9.24782629635468516e-04
asteroid_4520,6.68748791148705875e-11,-2.27610168301874616e+00,7.25190932139943567e-01,-1.61934463405743190e-01,-3.12466045996202813e-03,-1.03684998578969928e-02,-2.51396235549605643e-03
asteroid_4521,6.51376989549105177e-11,-1.14548070431552307e+00,1.87988882853317762e+00,-3.88018307107969723e-02,-9.90010208839320165e-03,-6.02758228514277405e-03,2.36878310519609772e-04
asteroid_4522,9.45023728161765215e-11,-1.76881560345727928e+00,1.88289516425149017e+00,-2.60997720777681574e-01,-7.42901573727986625e-03,-7.30243368931219900e-03,-2.33395956343113208e-03
asteroid_4523,9.20281211249516403e-11,-9.94497710320606632e-01,-2.85051381666561054e+00,2.33801734310442821e-01,9.25980484403985879e-03,-3.31281250290153427e-03,-1.00240101649082865e-03
asteroid_4524,8.73952953521032521e-11,-2.89628397541947846e+00,1.01924227552725144e+00,5.57936023042019946e-01,-2.95014135951216904e-03,-9.16850198752867072e-03,1.43471231666149747e-03
asteroid_4525,6.90985265955047210e-11,6.84394651556021527e-01,-2.86764436376911513e+00,-4.34398572224126867e-01,9.69202510457771622e-03,2.20656858200295484e-03,7.03308450818910776e-04
asteroid_4526,2.66662702959320217e-11,-9.19629113052380265e-01,2.57266938779246290e+00,-4.53415307956316072e-01,-9.75014016398478151e-03,-3.37331769685836813e-03,6.35359177514513884e-04
asteroid_4527,1.78239925135863290e-11,5.31717773365464552e-01,2.87637979316628556e+00,5.08777835443340765e-01,-9.79418307815114152e-03,1.62504792866143000e-03,1.04856413969940253e-03
asteroid_4528,9.49422879514739791e-11,-2.73404657852971278e+00,1.01820606677227121e+00,-3.20782831943268662e-02,-3.51295825515202716e-03,-9.43720670807918910e-03,-1.38087986419315947e-04
asteroid_4529,9.59633027090701461e-11,-1.79321560905083532e+00,1.53147119214342231e+00,3.30571489093270832e-01,-7.10893722085139193e-03,-8.53226545753422820e-03,9.65181736077915919e-04
asteroid_4530,5.04484088256748623e-11,-3.97374702151133075e-01,-2.67713431468622476e+00,-5.45594115157771786e-01,1.01009467190848502e-02,-1.78492835216229853e-03,1.40146718163943092e-03
asteroid_4531,5.48458836780774280e-11,1.31859058219782388e-01,-2.95402982629728639e+00,-6.36647313133668957e-01,9.80494185739274812e-03,1.59264015769366605e-04,1.29176661773529474e-03
asteroid_4532,5.47234250214467386e-13,1.32843263643927334e+00,2.06884483373265171e+00,3.29014073653871642e-01,-9.14424756981669674e-03,5.50191655537204428e-03,2.32484056903931730e-03
asteroid_4533,1.48670737763905820e-11,1.32961065545790835e+00,-2.51368291227889618e+00,4.85199797203035244e-01,8.94843362315571322e-03,4.74344148295142033e-03,5.27104632599310148e-05
asteroid_4534,5.46039699073952903e-11,6.15175057466681219e-01,2.56893412412203670e+00,4.38889699454728111e-01,-1.02290781673600329e-02,2.41482834701790914e-03,2.03100699324019703e-04
asteroid_4535,1.81874936232329069e-11,-2.68779612301169202e+00,2.63401417679014760e-01,-1.29828414533618541e-01,-9.42824728127850966e-04,-1.03214981302229558e-02,-1.42169641209506821e-03
asteroid_4536,4.78781468954559351e-11,2.20236890372961813e+00,-1.38172952097186968e-01,7.76859560715819769e-02,7.78969180190018521e-04,1.14110185445716120e-02,-1.78775402528448730e-03
asteroid_4537,7.94936311843303726e-11,-2.13985607178974702e+00,1.90552383251721147e+00,-4.43696604914928572e-01,-6.65853609595874665e-03,-7.58372835339005558e-03,-4.56767575653626559e-04
asteroid_4538,8.00797883881808721e-11,-6.84997110828583611e-01,-3.06308651036977198e+00,2.23353646600128394e-02,9.47526313035483569e-03,-2.11834687594042925e-03,8.27445033789941199e-05
asteroid_4539,8.61672146263991326e-11,2.16125051493265996e+00,6.91898531074838785e-01,-4.34784009039450928e-02,-3.47828103206428933e-03,1.08744132006148783e-02,1.50738022571209908e-04
asteroid_4540,2.35788503274093271e-11,2.51182555924799278e+00,-1.30400372337322018e-01,3.49154225063512902e-01,6.84258158302498368e-04,1.07344789875758687e-02,-9.13513431673644441e-04
asteroid_4541,4.31954089148020798e-11,-1.68912159876958445e+00,-1.33220295645093212e+00,1.75494017740410790e-01,7.24151962212868545e-03,-9.19994413395200210e-03,-1.38953869179832799e-04
asteroid_4542,6.26882734693344960e-11,2.06856687616432522e+00,-5.17473631017743907e-01,-1.17733663146414660e-01,2.81661241634182128e-03,1.14101307995200796e-02,-6.63282409552513278e-04
asteroid_4543,5.81127963428119108e-11,2.68822526462635869e+00,-1.89244698494389407e+00,1.84019748038809147e-02,5.45656109258147327e-03,7.74641616334183387e-03,-4.77311522889914863e-04
asteroid_4544,9.99073273670963925e-11,1.31767360522155497e+00,-2.34647643692601537e+00,-7.44402405440593024e-02,8.97379033763637431e-03,4.97064021561403717e-03,2.16329935453630226e-03
asteroid_4545,2.76353788066506830e-11,-6.27600780683910564e-01,2.43862435697760516e+00,2.07488293940939983e-01,-1.01303114779781964e-02,-2.82433819307472290e-03,2.55295615845498080e-03
asteroid_4546,7.14323164630994667e-12,-1.67736480411031863e+00,1.73610019903711055e+00,2.76742742399855413e-01,-7.77745573173714653e-03,-7.72094867564127214e-03,1.29618583484255754e-03
asteroid_4547,3.87923225081232132e-11,2.89165044674103910e+00,-1.48453011319014871e+00,-4.08415789042842259e-01,4.46549200648212359e-03,8.14669661390723075e-03,2.00439241345588652e-03
asteroid_4548,5.18061776123684346e-11,-1.28267488704044230e+00,-2.03158884028220266e+00,-1.90719137102152367e-02,9.14480824240234032e-03,-5.74983673473407515e-03,-2.54362180621325006e-03
asteroid_4549,3.87300494113894961e-11,2.87931196929492472e+00,-7.31529042122414541e-01,-1.94425166166396907e-02,2.45718333496846263e-03,9.65649406636600975e-03,5.65334864510322181e-04
asteroid_4550,3.19432229387876534e-11,-2.42952867327106636e+00,2.29165214352357788e-01,3.10064369682550890e-02,-1.02799513627249532e-03,-1.09552358408100993e-02,4.19761554543655619e-04
asteroid_4551,2.57333689714937705e-11,-8.36815671669693173e-01,-2.01795121129214117e+00,5.88020558489226949e-03,1.07336547778577457e-02,-4.45296942701603037e-03,-6.43602784901099582e-04
asteroid_4552,4.27541612114232729e-11,-1.34912425714101913e+00,2.58895359419481297e+00,5.64406331794677363e-02,-8.92774497642664575e-03,-4.64877555537760671e-03,-1.62526996057180795e-04
asteroid_4553,6.89233189185361411e-11,-2.06410676494022871e+00,-3.97046874402516903e-01,-6.35172620959884113e-03,2.22056244081931609e-03,-1.15150749551000842e-02,-1.80320061920117474e-03
asteroid_4554,1.48950783753507487e-11,-1.22311549601595049e+00,-2.63362763578924186e+00,2.03279046977310529e-01,9.14894290487688888e-03,-4.23008797344612449e-03,2.44674752131420143e-04
asteroid_4555,8.65547369484992846e-11,7.70836814510993507e-01,-2.27329951853383960e+00,-9.45086452807376506e-03,1.02193400704711432e-02,3.45427701986264404e-03,2.62804107671759605e-03
asteroid_4556,6.41158126444463275e-11,-3.37286244964720539e-01,-2.97373516454825149e+00,-1.22920648764784021e-01,9.75009692490520774e-03,-1.16936756185476967e-03,1.53607925945416007e-03
asteroid_4557,1.07459766173895069e-11,-2.62618467164305702e+00,-1.48806041081760743e+00,1.77744728833248017e-01,4.82655182149660175e-03,-8.60476530780110264e-03,-7.25727222726077503e-04
asteroid_4558,2.36172373115334517e-12,-1.33101185986855697e+00,-2.64929142892526981e+00,-1.55563168893527615e-01,8.57933464899257418e-03,-4.45653856669795019e-03,2.49077762167871503e-03
asteroid_4559,5.14519416337740416e-12,1.98354455830524046e+00,7.44042983065652641e-01,2.14966884868276115e-01,-3.78015303805161532e-03,1.08451538580890856e-02,-2.65696105025783891e-03
asteroid_4560,9.04593635674080188e-12,2.45825886236683866e+00,-1.50793873746833795e+00,5.94196788609365645e-01,5.21294055751373581e-03,8.56134927620082371e-03,1.60271640482860322e-04
asteroid_4561,6.43574723753685382e-11,-3.00304891520455453e+00,-1.16929760143576189e+00,6.53095270489023494e-01,3.34041796187958817e-03,-8.86418643195431046e-03,-5.10543272747365729e-04
asteroid_4562,9.40862424140264990e-11,-1.56424995497882957e+00,-1.72360099469934935e+00,-5.47651464711309766e-01,7.99787345169394176e-03,-7.63892620079952879e-03,1.19745431839584087e-03
asteroid_4563,1.33390113786914434e-11,-9.81423846399618105e-01,-2.20564125773236297e+00,2.69098613889411087e-01,1.00766821720168955e-02,-4.33477259878063334e-03,1.22090145579121633e-03
asteroid_4564,2.84403916875522121e-11,-2.18318740121051702e+00,2.08757612460935515e+00,-5.82169346959159562e-01,-6.54596227710466886e-03,-7.19530745177942611e-03,-1.25339761908741095e-03
asteroid_4565,8.65864175964121380e-11,-1.04506829918992253e-01,-2.28979787917990718e+00,-3.67555028545801729e-02,1.13492896866011495e-02,-5.18998508853039031e-04,6.32122460524037026e-05
asteroid_4566,5.05722852090575765e-11,1.03327908685979608e+00,2.67781075215174136e+00,3.59693716703139210e-01,-9.37634889450247345e-03,3.71814991165355649e-03,-7.45402477988933851e-04
asteroid_4567,4.27189972574918621e-11,-2.97969336460200296e+00,1.03180625780065663e-01,-3.83415584258798237e-01,-3.04115640649220290e-04,-9.91234241158989865e-03,-3.04083457341333772e-04
asteroid_4568,4.73283804623834950e-11,1.04045365085105024e+00,-1.87528807820967569e+00,-5.39231100823019897e-03,1.02708869587605622e-02,5.69885069600273471e-03,-1.12184922021986886e-04
asteroid_4569,1.01210306641068918e-11,-2.38182411235820757e+00,-1.40332078546495920e+00,-1.20484070565641272e-02,5.25143005699808298e-03,-8.91114705420625354e-03,-2.31138490351458068e-04
asteroid_4570,2.19667645368416771e-11,-2.31543928618486028e+00,1.55837160305507805e+00,-1.39316236821125615e-02,-5.74927539483089962e-03,-8.54205643131647485e-03,2.87074959077092602e-05
asteroid_4571,9.62020518139715360e-11,1.58610467446545655e+00,1.88225588842827363e+00,1.15449848064870367e-01,-8.38451938634241986e-03,7.02432761130455073e-03,6.68198221909375480e-04
asteroid_4572,6.43460467860144004e-11,2.22549047948134371e+00,-2.23124720122984632e+00,3.73678618955324560e-02,6.85977382475620300e-03,6.84328602039089955e-03,7.22931868519384159e-05
asteroid_4573,2.86356601873809814e-11,1.68252795958398149e+00,1.55171908255279845e+00,1.72244296745295178e-01,-7.62116243123994209e-03,8.36594649356905973e-03,-9.21829898550081115e-04
asteroid_4574,9.46982957150830068e-11,1.01159053425666356e+00,-2.26414633326865644e+00,5.35598469863493465e-01,9.86520366700431757e-03,4.39451495004819850e-03,-5.54925734148369786e-05
asteroid_4575,3.97555517722133016e-11,-1.44394417236568140e+00,2.73161470509677340e+00,4.21592233795512750e-01,-8.52672999151492597e-03,-4.63594658777671895e-03,8.33738770436957604e-04
asteroid_4576,1.40949877071770554e-11,9.10048704601160857e-02,-2.30995770659768063e+00,-2.81050372544568994e-01,1.11774383763524957e-02,2.65630961436845220e-04,1.43605945574718972e-03
asteroid_4577,9.65319924205903752e-11,2.85134017740044721e+00,-1.17925106665136092e+00,2.13457505715597615e-02,3.74288587542320793e-03,9.04921958592678696e-03,-4.39912829087556800e-05
asteroid_4578,6.65964969779055360e-11,-1.77762270996728455e+00,1.24839446239941010e+00,-3.14770086443170560e-01,-6.80672394874922825e-03,-9.21151265397313068e-03,1.90674308036901941e-03
asteroid_4579,7.52840189221224551e-11,1.28998185415052902e+00,-2.35495406269511820e+00,1.02516304361973953e-01,9.20418187822181003e-03,5.04047469499882377e-03,-3.06414118944577302e-05
asteroid_4580,2.26095785447144078e-12,-1.95691296266073622e+00,9.73392030498274274e-01,1.44352799743067584e-01,-5.20156075225423984e-03,-1.03816859428110531e-02,-5.09524598181153180e-04
asteroid_4581,2.83217120242667796e-11,2.13538383350162464e+00,-1.95826134492299486e+00,3.06168527172285987e-01,6.72048593943955740e-03,7.46158532087777462e-03,8.52200844336801436e-04
asteroid_4582,9.45433130138675895e-11,-2.00724833616801934e+00,-2.26976295958449903e+00,-3.37394069249508821e-01,7.36233243650233696e-03,-6.19717913047865363e-03,-2.11000119473994619e-03
asteroid_4583,1.55609952347871631e-11,-3.07327183454648889e+00,2.84198164102919093e-01,-4.55601221012664537e-01,-1.18081191731447951e-03,-9.44174414631919132e-03,2.07556435639961664e-03
asteroid_4584,8.73490352121695325e-11,1.25953406974146653e+00,-2.97913221868642619e+00,-5.29573191649014285e-01,8.60792501078041714e-03,3.84817995785443224e-03,-1.17502563328831383e-03
asteroid_4585,7.70490908819626645e-11,-1.12461941485616679e+00,-2.67900435498410827e+00,7.37391806325316812e-02,9.11896227314641650e-03,-3.88028366636053489e-03,-1.89769975516187886e-03
asteroid_4586,3.78579668504195614e-11,1.73900553420205806e+00,2.46410720113484150e+00,-2.04461405706531485e-01,-7.97860559124883781e-03,5.72925377964129089e-03,1.18680694924981536e-03
asteroid_4587,8.86734360630349193e-11,1.85365170084234410e+00,-1.93781597337336797e+00,-3.69060992267147003e-01,7.61765113629607644e-03,7.07351728203721615e-03,1.11986153187216436e-03
asteroid_4588,9.22714647864640300e-11,1.38667585304495633e-01,3.19079435596189986e+00,9.71818801027322793e-02,-9.61157402203389501e-03,4.24285367308564472e-04,-2.16023755584250279e-04
asteroid_4589,8.66880119509314290e-11,5.02381119811526444e-01,-2.82804147410167062e+00,-3.32966695336879906e-02,9.97048035906158807e-03,1.76288374076924285e-03,7.04958041089519586e-04
asteroid_4590,4.07539349133842749e-11,-1.56126219129047533e-01,3.05394358699713653e+00,7.97688601291299482e-01,-9.65270277357496015e-03,-5.83870422193120096e-04,3.46084101781526162e-04
asteroid_4591,5.87176339293842466e-11,1.74819443556483001e+00,-1.52748763506719709e+00,-5.35822848767994131e-01,7.50668850986028428e-03,8.13265712205294214e-03,1.30755508073248706e-03
asteroid_4592,3.06198387483006857e-11,2.09665619047135010e+00,1.68274396843865182e+00,2.03178983367000854e-01,-6.52913024855770411e-03,8.18334999306119179e-03,-3.99359653588708988e-04
asteroid_4593,1.30040180330424903e-11,1.40249687625468772e-01,-2.96654594304775188e+00,-1.87664333134971745e-01,9.96084940078246182e-03,4.70741576251320205e-04,2.82154676370414814e-06
asteroid_4594,9.02121701207861313e-11,-1.94293235741923320e+00,1.30878804700567142e+00,-5.46236540101943252e-02,-6.28061780832056462e-03,-9.29779613040265622e-03,6.21912356807319332e-04
asteroid_4595,9.81158323008620976e-11,2.06893868065339914e+00,1.12077838272736896e+00,-5.30848601639845319e-02,-5.27152133865198182e-03,9.79730081069410050e-03,1.39679287177830774e-03
asteroid_4596,5.86802299522947733e-12,2.68440093580654615e+00,1.87369759650889778e+00,-6.45687918213170946e-03,-5.43325755458082781e-03,7.78217868367809228e-03,-5.56332042619414168e-04
asteroid_4597,6.87768760093356123e-11,1.07139459454289307e-01,-2.58171882963526311e+00,-4.42358810922388768e-01,1.06154925431146355e-02,4.24806940873210192e-04,9.17943843224240327e-05
asteroid_4598,9.49253729206947179e-11,1.64993458104427071e+00,-1.62781235527140078e+00,-4.35267031068534982e-02,7.93394494099964286e-03,8.04345284534964573e-03,-6.29911812932613485e-05
asteroid_4599,6.07956923617636868e-11,2.40448881141233528e+00,6.75264675655518620e-01,3.52065061517522343e-02,-2.94552014796500145e-03,1.04752747620950239e-02,2.52431323477836161e-04
asteroid_4600,4.71909767319883868e-12,-1.71692905966787368e+00,-1.91256926355968337e+00,-1.85462772648263025e-01,7.96979271861796880e-03,-7.16306425660085712e-03,8.78225409908144972e-05
asteroid_4601,1.50123313056436244e-12,-2.02962723646787024e+00,1.96359538230665120e+00,3.66489967191737043e-01,-7.14800894574551052e-03,-7.09183275529432205e-03,-1.58886639346785528e-03
asteroid_4602,5.04151989518288459e-11,3.16194962339019359e+00,4.66373064165114704e-01,2.70889928459993101e-01,-1.39846417026576186e-03,9.50241794331959169e-03,-3.61715799576798315e-05
asteroid_4603,9.39951013709665110e-11,-2.81437759076619631e+00,-1.64426372030549905e+00,-3.99659787212798212e-01,4.80538039333460506e-03,-8.18478102678686301e-03,-1.65681900547261994e-04
asteroid_4604,2.78937710465598374e-11,2.80325851785573610e+00,6.44634013209390067e-01,1.79818375596804053e-01,-2.14344031155034361e-03,9.77116373158967537e-03,-1.61389056145491163e-03
asteroid_4605,3.50391206890623352e-11,-2.02758797273774860e+00,2.12878331020758615e+00,-1.48599279843361354e-02,-7.10337923068781428e-03,-6.78005864156692051e-03,-2.05582318372228394e-03
asteroid_4606,7.96014495276835524e-11,-2.42376673799287268e+00,5.30445508604033389e-01,1.58581078017981436e-01,-2.36286257321292967e-03,-1.06374575544932633e-02,-5.32447689914037270e-04
asteroid_4607,8.01681536846647144e-11,7.98098404827375818e-01,3.02255031011768915e+00,1.23717077412787410e-01,-9.22040766353125069e-03,2.50869003019706929e-03,-1.80936363289621767e-03
asteroid_4608,9.43644664234841011e-11,-1.64573787280244588e+00,-1.69338591399497118e+00,-1.61714721380337581e-03,8.00486589678837436e-03,-7.78042696216510454e-03,8.37554884409238347e-04
asteroid_4609,8.38688021133926683e-11,-3.41892095083726533e-01,-2.17735020951046776e+00,-3.23590151673568138e-01,1.13666873562786441e-02,-1.64052189735197662e-03,-9.70949999154859791e-04
asteroid_4610,5.93961667935952895e-11,3.24353460632608837e+00,1.32593619417961300e-01,-3.75658860939877104e-01,-4.16695019968091871e-04,9.50358276581629233e-03,-2.43439702084226908e-04
asteroid_4611,9.38760724771632050e-11,-1.83852174741060165e-01,3.12466579775229825e+00,2.07894928688847236e-01,-9.42371958297370631e-03,-7.03686728039573097e-04,2.24254874757247660e-03
asteroid_4612,6.14456632833505272e-11,2.42580419184039542e+00,1.77219718782707314e-01,-3.96493633903040266e-01,-1.13318055178749711e-03,1.06834335485598130e-02,-2.15781281304968297e-03
asteroid_4613,6.01619009271736821e-11,2.47368148924563647e+00,1.48401968199703305e+00,-3.84548824444493287e-01,-4.95129376891058608e-03,8.64994163803230881e-03,1.53104068344175805e-03
asteroid_4614,1.56009904713053958e-12,2.57552934050225923e+00,-2.65282417857007680e-01,-6.11652864639896432e-01,9.32141912531318458e-04,1.04866724843021460e-02,-6.23181887488316448e-04
asteroid_4615,4.55511665272582233e-11,-1.80843898069751785e+00,-1.70650754786316972e+00,7.93703175419124274e-02,7.48009435888821479e-03,-7.93504646518197396e-03,-1.75411514028416367e-04
asteroid_4616,4.30468826341914681e-12,-1.51542484745745099e+00,-1.91420620110591844e+00,1.14319633687521002e-01,8.56242206711444950e-03,-6.67089288768051188e-03,1.80408750237570745e-03
asteroid_4617,8.98779687561565917e-11,2.05213946029654837e+00,9.53269584675097592e-01,-4.71598257981984334e-02,-4.80150679032139392e-03,1.03632796301867652e-02,5.43634655254744215e-04
asteroid_4618,1.05695658299612720e-12,-2.74024401499616621e+00,-2.55072223386701158e-01,1.97698117710768256e-01,9.51837765875927755e-04,-1.03115505115409147e-02,-1.10888128870585047e-04
asteroid_4619,3.07071202040918054e-11,-2.59944920108035316e+00,3.08696664741483329e-01,3.09230541167709705e-01,-1.15978340710830015e-03,-1.05057818542816858e-02,7.38289843630336425e-04
asteroid_4620,9.95067117522671639e-11,1.41999247463836276e+00,-2.28856839301370885e+00,3.39496596068227463e-01,8.87569702431626265e-03,5.27938267515436471e-03,-1.53519847548639569e-03
asteroid_4621,7.95085524542601497e-11,1.32801590026043859e+00,1.92614349367570181e+00,2.97540713725802430e-01,-9.24327769865866851e-03,6.13232210358516730e-03,1.55772777309490522e-03
asteroid_4622,7.57693284537583134e-11,-2.45285992765450711e+00,-2.04119548985087285e+00,-4.75628548000530893e-01,6.22132516086565650e-03,-7.09475800295815938e-03,-1.63625827349128715e-03
asteroid_4623,7.12909438450658876e-11,1.28884690179388173e+00,2.54286583046509662e+00,-2.97383275554881032e-01,-8.96549329420170786e-03,4.66602694726503831e-03,1.04219792577655060e-03
asteroid_4624,5.13353978164351869e-12,-3.01911061570939854e+00,7.24899360134550141e-01,6.84722173279264212e-01,-2.01910289605388565e-03,-9.37765508161203520e-03,1.02517664525945767e-03
asteroid_4625,2.88270838277847308e-11,1.70947959213577594e+00,-1.36431330615306212e+00,4.40737193637838587e-01,7.34604686881606787e-03,8.76367909538141275e-03,-1.36478884267700047e-03
asteroid_4626,7.98473559312594942e-11,1.50971503454253431e+00,-2.41347644695182062e+00,-6.08211423934814505e-02,8.45726329603493573e-03,5.23394859232835432e-03,2.23681916540508516e-03
asteroid_4627,8.95562389161277818e-11,-9.50661508582018921e-01,-2.96505917460899981e+00,1.87182537260937032e-01,9.27511745409267431e-03,-2.97236831612405963e-03,2.27008630430453269e-05
asteroid_4628,3.50120953120080662e-11,-3.01652277556861803e-01,2.47841367700020587e+00,4.47728644016757299e-02,-1.07001757182483854e-02,-1.32938204268244682e-03,1.49702865273644895e-03
asteroid_4629,2.59490297670184644e-11,-1.76865394975581625e+00,-1.51746887266474495e+00,1.32323211324157086e-01,7.29624011853799437e-03,-8.32433164538287987e-03,2.06018085326409479e-03
asteroid_4630,2.35971745126409696e-11,-1.02659224035201135e+00,2.12577323564545351e+00,-5.23492278039838443e-01,-1.00114752714457883e-02,-4.47937320867744081e-03,1.44332816426184741e-03
asteroid_4631,5.48109080710610669e-11,1.75780237132007566e+00,1.67419751170317821e+00,-7.01125180265539400e-03,-7.61459261687420265e-03,7.99479940571890847e-03,-1.07950704525267174e-05
asteroid_4632,2.91557691048409547e-11,-1.16055843842351325e+00,-2.35801817956959292e+00,-2.11467055418100541e-01,9.51200185157203594e-03,-4.65333422640639219e-03,-3.14882682461702166e-04
asteroid_4633,2.14346585267758928e-12,-2.48830863507271838e+00,-1.17960595926820053e-01,-1.62868574033551809e-02,5.20384223469924677e-04,-1.08428644572994299e-02,-9.72919666858708377e-04
asteroid_4634,3.90810811340179606e-11,-1.29019229122786450e+00,2.04599130483578051e+00,-1.80315875825752314e-01,-9.34775183904458518e-03,-5.88200735768435075e-03,1.43423057596661489e-04
asteroid_4635,5.53778126155344044e-11,-3.58001886371442424e-01,-2.80755377018760610e+00,-5.23064690573596391e-01,1.00211840933710234e-02,-1.07025679223907762e-03,-1.11420122115966544e-03
asteroid_4636,6.34279636584310642e-11,-1.70875317186881093e+00,-1.32719962577142403e+00,6.06687133337469042e-03,7.17350966141050515e-03,-9.23519262764207344e-03,1.34037461567521689e-04
asteroid_4637,3.43020417458629254e-11,1.87490247672429056e+00,1.65423190030414546e+00,2.01274356860605491e-01,-7.20921458268248931e-03,8.10629577531991365e-03,5.31022496558610771e-04
asteroid_4638,3.13960655210325693e-11,2.70616024252672371e+00,-1.11642297506461086e+00,4.16843635261390510e-02,3.74368637940207657e-03,9.14386052969886655e-03,1.85682901616152367e-03
asteroid_4639,2.83948362944979032e-11,-1.92881481977764835e-01,2.30179767863425999e+00,7.30495061189332384e-02,-1.12148371791868946e-02,-9.76199191169551078e-04,1.14824344905559497e-03
asteroid_4640,6.23363049608915413e-11,1.87009766400368393e+00,-1.44539167191894280e+00,-8.56691346007310423e-02,6.83654694058306086e-03,8.85230659234279016e-03,-1.17192294007681372e-04
asteroid_4641,2.83696985111998624e-11,-2.42763625936703864e-01,2.31501862214144483e+00,2.47182137906707566e-01,-1.10866695674202605e-02,-1.30568897961920536e-03,1.34012191010053042e-03
asteroid_4642,9.16861131102750735e-11,-1.55877807467324581e+00,1.40438108505944736e+00,-1.12220741494588827e-01,-7.82135418558737271e-03,-8.80024175532640417e-03,-1.48936501539149004e-03
asteroid_4643,2.81759211668474679e-11,4.93242907439137845e-02,-2.58093123527801316e+00,6.76289149249659882e-01,1.05273037276043483e-02,1.45880453140995029e-04,-2.11070030977303049e-04
asteroid_4644,7.90956885953498776e-11,-8.45521158319363586e-01,-1.94275583475242630e+00,3.45444133977890477e-01,1.06148839400597682e-02,-4.84865103040204009e-03,-1.28714333761255567e-03
asteroid_4645,3.19799072665719032e-11,-6.46483582001532997e-02,-2.40765306209024699e+00,3.03180501618181608e-01,1.07468933468782193e-02,-5.98171753765710211e-04,-2.45867079183358268e-03
asteroid_4646,6.34777164824881149e-11,1.66038647542167106e+00,2.84281071886433701e+00,-1.02107678680144934e-01,-8.17324795358599296e-03,4.78652528987826530e-03,3.56829557287923675e-04
asteroid_4647,6.99045823965713182e-11,-3.15499021626704534e+00,-2.79246121629546484e-01,-4.70473750383068712e-01,1.02879184499958423e-03,-9.47226546978697896e-03,-1.27687210939270157e-03
asteroid_4648,1.74455912524360999e-11,-1.74613202009532942e+00,-1.55077317265557957e+00,3.26678063486643355e-01,7.47861167813078549e-03,-8.32872382042839678e-03,4.36765947313197866e-04
asteroid_4649,3.80028045511960093e-11,1.20618327148596971e+00,-2.14406705679675191e+00,-2.42686628419888584e-01,9.33243421700006778e-03,5.44497689786933685e-03,-1.72143623928658188e-03
asteroid_4650,1.27669249605999305e-11,-2.49369800573211720e+00,-8.74539448074947878e-01,-2.70838877656426114e-01,3.41628876515503435e-03,-9.96093657792392409e-03,7.09054394836972773e-04
asteroid_4651,5.10704577302007458e-11,1.87551855887804070e-01,3.10583002359866001e+00,-1.06102513798391640e-01,-9.72301027238584893e-03,5.72522848464900882e-04,-4.27982031885866326e-04
asteroid_4652,9.09429676328121664e-11,1.39132579630965786e-01,-3.05999886149762368e+00,9.53771239717935392e-03,9.81787122332805455e-03,4.46754928334356163e-04,1.13635454728596268e-04
asteroid_4653,5.96276212180751778e-11,2.10869515324145684e+00,6.23307577166625992e-01,4.83837154089907129e-01,-3.33198255854655215e-03,1.09621017630377217e-02,3.99668317500084162e-04
asteroid_4654,7.01689962527634447e-11,2.19169924939769167e+00,-3.68862560267394279e-01,-3.46293272140542452e-01,2.13897833825418739e-03,1.11445966557734560e-02,1.66671665107990998e-03
asteroid_4655,2.83125531338298525e-11,-1.06131553720779159e+00,2.37143637186323852e+00,1.01528986889075190e-01,-9.73891924417790919e-03,-4.35085900123707847e-03,-1.80057199780579030e-04
asteroid_4656,4.68278734315872569e-11,1.08710459517367619e+00,2.92082599165588963e+00,4.15252827313869199e-01,-9.08873829389651028e-03,3.23930202768316642e-03,1.00895545746292254e-03
asteroid_4657,7.40804692490925914e-11,-2.58657943171048910e+00,-1.76919838606734703e+00,-3.94561517809937035e-01,5.25866877908778493e-03,-8.00277427299549669e-03,1.41050457421048030e-03
asteroid_4658,1.31388353813005943e-11,-1.97293989599594877e+00,-1.00594598531429025e+00,-2.51603292536681011e-01,5.31850949404503483e-03,-1.01666633197995820e-02,-1.05716191055589765e-03
asteroid_4659,1.21796226219967557e-11,-7.71171957543805520e-01,2.67990720575732499e+00,-5.27876095632938552e-02,-9.87050993108260812e-03,-2.82395808550667780e-03,8.31915742460068814e-04
asteroid_4660,2.24512160513684151e-11,-8.55293441033229129e-01,2.11847867747139418e+00,-1.00111342090071012e-01,-1.02368599438505074e-02,-4.25353471887787455e-03,-2.55219272603548824e-03
asteroid_4661,2.36875884802187850e-11,-2.12733429061192680e+00,1.96447217465760060e+00,-4.01625886443294611e-01,-6.69568143647457110e-03,-7.44750857632597678e-03,-9.62265289502717389e-04
asteroid_4662,9.62401694121661041e-11,-3.00602093185552777e+00,1.08899647757382767e+00,1.27012801046277740e-01,-3.28581909941443344e-03,-8.86457424306802584e-03,-1.76164027085886667e-03
asteroid_4663,1.58692569215774005e-11,2.52787400922538552e+00,7.52858470152653392e-01,-2.07142726120359555e-01,-3.10395038127689316e-03,9.98339802080762048e-03,-1.59459972392612254e-03
asteroid_4664,1.05244289994835166e-11,-1.09567651184615519e-01,2.18508113665088644e+00,2.28237807654777969e-01,-1.14302426874494586e-02,-7.62665375593772491e-04,1.81433955359009010e-03
asteroid_4665,1.37768743385122580e-11,-1.09040088955879755e+00,-2.57314578764305502e+00,-5.05847079379115397e-02,9.46599677167939656e-03,-4.01807946048455579e-03,3.43442484284368042e-04
asteroid_4666,2.02990752735608355e-11,-2.04565478237156650e+00,-1.46751444618089821e+00,-6.09046411677315325e-01,6.13174998913461507e-03,-8.74206820028275433e-03,4.69040911097125474e-04
asteroid_4667,3.68782739700545287e-11,-2.74388620973030672e+00,1.36530728619766717e+00,-2.25468327450939948e-01,-4.36171572828318067e-03,-8.78905252748500045e-03,-1.40622043493848385e-04
asteroid_4668,1.97233690071715336e-11,-2.47402300688562926e+00,8.89622835565555548e-02,-4.04269021363841907e-01,-1.27773415904179583e-04,-1.07446390366594986e-02,-1.58249388468738078e-03
asteroid_4669,8.78913985445053276e-12,1.53638055231056181e+00,-2.74347589455413621e+00,1.86004476485367082e-01,8.30361034244643352e-03,4.50285245664724509e-03,-2.17219649864577175e-03
asteroid_4670,1.36704585440545871e-11,2.34453559383580901e+00,-4.85270643908556343e-01,4.06187716207256078e-01,2.28860376863875004e-03,1.07942777924723999e-02,-3.14058884080877713e-04
asteroid_4671,7.89689056845988645e-11,8.63775966641559645e-01,2.11336596687275025e+00,-1.64903773402563736e-01,-1.03799859462363440e-02,4.36526666086532820e-03,1.57318172657958718e-03
asteroid_4672,5.20123539332684110e-11,-7.61373038568421423e-01,2.34671839875294763e+00,-5.60756096913782448e-02,-1.04156487439281704e-02,-3.37474904385689145e-03,1.89181365863925192e-04
asteroid_4673,7.45906508508203212e-11,-2.05891432778415728e+00,-5.42522722030863824e-01,2.32963515896318168e-01,2.95088843501190587e-03,-1.13704318853553813e-02,-3.99595525560215666e-04
asteroid_4674,1.76781742715641123e-11,-2.59584910981623174e-01,-2.41650745990102900e+00,-1.85714906432078913e-01,1.08591182831637035e-02,-1.04790138547678304e-03,-1.54323496769772760e-03
asteroid_4675,3.05242165858655248e-11,5.99325228031766799e-01,-2.82868325197373016e+00,-6.19743836009894189e-02,9.89544915919176281e-03,2.09667243140901479e-03,-3.70907750922013225e-06
asteroid_4676,9.82307218793519818e-11,1.08855639161661133e-01,-2.26787151365347128e+00,3.41681361538903397e-02,1.13986773998452865e-02,5.51424713886957372e-04,2.85356115039221649e-04
asteroid_4677,8.57596128711816212e-12,2.12364014259989364e+00,4.88125547427998019e-01,4.90942526011585112e-01,-2.89155504089256459e-03,1.10343630131354477e-02,1.53677433323983273e-03
asteroid_4678,4.38726516786117155e-11,1.43930139000456658e+00,-1.74005109359809484e+00,-5.56130776997774759e-02,8.77378608033982897e-03,7.28780289016893283e-03,-9.53496733560294722e-04
asteroid_4679,2.95841041648547634e-11,7.57142021616512423e-02,-2.18450797640737715e+00,1.78082105843487937e-01,1.16000671965789427e-02,3.62260451064683154e-04,-4.88139936974812255e-04
asteroid_4680,7.43373751155016903e-13,1.36953770232934002e+00,2.83020150297677908e+00,1.84580170631594154e-01,-8.72859878468516294e-03,4.20486230957389188e-03,2.90050093586714363e-04
asteroid_4681,5.52496625576706758e-11,3.17512370890888906e+00,-5.75440003222843943e-01,-1.98361396957787678e-01,1.59422745684138778e-03,9.31343980995202186e-03,-1.49956817811301192e-03
asteroid_4682,5.50050301249383286e-11,-2.03837417744237914e+00,-6.50203096532304348e-01,2.64682235016704570e-01,3.54110197864018154e-03,-1.11666224830671863e-02,-1.60500697542432721e-04
asteroid_4683,3.20528584316473784e-11,-2.98527960921551072e+00,2.33993754801554654e-01,-3.25600183288693223e-01,-9.50205368424628777e-04,-9.71285313239978777e-03,1.73182254058782932e-03
asteroid_4684,4.72311333379617671e-11,4.69702150113838812e-01,2.92460289506551785e+00,3.65797873802648499e-01,-9.80647516412294987e-03,1.64170519845654984e-03,-5.33664410332099562e-04
asteroid_4685,3.92008341024501520e-11,-9.29428947199541833e-01,3.16251985647197786e+00,-1.28991016940195186e-02,-9.09033589417749394e-03,-2.67150911900917391e-03,9.35601609970821095e-06
asteroid_4686,4.64259282979819444e-11,2.32448955468082152e+00,9.43601339825537289e-01,2.09506832407910487e-01,-3.98008917443621810e-03,1.00324770514040561e-02,-1.02613872935679740e-03
asteroid_4687,8.48063761324133059e-11,-9.64524761079783466e-01,2.24400091466415219e+00,-2.23461811969505458e-02,-1.01110203786767376e-02,-4.34718172965600520e-03,-1.23075281593876766e-04
asteroid_4688,7.14001909874884739e-11,-1.66684967099478643e+00,1.97695471985048643e+00,5.49912908242233378e-01,-7.99884610331718336e-03,-6.90143857102576853e-03,5.65466924734267062e-04
asteroid_4689,2.80316599395583983e-11,1.31347439759015083e-01,3.12462505229088050e+00,-5.62433517194974517e-02,-9.71499244389041443e-03,4.12531370491672875e-04,2.30542275923701804e-04
asteroid_4690,2.39617041342304191e-11,-1.71884897014291593e+00,2.42153503166852291e+00,1.68108265100022414e-01,-8.13183430995065987e-03,-5.77579096600988346e-03,5.28536223409663757e-05
asteroid_4691,7.25245130979659593e-11,2.08397932822593085e-02,-2.64919441143527790e+00,2.97685215235930223e-01,1.05251241849927193e-02,3.03534599249361780e-05,-4.66698340306832880e-04
asteroid_4692,2.24592343955097695e-11,1.29629331963158223e+00,2.00840061984769003e+00,1.21140939611220494e-01,-9.33979754996344669e-03,6.03284420847814869e-03,-7.63645804029149409e-05
asteroid_4693,9.07595105282081549e-11,2.90725703530669222e+00,-6.17820416854629184e-01,3.77957400348730571e-02,2.07094909255671825e-03,9.65966663929159960e-03,-1.39809537489892573e-03
asteroid_4694,8.32833212220413649e-11,-3.11629876192647082e+00,-2.02582191885856633e-01,1.26369217357643698e-01,6.71661339031403475e-04,-9.64426480227032791e-03,1.10265062488708841e-03
asteroid_4695,2.52593795656246993e-11,-8.67313722363856510e-01,-2.42911095709865021e+00,5.73139712237862795e-02,9.75681570081442587e-03,-3.54577893114870531e-03,-2.63234785498107872e-03
asteroid_4696,8.01520102905437000e-11,2.72921714863329257e+00,-9.86005937697106871e-01,-5.02598349919369664e-02,3.42800491807630650e-03,9.49644839129188539e-03,-1.54888945339060719e-04
asteroid_4697,1.91428380875954523e-11,-2.34017539153643384e+00,1.08677865563844889e+00,1.42895190181068065e-02,-4.46744757267840929e-03,-9.59865090653358108e-03,-1.60970739369855481e-03
asteroid_4698,2.49585266945754824e-12,1.38051461134023135e+00,-2.28783412592724078e+00,-1.06291794829017350e-01,8.81426854607529620e-03,5.40821089219245803e-03,-1.92736347678856769e-03
asteroid_4699,9.61124493495977431e-11,1.70766350755447549e+00,2.12928559109426185e+00,4.83842697105416816e-02,-8.11551506287870941e-03,6.51525263696241339e-03,-2.94819874758205579e-04
asteroid_4700,7.61374529325826263e-11,3.02751147495336870e+00,-3.34617674781911428e-02,-1.38684740737942763e-01,1.79951755157341253e-04,9.75290117889651698e-03,1.57520352295737820e-03
asteroid_4701,4.89074514668749268e-11,3.11657262792851553e+00,-7.67974086481041707e-01,-6.40130349164528045e-01,2.46296092120605516e-03,9.12426031094910363e-03,1.04478894719633292e-03
asteroid_4702,8.43225097708311759e-11,1.83025027238501226e+00,-1.88190598475399851e+00,-2.06309275688789789e-01,7.35154623184228976e-03,7.36956140240355335e-03,-2.00501026206370081e-03
asteroid_4703,7.59137575860076297e-12,-1.53170220192000395e+00,1.98120679889959961e+00,1.80870637635457160e-01,-8.46529841628129026e-03,-6.31528003761500437e-03,-2.51251658417951185e-03
asteroid_4704,7.39708469732206693e-11,-2.50232851389408850e+00,9.53892291908286366e-02,4.72369264343471873e-01,-4.68041462955766916e-04,-1.07614189145572546e-02,-3.06264725713621894e-04
asteroid_4705,9.56330101565750304e-11,-1.80074051843875949e+00,1.35130076277557531e+00,-2.04779371029678192e-01,-6.81796930211969830e-03,-9.17047749726312283e-03,-5.60015692463062772e-04
asteroid_4706,8.18608826962558683e-11,1.77057720600191160e+00,-1.60315702111291181e+00,-5.73134998083634994e-01,7.25929973623555894e-03,8.21398802666632732e-03,-5.49891269643166245e-04
asteroid_4707,4.31732543087207383e-11,1.53775899114411280e-01,-2.19588665846107256e+00,1.04360253423672653e-01,1.15510061573597857e-02,8.28253191124126331e-04,4.07087691907998385e-04
asteroid_4708,3.46376295531399770e-11,-2.58341258398709916e+00,-3.61941584184168164e-01,-1.58806289622365038e-01,1.37233777940132533e-03,-1.04468610845946542e-02,1.48507192306203363e-03
asteroid_4709,8.92426671642051244e-11,-2.25737333962635045e+00,2.65828740329929536e-01,-3.56950276282102019e-01,-1.53643527578418201e-03,-1.11466251247339127e-02,1.41536440044505028e-03
asteroid_4710,2.91577899330756438e-11,3.63526101712381089e-01,2.48019237919079627e+00,-2.12558527832196226e-01,-1.04618384843773917e-02,1.72862589290139574e-03,2.27783570959749207e-03
asteroid_4711,9.37454436804851059e-11,2.70296135104646451e+00,-1.22162766975042736e+00,-7.19805637667081055e-01,4.11736612868789879e-03,8.93928463532020316e-03,2.89806087578401708e-04
asteroid_4712,3.19917510859549162e-11,-3.96516970283866010e-01,2.36181868970160513e+00,3.39693633929767924e-02,-1.09606560878872435e-02,-1.83740420797288669e-03,-1.90481796519694760e-04
asteroid_4713,1.25102310690882007e-11,-1.51492125807114553e+00,2.33595091035935720e+00,-5.30521872859963883e-01,-8.59719329648632458e-03,-5.51581142182491335e-03,2.62771771614079945e-04
asteroid_4714,2.35966283077139665e-11,-2.76169652164463786e+00,1.57091010576389323e+00,1.63377977500859445e-01,-4.76158735869865093e-03,-8.38569895024974914e-03,1.41512210944938190e-04
asteroid_4715,5.19531337042332794e-11,-2.21108866958784223e+00,1.68448970204004267e+00,-6.10980690598672063e-02,-6.16011988215080849e-03,-8.01052448676718189e-03,2.07740229405881148e-03
asteroid_4716,1.31192927129909098e-11,2.31045062377551380e+00,-2.36996913408053955e-01,-2.15511431356159355e-01,1.29840806644549974e-03,1.10470747817557335e-02,1.77153062910689126e-03
asteroid_4717,3.80019160081628241e-11,-2.28599850932005921e+00,1.04496491088283983e+00,-3.23192982758516920e-02,-4.51178510317707098e-03,-9.85479409097198868e-03,4.95678806427650074e-04
asteroid_4718,9.05865063881482921e-11,1.81347581853217932e+00,-2.13159983824757715e+00,2.34392710059178139e-01,7.77098983647897014e-03,6.38598278484858381e-03,-2.04845228828860748e-03
asteroid_4719,9.39782538820897771e-12,2.64610660721889390e+00,-5.03090014038789501e-01,-2.79147604277863171e-01,2.01524673243486932e-03,1.02365346170940168e-02,6.54346828884089064e-04
asteroid_4720,6.14582770213021440e-11,-1.07355254853459137e+00,1.99787753109235311e+00,-2.16381106811948859e-01,-1.00367626869642176e-02,-5.26308428624381111e-03,1.20155740825162263e-03
asteroid_4721,4.03824255863697743e-11,3.68077659746919417e-01,-2.56208285654107515e+00,4.99566503960757191e-01,1.02890977961117847e-02,1.82000136883195469e-03,1.75313449024682290e-03
asteroid_4722,6.47490106924751091e-11,-2.08580503085223379e+00,1.79055804777140959e+00,1.22728398319496418e-01,-6.71977282921800562e-03,-7.71042258912714527e-03,-1.71253562797943760e-03
asteroid_4723,4.89659129229713058e-11,2.39315525173570620e+00,9.82890951315645439e-02,3.51306474819234660e-01,-3.72187904778320305e-04,1.10360259891815783e-02,-5.52274390821213992e-04
asteroid_4724,8.76717366621338464e-11,2.83488127681256330e+00,1.73903426664807070e-02,1.14046565701282908e-04,-6.26698031316104572e-05,1.02163923999766294e-02,-4.48337173464671758e-05
asteroid_4725,4.02558012216814811e-11,2.16977603395194807e+00,-2.24654296730401548e-01,1.10894651899265714e-01,1.19168248259219852e-03,1.15775629664387515e-02,1.37654747157633798e-04
asteroid_4726,5.08477665296955941e-11,-1.54029673942837797e+00,1.97410239923189623e+00,7.95649981466351082e-03,-8.57048637087134448e-03,-6.68740755863265774e-03,6.72524077452617481e-05
asteroid_4727,1.30224039886799677e-11,3.00193903447876709e+00,-5.65008893931742917e-01,2.53302945974217375e-01,1.83885904198940976e-03,9.64811306272158643e-03,-2.71899905035160021e-04
asteroid_4728,4.90357560426831000e-11,1.87604158620032391e+00,-1.50797629951090206e+00,-1.41704054393432061e-01,6.95899274923692142e-03,8.58648292627993068e-03,7.56132540515379596e-04
asteroid_4729,1.14819373469087525e-11,-1.55616416151122539e+00,-2.35077428402469435e+00,-1.99220682898285539e-01,8.51881908787546598e-03,-5.53600569732667826e-03,-1.21865425781998780e-03
asteroid_4730,5.83171559023570915e-11,1.93257921668020782e+00,-1.66384462420694712e+00,4.64120115997840088e-01,6.99111742849990205e-03,8.07861724960162730e-03,-1.49367285590419255e-04
asteroid_4731,4.27451018236556053e-11,1.75726790916892139e+00,1.74895820940721003e+00,-4.82235028489794437e-02,-7.69255845938905409e-03,7.74197393322139001e-03,4.66634443879907282e-04
asteroid_4732,7.83392666307477066e-11,1.44393361701129597e+00,2.85467328841749923e+00,4.22835823999448690e-02,-8.46739508059783132e-03,4.30519241045841314e-03,-1.50321629896192285e-03
asteroid_4733,4.18535129764946628e-11,4.98610501372576009e-01,2.44380409645660501e+00,-2.98196846749448130e-01,-1.04566718469876925e-02,1.86064504146119815e-03,-2.23595395192327908e-03
asteroid_4734,6.30632359515555926e-11,-1.28377244315171324e+00,2.00561510667734089e+00,1.13776957873066270e-01,-9.38546020710135688e-03,-6.00237971573827980e-03,-9.08070181212237190e-05
asteroid_4735,5.90864708038028542e-12,-3.09261691294165830e+00,7.51050134680366632e-01,2.34854309713397436e-01,-2.13773697943187707e-03,-9.26970742757860997e-03,1.49374935612971247e-03
asteroid_4736,7.10047459849167493e-11,2.53020877523227217e+00,-1.60240371080342570e+00,3.41899043157331342e-02,5.31841349216914498e-03,8.39708026003155826e-03,-3.46277544502050807e-05
asteroid_4737,9.57438038783732068e-11,1.82288064314404341e+00,-2.25614649246358301e+00,3.20257624197180346e-01,7.74516660811254594e-03,6.37881606868091495e-03,8.52529935095992916e-04
asteroid_4738,4.47833953909430393e-11,-1.53595710300118182e+00,-1.46624657140571779e+00,-3.92614595624600549e-01,7.96465293213814186e-03,-8.54551871419009790e-03,7.55122898669143873e-04
asteroid_4739,9.94807221625695509e-13,1.84173925715353315e+00,-1.30536682446932595e+00,-8.72882085895307358e-03,6.62000307401675731e-03,9.34076288830155109e-03,-9.19305989160610281e-05
asteroid_4740,6.03686291142076874e-11,-1.56879160166011777e+00,2.39850371904197202e+00,-8.62713360295013811e-03,-8.46985082556402438e-03,-5.54307003343576174e-03,-8.85954477894577855e-04
asteroid_4741,1.45262757060027569e-11,-1.59763855813089828e+00,-1.64160925217136233e+00,5.30446076046738990e-01,7.97747790103921738e-03,-7.87919656764473134e-03,-3.57125261811422280e-04
asteroid_4742,4.68021673121398222e-11,-1.58444039051778418e+00,-1.76071255078121425e+00,-9.98469368573855626e-02,8.31058388584538996e-03,-7.45240292992140670e-03,-4.61560532339463220e-04
asteroid_4743,3.25524065918407784e-12,2.01507197732315957e+00,-2.19666889578633295e+00,5.70219813226303218e-01,7.28816237557038376e-03,6.66145532061767579e-03,-9.32273212690871463e-05
asteroid_4744,4.42867358680187766e-11,2.14563116084178596e+00,1.11871359281546212e+00,-3.36946569921566130e-01,-4.96221034305224101e-03,9.78347074882725785e-03,8.83904451054507681e-04
asteroid_4745,8.74498406883969640e-11,2.07764565934247258e+00,6.78081758111106159e-01,-4.21102673027849220e-02,-3.59911766826126727e-03,1.10553614607384505e-02,4.45205792465545175e-04
asteroid_4746,1.35473219861638868e-11,9.00944001995855226e-01,-1.93886688849787614e+00,-1.56918454510781347e-01,1.04177827762428881e-02,5.01065576116082895e-03,-2.09762223092428051e-03
asteroid_4747,4.98375890449417600e-11,9.70395803378730548e-01,2.43026879589673062e+00,2.80300390754820217e-01,-9.77047629206433989e-03,4.01025562840591834e-03,-9.44593497499314613e-04
asteroid_4748,2.53946687377125916e-11,1.50520143542620155e+00,2.40752598066101120e+00,8.32825550320230590e-02,-8.65443572502149101e-03,5.41062098745510953e-03,5.50508204346187288e-06
asteroid_4749,2.61104540826683120e-11,3.13721197282800057e+00,-2.79856386071833420e-02,1.82877139501328334e-01,-5.11458964301855063e-05,9.42221185636409053e-03,2.31927367024045619e-03
asteroid_4750,6.43338755784778078e-11,-1.45276716205256484e+00,-1.67742698593168060e+00,2.48676888340488178e-01,8.62976366530014347e-03,-7.58316871399728441e-03,-7.36596680663979993e-04
asteroid_4751,7.48302387745688076e-11,1.64524303726424392e+00,1.61062484641852421e+00,-3.94960106580616366e-01,-7.96767509571457734e-03,7.87734923413799075e-03,-1.06670918649742590e-03
asteroid_4752,8.73298028735938323e-11,6.48233689956734110e-02,2.73445831783040694e+00,5.40594819770609525e-02,-1.03821803017255226e-02,2.57105935274323468e-04,-5.55639038657835746e-04
asteroid_4753,2.78318379713191120e-11,2.28324913751548797e+00,1.10204076647180149e+00,-9.10687980765376298e-02,-4.69428551123174387e-03,9.72653340901851252e-03,8.92718948956419609e-06
asteroid_4754,7.08691592315161153e-12,1.00640231200318464e+00,-2.47177381353745318e+00,2.34030766466570034e-01,9.64749854403534196e-03,3.75696345551503573e-03,-1.80703143603849954e-03
asteroid_4755,4.42337963975544530e-11,-2.70893676865974209e+00,-1.65815875736450358e+00,4.57742851323589939e-01,4.86586503229340973e-03,-8.22036319891683229e-03,-9.81657121211555912e-04
asteroid_4756,5.84632811693996859e-11,-4.68925898936776275e-01,-2.70892296680809830e+00,1.60139793599148483e-01,1.02093622426847660e-02,-1.74158024682282537e-03,4.34792855039861756e-04
asteroid_4757,7.39606629230647945e-11,-2.16166360408607394e+00,1.35025471718285850e+00,-5.04359706688613296e-01,-5.65783154160547433e-03,-9.04886897024594766e-03,2.38926883626183585e-05
asteroid_4758,7.56096080182933620e-11,1.98450937945701722e+00,2.59250758713668139e+00,-3.83603411050243870e-01,-7.47787850545890160e-03,5.81024059883856157e-03,5.81780027566302380e-04
asteroid_4759,8.63630862806053942e-11,2.16382009051783886e+00,-2.44889420032707028e-01,-5.21843319945626272e-02,1.33004998812612197e-03,1.15338052218470072e-02,1.02486727544135272e-03
asteroid_4760,3.12611470330816364e-12,2.14436523547085267e+00,-2.34963643069884576e+00,4.89776737239594251e-01,6.87832494026158897e-03,6.55062672494640796e-03,1.31069989214378747e-03
asteroid_4761,9.80999960533749019e-11,2.62249272152529223e+00,-5.47196214558539173e-01,3.51967245321824551e-01,2.25469179505911888e-03,1.01715351986993371e-02,-9.86135128940081014e-04
asteroid_4762,9.66818988243958633e-11,-1.49414218121178899e+00,2.23998076671654456e+00,2.53745333553977381e-01,-8.61236876119061794e-03,-5.85545317283002117e-03,9.77354096839919920e-04
asteroid_4763,3.56435047355167190e-12,-1.87098786791446803e+00,2.59999956273328214e+00,1.41891411260045897e-01,-7.59720726325680343e-03,-5.56983674526604928e-03,1.88376787734158345e-03
asteroid_4764,3.13364203056716253e-11,2.57634452715879636e+00,-8.36472591702437152e-01,-1.72948271923134868e-02,3.20389863675441151e-03,9.83735363652009191e-03,1.48426036611731663e-03
asteroid_4765,7.65566069011199972e-11,-1.54767203013477528e+00,-2.12005256556386623e+00,8.01826762808537374e-02,8.36617732948494175e-03,-6.01055827036712110e-03,2.56164024394888497e-03
asteroid_4766,4.78562529073120070e-11,1.59844803825055920e-01,2.38694867557391932e+00,-4.08886549568098390e-01,-1.09380761897483469e-02,4.87412794428823020e-04,-1.43062988809994026e-03
asteroid_4767,4.74126338090628996e-13,2.78738123663849802e+00,-7.25132588808187206e-01,2.45238662263987134e-01,2.57837718813510187e-03,9.77560698830940399e-03,-4.00870693359453296e-04
asteroid_4768,3.54780316636428734e-11,4.73622824581559743e-01,2.72235186015525477e+00,3.35807371595644111e-01,-1.01540133465076003e-02,1.78398521638874403e-03,-1.41339929758113879e-04
asteroid_4769,5.78981050109626763e-11,5.09824007097924858e-01,2.26273013187150029e+00,-4.20228682807716081e-01,-1.06841704756511519e-02,2.76606876810882307e-03,1.93185419565034726e-03
asteroid_4770,8.79592166128411059e-11,-1.49739925437169608e+00,2.53241998215358288e+00,2.34071835011757656e-01,-8.32158849346146742e-03,-5.12249345227090529e-03,2.18550160748194958e-03
asteroid_4771,8.29268590773604198e-11,2.23303694500127703e+00,-1.80746847319126380e+00,-1.35066116673729867e-02,6.37543754309115741e-03,7.88031195586882081e-03,-5.05518707615714878e-04
asteroid_4772,9.46324776791136824e-11,-2.36826769778283497e+00,-9.98617887323758113e-01,-1.84315147321255285e-01,4.15958025266081194e-03,-9.87579337472122010e-03,6.04636513063333900e-05
asteroid_4773,4.67981392673643430e-11,-7.84871774021993485e-01,1.94457079620871975e+00,1.86625971807881125e-01,-1.09734215212153128e-02,-4.46879818089005940e-03,4.13477392854588364e-04
asteroid_4774,7.98293978300839565e-11,1.52323471747361938e-01,2.62824259386226178e+00,1.30741832511467315e-01,-1.03177447135694260e-02,4.80517313196692126e-04,2.36128421800274732e-03
asteroid_4775,1.00825519395776782e-11,1.86184043639627661e+00,-8.59124026038977640e-01,-4.85841390524237526e-01,4.77902333566408103e-03,1.08135577941439083e-02,-8.07688317098416951e-04
asteroid_4776,5.18506025368555454e-11,-6.30737248903326386e-01,-2.08858516410664086e+00,1.89933132650783265e-01,1.09798004346821545e-02,-3.11537644280759571e-03,2.20414466281366062e-03
asteroid_4777,9.16589106101528354e-11,-2.58978680429276453e+00,3.38248929252762454e-01,-1.60865526321808644e-01,-1.40071857147361150e-03,-1.05338438421446381e-02,4.00962679100740256e-04
asteroid_4778,8.38863723553914747e-11,1.52309163527560298e+00,-1.58515983171817454e+00,2.09395944425255797e-04,8.14168487915623539e-03,7.82253798663383980e-03,-2.67024269609855008e-03
asteroid_4779,6.55644288394127022e-11,-2.29603315878286729e+00,7.97919554564138100e-01,1.83729609902895906e-02,-3.62148682920577104e-03,-1.04219640863057322e-02,4.54525254300563479e-05
asteroid_4780,1.49288401340337676e-11,-1.83149608493508653e+00,2.22250001211417514e+00,-1.96253789478788521e-01,-7.74560013388585992e-03,-6.46075721906275678e-03,-8.81494708502364769e-04
asteroid_4781,1.82163051737054042e-11,5.23193205958191632e-01,2.40393750218443270e+00,2.23439522782317990e-01,-1.06942661739476679e-02,2.28730815364481307e-03,4.32428220915319079e-04
asteroid_4782,6.78684415723910756e-11,2.46075573916859636e+00,2.17041859701011264e+00,3.24575312156765827e-01,-6.16574230050752608e-03,7.13089956686978853e-03,-9.38615075535755559e-04
asteroid_4783,3.25635263039018871e-11,-2.52361155035530160e+00,1.91893284179913359e+00,4.31603178282097932e-01,-5.75258580203701162e-03,-7.68750499166139054e-03,5.43355186810087613e-04
asteroid_4784,3.29515002577453558e-11,-1.70077150474331540e+00,2.22669077077818045e+00,5.01266859067257056e-02,-8.15960208690046443e-03,-6.21939575053602391e-03,-5.77488844218970580e-04
asteroid_4785,8.47638024187234247e-11,-1.91703796687194750e+00,-2.63145114776463451e+00,1.73852858637029484e-01,7.70150208131222414e-03,-5.60768572147922299e-03,4.44103352083870251e-05
asteroid_4786,2.05650859717795711e-12,-1.26547028245192839e+00,-2.87025893833251455e+00,1.73146033272923799e-01,8.74136286285915644e-03,-3.73606151252606168e-03,1.95482954007749005e-03
asteroid_4787,3.92578621228697528e-11,2.05789000942339850e+00,1.38878095558171877e+00,-8.20509255367415404e-03,-6.10535640675278091e-03,9.04816128722628690e-03,2.14759954799120621e-04
asteroid_4788,2.38296667551970238e-11,2.97228377758324669e+00,-1.18357136333557364e-01,-3.85504785487198021e-01,3.84646044225779441e-04,9.92465407138948957e-03,-8.13905269355744165e-05
asteroid_4789,2.71975669470400221e-12,-1.83202289105558846e+00,-1.32882140188808240e+00,-6.72237261399745989e-02,6.69564644872416848e-03,-9.25454692935307952e-03,4.62075844465811077e-04
asteroid_4790,2.16651473428668045e-11,2.80991982901968296e+00,7.99497926960423322e-01,9.59884931354868659e-03,-2.74195964128329554e-03,9.64699603573944756e-03,-8.40367974533739797e-04
asteroid_4791,1.84329069729396384e-11,-1.24942464607005332e+00,-2.37879166309723500e+00,-1.12307799175224182e-01,9.25817305031950873e-03,-4.89208587112229584e-03,6.22071657033629950e-04
asteroid_4792,5.04523797288015159e-11,-1.77705891529599223e-02,2.08888354821206823e+00,-3.62574328404618396e-01,-1.17832287335684176e-02,-2.41858772639970464e-04,-8.15887588457939227e-04
asteroid_4793,4.35248211286481304e-11,2.18227242238438945e+00,-1.04305584535813245e+00,2.23898986856469417e-01,4.81556173064904766e-03,9.89637299359381363e-03,-8.32508743740596052e-04
asteroid_4794,4.71752355575674133e-11,-3.23903504222753735e+00,-8.55866490959374671e-02,-2.02041474837343804e-01,2.80186945397769053e-04,-9.53229984661022392e-03,-4.53855984484388567e-04
asteroid_4795,8.77923500792521365e-11,2.06871862171804510e+00,-1.36463075041532877e+00,6.01347059960557345e-02,5.92331518684210013e-03,8.87617498524197364e-03,-2.34425521937821086e-03
asteroid_4796,4.94478928850692959e-11,-2.31592511393784894e+00,8.66834195134601332e-02,-3.03371388708144618e-02,-4.19857917757166150e-04,-1.12895365059927331e-02,-2.06220272408034187e-04
asteroid_4797,6.39040804040703848e-11,4.58352423154477218e-01,2.24675668318176092e+00,-3.84444971437303551e-01,-1.09412059991477236e-02,2.44682227278288523e-03,1.25501969810510542e-03
asteroid_4798,6.47518534611470905e-11,-1.46296890065988316e+00,-2.23434476954595373e+00,1.52805787301197676e-01,8.78475253828872073e-03,-5.77419430114739680e-03,-3.25387359206276872e-04
asteroid_4799,5.16922708264096897e-11,2.96333811789221979e+00,5.91370511723347869e-01,7.40502153627079385e-01,-1.90203787800355428e-03,9.56525305155805396e-03,-2.73155806520777893e-05
asteroid_4800,3.04843804338534745e-11,-1.85792076822591889e+00,-2.36766231251940740e+00,-3.24075659612208270e-03,7.80077910062342613e-03,-6.12131128697717200e-03,-9.70823155431246831e-06
asteroid_4801,9.03168284243162497e-11,1.02331439509919386e+00,2.41624050789685008e+00,3.39515672217609449e-02,-9.68306399387955895e-03,4.07934195930643399e-03,1.53593752015990475e-03
asteroid_4802,4.38231702193031884e-11,2.01340523577269614e+00,1.21230579997933119e+00,3.51261941242060199e-02,-5.73495387517141981e-03,9.47214408934025399e-03,1.81206484291606849e-03
asteroid_4803,5.71170870017859387e-11,1.63840101649185810e+00,1.38712700316413740e+00,-1.91686010958600217e-01,-7.61172387020223572e-03,8.79385273959390479e-03,-1.42350257011704395e-03
asteroid_4804,5.59188410271459955e-11,-1.02031944177596223e+00,2.39567145201345566e+00,-5.19193558262668220e-01,-9.61225803166619597e-03,-4.27979558299473178e-03,-8.57888820978520202e-04
asteroid_4805,8.27655277944541278e-11,-1.22268354975076865e+00,-2.82329652781227747e+00,-8.04125640675480841e-02,8.99843964662180515e-03,-3.89320899980368732e-03,-1.31331195302611316e-04
asteroid_4806,5.34667372893210055e-11,2.41490235856978996e+00,-1.70837066404610272e+00,-3.22523006114596666e-01,5.75341489634490378e-03,8.14492178341623928e-03,-6.39031397257127314e-05
asteroid_4807,4.56957192403722803e-11,2.34021033940206946e+00,-1.02256509758982639e+00,-4.33057343902781056e-01,3.98203375930930581e-03,9.78936221605822970e-03,-1.59670206303496915e-03
asteroid_4808,4.60115018841426979e-11,-2.19754902212798342e+00,1.71340240281462530e+00,3.89382323350530857e-01,-5.98702168968284678e-03,-8.10856479171534819e-03,1.89135637063473326e-03
asteroid_4809,7.79970599304219722e-11,-2.59062295559554512e+00,3.43097601681306763e-01,2.31704730562693695e-01,-1.47711948252457980e-03,-1.04681418293252424e-02,-1.01450360255258870e-03
asteroid_4810,3.30042110567506874e-11,6.44577940048945974e-01,2.71754433737366963e+00,1.02406790419818788e-01,-9.92425665341801870e-03,2.29932501568065085e-03,1.44950577421797382e-03
asteroid_4811,9.34857655279119496e-11,1.70932313251820034e+00,-2.11674802740572865e+00,3.83075076109367293e-02,7.93413032314700846e-03,6.44439234385895711e-03,2.06649528668727657e-03
asteroid_4812,8.46619297172005043e-11,2.79134419399700606e+00,-6.09643741015239216e-01,5.88688457004905574e-01,2.18701262035224213e-03,9.82950163972221534e-03,-1.90611564958533089e-04
asteroid_4813,1.38433764540080842e-11,2.46041107136886605e+00,-1.02331838882053083e+00,-4.89117281343355581e-01,3.71710011245506575e-03,9.65233026873012559e-03,-1.49619082539822904e-03
asteroid_4814,3.17307297091387377e-11,-2.49541613240121984e+00,1.98145612656965153e+00,5.21006724730163961e-01,-5.70385989070292237e-03,-7.55653976221175305e-03,1.41926770651241204e-03
asteroid_4815,9.05629303898002365e-11,-2.53869422192717309e+00,-6.16876366000526644e-01,7.46788503109641899e-02,2.46778454866296466e-03,-1.02904641480493064e-02,-1.11134214185073426e-03
asteroid_4816,2.78443512166589059e-11,3.60754531053160910e-01,2.07221550933288334e+00,-2.57608252694953466e-01,-1.15303186293264325e-02,2.18039657336590057e-03,1.39217941217741905e-03
asteroid_4817,3.17726489436464804e-11,2.37407743373074753e+00,-1.32998594350024146e-01,-1.66873174838663069e-01,5.37795293476971874e-04,1.10673145498158178e-02,-1.16956849615575315e-03
asteroid_4818,2.17534239760329893e-11,-2.13807336545394255e+00,-1.64811286874654672e+00,-7.93676675866597098e-02,6.39252004630756852e-03,-8.28814890270580112e-03,-9.91837702049511296e-05
asteroid_4819,5.44886139584895875e-12,-2.63200599037897831e+00,5.40209895987802891e-01,-5.79649621205020837e-01,-2.01238015836777877e-03,-1.01729263476449359e-02,-3.43170848616327988e-04
asteroid_4820,4.78508281976904614e-11,2.52770182379445751e+00,1.09257429157278252e+00,-2.24521583328500279e-01,-4.17268118247207144e-03,9.36820329364876532e-03,-1.38888989448782835e-03
asteroid_4821,7.54877530504003904e-11,-2.90850968976806667e+00,-5.35151515025264812e-01,2.77269799540975290e-02,1.80885174322959396e-03,-9.83716892931164530e-03,-1.19487717340309321e-04
asteroid_4822,6.60031409050055336e-11,2.39463807927250505e+00,-1.70623454606061542e-01,3.73422350775919842e-01,9.29160992366902033e-04,1.09555893857259321e-02,-9.52604430664664320e-04
asteroid_4823,2.77222096935099440e-12,-6.22641805640002932e-01,-2.82233132144148868e+00,-2.10943536779174795e-01,9.86475458376580641e-03,-2.18654422260580045e-03,1.37210361539283641e-04
asteroid_4824,5.23430568074450560e-11,2.87849927374162196e+00,6.21371554638786683e-01,-1.46442674813892903e-02,-2.11400177708929516e-03,9.79721761360237767e-03,1.74796019113392358e-04
asteroid_4825,3.30356107280948591e-11,-4.88585642265432551e-01,-2.52949602954714692e+00,-2.98944099544056541e-01,1.03997918811937901e-02,-2.14544879356584530e-03,1.15645436638120045e-03
asteroid_4826,6.41824506950909943e-11,-2.21885428439009313e+00,1.22696302621100872e+00,4.91004311647128655e-01,-5.15709936408714591e-03,-9.37901580944888388e-03,1.32083568053710179e-04
asteroid_4827,4.05219308262328401e-11,1.73661682144754215e+00,-1.50315415382784123e+00,2.87351350531064365e-01,7.33231664479143917e-03,8.58585435275178825e-03,6.00095348973981257e-04
asteroid_4828,9.80532032291094172e-11,-2.12516290441579514e+00,-1.49230367488858540e+00,1.98409234036216013e-03,6.13456647510983791e-03,-8.73614408465280684e-03,-1.35146468873293947e-05
asteroid_4829,8.28467321319101343e-11,-2.34535080664253792e+00,1.88960018964287979e+00,-4.42458868162630081e-01,-6.22467500085055903e-03,-7.63625829034281223e-03,3.83247874413447762e-04
asteroid_4830,7.00400875563719969e-11,3.17837003251855466e+00,2.80948763969591453e-01,-5.44500889397858071e-03,-8.47937855368876745e-04,9.59276423085286302e-03,2.75201888981168191e-06
asteroid_4831,5.15715494613781961e-11,2.73546172302232993e+00,6.52770583150755646e-01,1.93014507465681731e-02,-2.29488765516682293e-03,9.68963252402275758e-03,-2.46249541040349058e-03
asteroid_4832,5.91153766783418866e-11,-1.45309791051531911e-01,-2.45134690360857377e+00,1.32915389892158370e-01,1.09408668982031165e-02,-6.22161155369916892e-04,4.86642375961271088e-04
asteroid_4833,4.42191324771867758e-11,-2.74904399651490960e+00,7.99007687492626961e-01,-5.68710591839032609e-01,-3.01112780896426162e-03,-9.53858212862355483e-03,1.15405337414228783e-03
asteroid_4834,7.94677705132462767e-11,-2.45932616120465131e+00,-1.69731649348298186e+00,-4.90676560132790197e-03,5.65237958664955003e-03,-8.19009151007429013e-03,2.69857352933230616e-05
asteroid_4835,9.08243313773177275e-11,1.06116213810175863e+00,-2.26123200886716091e+00,-6.35861584236010746e-02,9.85163630500640944e-03,4.62318528760393907e-03,1.39794524401874653e-06
asteroid_4836,9.99095203912727162e-11,1.90319005305314315e+00,2.43305891860846213e+00,1.32944768254140394e-01,-7.63046279167541985e-03,6.02739405010866130e-03,-1.07400965190846851e-03
asteroid_4837,5.98870415408199424e-11,1.17365699830152903e+00,1.84704117019742720e+00,1.46938382380447166e-02,-9.63003306173179988e-03,6.10092725789162203e-03,2.29292541031749604e-03
asteroid_4838,6.81917241192957158e-11,2.04893404917474964e+00,2.83324007087334295e-01,4.31233151510023505e-01,-1.27770452035406426e-03,1.16574021637755546e-02,-1.58821183931077774e-03
asteroid_4839,3.99922525898741433e-11,-2.08571482652098084e+00,-8.28776639900614454e-01,1.20295658186110765e-01,4.13234725857953688e-03,-1.06077680662934933e-02,-1.43456905990822997e-03
asteroid_4840,8.57234992706928306e-13,2.27171481424310739e+00,-2.65770405069727600e-01,-2.74921814698329695e-03,1.31470946692305172e-03,1.12486210148299709e-02,-1.05687908238374776e-03
asteroid_4841,7.03266445563148466e-11,2.81928285873881412e+00,1.41517331309563943e+00,-3.39760963039092631e-02,-4.34523706373925525e-03,8.65546182825828285e-03,-4.33769399039304489e-05
asteroid_4842,9.34042031523686963e-11,-2.34965527294735743e+00,-1.11038232462863107e+00,-2.41156742927133350e-01,4.62383510401129152e-03,-9.50464583220424382e-03,-1.28807428593570648e-03
asteroid_4843,8.59638588810653779e-11,1.18076040254075076e+00,-2.11127639122472965e+00,2.29822770715115809e-01,9.61141015015293081e-03,5.41177327129842983e-03,3.34939067330210661e-04
asteroid_4844,8.78632911011848821e-11,1.56711296880382833e+00,2.08069669670292434e+00,2.29147636555712991e-01,-8.41293151913874958e-03,6.07991789421631450e-03,2.32840721641141245e-03
asteroid_4845,4.02185732478996008e-11,1.05310381469841641e+00,2.34821664763023641e+00,3.66615119856672569e-02,-9.69964602027932263e-03,4.37084443148379707e-03,-1.33533589806218147e-03
asteroid_4846,7.13580175239211157e-11,2.08546725100788910e+00,1.27105236885416661e+00,-3.09006448034052694e-01,-5.45333131978012996e-03,9.35927846316814485e-03,1.69378078809825092e-03
asteroid_4847,6.38466136333313344e-11,-1.90321730912987719e+00,-1.13283726343942615e+00,4.76278247143551936e-01,5.69374131466020283e-03,-9.88111943334613919e-03,-7.50135612876493235e-04
asteroid_4848,5.40980712585349229e-11,2.82875604168412531e+00,5.74241683198356778e-01,-6.10230165647836845e-02,-2.01695832314529840e-03,9.91990433612133585e-03,-1.48476424001959796e-04
asteroid_4849,1.51704660484488976e-11,-2.05082370808280556e+00,9.34072996564393576e-01,-2.16765873653626345e-01,-4.66497625954739523e-03,-1.04120374800212370e-02,-7.31476481553234030e-04
asteroid_4850,5.75484513137939657e-11,-1.72559181212107182e+00,-2.39721557177149691e+00,-6.77995043981268752e-01,8.08480364737567889e-03,-5.64969093511542061e-03,-6.01101578515892245e-04
asteroid_4851,2.98661063332412939e-11,-1.91513530661184872e-01,2.32372030770387861e+00,2.20749824102374204e-01,-1.11883181353749361e-02,-8.59719627862242449e-04,-6.56699730840442698e-04
asteroid_4852,7.03618810895460721e-11,-2.12555463324767624e+00,-2.08122323287731081e+00,1.30001876816842887e-01,6.86092344617900227e-03,-7.09474384573762894e-03,-1.40365745593171620e-03
asteroid_4853,9.44857942729919781e-11,-3.03012224408870301e+00,-4.42256531525534458e-01,1.65643113409537079e-01,1.26808957370372994e-03,-9.49795265282873946e-03,-2.16166651716978358e-03
asteroid_4854,7.27685036823952153e-11,2.21063748328914872e-01,-2.23888481943944173e+00,-5.27843754063606618e-02,1.13950457358537836e-02,1.10994675525936883e-03,6.43913691302159153e-04
asteroid_4855,2.59602961579698801e-11,-2.02915751012513823e+00,7.46654221427027087e-01,4.27857099595590096e-01,-3.69384642876743581e-03,-1.08830112386665446e-02,1.47350613464563456e-03
asteroid_4856,4.65301315756233927e-11,2.30523693420499898e+00,-2.25289208493615201e+00,3.23478064554476086e-01,6.69675793325404198e-03,6.81368327545232161e-03,-2.69324619458131259e-04
asteroid_4857,5.64909228543816191e-11,-1.13730372093902399e+00,-2.36772167385780685e+00,-3.91080560327738136e-01,9.53641385441922340e-03,-4.49845057596975212e-03,-4.97902614695412129e-04
asteroid_4858,7.26180215650960919e-11,2.47989712461606260e+00,-1.39613684269852056e+00,-2.43438748729514071e-01,4.98577162871793097e-03,8.87315492389016865e-03,-9.83318156613915962e-05
asteroid_4859,1.47932725872435860e-11,2.03210715311534207e+00,-6.15743246664627764e-01,-1.39328747520320068e-01,3.30484710207620000e-03,1.12296423611302435e-02,-1.42664750657022724e-03
asteroid_4860,5.25639964829584838e-11,-1.74432226651215472e+00,-1.69791397297898339e+00,-3.13937278839705805e-02,7.69004472075851802e-03,-7.90031996757087698e-03,4.69606701938151521e-06
asteroid_4861,8.60150474409245359e-11,2.70134779943424119e+00,1.62677639473923885e-01,3.57044476701137078e-02,-6.27019180183591824e-04,1.04368955187523552e-02,-1.13505294131489840e-04
asteroid_4862,2.76852931954752038e-12,-3.13727984188190190e+00,3.95860679740847266e-01,-9.08910885627201570e-02,-1.17531365324052839e-03,-9.54662854547324094e-03,-1.01051747202862284e-03
asteroid_4863,7.27607608091149640e-11,-1.71905116981540962e+00,1.69821778962966641e+00,-2.12302505244585576e-01,-7.75992853029855174e-03,-7.85947609119847651e-03,-3.47989183645122050e-05
asteroid_4864,8.80448452714922826e-11,2.62962104369623573e+00,1.42712949679119294e+00,-4.80297716692239474e-01,-4.67674302647860026e-03,8.70165011339588991e-03,2.50510600018224788e-04
asteroid_4865,7.95784130147834556e-11,2.02752282276198859e+00,-2.06592314929340137e+00,1.19703218427419118e-02,7.21556606085283110e-03,7.08197534339230494e-03,9.12203638016471707e-05
asteroid_4866,9.31845935123764577e-11,2.22625695665510070e+00,2.10341459709245587e-01,9.81574596465550758e-02,-1.08073852564752608e-03,1.14470171229580555e-02,-1.81405459977815218e-05
asteroid_4867,7.82732216936019390e-11,1.76657435152805498e+00,-1.69989528425937886e+00,-4.60575991892330505e-02,7.61458004670628220e-03,7.89792841340976326e-03,5.66042157084400283e-04
asteroid_4868,5.18071364917469005e-11,1.24078590646253435e-02,2.36988558370643121e+00,-2.71656585749291080e-01,-1.11359585003547781e-02,7.93217795180958872e-05,1.83357005664226805e-04
asteroid_4869,4.76986593650374495e-11,2.04239488358393428e+00,-1.65498697438637055e+00,1.09436987304619301e-01,6.68549016353329594e-03,8.21582409043246017e-03,-5.23854431190380306e-04
asteroid_4870,3.19364962025690842e-12,2.62348029002678684e+00,1.14021242967724379e+00,-1.02989283764120809e-01,-4.05342072669378529e-03,9.32461302244246525e-03,-1.97080072200366939e-05
asteroid_4871,1.86975071439516145e-12,-8.09183009568244405e-01,-2.48601806012757587e+00,1.72859755692744949e-01,9.97312513647967760e-03,-3.35049030150302114e-03,-1.50003675547451427e-03
asteroid_4872,6.39504938286313870e-11,-2.23902136503923899e+00,-8.27926723115724461e-01,-1.72899759819344384e-01,3.92895437089981359e-03,-1.02084787975522881e-02,-1.99618773453353465e-03
asteroid_4873,2.75474974211502659e-11,-2.28595216196488460e+00,-1.80078363642372707e+00,-3.82290536593849539e-01,6.29265760517010077e-03,-7.72804087887475274e-03,-1.22468294644050837e-03
asteroid_4874,3.07164653225457414e-11,-2.69344544731999846e+00,-7.69838202695055540e-01,1.86650616126875259e-02,2.82188235230034206e-03,-9.85504091993334372e-03,7.39305643594267395e-04
asteroid_4875,8.07084950667771814e-11,-1.15430896153607265e+00,-2.39331579638427172e+00,-5.96071806963748063e-01,9.41940472309291121e-03,-4.44951415518238767e-03,-3.75476188863840658e-04
asteroid_4876,1.11360262005400358e-11,2.68370714031917901e+00,5.37657828424004447e-01,-3.94390143523240699e-01,-2.13110276219465695e-03,1.00956411168096963e-02,-7.38495180538329549e-04
asteroid_4877,2.83906244789306696e-11,8.43021939818967669e-01,2.18781980439513912e+00,3.19442046747195951e-01,-1.03479463270223417e-02,4.12823558976779543e-03,-9.65088340414604613e-04
asteroid_4878,6.85070069767411308e-11,-1.24673698419806178e+00,2.63237953207114606e+00,-1.49324803320616262e-01,-9.09635060876221556e-03,-4.32070192287646853e-03,-2.20797751283575506e-04
asteroid_4879,3.06631694942997124e-12,2.56000466168445096e+00,1.94320014646412499e-02,1.58829550934418973e-01,-7.25479539088225731e-05,1.07396079085292466e-02,-1.44613998281986188e-04
asteroid_4880,5.19837238331137092e-11,3.99677639991681988e-01,-2.50201055039997211e+00,1.10975464979388233e-01,1.05856973108065956e-02,1.74655824268457019e-03,1.25289523464649035e-03
asteroid_4881,8.55523761858432138e-12,1.06870830266338923e+00,2.01339620231344085e+00,-3.23107674478856841e-02,-1.00494612956491692e-02,5.32316485806284996e-03,-6.90259508026636959e-04
asteroid_4882,7.61680616139904024e-11,2.61172379973295099e+00,9.36333468411065906e-01,4.82895344366825408e-01,-3.54178768018140189e-03,9.60453206811950379e-03,5.32468074340673942e-04
asteroid_4883,6.34618987420862198e-11,1.59691497548652572e+00,2.31704528921375852e+00,-2.27170953377147600e-01,-8.42676641508346633e-03,5.81380807970775532e-03,6.17470680010741627e-05
asteroid_4884,6.08591091245084599e-11,5.01796300039335716e-02,-2.50721981127434912e+00,-5.66090734810029902e-02,1.08535787372300938e-02,2.09196221829739779e-04,3.55555252891646067e-04
asteroid_4885,2.21362927175049572e-11,8.85136764028627288e-01,-3.00305478233430767e+00,-8.05718504582080552e-02,9.31741085095106822e-03,2.75414386632937469e-03,-2.93676006527307542e-04
asteroid_4886,7.24726229997504289e-11,2.79778168115654680e+00,1.36648274773462064e+00,-7.45722367552895671e-02,-4.27176637783860218e-03,8.75846708232126334e-03,2.25612737773962834e-04
asteroid_4887,3.01748986714876771e-11,1.33822949101874844e+00,1.78154564662822934e+00,1.09527782580327943e-01,-9.12335139559269231e-03,6.92664885788641174e-03,-1.19607300444212112e-03
asteroid_4888,5.70857705333761865e-11,-2.03171671021785549e+00,2.11677842791721815e+00,-1.61562687002849846e-03,-7.24529899720313415e-03,-6.95415456460937286e-03,-5.77090234430093484e-06
asteroid_4889,9.21205446126695912e-12,-9.36736367336557740e-01,-2.36969496435197069e+00,-3.54048441692305205e-01,9.95036655720589816e-03,-3.98618763177827420e-03,3.53563300334055303e-04
asteroid_4890,9.61769101661911486e-12,-2.44865944755633258e+00,-2.20117796023520285e+00,2.15926456860429689e-01,6.30553863143242226e-03,-7.05393810738310246e-03,-4.02249702557817834e-04
asteroid_4891,1.94070831090155743e-11,2.36232978693023243e+00,-1.32996360502080468e-01,-1.36910015432436055e-01,7.07809153847624201e-04,1.10534054155033614e-02,1.47553818865710294e-03
asteroid_4892,2.16083460861207352e-11,-1.62003761803600521e+00,-1.77024907595375813e+00,4.22915399894422672e-01,8.23064737471618756e-03,-7.08655999890028029e-03,1.86557897461854115e-03
asteroid_4893,1.26519780194326722e-11,1.20477209891208381e+00,-2.33103921013929938e+00,-1.85622197014627122e-01,9.27609407018975540e-03,4.61330813869433205e-03,2.27223451548725242e-03
asteroid_4894,1.18336623196274825e-11,-7.13096373620227819e-02,2.39503166574049953e+00,3.56429350500215791e-01,-1.10435522595687032e-02,-2.78051722928040373e-04,-3.41074677271725540e-04
asteroid_4895,8.79043099806070299e-11,1.30015500549322871e+00,2.60999091005600325e+00,2.91104649981760000e-01,-8.96497792199948094e-03,4.51677298073787942e-03,-4.56452698700762869e-04
asteroid_4896,5.54677934074342690e-11,2.49082170659143110e+00,9.59249417677647709e-01,-2.06051517475421164e-01,-3.85124453277015198e-03,9.62828606190064759e-03,-1.73177895448416836e-03
asteroid_4897,6.22214807687395082e-11,2.30535431618259601e+00,-3.77479194021964837e-01,3.69234619891136706e-01,1.46022853965958985e-03,1.09027132467890524e-02,2.02907095427340076e-03
asteroid_4898,2.87892982334123779e-11,2.28982942469422790e+00,-1.40722657623111469e+00,-3.28263681578242650e-01,5.42501292033667828e-03,8.92623875176803278e-03,-4.23093356752097789e-04
asteroid_4899,5.55818205910119486e-12,-3.09350189635455974e+00,-6.74074247245104230e-01,-5.36580634509383272e-02,2.06088645961001937e-03,-9.44277345712403807e-03,-1.90572680049180587e-04
asteroid_4900,9.68276906482330773e-11,2.90418637355440934e+00,9.32176815166404826e-01,6.77111002932623968e-02,-2.90906647493074802e-03,9.20479241874954529e-03,-1.94979647868927784e-03
asteroid_4901,5.41227387074634541e-12,7.14053256377449763e-01,2.60240195917529160e+00,-6.73758599804648133e-03,-1.00983415713188102e-02,2.77083787182887988e-03,1.19068153823511995e-05
asteroid_4902,8.22644277796615406e-11,1.87749673705773157e+00,1.56550067611274946e+00,-8.98033932592874062e-02,-6.96820171650685410e-03,8.23362702432556791e-03,-2.14944341693745810e-03
asteroid_4903,6.65119923067191378e-11,1.88798403850885488e+00,-1.34072254515265410e+00,3.47026111365714568e-02,6.54169830574411002e-03,9.21671894168898248e-03,1.85602502569152760e-04
asteroid_4904,4.07580262359629191e-11,1.04045431579082570e+00,-2.97731081531261799e+00,-3.41490331238439651e-02,9.13987447176965381e-03,3.19688831092617993e-03,-2.49152106210965196e-04
asteroid_4905,7.46622644117458927e-11,-1.08314561961256550e+00,-2.72764144308829204e+00,-3.19772582999297672e-01,9.23389627299776167e-03,-3.46495378503916714e-03,-1.72154458156613096e-03
asteroid_4906,7.64755908616450710e-11,6.54729813675516525e-01,2.70777086194436967e+00,6.65048541646300340e-02,-9.84603689232306858e-03,2.42577537451295604e-03,-1.83370038634394204e-03
asteroid_4907,8.78303935174339879e-11,2.04834492093249354e+00,2.36234772908158153e+00,4.23852019418220927e-01,-7.35429066590644574e-03,6.27484937750774803e-03,5.67999547617489245e-04
asteroid_4908,5.44970819212324255e-11,-6.36996168665658613e-02,2.22125525547734926e+00,-3.26513054394508451e-01,-1.13225655231350281e-02,-5.87781238381037243e-04,-1.78972653984153882e-03
asteroid_4909,2.13785841427772559e-11,2.32253386524277472e+00,1.76073679815396389e+00,-1.61642551973087772e-01,-5.84609684468946188e-03,7.90921156623534960e-03,2.15464271953163091e-03
asteroid_4910,5.72621525881455064e-11,2.48687758658874714e-01,2.34201759512261853e+00,-1.51547099405188096e-01,-1.10856361779178604e-02,1.10411683216317868e-03,-1.12836845487694994e-03
asteroid_4911,9.94051569902033429e-12,-1.39111301917881147e+00,1.66396492346993563e+00,5.78508122518176626e-01,-8.79050768444632202e-03,-7.38536086834520530e-03,1.04392219777901403e-04
asteroid_4912,3.76291365878640804e-11,-9.47788923474765510e-01,-2.47884737180560366e+00,1.60804863349339078e-01,9.81264444798050223e-03,-3.80064922775856908e-03,-7.51927703390255111e-04
asteroid_4913,6.10405506046815882e-11,-1.84340839139461932e+00,1.78085043800850262e+00,9.47792810607904351e-02,-7.46774474382547963e-03,-7.71550723914659221e-03,-2.73676683117387350e-04
asteroid_4914,2.51961935284326864e-11,-2.68541577066216552e+00,1.75977302240405176e+00,-3.47590589427637597e-01,-5.31441272705077995e-03,-7.74773492898275535e-03,1.83305548437786214e-03
asteroid_4915,8.65096240586581784e-11,6.42943439079775692e-01,2.39778325534126058e+00,-1.76811949386774386e-01,-1.04797525370625769e-02,2.87607386801593283e-03,8.95378539279869301e-04
asteroid_4916,9.76054240150362511e-11,-6.87558469651242898e-01,-2.96264096036799796e+00,-4.72635031061303612e-01,9.47132464338582697e-03,-1.93667077711313115e-03,-1.63853556223794456e-03
asteroid_4917,7.60024792066005966e-12,1.30491715529863761e+00,-2.69976538075138484e+00,-3.80675871331092762e-03,8.94277023280113000e-03,4.32266374210014612e-03,-1.58568199478763928e-04
asteroid_4918,2.05972086956540994e-11,1.53318747622813079e+00,2.46333818125785742e+00,-7.31977518717004741e-03,-8.57054865209786083e-03,5.33346060141359421e-03,-2.92457083583466681e-04
asteroid_4919,4.73064302486085224e-11,2.86733554097078835e+00,1.43038251597951471e+00,-3.29918366374828825e-02,-4.28942132219168205e-03,8.59904973471757941e-03,2.18292563734424311e-05
asteroid_4920,3.80376318159917761e-12,-1.47123462780924052e+00,2.09493394586670911e+00,3.90230639035446969e-01,-8.69838622095346452e-03,-6.19609055348707347e-03,4.69039074663727491e-04
asteroid_4921,9.30181390955895222e-12,-2.40199138321259120e+00,-9.06097231389371705e-01,4.49756754417800081e-02,3.73801430057329239e-03,-9.79442252443055855e-03,2.31189430368551000e-03
asteroid_4922,9.00650059597566210e-11,-2.23559251851461438e+00,4.52914073892939029e-01,-2.35524548675567741e-01,-2.22869139915519553e-03,-1.11358902475951465e-02,-2.59657011456522902e-04
asteroid_4923,4.56252915169881275e-12,1.85058365239617895e+00,1.57527395674515502e+00,5.65452673950122692e-02,-7.15054563799883292e-03,8.40212511121422000e-03,-5.24536491459870054e-05
asteroid_4924,2.47559504240735557e-11,-3.05016506949987010e+00,-7.99001568356648706e-01,1.29353791260451906e-01,2.47820918488076162e-03,-9.32160011148209372e-03,8.57910548179399582e-04
asteroid_4925,4.23690343534856920e-11,-2.65851635998056235e+00,-4.65916534797520057e-02,-2.34651313594860966e-01,1.62624981516225900e-04,-1.05248148280724894e-02,2.47291824693863399e-04
asteroid_4926,2.05571709045617870e-12,-8.58099601721640459e-01,-2.33586086627654632e+00,-3.25010217048390504e-01,1.00816518917463526e-02,-3.86447646797735559e-03,1.15632634753507955e-03
asteroid_4927,8.10612741221837153e-11,2.04231335895199884e+00,-1.11119517153297309e+00,4.00824846446427185e-01,5.34845154690475992e-03,9.83947641134263161e-03,2.58582641204327378e-05
asteroid_4928,8.30024767322303390e-11,2.67411618403167628e+00,2.04752870868127212e-01,6.85836820881650586e-03,-8.00921596492423283e-04,1.04696527486300862e-02,-2.81999142452843692e-04
asteroid_4929,3.94730773323218269e-11,8.77656368462371161e-01,-2.80825275319694789e+00,-3.24078022768647223e-01,9.54036040568254605e-03,2.99089659333495175e-03,-8.03372134410353811e-05
asteroid_4930,2.01863774875599141e-11,-1.88051826555147517e+00,1.54186288546023875e+00,2.44120136028425944e-01,-6.79794946756047923e-03,-8.52512442315457239e-03,1.47839013127221901e-03
asteroid_4931,8.92368800433441628e-11,1.62923174735965337e+00,2.52415565600333469e+00,-1.72878083837910257e-01,-8.31508335854927623e-03,5.39137084759061785e-03,3.55518915425777641e-04
asteroid_4932,6.78588229652989311e-11,1.78774863438342213e+00,2.20612811136841414e+00,-3.03702098151624578e-01,-7.91018707994292983e-03,6.40690007524954887e-03,-2.29955182773652885e-05
asteroid_4933,5.23909393957416602e-11,2.02741284162413393e+00,-2.25834314324394780e+00,-2.48928965082457210e-01,7.33963147140212230e-03,6.43968801750322267e-03,1.35555867851260199e-03
asteroid_4934,3.92458567983174237e-11,-9.54433683640849156e-02,2.39803259517511203e+00,7.46383930968770731e-02,-1.10349119003526046e-02,-4.73951128547049486e-04,1.11659817350440041e-03
asteroid_4935,5.39322919401909317e-11,9.06308883075820471e-01,2.70961585628544466e+00,-1.92602512973139434e-02,-9.65118020974409241e-03,3.22779237411046933e-03,-4.53243603204912733e-05
asteroid_4936,2.49586588183394455e-11,-2.26405653457828304e+00,-3.03781819161499766e-01,-2.49830997629433109e-02,1.51809631839753601e-03,-1.12606752305847106e-02,-6.51139506613162243e-04
asteroid_4937,4.49655116680606935e-11,-4.14221624740182204e-01,-2.48228487451704227e+00,3.17490959155536601e-01,1.05526358699414534e-02,-1.54228508840409525e-03,1.70946293917655979e-03
asteroid_4938,6.85929132614068068e-11,-2.96325884001908335e+00,-2.76892742400686835e-02,1.86198004364977604e-01,8.25071046452078649e-05,-9.98115138516326647e-03,-1.71220582303574720e-04
asteroid_4939,4.11417728936674917e-11,-4.48561116108977309e-01,2.76674438069099793e+00,5.58653960340394828e-01,-1.00350069150798651e-02,-1.45596837235593014e-03,-8.46716613306963662e-04
asteroid_4940,6.84986077009112204e-11,2.19175120629054110e+00,-7.55290841969008642e-01,-1.82757841204869126e-01,3.58075049940517233e-03,1.06453127617687614e-02,-1.05162662841684477e-03
asteroid_4941,7.38751693298609173e-11,2.85102831232830267e+00,1.29084216196275081e+00,4.83138498406283576e-02,-3.99692790902920342e-03,8.78325533387372230e-03,1.19134217038942476e-03
asteroid_4942,7.53736543287317697e-11,-2.13899988282048703e+00,3.02712762950816006e-01,1.26618114016546296e-01,-1.47806139223833764e-03,-1.13813955479755199e-02,2.24075796712166694e-03
asteroid_4943,5.69221009272376844e-11,2.80012724735868446e+00,-9.86524700556735100e-03,-2.81501006140389420e-01,4.17938359748287944e-05,1.02539040964502032e-02,5.63790603077369301e-05
asteroid_4944,1.84469540927059579e-11,-2.36555930694940253e+00,2.27173579772174206e+00,-7.47057577119086824e-02,-6.55829390694325290e-03,-6.84729640465376026e-03,-5.51700056950013952e-04
asteroid_4945,7.00589637683747312e-11,7.46329052642370483e-01,-2.63390078468736322e+00,-3.37569733723556281e-02,9.99865176901070137e-03,2.83644267022019250e-03,-2.55481208337002600e-04
asteroid_4946,8.19299130762475862e-11,2.85529643367781150e+00,-1.03463004313820983e+00,3.81257715170649492e-01,3.18126254889783454e-03,9.22478645040169555e-03,1.20861447342215001e-03
asteroid_4947,9.43794095458273308e-12,2.30368276266435940e-01,-2.78386732748935772e+00,-3.41806126216423312e-01,1.02158723298850750e-02,8.67490750489267686e-04,-1.80120405313360433e-04
asteroid_4948,8.95976376728630954e-11,1.95101640434239082e-01,2.97439057724537603e+00,5.95607652755511197e-01,-9.80559086093163446e-03,7.94184444816960905e-04,-7.54066649053004552e-04
asteroid_4949,9.41306561750393595e-11,2.76605608690000260e+00,-8.05808150778027255e-01,-1.80883044267351994e-01,2.87915193566251615e-03,9.65177111892570432e-03,1.03061014054694447e-03
asteroid_4950,6.68269116197057082e-11,1.99381424663658491e-01,-2.90857981284287126e+00,-2.85571808269117655e-01,1.00189693753606757e-02,6.40053854888941232e-04,4.76057728116577989e-04
asteroid_4951,1.11153777221142457e-11,9.88978746370805517e-02,2.36573887378083070e+00,1.62480763646802251e-01,-1.11495098094919684e-02,4.37175990379972301e-04,4.21087313617194933e-04
asteroid_4952,6.53725426331560909e-11,2.94491787676386707e+00,-5.10118011293613005e-01,9.18978984000038690e-02,1.68366862250182974e-03,9.79542681592355559e-03,4.19572404052035591e-04
asteroid_4953,3.56132801800868162e-11,-2.07903450539684975e+00,1.13622011673041334e+00,-2.77832332357529410e-01,-5.04317801988220064e-03,-9.72235655996314674e-03,-2.02206841980875863e-03
asteroid_4954,3.03715202889701374e-11,-3.25158976756918028e+00,-4.03741664171965275e-01,-3.69775832551007544e-02,1.16831106640473696e-03,-9.42849745218188838e-03,2.11180462273532381e-04
asteroid_4955,3.68603340804663058e-12,2.00009974445873073e+00,-1.21568220300513952e+00,-3.93042646851708311e-01,5.98242506217546311e-03,9.24582522956285055e-03,1.84575811361991932e-03
asteroid_4956,7.24861603194624192e-11,7.15383230137628168e-01,2.27414072499307407e+00,-8.12356959710613079e-03,-1.06274935900884833e-02,3.34287696939700261e-03,-6.86936931624780058e-05
asteroid_4957,5.66723263563781217e-11,1.19877581388354981e+00,2.88605674496387232e+00,-1.81839655264753625e-01,-8.93682113802155183e-03,3.63653744793751132e-03,-1.19881223384607038e-03
asteroid_4958,4.50848018457714323e-11,1.80605799600693628e+00,-1.56741602853355100e+00,3.21079238198713340e-02,7.29145256761852371e-03,8.39993193163388052e-03,-8.09228286942211499e-05
asteroid_4959,3.88749540476674015e-11,2.27660746472740128e+00,1.09372938995526825e+00,1.93198711784908939e-01,-4.45670783020265561e-03,9.63520347900367891e-03,-2.02967662265632473e-03
asteroid_4960,4.11911037368734137e-11,-5.11161066004637399e-01,-2.90846227726315076e+00,-1.63618962951504410e-01,9.85148491996685333e-03,-1.73221569295298108e-03,1.45977310639429735e-05
asteroid_4961,4.53149345485343297e-11,7.59206387163139595e-01,2.13689031487210590e+00,3.22006038679462703e-01,-1.07235883507595213e-02,3.73282389795670435e-03,5.11734299188320620e-04
asteroid_4962,4.77540864139765962e-11,1.53489702429820052e+00,1.66313868192376524e+00,-3.55274540608865153e-01,-8.42998617549611286e-03,7.34283997263244365e-03,-2.04630340450787747e-03
asteroid_4963,9.77708331565838568e-12,2.43154972540044545e+00,-1.06954490442209282e+00,-3.81457974702534064e-01,4.33633603638706490e-03,9.51496183905950997e-03,9.62983531988587343e-04
asteroid_4964,3.80382973040706734e-11,-1.78483169964307398e+00,1.58923285311047779e+00,1.11647926225368191e-01,-7.39577216208502607e-03,-8.30596895887078870e-03,-8.04778708363040607e-07
asteroid_4965,6.41302854436285436e-12,-1.03565286862587302e+00,2.12506116091118091e+00,-2.98704238126677069e-01,-9.77676776472567212e-03,-5.02287509362484702e-03,-1.83652967089980310e-03
asteroid_4966,7.75953306181221522e-11,1.44598407139489393e+00,1.52571324164521149e+00,1.94977559050618920e-01,-8.62468700951191970e-03,8.06950204197287753e-03,8.17601360771056523e-04
asteroid_4967,5.22287222129842437e-11,2.52582768810786806e+00,3.07987946053206119e-01,-4.38522088532779415e-03,-1.30532426512097949e-03,1.07045840450911735e-02,-3.22258339476764086e-05
asteroid_4968,7.99535235081877835e-11,1.87505028523625517e+00,-1.59702510908540085e+00,-3.05823711318206293e-01,7.10873023371993810e-03,8.28121749595345062e-03,3.39785221758196658e-04
asteroid_4969,4.29377069413917433e-11,1.82984045563714615e+00,-1.09093536001922642e+00,-1.73109848042466263e-01,5.74889991049566500e-03,1.00066999956812726e-02,-2.29388007239075863e-03
asteroid_4970,1.53183064212313966e-11,2.45091606390283845e+00,-1.44432606360970262e+00,-6.07292412676828999e-02,5.12513174840478498e-03,8.74426061451874861e-03,-1.12459466536821563e-03
asteroid_4971,2.99645587729785239e-11,2.77876518532358308e+00,6.27070438143668807e-01,1.38101775536701360e-01,-2.29290008008698875e-03,9.73166777494234407e-03,1.94776453397714944e-03
asteroid_4972,2.33937267769283903e-11,1.46736572840925650e+00,-1.57677340299175528e+00,3.66982465853437134e-01,8.39461542939602158e-03,8.01337641172472116e-03,8.64640246938934540e-04
asteroid_4973,4.39959945109038314e-11,-8.10055051907726864e-01,-2.34015052557374315e+00,-1.41908122955408028e-01,1.02859652739565322e-02,-3.49117512129645683e-03,-1.14385868520762869e-03
asteroid_4974,7.88931961713177984e-11,2.35491155896457416e+00,2.07162644837363574e+00,-2.62053743213916668e-01,-6.39488103883432968e-03,7.28727640999830058e-03,1.41708607371793694e-04
asteroid_4975,1.16721389228244873e-11,4.02895222692400690e-01,-2.71966411626675209e+00,-5.22749645123863016e-01,1.01589036408114043e-02,1.56272775288234054e-03,-3.00566150161032692e-04
asteroid_4976,4.00160164627141349e-11,3.59803341560390566e-01,-2.56362250198958108e+00,1.70690366332494042e-01,1.05428694037311439e-02,1.52982024773138238e-03,7.52953858777396417e-04
asteroid_4977,9.18819975955843288e-12,-2.34086817942877445e+00,1.25377449132252683e+00,-1.18321293373897060e-01,-4.98148710614235331e-03,-9.30099735126783782e-03,-2.94596065258551982e-06
asteroid_4978,3.91516871239943543e-11,-1.98836087308164644e+00,-1.25182503900932329e+00,-3.94243937441899825e-02,5.97149311207017131e-03,-9.45588523169985269e-03,-9.22509021001628672e-04
asteroid_4979,5.82564186118389012e-11,-2.18338342763262228e+00,-2.05333541357740401e+00,6.83894372964286901e-01,6.63515992115363152e-03,-7.21173789479666663e-03,-4.69397927480680343e-04
asteroid_4980,6.90678794333542673e-12,3.48530632508294025e-01,3.17093720289727488e+00,2.07966331993493014e-01,-9.55497625920544505e-03,1.07264372906192137e-03,-3.41805262577456453e-04
asteroid_4981,6.67351715691537047e-12,2.52739828464185468e-01,3.18105451838892916e+00,1.04720867001008841e-01,-9.58256922018736919e-03,7.77828164483008100e-04,-5.00539173362604586e-04
asteroid_4982,7.30537060538994016e-11,1.88475769731627141e+00,1.43467721278352012e+00,-1.51714410295301239e-02,-6.76773026578096799e-03,8.88681458106121112e-03,-3.83703703477996066e-04
asteroid_4983,4.07557008603945016e-11,-2.30467842497561426e+00,-8.96311775611881689e-01,1.60999419361806916e-02,3.96552444242223492e-03,-1.01939837261068832e-02,1.41054673830053490e-04
asteroid_4984,3.51447130737108214e-11,6.59300615516039690e-01,-2.12652947638186696e+00,-5.47617934908383730e-01,1.08800479467350483e-02,3.12983289537715039e-03,9.45075694140504164e-04
asteroid_4985,6.86351100089493215e-11,1.04220298147321477e+00,2.23603795952803130e+00,9.02072892403096432e-02,-9.80934888014403476e-03,4.63179757581967579e-03,-1.48039645476878354e-03
asteroid_4986,8.48548743247685623e-12,-4.69808098488370851e-01,-2.40900759174747536e+00,-4.72012084192079295e-01,1.06698021219697008e-02,-2.12249942504810340e-03,2.12616976581309959e-04
asteroid_4987,8.59728992543531798e-11,-1.53120203735260985e+00,-2.39578337764359883e+00,-3.06072184325188623e-01,8.54516849969526836e-03,-5.24034197347659179e-03,-1.73049120487451559e-03
asteroid_4988,7.75448468156725823e-11,-3.06974307357479104e-01,2.30593054534532405e+00,7.78430325574956672e-02,-1.11311820754603462e-02,-1.51449101911622572e-03,9.67642080120818078e-04
asteroid_4989,3.89705798366704296e-11,2.09357494966880209e+00,-2.35487123468560222e+00,-5.76632041700852249e-01,7.26414287640867774e-03,6.21459616969059422e-03,9.94488270164636725e-04
asteroid_4990,4.68760568920998556e-11,3.34589962673908448e-01,2.15444011279303549e+00,4.37453046109020138e-01,-1.12055287869308462e-02,2.09804619195224067e-03,-1.76214892713737127e-03
