name,mass,x,y,z,vx,vy,vz
Sun,1.0,-0.007134099482754017,-0.0027949356844522923,0.0002060772229669032,5.375251580577948e-06,-7.395362602122106e-06,-9.426583073354511e-08
Mercury,1.6601205952315097e-07,-0.13722271988175153,-0.45008727228654416,-0.02439274249181406,0.021371648676288844,-0.006455289412412718,-0.00248793056454729
Venus,2.447861923991813e-06,-0.7254504551208255,-0.03550159732057347,0.04122170157126185,0.0008042037943044261,-0.02030221943424805,-0.000323559938023869
Earth,3.003500178529221e-06,-0.18430534858737885,0.9644195492824951,0.00020581877367289433,-0.017197742136393336,-0.003171649905002005,-9.342031056686195e-08
Mars,3.2271545459574447e-07,1.3835336481952676,-0.016185999842783204,-0.03425518200033889,0.0006779669457879138,0.01518042289851208,0.00030152908471364406
Jupiter,0.000954603287955061,3.991186840301393,2.9429159753840546,-0.10151173739288484,-0.004564498399661523,0.006425321597203557,7.560081383066133e-05
Saturn,0.0002858177392668735,6.407650387772323,6.54287252921864,-0.3689406956313877,-0.004275667037023825,0.0038856990493687043,0.00010230823131536696
Uranus,4.365668076460797e-05,14.418331783026758,-13.74044066140188,-0.23782704315262226,0.002687064042454779,0.002656187554262974,-2.4970292363225124e-05
Neptune,5.150341720015892e-05,16.79762871243612,-24.99550479592424,0.1276092873095997,0.002588688666875037,0.0017609737129382417,-9.603498818526308e-05
Moon,3.6922860289569364e-08,-0.18626077496692584,0.9626120971519112,0.000443432763747057,-0.01683045783433176,-0.0036007126279428603,-4.953426521638264e-06
A00001,1.2353887493341484e-13,-3.2947573264946826,-0.42310403147414183,0.11090149504068551,0.0006274249012303992,-0.008968884659261617,0.0002579900094237073
A00002,6.871788765037586e-14,-0.29690490423176386,2.6028485154213326,0.005553483720799807,-0.010617016237336597,-0.0004805359096773346,-0.00015223837983935137
A00003,1.7932519984248906e-14,0.677010375666094,-3.3328199094544826,-0.8037745153283846,0.008415890920249153,0.0019977400433274562,-0.00035521473514332194
A00004,8.587127733795641e-14,0.8626730965422613,-2.7510790558273115,-0.15173336706879864,0.009776086556028265,0.0023024005244507953,-0.001860464940268287
A00005,2.360080462927856e-14,0.9743948610747665,-2.0620341727287865,-0.1325896523982572,0.009401358981774292,0.006004454498020652,-0.000925195457489437
A00006,9.197241703934634e-15,3.1760503704414647,0.2028413990811009,0.13474868204113394,0.00027710842001043797,0.009393160173859874,0.0025403611051673177
A00007,7.523415055838148e-14,3.1048527119234306,-0.4189110539828575,0.09451271175407477,0.002290463175672117,0.00921169164685014,-9.567486627035519e-06
A00008,9.887621117770866e-14,0.4534688585862932,-2.9816948412759583,0.5613516651996268,0.00957327600960404,0.0016938813794488963,0.001161359324738982
A00009,1.2886507605073826e-13,1.4631664814509677,2.275219378190945,0.15265602228479436,-0.007746174675210821,0.005132300183452434,0.00036755407374511074
A00010,1.181063246369003e-13,-0.19588034266058196,2.677219999903824,0.029941645270531028,-0.010358432183376037,-0.0008707305517989763,0.0002178675075218159
A00011,1.2933174580780788e-13,2.688446829961031,-0.23560298912133124,0.1712575785893131,0.0011558115616442132,0.010017749680237994,-0.00045007840351135424
A00012,1.1467151688358203e-13,1.0339732573427631,-2.9354804450993037,0.006362986210846547,0.00927562551498264,0.0034728045757951007,-3.86352413695804e-05
A00013,1.060977112214139e-13,2.1930447102325723,1.7369255882994492,0.09013830841151559,-0.006759169804259973,0.007872979764829912,0.0001374663919469507
A00014,1.5299504667612531e-15,-0.32736811225796325,2.9144380415712994,-0.005232864145860346,-0.010085645957930125,-0.0016567636522091661,-0.0011240153226218397
A00015,9.446009617467265e-14,-2.1450180363315434,-1.7402249146709787,0.09485899622736828,0.006739734516658875,-0.007549734719754273,0.00020027776428016008
A00016,1.8177503688731118e-14,-2.638186278766458,0.43848148976770857,-0.07272762117794328,-0.0005071800257335395,-0.009844974811345625,-1.34645901921168e-05
A00017,8.851569816305998e-15,2.8380429160385696,-0.6508712364574316,-0.02156011283556768,0.0017759946380492824,0.009562266505907309,0.0010460268028956868
A00018,2.3598288744383628e-14,0.34828494855267,2.4837030348413403,-0.28225478884144545,-0.009700962183052896,0.00198670872756385,4.754867703374579e-05
A00019,1.2420998312288524e-13,1.6259096409443725,-2.739844222707314,0.5741694916106376,0.008295670391839772,0.004212721904967391,0.0007367304825484097
A00020,1.122245113482292e-13,2.177885064184576,-2.1002726349878835,-0.04134214830689487,0.006383704834500556,0.007126883151557312,0.0005100875710441567
A00021,1.4314109480613663e-13,2.182376248339328,1.6181765147861662,-0.16579387053810357,-0.006294131776145967,0.00885837375626683,0.00048610424182581627
A00022,1.4769792786356572e-13,-1.2111175091206374,1.948746991113575,0.022503599209883502,-0.010123915674282894,-0.006185841370835326,-0.0003656728248487313
A00023,1.3476959804684418e-13,-1.2127478504337736,-2.9213159975254395,-0.22944841204348337,0.009205554441706393,-0.0032459551662163523,-0.0010768248861359152
A00024,2.005495801648945e-14,1.5311757508495403,-2.5900880350574345,0.03427475830073097,0.008824472662084894,0.005045064556212595,4.989610156666669e-05
A00025,1.325214581536323e-13,0.5136497975229378,3.4421569901069153,0.06680284607206773,-0.00841421054632,0.0010977221946261288,-0.000439212517700922
A00026,1.265250679162667e-13,-0.6810454287073873,-2.28812658916247,0.054268209321624225,0.01062930477022193,-0.0029230042175719907,0.00039034419399128044
A00027,1.3142058309758223e-13,2.5775837009156946,-0.33493323362684496,0.0035230453950995094,0.002245107050394523,0.010519993518298206,-0.00013540646955797505
A00028,2.288519990210077e-14,-0.4255633042517072,-1.8409807859955258,0.08035867244353306,0.013193932921213077,-0.0013136653556720952,0.0007300840654340311
A00029,1.762079968024033e-14,-1.5736161056073317,-1.602018189328079,0.11213549619847642,0.007302886108273468,-0.008340953023753175,-0.0034418704968508236
A00030,1.3937486613644907e-13,-2.4547287520927332,1.0353921992537578,0.16534117525457534,-0.00330913683885059,-0.010487452632259728,6.232274117081928e-05
A00031,2.6225601046886414e-14,-0.35656461801831385,-2.9714225256223994,0.0670526271491533,0.009901634723569397,-0.0005877848773508167,-0.0009088981486251404
A00032,5.561419115754792e-14,1.8302654145629078,-2.7689339892393026,0.20161002963580782,0.008559031903845118,0.003730425238918905,0.00011375061354707056
A00033,6.87946003024278e-14,-0.3415618862341324,2.410672476490739,-0.07490497808973094,-0.011066509945998042,-0.0011779415998614173,0.00017742395103022035
A00034,1.877505514608795e-14,1.7822590974356063,1.892925235232084,-0.3420617089739391,-0.006893023881450069,0.007686068177324745,0.001422846080980455
A00035,3.1135826919572285e-15,-0.0951275123243658,-2.8297832093897393,-0.34019342939485914,0.009752243704448778,-0.0008897061598769064,0.0009311494907413326
A00036,1.4997819772974453e-13,-2.347260927876363,0.22505191365174135,0.020012541115044982,-0.0023490790586474814,-0.010916118498401337,0.00012271728513967863
A00037,1.3226113383316997e-13,-0.5774581437461137,1.9483444475251193,-0.25785794709090654,-0.012034597070330891,-0.0033872720433963006,0.0011245743412929073
A00038,1.3764425234841954e-13,2.6118370198233056,-0.49009115830644456,-0.1667376827082672,0.003064031383973795,0.009930358615080077,-0.0016794620728395346
A00039,4.293232295109621e-14,2.2226986330474343,-0.6497896764661343,-0.20100547416172332,0.0028074666482309383,0.011007470938617373,0.00017665848249856994
A00040,3.320706458838151e-14,-1.1849517691920484,2.4607668228411717,-0.2591725937886138,-0.009904318639492617,-0.003588446629943664,-0.0016828309154070555
A00041,6.425067593982801e-14,0.3708996638576812,2.1187015066903125,-0.5398411681482393,-0.012216371024712222,0.002000162034802948,0.0005030710658047154
A00042,6.839246122598433e-14,0.06399361716168127,3.0697807463030773,0.2814918297954138,-0.009708045376969114,0.001365371313381204,0.00021724400405873196
A00043,8.452861043079989e-16,2.5249162212176657,1.7888678180384208,0.0034999848548261615,-0.0052634542387985355,0.007891866630724303,9.183633819362798e-06
A00044,1.1756584435009696e-13,-2.4869339246863436,-0.4742384907069668,-0.5552512009223791,0.002228497135079574,-0.010217817946676231,-0.00046604654852432813
A00045,1.503669226971325e-13,-2.7938925862917743,1.0446018717213472,-0.06478727273762322,-0.003944771594029508,-0.009369230887733514,-5.2318801240574285e-05
A00046,7.976370392299441e-14,0.8224957259282127,-2.9115460445591306,-0.005169990731562196,0.009485589852027014,0.0030358787112065803,3.526778044496541e-05
A00047,5.857680540568395e-14,2.621137272138523,0.03081862682067219,0.13709320660788987,0.0008786864295089703,0.010385351572001295,0.0008453414483597352
A00048,5.925469090027397e-14,1.4034693388771806,2.236454411986694,-0.19297841507255392,-0.008653730101697031,0.005181778974266151,0.0003803319609133192
A00049,1.4495588857009678e-14,1.8173009689966946,-2.58261516694643,0.21008563478559725,0.0074172739134596155,0.005522244241090379,3.4526634279065666e-05
A00050,4.0156139819753465e-14,1.9335693468672406,1.4945329917218222,0.00033928377005879484,-0.006873471068497624,0.007969766438421354,-2.167664741289255e-05
A00051,7.575690579068365e-14,-1.9910839941869238,-0.29814023723318267,0.22218509445583542,0.0011352648493394102,-0.012872950421896375,3.008290132796983e-05
A00052,6.51530918205495e-14,0.5199832055092275,-2.018168982141368,-0.015620338372090306,0.011669923634271887,0.002761798222497438,-0.00019964496426683672
A00053,8.222949236759282e-14,2.742729406071519,-1.0481591114043283,-0.025067199156669447,0.004214503230756215,0.009279474515190721,4.1291232850944074e-05
A00054,1.2809841009699586e-13,-2.3015596005849717,1.7695211351501623,-0.543810926452728,-0.006385604926669136,-0.0075976388297902785,-0.00024245917941737448
A00055,3.3982642719065864e-14,1.83410978798944,2.0175101179172987,0.4580853499825199,-0.0069609047302867195,0.007951765788823428,-0.0011045934931070737
A00056,4.174177436779373e-15,-1.0417542097775587,-2.4597338241501348,-0.09477212734017623,0.010556049020005573,-0.003534456125350307,0.0008130413728483525
A00057,5.7675475915537776e-15,0.18423701829065756,2.750428766793129,-0.48970140061275375,-0.0094066098216593,0.0011522849229927432,0.003093919316516155
A00058,2.024245144420193e-14,-2.867069121174769,0.6984236758249482,0.08461394371348287,-0.0018159874125583196,-0.009559081360996178,-2.5913586830953525e-05
A00059,8.606884939593554e-14,-1.7828160695962885,1.4565258527287628,-0.05912871067863369,-0.007292371619813819,-0.008562545599213132,0.0006879037810264454
A00060,1.2193074817652136e-13,2.268973900828142,0.05813906247801851,0.11132914285003012,0.0006679601469761615,0.011092466466383922,-0.0019269695582923212
A00061,1.3379225986725985e-13,2.1364721977260377,-2.209098438961767,-0.06078688316060239,0.006810457364044855,0.006602026631192237,0.0006269373802623485
A00062,9.581956251755843e-14,-2.5152907964050537,-1.1278062316246074,-0.23712550769185586,0.0033336762300147254,-0.009610952103024355,-0.0004089049274895382
A00063,6.082242759107031e-14,-2.7532525625873534,-0.9727798889913472,-0.12296886361024606,0.0026861306969609296,-0.009451397792053989,-0.00037796621432804536
A00064,2.331202277737963e-14,3.2572363909984747,0.8890087465506363,0.05044807899921995,-0.0020243192839978306,0.008518931498926349,5.363869114394266e-05
A00065,6.056219123984988e-14,0.5565576767544904,-3.00898465277199,-0.2896726818647286,0.009284254999842576,0.0017192519653220055,0.0003852223606818072
A00066,5.015172859394467e-14,2.5316333546453462,-0.2079245192959154,-0.022152014079379286,0.0008043138845411688,0.01113492693925918,-0.0007149715499651135
A00067,1.3126066484848172e-13,0.2215641461270742,2.72356170826099,0.3557597107351675,-0.010117762882777551,0.0021709075871041263,0.0007081561139849797
A00068,7.343149582533545e-14,2.01050396346063,1.7137705493543205,0.066400735722099,-0.006503988729762716,0.007673470262841246,0.0013836453536102472
A00069,3.412651123248462e-14,0.8093595407629871,1.8513059158380694,-0.08004912370009176,-0.010867652182461395,0.0059249955379109855,9.615521055370565e-05
A00070,4.3571706509862935e-14,-0.941810164349774,-2.537465348683239,0.13699768549443003,0.009430482697655942,-0.003977584339813179,-0.0011947886923283386
A00071,2.058965581207771e-14,2.387012891132402,0.4587101173957437,-0.17309085608264538,-0.0031647774742356127,0.01028997746191501,0.0007153895601963917
A00072,1.3858681103325186e-13,-0.16690647090841215,2.406955085567939,0.6198182984402839,-0.011053572674818171,0.0005226676832286705,-0.0007396960805834936
A00073,7.5961435299976e-15,-3.351868543208669,-0.5894264447114487,0.3161518407918053,0.0018949695879709489,-0.008667079171728199,-0.0005020865908124554
A00074,1.9386069292067324e-15,0.35578540454212404,2.5271331098436853,0.4953809719147357,-0.009954111383737115,0.0019498354063838639,-0.00012109981836745802
A00075,2.760790812490362e-14,1.9448287207587225,0.11799650406654796,0.2734786239084442,-0.00035839990440576287,0.012767549990242953,7.066730258073715e-05
A00076,1.2233646698173462e-13,0.5701638759293437,-2.300105893550118,0.1759883412444911,0.010907131457752383,0.002916887949500427,0.0006093785807089991
A00077,7.897555030879911e-14,-2.2789735811338487,1.2077325162567214,-0.1789961937819579,-0.005164547107344612,-0.009060167492025407,-3.931429444518276e-05
A00078,9.44210173499266e-14,-1.5302215261271144,-2.429372351531398,0.03613837520736698,0.00934266888701409,-0.004145488728017011,-8.738371142040647e-05
A00079,5.397121650970094e-14,-0.9208633420066158,-2.9523595444117166,0.16776142042686837,0.008535723625447824,-0.0031442448936772746,0.0013732831403509063
A00080,1.0361899845994893e-14,0.6883630224247608,-2.5903966201768966,-0.1764525616500266,0.010484404071273108,0.003524638932263574,-0.0008914412070029404
A00081,1.2916845242296235e-13,1.2539503858468766,2.7719366174941045,0.5262085364814771,-0.00789164598628304,0.00516501333926397,0.0003053199111278597
A00082,2.8951449980814445e-14,2.722870503133574,0.3849787380942618,-0.4423075109733092,-0.0010007568851190553,0.00981220677156558,-0.00035697494331516066
A00083,4.9881200643378375e-15,-1.7429253553202646,-2.4361290956743966,0.7650237317026553,0.0075963345548975,-0.005322948034925762,-0.00312560696801263
A00084,8.64039528259527e-14,-1.6016995875688722,-1.8165968052598624,-0.056591886658454264,0.007606755508984614,-0.0076459211108521625,0.0004721577282500241
A00085,1.2566286052170732e-14,-1.0759196162477576,1.8722318438253975,-0.15720922285254132,-0.01015085892910753,-0.005579035206523909,-0.0004376197930958528
A00086,1.444802274919833e-14,-1.221758425836937,1.6100174949771653,-0.08057357432091937,-0.010041385773832734,-0.007586146461192465,0.0007066099988762925
A00087,1.2075279439354178e-13,-0.41288367123432695,3.198588476916254,-0.6339629789735808,-0.008682201724681886,-0.0017049451689646181,-0.0013639852980294343
A00088,7.416927848336123e-14,-2.613616925295343,-0.7566979422081686,0.1512246489106529,0.003336483496025675,-0.009740718406177826,-0.0006790125881648251
A00089,3.643670468535641e-14,2.494886934422249,0.19576753109823233,0.327055942076693,-0.0017670441033971324,0.010029802472829908,-0.0009568643658626963
A00090,5.259751385810813e-14,2.5266643969332314,-0.263373252859127,-0.5075649611487267,4.3142406003812745e-05,0.010865884643362767,-0.0002953874668127566
A00091,1.1002055068066031e-13,-1.4756577374497712,-1.505116754055786,0.4093159250497731,0.009051156115631702,-0.007841302353540695,-0.0019209162848110963
A00092,1.0011303702261436e-14,3.1069493680765667,0.7237979835889385,-0.08635917368685732,-0.0023771579020773,0.008850702832739542,0.0002542414474687802
A00093,1.7573847379818173e-14,-2.768727767371699,0.1347042700569552,0.12394255359238833,-0.0016784775220144552,-0.009936759743339414,0.0003382542254447805
A00094,9.297550088014197e-14,1.6200048920844505,1.704371833005498,-0.09710202095271189,-0.00830338848585942,0.008114135453563546,0.0001415583879673677
A00095,9.157388010299262e-14,-2.499243976450888,-0.8466692326726468,0.036823621328472556,0.00380900185812984,-0.00950506193561583,0.00019368799021634932
A00096,1.4671515431383275e-13,0.30819877024725373,-2.7742809179457124,-0.17688162100040564,0.010189446297734219,0.0017231885364564577,-0.0011986903917230772
A00097,5.6508506453279976e-14,2.3833883104572533,-1.3392763328072885,-0.012017802051177508,0.005075192719490021,0.008572731309790495,-7.955008887617051e-06
A00098,9.818716438079318e-15,-0.8044277947930768,1.989328101825397,-0.1579668817609005,-0.011205328287237352,-0.0039051994018320336,6.360642534562336e-05
A00099,8.109837861142162e-14,-1.0237312269045447,2.1124902605406763,0.060292248252078615,-0.010383598005683252,-0.0034904591909409753,0.00014008117564057483
A00100,9.630741483740028e-14,-3.5387405381518997,-0.34351960850304913,-0.15024673409801365,0.0008783923222387198,-0.008663327703315536,0.00019361360573342818
A00101,2.106227206499919e-14,0.20255203517902753,2.996408343177009,0.5748324357806076,-0.010000690271631455,-7.238004831508862e-06,-0.0006869715179141033
A00102,8.3410380442544e-14,-2.361578224200783,-1.3830132782097342,0.6468745216187582,0.00450364106602793,-0.009327714290532252,0.0018007825536043474
A00103,2.983748245151182e-14,-0.8102659580691713,2.3771838802436105,0.05382682533989001,-0.009965208676641208,-0.0037112061894517137,-0.00032220214602335427
A00104,1.2744430272232553e-13,-0.5653677865762419,-3.222533897065583,-0.01794847533386985,0.00944440820542433,-0.0011571107495761859,-5.061500240799986e-05
A00105,1.2600070082709475e-13,-1.3364980162697984,2.148691354465157,0.4409795707508514,-0.009325492102087602,-0.006747204441151181,-0.000727635681789394
A00106,6.481832724176706e-14,1.7102128929314948,-2.1696172652812806,0.010205608154531826,0.008809861379851956,0.00603991348621443,3.639494585061463e-05
A00107,1.4585233391031833e-13,1.1035967217596112,-2.1628601571804276,0.007400784900007623,0.009961763342987751,0.005684808177517755,7.74096278529704e-05
A00108,1.478182635700051e-13,2.3089472085131586,-0.6399244610575079,0.4906454848123571,0.0022825752527150032,0.01041500684085225,0.002375494645080952
A00109,1.9500519209843198e-14,-0.42297276986903776,2.150107720475758,0.27803212376363556,-0.011181421158889588,-0.003015398253595443,0.00014007254434323304
A00110,5.5477213000918023e-14,-1.638496142613428,-2.202947198271737,-0.11241070730761053,0.00849222523719978,-0.007130342267045937,0.00040791596468093253
A00111,9.057055962248529e-14,0.7359947559563595,-2.893179704160354,0.08368246817713922,0.008992624148804699,0.00233325632029498,-0.0004309290176252887
A00112,1.279992056034224e-14,-1.525485420327862,-1.9180976054850332,0.335557143086894,0.008547546463040512,-0.0063058570061047,-0.0009743000132011585
A00113,5.773145608872012e-14,1.6895778983667056,1.9354190510460842,-0.01308783174508255,-0.0072103987148791245,0.007588034288667979,0.00021941009027624795
A00114,3.9403342284718006e-14,1.9343801956138182,-2.226932707200045,-0.31238988318387934,0.007484916361832678,0.006052859105426719,0.0008975992789729512
A00115,1.4363561644872202e-13,1.7951731756774627,1.699775530813047,0.09456966886743483,-0.007388679187408156,0.00739267324724359,0.0010559955632133522
A00116,6.209615194778816e-14,2.45158306625628,-2.2371976263377835,0.01533462997302964,0.006014949785211669,0.00687758242426575,0.00011330034702012537
A00117,1.1506409193671274e-13,-0.790986361371433,-2.7603958998970817,0.07624957832527919,0.00995218087113319,-0.0029628107363881013,0.0006238310203805505
A00118,5.834245542969651e-14,-1.2399854633235687,-2.9634113080361995,-0.08351614715692983,0.008348883076554575,-0.003805030864478769,0.000763058535972184
A00119,1.9886892592586372e-14,0.8994791852504275,-2.4242396910313966,0.09553652189179676,0.01032838983311698,0.0029578653560724828,0.0006095166758517172
A00120,1.3022353663707477e-13,-2.341374809361163,0.7443411434085017,-0.03637638703606327,-0.002402013910865894,-0.011490457825858648,-0.0002481125614141808
A00121,6.340284440512281e-17,2.5806382205232588,-0.7631628794830809,-0.23542531857543797,0.002959230350606554,0.010200560262844278,0.00012529451682123657
A00122,8.440261231731447e-15,-0.6820978781501295,-2.8865877658660195,-0.052834256103807105,0.009413327768826616,-0.002927244627467263,-5.476061042446203e-05
A00123,5.4974909042986354e-14,-1.113290361591187,1.777200602558292,-0.23994791116030692,-0.010899476274151026,-0.005219492286418744,-0.00023927356152583524
A00124,1.0363233529163902e-13,-1.7264326610101164,-1.9199581924190738,0.033625695541094826,0.007389567271950565,-0.007844239101612823,-1.4732268220550509e-05
A00125,5.1553177509812784e-14,2.474659088804936,-0.14379781713115022,-0.20241327079702037,0.0008243483101455804,0.009916142826954523,0.0007144448970714991
A00126,1.0005068707838121e-14,-2.5433315942813732,-0.3071071387023287,0.27097239606407575,0.0017975405187617103,-0.01081394032969437,-0.0007174310753132724
A00127,4.795279399750105e-14,2.1966222627337544,1.3386358677159405,-0.29066949621967775,-0.005429092084408013,0.008928761967216235,3.852687510786094e-05
A00128,3.696058412557881e-14,0.8948665622127688,1.722202703006528,0.3031894970963437,-0.011146454927789267,0.006214128751703841,0.002679820322394389
A00129,8.18184094132458e-16,0.5059174674152997,-2.0576346535879626,-0.4604793773904358,0.0114857294663699,0.002841591308038351,-0.0002955447274520715
A00130,8.0685672477939e-14,-2.2431701863800035,-1.6705689188026338,-0.09181685488303125,0.005553254608855717,-0.008710853219092698,-0.000169550543328772
A00131,1.7598785889322483e-14,-2.0572160965977617,-0.7054069422249658,0.5281821764764993,0.004424621924838095,-0.010842750653131915,8.314277029615689e-06
A00132,4.3374855613970057e-14,1.7376401769741956,-2.9582689001825577,-0.27405982207230134,0.007408736244330098,0.004949517370704213,0.0005749922899568195
A00133,9.67363389323923e-14,2.9143973415408793,0.9977113072941153,0.17593153231909722,-0.0033675779515442627,0.008565619318963888,0.0008232745890626357
A00134,1.0939817122270104e-13,2.292134399182612,-1.2387627196194275,-0.10010294087458226,0.005576313243626684,0.008819350577603583,4.548036618168576e-05
A00135,3.9747858706030215e-14,2.023140552258326,1.4091394389925433,0.11999006114023314,-0.007181600576607055,0.009027509762862417,-0.0006438261254035525
A00136,4.96657088746117e-14,-2.1307112873064478,-0.27189862596872233,-0.2058472076932313,0.0010480418709127549,-0.011462302137247094,0.0019515518360737809
A00137,3.7251517261513345e-14,-3.1238794973618145,-0.2968287108759053,-0.41149913321783715,0.0013735597373480113,-0.009703614723399534,0.0007078631378619424
A00138,1.4436557916702656e-13,1.8018937697467532,-1.694569693580278,-0.27061660339991933,0.007212088582124347,0.008653489422651739,0.00033913531572308956
A00139,2.8744073371232083e-14,-0.1079802659447937,-3.246971849135016,-0.033098925962015975,0.009213078551508352,-0.0003527982731137915,-0.00025577361675793725
A00140,2.7636825252329303e-14,-1.834244328462459,1.0933641828848686,0.09940231878961467,-0.005899631797485803,-0.010395653963458373,-0.00035328958471935406
A00141,6.714264922989222e-14,2.1556162462491995,1.6319751600275707,0.0015315832075216442,-0.005856625063182049,0.008546417761599112,-0.0007188643069023384
A00142,2.8561013469557773e-14,1.6245090635269288,2.252967250210412,0.3053128870289532,-0.008492755285272222,0.005349368908130868,0.0005912512800435061
A00143,2.3642991937130637e-14,2.8856643475646817,0.9717138448663044,0.05826341255578073,-0.002872343863399606,0.00967662235146259,-0.00019694930614542824
A00144,1.446577792513236e-14,2.934284359059758,0.9533839551007257,0.17945179840450926,-0.0026749807674105106,0.008797480236387784,-0.0003250461263071772
A00145,9.658266620126365e-14,-1.7833884241856688,-1.9544408942679614,-0.07634791844155399,0.007065684698791049,-0.007966741378185689,-0.0002622160932033641
A00146,9.234490054580352e-14,-1.7303011664867052,1.3499415268979873,-0.018538257531663372,-0.007923870264152689,-0.00922745758117213,-2.725286764104782e-05
A00147,9.80900981158871e-14,-0.6170857141451013,2.1669817396568316,0.03404185109356858,-0.011558521902158777,-0.0032263752165028344,-3.5228637747170166e-06
A00148,1.1666770386418244e-13,0.13557521935895966,2.8894519751698446,0.06166422932619165,-0.009669043167526863,0.0014422098834367778,-0.00018646002633265207
A00149,4.923789520574107e-14,-1.5316526866294986,2.606521222762413,-0.062169310264745,-0.007440079953940913,-0.005179705478721081,0.0009753050218641745
A00150,1.3856241314168324e-13,2.2387355055081737,0.010166073166846847,-0.003569559024823072,0.00011434081888764986,0.011108546554885378,0.0008627085914414489
A00151,1.1061854094656483e-13,-1.2086506261627445,3.0591047888397114,-0.019015436407709654,-0.008901997047773022,-0.0022138351929448176,1.1015285677170642e-05
A00152,1.2140629321325817e-13,2.4122412579731005,-1.996737631732869,-0.10271965716433333,0.00620520230582962,0.007471288006525938,0.0010540097561318393
A00153,1.0877153197475925e-13,1.3768393335785467,-1.3290188734787123,-0.012280183280241521,0.008474285171215271,0.010315362673494437,-8.452296737553465e-05
A00154,5.408044133133671e-14,-1.9743314379565047,-1.8575118901208085,0.007861668556634005,0.007079208898951305,-0.007870534054296574,2.914797825360693e-05
A00155,4.270140529467501e-14,1.7550763925132205,-1.474309849587908,-0.06028411607431781,0.00731445068742508,0.00845363160809588,-6.990965111376277e-05
A00156,6.374534106958348e-14,-2.997656657458516,0.3616380488595355,0.44610183956521826,-0.0009446751300425137,-0.009210668129719195,-0.0026312496610055806
A00157,1.4639401715714594e-14,-1.529380369712462,1.9107971828502488,0.17689024570037476,-0.008293970384531104,-0.007155669026831206,-0.00016340755753186837
A00158,6.80848588056559e-14,-0.7711334436161246,-2.8134713788995995,-0.02054134105328809,0.00965623731158326,-0.0027196137454497506,0.0005867198379746833
A00159,6.509151150175188e-15,-2.430912360973678,-1.6665590722835826,-0.43873397622599236,0.005678652508292872,-0.008213210738980547,-0.00016743816431179947
A00160,5.95826973601976e-16,2.657789495140788,-1.1575523258986609,-0.03818710182273496,0.004488760967893117,0.009252449129525157,3.056323666890633e-05
A00161,1.4053505979143177e-13,-2.1552844657335157,-0.7464734452923859,0.7664852720797118,0.002360677847662947,-0.010419641904198102,6.604324123789895e-05
A00162,1.0400024583700397e-13,-2.2687225774309363,-2.303310457211772,0.07148645887166223,0.007016058571469728,-0.006453248070418208,-0.0004639173700685909
A00163,8.476593676185389e-14,0.15520380369066578,-2.539776290115751,-0.11427719387094333,0.01031542954781137,0.001312009728281766,-1.9602190261398714e-05
A00164,5.1462315611941804e-14,1.9147998357340659,0.6466040370183803,0.002449699488554997,-0.005301098258792037,0.011115827671387286,-0.0013721353692495678
A00165,8.607715171338142e-14,0.2322994479079289,2.630296419285509,-0.028638884494853415,-0.010732784171445268,0.001115697000583188,-0.0005187467311223621
A00166,1.3451188166063514e-13,0.11638309699205072,-2.4838915943452196,0.0552824536976057,0.011042453935690356,-3.456022267231305e-05,0.0003079184165361369
A00167,9.842461178847327e-14,-0.3537342355771821,2.422704957541743,-0.19279032163830137,-0.011991601417818038,-0.0005894218401804552,0.0009738235947966476
A00168,9.089651687179254e-14,2.230598205197928,-1.9742122215946023,0.11670137017704352,0.007442203461286264,0.006816704515296025,-0.00017401153682590397
A00169,6.943121630550143e-14,0.2485895938688612,2.2340876776748657,0.30479196810800946,-0.01174148360070092,0.0011831723035284952,0.0013386136023732919
A00170,5.215555854412023e-14,-0.5339263672926241,-3.646309705875294,-0.021364977973245398,0.008260976642131521,-0.001173668213520737,-9.911574511939085e-05
A00171,1.0538978995378337e-13,2.404614449008576,-0.7603150395075194,0.014741783096787696,0.0031318192289930364,0.010154918879450055,0.0004892138257157428
A00172,1.4800037281115796e-13,-2.684104461830678,0.5585127134894543,-1.0425499546085624,-0.0007652944523385055,-0.009618901339053708,-0.000580284194441698
A00173,6.408338234848076e-14,2.474239833144115,0.8576707666550824,0.10593877434145105,-0.002637198362431589,0.00974355521543195,0.00040718227050378936
A00174,5.917221230345754e-14,-2.9689463779784013,0.5150298829104437,-0.10383901809859368,-0.0017324354958890128,-0.010055221540760093,-0.0009648186420737548
A00175,6.45896662238004e-14,1.4678539511202398,1.8482147399852755,0.009567585056775416,-0.008905655438550904,0.006373100270519457,-0.0010657887927825037
A00176,6.4202007005863e-14,-0.2976473230771172,1.937677331509188,0.21466791663491475,-0.012635550592713218,-0.0013744076753347348,-0.0008922443711708496
A00177,1.494553306742245e-13,0.31889903459329894,-2.4045667678637996,0.25237359992481945,0.01108108261707226,0.0025043893461169846,-0.0010142686526197835
A00178,1.0663161650643192e-13,1.681250977515181,2.331707857168159,0.11709641591469448,-0.00856964327442948,0.006448947234779562,0.00033850217447658066
A00179,5.4190395418954414e-14,-3.5780829647564274,0.6771644495764537,0.035706799645502545,-0.0013495490232396689,-0.008229385618954883,-0.00012593501888524326
A00180,5.6048791606432556e-14,1.3822357733411972,2.5376006961120607,0.009787199343433702,-0.009150297464437112,0.0046688508738747915,8.349268038613314e-05
A00181,6.499451670193263e-14,0.26174723392790566,-3.2975185958673827,-0.29420389111266476,0.009157955111138483,0.00098274352315014,-0.00044528214493559306
A00182,5.53924351986569e-15,2.1100511207281274,2.71849441996464,-0.3944367998952876,-0.007251025865716088,0.004940181242294598,0.00034126478620818723
A00183,7.963177356961533e-14,1.2249202974659628,2.485514912980611,0.064477626561445,-0.00920784815978089,0.004141421260243383,-0.0015186045716754286
A00184,1.2241294768132176e-13,2.4328410114894066,0.3204260963733275,0.07672431564503361,-0.0013685540310568723,0.01090521497898431,4.462843669875226e-05
A00185,9.965987789328478e-14,2.0541967406299477,-2.3016291843621874,0.25641060046904307,0.0069243708863119605,0.006726142034426844,-0.00016538729801548788
A00186,2.9936109474930833e-14,0.15314849044237167,-2.770033771410509,-0.08360461142936745,0.010488454086068418,0.0010601261946105074,-0.0003575970669098714
A00187,1.098384910907731e-13,-2.347530448814683,0.4480148832438357,-0.266091603877643,-0.0020168178364631715,-0.011255581307699072,-0.00021277025382604095
A00188,1.0854469136622768e-13,2.4196528658515883,-0.03358402998726614,-0.18011381805706017,0.0004432376085214613,0.010427564157294518,-0.0006387843777381352
A00189,3.9609600424187173e-14,-2.9910658507629395,1.0938739372220223,0.13950437292231893,-0.00391304873855366,-0.008442730641498608,-0.0008431368986828272
A00190,9.397314225631952e-14,-2.344585968620608,0.623621177295294,0.15885378507774225,-0.0020075237266375307,-0.010840963925340737,0.0002950002859208048
A00191,9.21739322129817e-14,3.225771832940285,1.4554341691039763,-0.4683527198980928,-0.0037442607174563614,0.007712210658440813,-6.179953075809441e-05
A00192,1.2669864135200964e-13,-0.10825615951496305,2.4081733862722783,-0.04864292585294571,-0.010825623955201043,0.0004652031401060907,0.0019533595901631818
A00193,2.052963206773074e-14,-1.4905511358172367,1.5651511646043064,-0.06882147525740988,-0.009340187178001367,-0.007356259080227302,-0.001013958433330152
A00194,2.9395644145977715e-14,-2.6631075107647937,1.1866909223992925,-0.21797218245781624,-0.00570360511535792,-0.008632150526705339,-0.0005280781325951329
A00195,7.331836294278405e-14,-0.41185329385625086,2.501430601092127,-0.2146631127096,-0.00991209965848996,-0.001465547178143673,-0.0015576664982253493
A00196,6.6606489021927494e-15,1.62557744299139,-1.302964911312337,-0.8641019817809411,0.007662447683081703,0.008682800988603476,-0.00011946119605159491
A00197,6.270089248835254e-14,2.6167842764543283,0.221692838987712,0.6163047606639903,-0.0010046809658469063,0.010592955223331164,0.0006868708529818493
A00198,1.1891852750148355e-13,-2.400203655891393,1.1336972356237545,-0.2738648702177487,-0.005499415968880091,-0.009904217494141627,-5.869892783433487e-05
A00199,2.2436933662969762e-14,0.8948155942236101,1.9196847879684762,-0.016634022193589688,-0.011352450812329454,0.004669946805266353,0.0010582716680765751
A00200,6.939262907271445e-14,-0.43978069911615303,-2.146032764420186,0.11162644375745386,0.01179164039121286,-0.003152724343836599,0.001352331982228713
A00201,1.4932625598852383e-13,-0.11087943549534086,2.7520754171279376,-0.41357951049505676,-0.010704254693160243,9.747290329469996e-05,0.00015199890832483094
A00202,7.63282815971304e-14,3.1055914878481454,1.7135062081090295,-0.11495574899287907,-0.0040062096287979895,0.00771678917177906,-0.0002378021038298284
A00203,7.51822501283917e-14,-2.723934426608845,0.8039905903184325,0.4074439694206326,-0.005237921689959337,-0.008337639429329323,-0.0005063201245081569
A00204,8.430527809002235e-14,0.604385891127923,-1.8330773639655566,0.08860975914803275,0.012402149763205023,0.004731497640611206,-0.0001538804949477021
A00205,2.8062844848276326e-14,1.110347373385722,1.7413807669679695,0.005656498084351871,-0.010254240916482341,0.00636760085633512,8.065254167850844e-05
A00206,2.2203009168808478e-14,0.6731065114384758,-2.365272493146564,-0.12060305734206932,0.01039898323185425,0.0027482623187372315,-0.000505085713532076
A00207,1.0219249542608308e-13,-2.3295230754678378,0.5875947052487525,0.1504217750514099,-0.0028670857744571418,-0.010355632328199598,-0.0003435858025254257
A00208,5.970954915332952e-14,2.8719032331247916,-1.0153970386002102,-0.012629909138848682,0.0035781601310330207,0.008876757196285525,0.0008044748950832016
A00209,4.373850174154728e-14,-2.154706738279211,-0.03818287987285315,0.11000021974643,7.978955919118082e-05,-0.01198318528482429,0.00013192675346042002
A00210,4.736533407267576e-15,0.18379819738982017,2.7428123795551804,-0.5601266001734314,-0.00965753044801813,0.002063327673924465,0.0019394867802346003
A00211,1.2764351642370645e-13,-0.5624583165024011,-2.732590259882421,0.05566923627594506,0.010219753154208977,-0.00267555799061873,-0.00026260954951434616
A00212,4.877935007610866e-15,2.453141845052765,0.09747580607364117,0.4121930504981269,0.0002935775920455566,0.011184514346195624,0.0024354530378674914
A00213,1.1314990281063919e-13,1.4650634407266387,1.988570022677881,-0.17873544226542626,-0.0086354944112461,0.005964954394158659,-0.001245619340536875
A00214,5.763083461707509e-14,0.3406329442121927,-2.7858129460937215,-0.5607183675831034,0.010413869640298177,0.0004432941101878732,0.0013526059660698873
A00215,9.032409061418304e-14,1.0046193285953933,2.599311028903334,-0.004066634281225918,-0.009665776698445965,0.004285309237593869,1.8965293494000735e-05
A00216,3.736749990145589e-14,-1.6634628977832475,-2.845068994070856,-0.017481670090979583,0.007720452717228386,-0.004620805677286915,-0.0001456866075778462
A00217,2.3445535748568348e-14,1.0565413972421132,2.112800351321418,-0.10570546871385086,-0.009633784247655111,0.005032154888057147,-0.0005281975248658644
A00218,8.047235656684959e-14,1.6752896487826037,-1.2123828078171965,-0.20312559638699845,0.007762846298973298,0.009018520543905548,-0.0033165980399697116
A00219,1.0494783067813351e-13,-1.169977285541569,-2.3520793839208256,-0.14220428027040338,0.010291455594610489,-0.005218569456554376,0.0006200324492164537
A00220,2.949443189499918e-14,-1.8907717964828432,-1.7098632149782116,-0.2576380957278342,0.007070705042393816,-0.008184653001576406,-0.00011052020299163574
A00221,6.583365495623359e-14,-1.6458437203358187,1.820956294593099,-0.1979617406094069,-0.00822039222936203,-0.007181717179325208,0.0011083912920184726
A00222,6.708526979660162e-14,-2.5906555247603236,-0.5239979622926115,-0.13673098922914925,0.002897302104441338,-0.010202807940111122,-0.0013359227386237423
A00223,3.258511757516571e-14,-0.5286267310372066,2.6305300405194574,-0.01345919233892872,-0.010549168558982434,-0.0026269166974588337,-5.107042233782841e-06
A00224,8.52490954483563e-14,1.6884674625002545,3.1292286252159185,-0.050326374510470416,-0.007358272837899181,0.004549259593683343,0.0001618546237285569
A00225,2.201771216001419e-14,-2.240855074569354,1.2811572572366627,-0.2984292226512749,-0.005589310856153094,-0.008397630786419589,0.002321953559668765
A00226,7.690598412166173e-14,-3.0936981198164366,1.124462658527547,0.04586893344720091,-0.002548604495619317,-0.009025868169788448,-0.00020603752779458333
A00227,1.711383122616307e-14,-1.0521153737107862,-2.0301506447014535,-0.0030558696697080986,0.010066577587645748,-0.004402067042087695,1.5673407816593335e-05
A00228,7.325392744880858e-14,1.4224482233960105,2.2875332904617744,0.02995569594029126,-0.008589290817960228,0.006177939958688382,0.0003029661795049729
A00229,4.701122212737038e-14,-2.475561186421644,0.3009803460892106,0.25029254380345595,-0.0028509803677090064,-0.011169352859626195,0.0007631160529412263
A00230,6.823056690730483e-14,0.675877527753939,2.168520234122236,-0.1295006516910611,-0.010696330787164221,0.003438252064394296,-0.0005608229841500766
A00231,6.543994834399955e-14,-1.9329731383875315,1.3262271006514847,0.044530947131923106,-0.006160555793449941,-0.009193340854610184,-0.00017813430816980262
A00232,1.3697970244079872e-13,-2.168892504989699,-1.2013501838315275,-4.08512435430685e-05,0.004751093136887577,-0.010166421224339013,-0.00014199162220328263
A00233,7.391672494497723e-14,1.840889734729777,2.7504129919452955,0.07035191542337826,-0.007450206074162769,0.005605241175409042,-0.0007531468984568958
A00234,1.2348682789489329e-13,-2.4101341488289836,-1.7640905783381484,-0.08158357377870586,0.00474326070333675,-0.008308350580065365,-0.0014502601986830356
A00235,3.404451272642869e-14,-0.8051391349737838,3.142877320496049,-0.12310221082877847,-0.009337582634514589,-0.0017439802960796996,0.00012570922142254897
A00236,5.3118974039076793e-14,-1.9010303941395976,-2.5830787225275094,0.18975441416964905,0.007497911256129528,-0.005651562281667542,-0.00021526160236608495
A00237,1.1329182286168081e-14,2.531456965118959,-0.9860491270851495,-0.16190500872820143,0.0033909534341084054,0.009704601674185888,-0.0001236928035202233
A00238,6.347841189389493e-14,-0.4900212742284469,-3.3045027146445696,-0.06745291285528941,0.008836201456953316,-0.001236232126112756,-0.0007393590345025329
A00239,1.0088676088781436e-13,-1.9683857615645943,0.7338891268096245,-0.11465624580256205,-0.004623259997964466,-0.01100912398404807,-0.00033626308119931865
A00240,1.264541441740558e-13,2.066250092633913,0.33474903652947036,0.10476555721719956,-0.0014273537113914673,0.012041965576612645,0.0012260902583464805
A00241,8.537966759610894e-14,0.7597023383913354,2.87415745290883,0.17086342204097732,-0.009947758948419556,0.0015297611486374243,0.001191092722737281
A00242,9.65677937335006e-14,-2.788366138464037,1.9367205648519004,0.21546197816524057,-0.00512577191195323,-0.006998972809611755,-0.0014686990561024822
A00243,2.6744655950558385e-14,-2.1022175510721777,-0.7541455309211504,-0.13998907187261822,0.0034186801437757065,-0.011030654989912524,0.002799081883380631
A00244,5.613750403070491e-15,1.010758689803538,2.5404898568714325,-0.09821459515508772,-0.009499988491158276,0.003990259905964323,-0.0012039528799791233
A00245,1.1944190853523041e-13,-1.0362119691640486,2.575497760277136,-0.002974458350413612,-0.00940283630748853,-0.004480330418940639,-1.561325076437577e-05
A00246,2.5201433863311225e-14,2.31270543902619,2.1362231216399756,0.0027507047783336103,-0.007044075541071312,0.006600064679835,-1.3694760658212261e-05
A00247,1.3755183377315319e-14,0.9973860046780099,2.4780457144915284,0.02708907890205394,-0.010208147240653234,0.0034546453564624977,-0.0001065866029458527
A00248,1.414498376689906e-13,-2.7119428070498186,0.01335737612648117,0.024238838250404345,0.00025698850049386585,-0.010198379996828311,0.0009189361256692041
A00249,1.4536625933325066e-13,0.8456122212544204,-2.8377155895390267,0.6210992285049568,0.008731341562254902,0.0018435032097151537,9.98777006095453e-07
A00250,9.297478524868708e-14,-2.705964251252691,-1.0342748072297452,0.037413827372108285,0.0029954602441884946,-0.009093099375012653,1.790605334607531e-05
A00251,5.712522852691534e-14,2.6075477081611727,1.140135136760004,-0.07560575933921035,-0.00377316298851257,0.009441103290525724,0.0010528640341293622
A00252,1.2571073692319957e-13,-1.1159446392568917,2.993983062429066,-0.029625832332459103,-0.008862152619969255,-0.003522999647560952,-7.005020574191795e-05
A00253,3.088645193574175e-14,2.4167712706574713,1.4397734587335624,0.10067134232840547,-0.005363645198681509,0.008234007345070246,0.00102229242563003
A00254,6.478260614270125e-14,-0.3360224986085535,2.2299503025333696,-0.004969605992743047,-0.011633276539888972,-0.0003969761427440346,0.0017874507866796235
A00255,5.3863439067665853e-14,1.1933408020246974,-2.0013054633486824,-0.07598963627691804,0.009646987302178216,0.006045223859187501,-1.182099669654631e-05
A00256,1.3769887628302853e-13,0.9504830842592504,-3.132289927484705,-0.042592619398859374,0.00885847092231358,0.0018957604446488607,-0.00015929403956985408
A00257,1.3876664210738243e-13,-0.15235666824480087,-2.778930685481665,0.13601551309998028,0.010739886709553347,-0.0009132587443756007,0.0007131698190168235
A00258,9.819918178859807e-14,-1.806591389654715,1.3921914954539911,-0.7132258990448358,-0.007466096442386024,-0.007708169604206627,-2.2851142613146138e-05
A00259,1.670778605745487e-14,1.50766623323241,1.31374343647836,-0.07257226829863227,-0.009212847494476279,0.00859224199504836,-0.0001231184091559347
A00260,7.274857287497478e-14,-0.40386139929451703,2.5011736485620375,0.15796468233683297,-0.011015722797194656,-0.002513062066677255,0.0002577628538887967
A00261,3.701301228524987e-14,-1.7552885376060854,-1.7471586247154498,0.3495519153248589,0.0073258056503085695,-0.007310288408073795,0.0005603010902715692
A00262,1.3350707530899705e-13,-0.8677296994930976,2.5196222944296975,-0.1505963812374899,-0.01032067899508857,-0.0039539707221864055,0.0019294323462871544
A00263,2.0881230947442784e-14,2.011731133770877,-1.0194951093109068,0.4881582315789596,0.004332141773929052,0.010821365442894885,0.0005063305200832963
A00264,8.194254098848031e-15,2.180066881662131,-0.09657106317525274,0.14599765979678353,-0.00040385603542590826,0.011719094363757428,-0.0013622285841022954
A00265,1.0627719082309008e-13,-2.9501494861679705,0.7755647981227713,-0.09101428271487784,-0.0019036729188421414,-0.009817780821587034,0.0014529252524056577
A00266,6.838743818331225e-14,0.5884203060144669,-2.4408662592608685,0.01320608396148225,0.010209861683091067,0.0017075105686515694,-1.3976746011092925e-05
A00267,1.2648399418449246e-13,1.5560153588641488,-1.8817156701277633,-0.018790572687646338,0.00803411376313776,0.00750707305890734,0.00011368055719388447
A00268,1.1259820224173541e-14,0.5184573296940834,2.6596352212789576,0.08007412128952862,-0.009264120634991043,0.0010681041049162745,-0.0011680947593387182
A00269,1.2085826726388636e-13,-1.8463550390500238,1.4172492579361107,-0.058801209972671166,-0.005663723631963417,-0.009500714863450058,0.00040890857372079194
A00270,5.633169481307062e-15,-1.0835361809365927,-1.7635534758153975,0.3271441547484467,0.010043087180493836,-0.006523685439324204,0.0008934261849575428
A00271,4.235404861111899e-15,-1.0525197385764489,1.941968292824518,0.23652505082519915,-0.009405888220625724,-0.006416349692742046,-0.0005382615253058518
A00272,6.959886958493574e-14,2.0202882907472905,-0.3519925822707203,0.07704460544718526,0.0015994868737704072,0.012287084304646942,0.0023776548543196284
A00273,3.338655630354286e-14,-0.7019717583583134,-2.071926873896505,0.1989687458531072,0.01073958010079875,-0.0041235934402992615,-0.0010594936267723063
A00274,8.957440564014151e-14,-1.0347802207854202,2.386820806624672,0.06476852982538074,-0.01008793274925414,-0.0044509305543593515,0.0007057198278461361
A00275,3.8954937446614326e-15,3.011631793575514,-0.38677426920915153,-0.032171661460937744,0.0015939040732339158,0.00946992625939261,0.0008235954800336919
A00276,5.339697012955285e-15,-0.14910577307531486,-2.539097921456005,0.08027193398029396,0.010553550081499045,-0.0009884291303387822,0.0023661587163656345
A00277,1.0970485936578674e-13,-2.1359677305091873,-1.0733112296233145,-0.04145272660873444,0.004728684191256871,-0.010274455282602877,-0.0011688389631450738
A00278,3.170796571360443e-14,-0.08863913281877499,2.668646207889505,0.01932419075714937,-0.010467441578980165,-0.0015473474799234247,1.9348256249479686e-05
A00279,9.903366944489805e-14,1.792446933395964,2.8501216412192183,0.41553789659692436,-0.007709170380401524,0.004445933335822055,0.0009239397711172435
A00280,1.1314070543084183e-13,-3.069090763977121,0.8336048453672789,-0.3600484700656228,-0.0030688281740019426,-0.008972615379779367,0.0007963895898363464
A00281,8.95175204369415e-15,-1.4195751098464156,1.7271485347493247,0.025838360935478522,-0.008530976548656722,-0.007397622933536617,-3.4853634317244014e-05
A00282,1.1613271338532504e-13,0.3258167693232843,-2.470124422673056,-0.20014595822047776,0.010447796738171578,0.0002223725205210537,0.00042101900300642444
A00283,4.04970137679562e-14,1.955809445184599,1.4707695400319443,0.7312988156386439,-0.006323226374302918,0.007993190580670013,0.0017045034166684677
A00284,5.877101385183899e-14,-1.6137522403819877,1.5436258378353296,-0.2818646229014258,-0.007470686447114626,-0.009126212924675164,0.0009601835781505524
A00285,1.3071693839687153e-14,-2.1732755364743332,-1.9271266363791164,-0.002937914847206393,0.006936119994183276,-0.006888389354545472,0.0016246059104937404
A00286,1.2652398898624192e-13,2.4628493101674103,0.7876492818133907,-0.11996706789961901,-0.0037946831975550605,0.00997682542003787,4.959993139982051e-05
A00287,8.459724067697418e-14,0.09042448688752679,-2.3840739683002896,-0.07662138337534526,0.010499801873092521,0.0009909473686636231,-0.0001099021939924357
A00288,7.613898056740802e-14,-0.4482445217203447,2.2873631106854595,-0.0944080936477164,-0.011359384181409039,-0.00232619215205143,-0.001701184052405492
A00289,1.4612565174029069e-13,-0.5333123102585582,-2.6893712178708165,-0.14173578309110343,0.009915265038826773,-0.002978090442246455,-0.0006396743342136858
A00290,5.0467139799162825e-14,-1.0439800268232424,1.8927656671997541,0.7444228545560606,-0.010403727099624623,-0.004140712511022146,0.0006133415544399691
A00291,1.3439171582358414e-13,2.477140773941823,1.05841404799965,-0.29694330673896824,-0.003295037222351639,0.01054771475041271,-9.929411096555549e-05
A00292,1.0857928187576388e-13,2.115357156613478,1.101889617396973,0.018255438735376765,-0.005160618011879562,0.00914487979773047,0.00018379929464632156
A00293,1.4008685684347052e-13,1.5994863753151636,-3.0657076054447425,0.05893233299094497,0.007611182380295246,0.004576209115830999,-0.00019774782077502514
A00294,1.369599279982525e-13,-1.3039957645675742,-1.8934067682816267,-0.050182503608968865,0.009881272082465673,-0.005170485741760716,0.0007269097969375458
A00295,1.4951643750120237e-13,3.1338740449753635,-0.5820958550587076,0.30954366517443777,0.002102896678405484,0.009193560558155636,0.000542895090761688
A00296,1.9866477208303485e-14,-2.1692401695261996,-2.064085830102221,0.027159538969971867,0.007023777175297067,-0.007433081578647874,0.0008655359310704361
A00297,1.2009490794987423e-13,3.155692477336114,1.5976158417956485,0.10524767260627206,-0.004540725070352622,0.0074678341283999725,1.620343109163471e-05
A00298,1.2137397194320056e-13,-1.5652019497935457,2.3937651086571283,-0.2980541849653442,-0.008651335973894699,-0.005339041780606235,0.002435053845089014
A00299,9.72166610911997e-14,2.9315893530420727,-0.9724039617889568,0.11654739815095348,0.0035394718618765738,0.00898527917311516,0.0005160289485008012
A00300,4.2072049671608004e-14,-2.3471221901736263,-1.4603542197665063,0.07943035312855388,0.004294936912722182,-0.009640288407658813,0.0005702429062092677
A00301,1.4561170967639588e-13,2.8964356892584737,-1.1537453763541916,-0.46872403188996165,0.004495801259592985,0.008329130852629981,-0.0004635704755460176
A00302,3.084151983430727e-14,0.6965945687713039,2.2707458936598477,0.2102561060380587,-0.010230989134127837,0.0034672507641138666,-2.2737970964234917e-05
A00303,7.537107119149565e-14,2.1952496418495935,1.6327291174622331,-0.30978126523759525,-0.005432077402284845,0.008749291277033631,0.0005102924384421749
A00304,7.867687838320068e-14,2.911077494863004,0.41633225671301816,-0.0009418046891725301,-0.0004050098217135542,0.009565399684037742,0.00016839421375914197
A00305,2.4415576609889422e-14,2.635857634786739,-1.3060086177094758,-1.2309098097760025,0.003428021950546544,0.00877556528814252,-0.0013747056095063795
A00306,1.0900789258633519e-13,2.623923194699389,-1.055848692598255,-0.2253136479750848,0.004275757246532677,0.008702479965445232,-0.001623823101622229
A00307,1.340782631214338e-14,-0.9463764237701504,2.468766130532323,-0.1924398284652358,-0.009544923014679515,-0.0031553555276553824,0.0025749065673083544
A00308,1.0456765279648897e-13,-1.6336228435232698,-1.880760648737935,0.1228756523361161,0.008475055827827734,-0.007913667318985695,0.0006971380748939958
A00309,1.2803049594497015e-13,-2.181232646131906,-0.360080736137895,-0.4894617595171332,0.00280434358528641,-0.011348884990265942,-0.0018605864563843912
A00310,5.271368344923222e-14,-2.2223175816714296,-0.6664241717753742,0.4029179728461276,0.002931469177056847,-0.010641473320311647,-4.893534197508412e-06
A00311,1.0703029623728366e-13,0.32640115431370187,-2.6581332172261805,0.005196570680360516,0.010435801429370496,0.001282435847375991,5.213043850741872e-08
A00312,2.365288169816331e-14,-2.494358349148892,-0.4892813822856607,0.36720492865928084,0.0020678974162126147,-0.010622344697695772,0.000614984285745499
A00313,1.2762820383856036e-13,-1.833304072711394,1.6786617782829247,-0.035031601741171155,-0.006859909084732744,-0.008176333026304859,-0.00037690548108134774
A00314,1.4363282198588302e-13,2.2043444471992135,0.819394715632672,-0.08943773480061981,-0.005075403467771075,0.010384117019329592,0.0006377153617798411
A00315,2.3037287641372294e-14,-1.821948439132684,-1.7127349417202185,-0.013086301879225984,0.0074967204022416125,-0.008032486765636029,-0.0005541939889277075
A00316,1.0438083065483798e-13,-2.330007876498256,-0.29355667769540567,0.02433689108060574,0.00032576504678898913,-0.011528116142863386,0.0011258330143126183
A00317,7.631486677488782e-14,2.031528009737803,-0.9504611143452961,0.7390622086128561,0.006189840720222919,0.009788747846629977,0.00027549617730530306
A00318,8.018741446960817e-14,-2.5300940036895967,1.7418582657666923,-0.26282614254186093,-0.005026970447222903,-0.008052953836004203,-0.0009683664221807689
A00319,1.0658808485442972e-13,-2.2003483138654163,-0.24656239898461071,-0.21618243796945774,0.0018087965704970453,-0.01172245371935085,0.0024378904866759208
A00320,7.373642099726516e-14,-0.5299012472088683,-3.2368904693930216,-0.062224006051917385,0.00930599592925434,-0.0015672961980430949,0.0005596472234689494
A00321,9.057130219662505e-14,-3.041207740738467,-1.1259313902930677,0.44568627618355694,0.003107340039125462,-0.00886576611796942,0.0008011129307298807
A00322,3.483636912922687e-14,2.2358615787316274,-1.4179362796211417,-0.3125673125553971,0.005237912684137659,0.009045756429084489,0.0013201450302464824
A00323,5.710551350535466e-14,2.4274762799740017,-0.6252844113684572,-0.12423567011441097,0.0019239802504493785,0.01061040234411689,0.00039571665347419224
A00324,1.3053867535396589e-13,2.1074076614958184,-1.7541559130351443,-0.3623369082867796,0.007457343965879016,0.007034059901711313,0.0008268120179637373
A00325,1.65814136456693e-14,0.22766293796841786,-2.933344009751502,0.15499244347492666,0.010233204413331566,-0.00047145057517728064,-0.0011431019113661398
A00326,9.015624108225472e-14,-2.4471792897615603,-1.6507729938362856,0.6446911341314622,0.005280624245271281,-0.007625000283330033,0.002802909777612409
A00327,2.7803755844143906e-14,2.8468166128772743,1.016282000472594,-0.3016277232781655,-0.0041131977506414005,0.008979927136200685,-0.00024537506082490895
A00328,1.2771730669178497e-13,2.9385241414663,-0.601208753495899,0.11731541277377229,0.0002722113918271964,0.009387885146859672,-0.000612046036246309
A00329,8.736043647231845e-14,2.99488793731967,0.011373094541941277,-0.01599944562373686,-0.0007465215751772363,0.009632282067958658,-0.0004054027981146694
A00330,6.080817500505346e-14,2.3583879827647327,0.08751589806199436,0.14332741816162234,-0.0011458286426338658,0.011265081113146332,-0.0004091098670589229
A00331,3.769136686541498e-14,1.2175104519981634,-2.8278597007255657,0.3087057193734924,0.009158541233399957,0.0027422487640997723,0.0008199612107362761
A00332,6.590693996499376e-14,2.033650298312428,-1.7183523696516032,-0.46495567650993047,0.006569493730905012,0.006104382110593667,-0.0034549800919579728
A00333,1.4447476711451357e-13,-2.6622813941638928,0.6184088453966928,0.11150599254704187,-0.0026418155807009613,-0.010435277207003617,0.0004924478563946257
A00334,7.682453228552425e-14,2.5321691946172415,1.4630549155321504,0.0019412147632247533,-0.005887428539616766,0.008500536195042211,-0.0005329714714077064
A00335,7.083204173079119e-14,0.6362153924690038,2.487171321920712,-0.11569624497228452,-0.009761916296209809,0.0017917476919938325,-0.00048578017104143487
A00336,1.1259028186308028e-13,-2.782074527943313,-0.41466903838010977,0.7513492578385129,0.001048134972593944,-0.009893449046224178,0.0008174430598297151
A00337,5.718705447027171e-14,1.6439708649139981,1.2360950011332787,-0.003611874876477998,-0.007073751344120178,0.010138724356024899,2.3167964986601726e-06
A00338,6.448563847595805e-14,-1.6422535130207803,2.5168616360164955,-0.43768244460754546,-0.007582418989029504,-0.00608606065783018,-0.0009168161444156373
A00339,5.083555825521841e-14,-0.939879656396049,-2.018762179066591,0.017213770002406346,0.010823886610932072,-0.003854970843996922,0.00040012332046869754
A00340,2.2769654900029714e-14,-0.17132049027328833,3.4196755802289296,0.27671529430874575,-0.008835982046524806,-0.0013265750556903592,0.0006677152671964189
A00341,1.0769237174892304e-13,-1.9570563946660846,1.058371154487216,-0.01084340215460254,-0.006626170602670259,-0.009586700369997269,0.0004418931797413811
A00342,1.3171403196134378e-13,2.9421275943340506,0.6407511626866367,0.45368140146503305,-0.0027123257059066303,0.009696535259346082,0.0011384605942693948
A00343,1.3662659692134175e-13,-0.6211921714519973,3.0637624888476664,0.02462237858790473,-0.009014019357125713,-0.003355720734092112,-9.638400172282726e-06
A00344,1.3288659150421976e-13,1.6614708967339074,2.407299086923259,0.1942361985783544,-0.008370600475354598,0.005093836903683345,-0.0002417047643012333
A00345,6.816079143642873e-14,0.5807708995920509,-3.080489736889806,-0.10727502919308408,0.009306612032704668,0.002175923346859614,-0.00034915831696462346
A00346,4.285735947475531e-14,1.8328909942489322,2.130248018565645,-0.08223709003122547,-0.008454018578896282,0.0064326121024886745,-0.0002747015095266412
A00347,9.624358776169489e-14,-2.719269932083517,0.8983258838379448,0.025121823191530526,-0.002686478559840723,-0.010400250032935493,0.000592712918506789
A00348,1.440361277096952e-13,2.2609120442348996,1.0467578273808398,0.2914905901296131,-0.004858040509223258,0.008917053190825985,0.0029720719304803978
A00349,1.0969009710980468e-13,2.7789472756376044,-1.2222721602196114,0.0138436528790643,0.004160801059296504,0.008467445426676642,0.0003554107246684726
A00350,7.465793983740533e-14,2.283189891534239,-0.2989962236330153,-0.020645370133637538,0.0019144724936858584,0.010880497111502345,-0.0006443583459932945
A00351,1.0392054370720201e-13,0.8503251525582738,2.6368116178881924,0.4925138559622375,-0.009827385377823846,0.0030030634769950557,1.772095686909326e-05
A00352,1.165527270707663e-13,0.6750314572544217,2.272838763144617,-0.19003280783296359,-0.010469435148974485,0.002803341199422006,0.0015339326267048657
A00353,1.3868997728362002e-13,2.200811123824153,1.217646111091768,0.004228565864809303,-0.0049125177156886055,0.010184883841794026,5.0401809523742335e-06
A00354,1.1514629990690947e-13,-1.9710237099212335,-1.5290574655902085,-0.7838844266830305,0.006188691599426779,-0.008926861335033757,-0.0017222961398832024
A00355,6.535564202639016e-14,-1.94719401872143,-1.6595999201216733,0.0633813531718536,0.007392393629969657,-0.008101635974469128,0.0007345929500148305
A00356,4.127931622459819e-14,-1.4022979020674078,-2.1114664793872486,0.22953137156883696,0.009157189671353,-0.005472070929779027,-0.0033147064730922626
A00357,7.5417280390055e-14,0.8084935909729113,-2.660130223119519,0.375045139045905,0.009899169799133764,0.003522451781152375,0.00160062063872268
A00358,4.951246697395331e-14,-0.785493289139851,-3.2358849252228654,0.06755021985673153,0.008678063577226842,-0.002450692078098789,0.00011718981519215394
A00359,1.4223470056965986e-13,2.3245229366473024,-1.3234195992985698,-0.06230306431501844,0.004997136238635302,0.009146868243208421,0.0014482121502224336
A00360,7.663693446174457e-14,1.5779252361586094,2.244372943546601,-0.33862644385209856,-0.008734898173363691,0.005666175066418199,-0.0002547322914868181
A00361,7.121929359400269e-14,-2.289086030022544,-2.2956010930883677,0.5579725431306041,0.006179546611278584,-0.006995114777331773,-0.0011720405876707628
A00362,5.253260911667801e-14,0.9260777655876647,-1.959712098947274,-0.07177377123023887,0.010947751819416946,0.004593146712702762,-0.00019624661452891998
A00363,9.646736318902966e-14,2.059679764010934,0.1963233062711056,0.00910647386468619,-0.0011987391644674964,0.012301168723454688,-2.3769245895860042e-05
A00364,7.84602551383756e-14,0.1927991180748283,2.0264837491360765,0.14008294466894944,-0.012378839746805047,0.0014072388804650339,-4.2009115879243745e-05
A00365,1.9470018567317617e-14,2.6371745035876293,1.5550498949599119,0.012793234029777787,-0.005145844024289962,0.007984807100167577,0.00010367875189725251
A00366,1.3113724322787749e-13,0.4146333439768125,2.622452292828281,0.10741362006706819,-0.009556257619546525,0.0013789188216295717,-0.003917181771563439
A00367,5.416450367886233e-14,-3.281631507425542,0.4226755351376735,-0.12500247803367875,0.00017041783441606507,-0.008980541405381086,-0.0009330937180300134
A00368,6.526329107757034e-14,-1.6734944435057353,-2.3967517125521987,-0.20348295258205712,0.007837512332040563,-0.006127354911538929,-0.0013288778365912884
A00369,3.102933981001326e-14,2.4570002470170413,-0.6454309412160797,-0.24454718012219184,0.0018619678198552962,0.010427366481080752,0.0008106066807455247
A00370,8.349128168247906e-14,-1.4639241245706807,-2.790281912216897,-0.07665794972020852,0.007730266079357217,-0.005627986753842118,0.0019323758927615228
A00371,1.059190315536631e-13,2.821207851756138,0.8878995980600507,0.04623556688708722,-0.0033286733038890115,0.009492631029740737,-0.00022184978009489163
A00372,1.329412638976003e-13,-2.38112586208416,-0.29782194460179984,0.21472171494673656,6.602362425420901e-05,-0.010777235674477503,-0.002892587304476494
A00373,7.786513190550435e-15,-0.3513903780884371,2.5801361979456168,0.026801792233131092,-0.010299319702338428,-0.0020607920230842703,-0.0002615615085288286
A00374,1.468463691068529e-13,0.5240355127213516,-2.3797893563277346,0.2767147988892692,0.010391839987216702,0.003740631560642796,-0.0002487365452083716
A00375,1.0618496572156734e-13,0.33797101854442435,-2.1981329710787825,-0.22358269592162924,0.011586237241079406,0.0008068775316913166,0.0009612766838079679
A00376,4.289243540248071e-14,-2.28191045941898,0.05402382356972061,-0.03765256345243479,-0.0010176174845003623,-0.01136604623645823,-0.00021908068161848244
A00377,3.084945814089969e-14,3.1498171624064737,0.5371607210346483,0.3028192443523419,-0.0017377810336758864,0.009431121735608455,0.00019387680342117358
A00378,4.4671068463924887e-14,0.8843692963984023,-2.0540290176566667,0.4535647250673584,0.01155799779617685,0.0035841935125445743,-0.0005155265471792086
A00379,1.3212060014693761e-13,0.6333852019423868,2.445210294627555,-0.06982564746618583,-0.010359594269336686,0.003089949756793521,0.001084954135049073
A00380,4.3962323076843964e-14,2.2791717877356286,2.308677991160643,-0.20267837425194637,-0.006294397542259729,0.0064865908673718015,-0.0006136561497140122
A00381,6.982598557988612e-14,0.8039466556681323,-2.4791609968549895,-0.21523680403577988,0.010276904939524179,0.0036929931508396046,-0.0002695822422340139
A00382,1.0647468180793048e-13,3.7640472809234913,0.01701068062790504,0.016634275492180568,-0.000514361710078773,0.008045979289802819,-2.506539387299634e-05
A00383,1.3155696949277683e-13,-0.5212841538302444,3.0856922690349267,0.06754965868856473,-0.009466336679640114,-0.0013412622785611307,0.0001703059902124932
A00384,9.935864767015288e-14,-2.2519730813704357,-0.00755839968198959,-0.025298159742282698,0.0003380343787300641,-0.012203856964928013,0.002035719993258598
A00385,1.1362153105208038e-13,0.9415404831166437,-2.758905006089956,-0.9183094231585902,0.008436469307814306,0.0025584006560362095,-0.00012855679130143813
A00386,2.6150188618380155e-14,0.8864158416698025,3.3319725824494415,-0.03901617968343176,-0.008650423250797117,0.0025139043745718696,0.0001564338250157597
A00387,1.3237437371421945e-13,0.09586800975756814,3.0408567219001226,0.011053154257627743,-0.009688602215136654,0.0004839977535827466,0.00043845783835390925
A00388,4.159805245553093e-14,2.433331689510778,-2.292539129839434,0.569537074891835,0.006820295373624359,0.006043234294115498,4.3583118393363214e-05
A00389,1.936882167635954e-14,-2.2576425647214635,-0.03510166499965802,-0.489937995786391,-0.0002414862966603115,-0.011165333991866875,-0.0006236649785534775
A00390,1.472857578228037e-13,-2.5772831636271585,-1.9061958063244586,-0.19492768234585467,0.006036442452592767,-0.007059238090480188,-0.0019438614677235154
A00391,3.042176949932503e-14,2.310053875506685,0.9999867028537586,0.3456761678559439,-0.00420149007259356,0.01053195859374402,0.0003941823615667488
A00392,2.0617084678885206e-14,1.7054562875155481,-1.7066614139418477,0.011128517875796032,0.006514422013448494,0.008395919992391773,0.0005110048494075013
A00393,9.444781365051314e-14,-1.9383562630519757,-1.95114139477075,0.18041724921581723,0.006720936748146745,-0.00805134176993103,-8.14824057255181e-05
A00394,4.810715071672144e-14,1.0346531338537905,-2.9106910659756577,0.9041514802971251,0.008393208655908,0.0028519945781153235,0.0020319710077196713
A00395,2.011879897858294e-14,-0.513777359622454,-1.9720287374792622,0.39916933524989484,0.011534615026732484,-0.0034910259409817895,-0.0007907247355828212
A00396,9.069120180020096e-14,2.8590072737694463,-0.917442677903315,-0.45367228349809363,0.0024374118116462216,0.008739846850913198,0.0004645981134849808
A00397,1.1450804346127596e-13,3.0731356383289716,0.4205773684982847,0.0075342830816983826,-0.001664064181468331,0.009559746946915868,-0.0005264389429036528
A00398,1.196697556733432e-13,2.4820089208726483,-0.24269121122445012,-0.1845704581536073,0.0013914661509790256,0.010597479205007535,0.0010368286486796394
A00399,2.3462574135431112e-14,2.3094192235867568,1.1044510118178532,0.26584094800244207,-0.004233302494355242,0.009964181656911918,0.00047238925741721643
A00400,8.401462607679006e-14,1.0882981008208932,2.3397215889616665,0.40048979574282606,-0.009231612755894184,0.0053175881141021555,7.79098984226735e-05
A00401,1.227595576126708e-13,1.5608793209320868,1.8427507308793207,0.07396249148413808,-0.008755891939541821,0.006870549590978204,-0.0001632121583560209
A00402,2.4303581316411188e-14,1.34496051683799,3.0456665728349206,-0.036633858441112464,-0.007750536699064812,0.004980125549557522,-0.00012153154898400982
A00403,3.133337080717873e-14,-3.01833481114017,0.03107657546338511,-0.24806702599466812,0.0002179520088355307,-0.009708959478878005,0.00206885401244182
A00404,3.6430864841101665e-16,2.36085110745124,-0.5150508265590487,-0.013731768104903673,0.0034420682731322702,0.009975985553046313,0.0005088745902248917
A00405,7.915167052277884e-14,-0.6799206918705608,-3.1001759368246566,0.22414494088616935,0.008605408489265522,-0.003631697268936261,-0.0030645590093398138
A00406,2.937198669172199e-14,-2.2318843636152965,2.2946888015380145,0.216276101749505,-0.006348581364918695,-0.007107602495299542,-0.0002391680227162432
A00407,1.0926644529487194e-13,-2.4339533855611206,1.3721865175863668,-0.2145150707928798,-0.004919360854414807,-0.008116312571061166,0.0005515372713848384
A00408,1.4516899650053866e-13,-2.5571516403772985,-0.9426811307731034,0.01622065218384926,0.0035323711717808394,-0.010495377068908563,1.1088931129313558e-05
A00409,3.1495289315017114e-14,-1.7869309981988837,1.062239889694034,0.013905193510955484,-0.006130235157582152,-0.01072361771608047,0.00012360644529113945
A00410,9.792928957039736e-14,-2.7771356503955476,1.3527127169277957,0.056695870208751734,-0.005418632968881184,-0.008531325636720967,-0.0003164534996098226
A00411,3.195981161550939e-14,3.089902689018301,0.08964651289265915,0.18686816243083978,0.0005250020929408602,0.009354197064720904,-0.0008207161763258266
A00412,2.717184411659326e-15,2.8750471607396975,-0.6026298803320596,-0.6123421243451498,0.0021944935789838826,0.009418835772310664,-0.00065449385252178
A00413,1.1444301382981952e-13,-2.2872576418617494,-1.3070939490027753,0.1167843819899452,0.004625836760427305,-0.008341358889202698,-0.0005384492859991011
A00414,6.547846786252305e-14,-2.2091417760171885,-2.232500901261877,-0.15352987902950505,0.007592649229765127,-0.006118139058187945,-0.0007493968541471771
A00415,1.4284153729628025e-13,-0.0681924804399,-1.8449169689175529,0.10838900492428115,0.013455189163833321,-0.0005840316390978952,-0.0008376951202490699
A00416,8.060781925658397e-14,-1.6004397004554982,1.5568345749495003,0.007468678890775747,-0.007830866979435079,-0.008559942123869325,-0.002650017095560539
A00417,2.375982700761702e-14,-2.3928806898971655,-0.39398324083014796,0.21022434692881156,0.0025570998748650656,-0.010352205240420801,0.00029728987957606965
A00418,6.785764068089615e-14,-2.7315198015931856,0.8205914992312314,-0.44459660697290043,-0.0028675588550405463,-0.009983854521520693,0.0002699380539019494
A00419,3.0610638103672744e-14,0.5939218944704361,-2.209911493952549,0.0034088308764322253,0.010910321879255329,0.003629080703024103,6.929872584529015e-05
A00420,1.3246813066161404e-13,-2.7169706700927296,-0.5494925957566545,0.7437796373207722,0.002908183366694389,-0.010265124095575319,0.000638483417855066
A00421,1.0423655542355507e-13,-0.9734088795542584,-3.0802753060259027,-0.21824616489112075,0.008712774679169078,-0.0020781421696924036,0.000686130784223967
A00422,5.148294928141054e-14,1.621454078464366,1.8230424661515177,0.20533161417222867,-0.006260977051842534,0.007712348451422858,-0.0020320978264435985
A00423,7.96323650956863e-14,-1.041036069606684,2.017335529804615,-0.09720330233112977,-0.009881447459443918,-0.004732532052231921,3.4669684277628385e-05
A00424,1.0100448434410392e-13,-2.1445027022638152,-0.4413975887793891,-0.05276141345529684,0.0025113399172279464,-0.011234637789115588,-0.0014003827833997215
A00425,1.1810966830573805e-13,-2.1364894177335834,1.9794395982996957,0.39229563543397433,-0.0068912914147992044,-0.006980731611592286,-0.0008653645896199405
A00426,1.2092253246944957e-14,1.2809294336193437,-2.7983653725940734,-0.16765729305476668,0.008693822341297496,0.004437675131584232,0.00030486281795051015
A00427,3.3979039561733595e-15,-1.4173961733246474,1.4904604056003388,-0.027453892130359172,-0.010265506738925552,-0.007657874572287099,-0.0002970794684999636
A00428,1.7267896774037214e-14,2.047947774115829,2.2192892626029113,0.2562564625115622,-0.007707522994977158,0.006349790652035453,0.0002637704221078162
A00429,5.959330442775537e-14,-1.6064227718510293,-1.412059758275622,-0.17059294169285005,0.007301196806055083,-0.009334699196819132,-0.0002820110731488086
A00430,7.04121844020868e-14,-2.6118560161855884,0.04388228328102709,0.02390068391131452,0.0005600845271705719,-0.0113955200001561,-0.000708880392778905
A00431,2.0588368244189906e-14,3.0363581602490983,-0.1583004124359155,0.3993879802759184,0.0012209409051155576,0.009928598432034684,0.0005172291370900802
A00432,6.203087309174575e-14,-2.6912460113890315,1.0905301106497438,-0.008874575786813941,-0.004351396167017914,-0.0093500185303287,0.00040143385108370186
A00433,6.662780644704863e-14,-2.6360749327978232,-1.24023638873919,-0.278507977525698,0.0044386109023897835,-0.009081011183286391,0.00020165887928148604
A00434,1.6458825133535998e-14,-3.019152649954918,0.572752716439958,0.08551099726338421,-0.0015897834695195285,-0.0096888420991004,-0.0011671735318312402
A00435,1.382963139492977e-13,-0.9880861350390464,-1.8997318963233039,0.3289383232547748,0.01032162785320588,-0.005053128537037046,-0.0020658082741536357
A00436,9.039320640008885e-14,0.19431092167724184,2.2142151562656585,0.009136708264081125,-0.01176084030471575,0.0009064483184751858,-0.0004776694195931491
A00437,5.861857136459397e-14,-2.0199311707280962,1.0760454456258999,-0.08163258755956669,-0.006048697950045157,-0.009527913737640578,-0.0004151512917700083
A00438,7.647721521294188e-14,-2.3531099073289967,-1.1074058853999138,-0.2736265021328796,0.004912961291199673,-0.009051171384740854,0.003423937171981742
A00439,4.740324558236008e-14,-0.013855752073011826,3.089478026900572,-0.07266314803707001,-0.009581353589172916,0.0003793659288751172,0.0006722229231988223
A00440,1.2889279454170607e-13,2.3377017355158336,-2.042767956469654,-0.1797589459858594,0.005886493893463195,0.007123686415780518,-0.0010249809179733401
A00441,8.675259745206593e-14,0.09948737946535001,3.2584058628050907,0.7185936852363223,-0.009045251708939037,0.0005695072894000582,-0.00029348006911134207
A00442,7.466506883294626e-14,1.3405091613752078,-1.4455079053277422,0.20291019088217557,0.00952345492196968,0.008396372148227584,-0.0027495964081041538
A00443,1.3742511078531543e-13,-2.8758545834918423,1.4486417055727574,-0.08883745620308546,-0.003812430495322026,-0.00818276273255487,0.001830608372932006
A00444,1.2642588094893164e-13,-1.9044356032673448,-1.3861049020855067,0.10902563978422562,0.007299410559050473,-0.008320919819943047,0.0015971691851654922
A00445,1.2262732383483954e-13,-2.0979522346304695,-1.0248801770967675,0.3812087152964332,0.004484146332035763,-0.010370826246114365,0.0012119015878559927
A00446,3.403799688220039e-14,-1.654755858383074,-2.1842816437522665,0.15969569018841698,0.00882609248694306,-0.00611107643352185,0.0009017462097092446
A00447,2.3102073613077174e-14,2.651316726908485,2.208695542006418,-0.2750829132720395,-0.00581503567534752,0.006796576087796228,-0.0003361272036936603
A00448,1.0411485504800403e-13,1.0697598424694674,2.5480579427610888,0.18450692899154908,-0.009367913708961255,0.004543088997773529,-0.0005345240907273808
A00449,7.070421392334933e-14,0.7501613084845803,2.043919664303568,0.7181004765802018,-0.010429205209269205,0.0033337739146275447,-0.0009545105094143392
A00450,1.0315173483851408e-13,1.795698722280911,2.00753392083173,0.6851507048789257,-0.00742882092185532,0.007210688450508625,0.0009292851924244477
A00451,1.1475577152589822e-13,1.3958911302434747,-1.4680496155170653,0.07467348820520876,0.009185958479634286,0.008338029565438772,-0.00015951011313183132
A00452,4.455423360167261e-14,3.42843971711346,-0.322517205585981,-0.20263702586552812,-0.0006313224669824721,0.008609221110713976,-0.0017209005234721006
A00453,4.294550347071341e-14,1.9930472502715697,1.8468609286489064,0.08598861105372123,-0.00670135726131517,0.008454511479954472,-0.0005356421144682829
A00454,7.405189871905981e-14,-1.7132513216106162,-1.3669961808614615,-0.03036283629273465,0.007025272603451441,-0.009671427139589663,1.2229442087047582e-05
A00455,4.127068575771105e-14,-0.8345572719211792,2.0572670828016495,-0.3541699727376133,-0.0100609782900082,-0.0052991217811928825,0.0001599269155702098
A00456,1.006748482549819e-13,-0.20010420663007245,2.0095402594846252,-0.24386183683698376,-0.012257450158655382,-0.000930620414674235,-0.003446886786924011
A00457,1.1265917365299409e-13,1.8174932281155225,2.5722119799791696,0.14713242452477684,-0.008946415484328516,0.004034966676029524,-0.000723217494584384
A00458,7.121666999101181e-14,2.5756702193814394,-0.32090173066617933,0.005973676542108315,0.00036864584874447674,0.010746009095821943,-1.0609030497558041e-05
A00459,1.0919963885792965e-13,1.9614996567515257,2.2004026618380226,0.4980644574316473,-0.00698370523310011,0.006913750399507549,-0.001860727672824235
A00460,7.700984188027166e-14,-2.884653112282912,-1.0270007680399167,0.5435389588813956,0.0030117068736643725,-0.008791327945341544,-0.0011140939092291636
A00461,1.0755093298786545e-13,-2.465106011338408,-1.157985365694075,0.17071445434914712,0.004370102340070309,-0.009514434738295422,0.0013668769935851475
A00462,3.394129625816321e-14,-1.6237464272246753,-2.0211592678153076,0.1239591973601918,0.008413698084522737,-0.005125936455119545,0.0012566468297054696
A00463,1.11469207449379e-13,-0.8519036478450579,-3.0050827739277617,-0.042559717753042944,0.009504952194544058,-0.002840881367259791,-4.274940126436133e-05
A00464,1.0789073604986842e-13,-2.049876930646138,-1.2612457610005015,-0.0805782949803108,0.005990089192667225,-0.009520526804051936,-3.9725226907514395e-05
A00465,4.022310897778002e-14,2.1387834159481383,1.708803158314188,0.006863511094228556,-0.005167262771793827,0.008994312457540118,-0.0013770974062331598
A00466,8.387943561686195e-14,-1.713047054165471,-2.5221752804915845,-0.06849892530753028,0.00831138133073313,-0.004818884809416677,-0.0012898042898210516
A00467,1.2904074240529283e-13,0.06713692896670985,2.7188699313674594,0.04538707332928333,-0.010646199481645927,0.0009786686551743493,-0.0003607400449924653
A00468,3.76458003234068e-14,-0.4815168648596838,-3.152261653355566,0.025808468777066208,0.009375996343828321,-0.002139210971169885,0.0013442203383288711
A00469,1.1103722923887154e-13,-1.338268488597974,2.2683761397768105,-0.021732050738783593,-0.008601479584468767,-0.004569099975370635,-0.0001601166656343117
A00470,1.439247568116939e-13,0.14566688803113115,2.9318255545474887,-0.023102467081206,-0.009595522711138442,0.00012794302420264975,5.785276071302348e-05
A00471,1.30689781432634e-13,-1.8055563350814336,1.555112032005484,-0.037985169091024305,-0.007540677055578908,-0.008751525585144956,-0.0009040187652808833
A00472,6.057754116682684e-14,2.5138309639234495,-0.5460404949956711,-0.11317434058510804,0.0022782605373626486,0.010542054222210114,-0.001394639745023773
A00473,9.160948502552643e-14,-1.6440988382702793,0.8732308486377254,-0.1545605592074449,-0.006479049229417946,-0.011965577305465385,0.0008315937062253575
A00474,1.4962813042473709e-13,-1.490341838068291,1.785181272034625,0.20633708448126725,-0.008822941653554319,-0.006667705195396443,-0.0007612877322194852
A00475,8.576023524383277e-14,1.57309956518979,2.2251754894272313,-0.045099028054616956,-0.006791020695988897,0.006066251518138101,-0.0034595804912731136
A00476,1.735463230599785e-14,1.6355423023099271,-1.7847357573756986,0.103432738964649,0.008064406872771861,0.007667213429440458,0.00033494184385723567
A00477,6.8546073125938504e-15,0.8402769766839965,-2.1524225650050224,0.14803881305823216,0.010698176584708789,0.005288517137817727,-2.9283211193918393e-05
A00478,1.192346691721267e-13,1.4154780154552187,-2.2700066180143152,0.2411993870780776,0.008816310111593496,0.006130901777529584,-0.0006820715095649081
A00479,6.391299541467986e-14,-2.5744379732459874,-0.10495011660165174,-0.27834900417004643,-0.0015468202580544556,-0.01108795657740631,-0.0006339844904454585
A00480,3.723698138562196e-14,2.826852527881827,-0.561230475141575,0.21038805876688396,0.0024317112909685965,0.00917850298861923,-0.0001224832928875014
A00481,5.2453525336692754e-14,0.5306228374310654,-2.5426826043300887,-0.004511135594387009,0.010336744373229189,0.002568401988755024,-0.0005987213142553943
A00482,1.1426478779718536e-13,-0.7645186722103825,2.266129856274474,0.15173505430270198,-0.010564564511898505,-0.003120048210475884,-0.0004314724539236839
A00483,7.019202474405603e-14,1.0389191061165974,-2.7042904375640666,0.20045359277780309,0.008994918071644726,0.0040867105414641725,0.0008798703482627534
A00484,1.3103037976850063e-13,2.0539458405309903,-1.4645639541311413,-0.07448123425554228,0.007713298672501907,0.007421912727161322,0.0004584944915671454
A00485,1.1087818358221197e-13,0.419136723194815,-2.2087471339391858,-0.025984351215801765,0.011132321251394694,0.0012247849285944234,4.00689103494323e-05
A00486,1.4694929826423183e-13,1.8468450947673116,-1.620830383752843,-0.070930255010329,0.00670594250679169,0.008903045174106618,0.0015460531325281355
A00487,1.3404840984937476e-13,-2.5532556749816666,0.9188494679708291,-0.21248983230614565,-0.004730229772906572,-0.009195001465973681,-0.00042682232823992866
A00488,3.840385270514062e-14,2.055504056857374,-0.27513678001819025,0.39995579657620917,0.0016786122424231646,0.012115020639411472,-0.0021852394024481775
A00489,9.943228249937549e-14,-0.9793270421419029,-2.7515185623972895,-0.11851184636097421,0.008624508330580248,-0.0039590929951699855,-0.0025953209193938873
A00490,3.0998153431576213e-15,-1.1673542397394299,2.061993949560275,-0.4086052945220761,-0.010464486509725207,-0.005479749126430485,0.00043592073233129
A00491,1.4952804227479171e-13,-2.018933620140681,2.163274036043529,-0.3323671524947838,-0.007653863284628377,-0.006122135067812609,-0.0015231441075353402
A00492,3.9378301726790024e-14,-1.0995593177512426,2.5237024826198566,-0.05695818053850781,-0.01010269566162137,-0.0031621727146359147,3.891776299435604e-05
A00493,1.0029764758431436e-13,2.3638808335169164,-1.9736783047931594,0.06941081122014406,0.005916091774353225,0.007199073986558804,0.0015459670836093105
A00494,1.2811168245246263e-13,1.697801573531432,1.5796538987633884,0.013746555499537983,-0.007344413711565247,0.008923295641255576,0.0011384720689123135
A00495,2.4209688028347778e-14,2.5141970472905104,2.045122697509291,-0.34877025524145994,-0.006230660591828008,0.006706768528875499,-7.383012572291147e-05
A00496,1.2791943301322168e-13,-2.6122847244061376,0.3534369206727626,-0.027727787637832183,-0.0009059927362932878,-0.010802942298726335,0.0006621709730816233
A00497,1.8479974510960368e-15,2.0168105246117096,1.9595051617813948,-0.4896293001398962,-0.006148068860343459,0.007429370806106844,-0.0007913394068982186
A00498,6.668126722982198e-14,0.06132619800319571,-2.6885183631874137,-0.19700688668840025,0.010679001667906737,-0.0012238731161109807,-0.0007114373182074565
A00499,7.121647031220939e-14,1.6599947225627185,-2.025606454427364,-0.0054749144377284195,0.008217791156427469,0.0064346815086767815,-7.029045723674565e-06
A00500,5.643929246451166e-14,-1.50062010100846,2.224511095597175,-0.006734204154268422,-0.007888457112672744,-0.007003832625836734,-0.0006696826235539397
A00501,8.846793640608288e-14,-1.2498370828142316,2.7773813006730386,-0.15999150711281906,-0.008835369030693901,-0.004089188282737643,0.00029837972240806526
A00502,1.3802209224601876e-13,0.10522264167479987,3.0363987385053504,0.13136146975614937,-0.010015460917244739,0.0006543518514685486,0.0001670990911336373
A00503,4.933310902400963e-14,3.381120667365647,-0.836407929868334,-0.09622214569058136,0.001950412956537409,0.008535617331731015,0.0006780778292795703
A00504,8.739301417172002e-14,-0.5329456845323345,-3.0031038807579704,0.38829270254783144,0.008955467067614064,-0.0017988964062542966,3.583044960475926e-05
A00505,1.3238262596894653e-13,-2.3345270024895894,1.9385701651529919,0.015453591307424441,-0.006981485417369565,-0.006158312012257748,1.4413871944343358e-05
A00506,1.1662174713976995e-13,-2.4822501949670013,-1.2546230121558124,-0.5913323229016907,0.0036607834809069895,-0.009770222192779328,0.0018153740326027794
A00507,6.1459004704038745e-15,-1.2166569774115166,2.0910277760549536,-0.016724369513107715,-0.009665772422962056,-0.005634423586014052,-0.0003212925098263441
A00508,1.4223864903545668e-13,1.491959325184691,2.5637211685531955,-0.12117044551845606,-0.008074624631703577,0.006113631982434766,0.0009438819840723302
A00509,7.0380868862389476e-15,-2.640396208905546,0.3155627539014052,-0.06660714823379758,-0.0017560607411604512,-0.010494279269607252,0.00030557315258796083
A00510,8.882605900708812e-14,-2.0504487100279807,-0.6654518171399465,0.3401930516886243,0.0027790189026900814,-0.01128706816408242,-0.0022452303935022837
A00511,8.680367857746364e-14,-1.9690935338628541,1.0768271524445456,0.185111604810976,-0.005227217250363327,-0.009988761206075985,0.0010184590454029518
A00512,1.1864261609200246e-13,2.5552643109330293,2.1491531095217122,0.10030187037476102,-0.005624823962408241,0.007060072029333057,5.4260730111877476e-05
A00513,2.2395996475501993e-14,1.4742631712104826,1.5894954708208484,-0.005427964295474346,-0.008004110612834344,0.008442095544272738,-5.1707011928455346e-05
A00514,2.7061981447252948e-14,2.737814667154645,-0.246500060716607,0.02289490119169835,0.0013793946771246633,0.009553670646781314,0.00011348636923172305
A00515,1.1347032025354942e-13,-1.5778473053475743,2.1339741465003566,0.03026155267677581,-0.007638795977704463,-0.006818148180438128,0.0001036213682388936
A00516,2.2556174455101216e-14,1.5450088340702066,1.757198119621556,-0.03281868607631832,-0.00786049901297126,0.007870895313604185,4.620719695954499e-05
A00517,7.082534243642842e-14,-2.305575737265284,0.49580985448877773,-0.008495708053529302,-0.0020596437467708603,-0.011234454972889395,0.0013578088577642913
A00518,1.1038370979456033e-13,-3.0701000367292606,0.4473126276374207,-0.012303306696997687,-0.0020933588131853906,-0.009199458698871914,0.0018273317311600602
A00519,9.825289161660752e-14,1.835347706249653,0.9777529484099076,0.0005226800276296779,-0.005080459303690251,0.01085316533484598,3.2940643628655284e-06
A00520,3.177420088296149e-14,0.7825753553646206,2.9118518546802066,0.19146805593800337,-0.009631391239335249,0.002474605819075046,0.0009391774846724178
A00521,4.585876258910971e-14,3.0420794474171666,0.15610565500876475,0.2498416289876682,-0.0011707041223452729,0.009839361349380937,0.00048578565821243234
A00522,1.4618903076104193e-13,-0.3278546118511554,2.5992247488054057,0.15718381875517118,-0.010374652970484214,-0.000778313432002779,-0.0008962864330669009
A00523,6.769110792511077e-14,-1.6878733225194604,1.3500053134165035,-0.19516092046141648,-0.006568634275103541,-0.009998699265769215,0.0007775626630766099
A00524,6.70776952804806e-15,1.8039770687144259,-2.5268152957476806,-0.014835970049262298,0.007372380200469769,0.005411995872110637,-0.0014023814084495564
A00525,3.3129114472433746e-14,-1.601434870980061,1.5745602859187495,-0.560335860939957,-0.008353551251696215,-0.007115643238457066,0.0019286999194620543
A00526,5.166343191673077e-14,-2.261655946879373,0.7836537125128813,0.033745325665407146,-0.0023634262862975604,-0.011215312694188706,8.92402742954567e-05
A00527,1.507927309936642e-13,0.9586507996190868,-3.129383308453959,-0.00905570032355251,0.008355542835377967,0.003453639292673184,0.0028467354384219727
A00528,4.566735306619065e-14,1.5922771976816352,-3.155564073828205,0.24060504298926952,0.008365222185295198,0.002688759614661791,-0.00021374077834780423
A00529,3.982825106194566e-15,0.29340917112246134,-3.2812276553173856,-0.48514933345416744,0.00881394102200566,0.001292591542484166,0.0008891411072218157
A00530,7.738460240537863e-14,-0.03345820909355424,-2.751925108199159,0.15137005623476016,0.009694159096929566,-0.001048355855749524,0.000580053092851782
A00531,1.2613985570216372e-14,0.7314468059832959,-2.294275895842077,0.08186339871159642,0.011453172183341425,0.0036609728875005485,-9.136087461232106e-05
A00532,4.13488790583302e-14,-0.2269179816753205,-2.737154515335376,0.06385695838330067,0.010620201114739783,-0.0006301500223458849,0.0014814095964572835
A00533,1.4972061959446492e-13,-0.3991982397937168,-2.7903559946849823,0.1883377290945682,0.009663576593078189,-0.0010733269530268095,8.826327736277999e-05
A00534,1.0630879572763351e-13,-2.9603272497164825,0.06741665260745314,-0.2761299440816067,0.00012998848439393592,-0.009726258417155582,-0.0013651439960127177
A00535,7.644539831243028e-15,-2.090261890922369,0.6602589743707185,0.2808842513346708,-0.0031334147129787123,-0.010896652683428182,-0.00019154463436077675
A00536,6.769353668439565e-14,0.30816872218953767,-2.3885005609756242,-0.4959154520359675,0.010612938387114247,0.0014092370713341099,0.0006826375529192376
A00537,2.5895327639412293e-14,1.928490985004326,-2.0226042005541682,0.051368425528355285,0.007821585650313682,0.006457745696050687,0.0004857319978011979
A00538,1.8549072390320185e-14,-1.689520865693169,-1.1416669026057333,-0.2566549927923225,0.007344219062817375,-0.010316583236572184,-0.00012396678474703958
A00539,8.857062814084561e-14,0.9010659220039555,-2.2852355754362224,0.09340275253861847,0.009592961865750614,0.004471841539195377,-0.0002352844337338827
A00540,7.628843343685098e-14,-3.079171839192404,-0.5444835136654957,-0.24428931250621444,0.001847800398405333,-0.009511112410918263,-0.0002844253674831476
A00541,1.1207623571291906e-13,-3.3073587758990786,0.6835360543434558,0.6932237622700836,-0.0017120134366817614,-0.008822319683212974,0.0011386173791475163
A00542,1.3462208439822058e-13,2.565963129343572,1.2656721919328813,0.08056002642204022,-0.0034413195326356005,0.009341113535299555,-8.270819833678152e-05
A00543,3.721721250390559e-14,-2.739860717907687,0.6641939161417884,0.28621320147009105,-0.0030201517583646476,-0.010239465992700036,-0.000469943563787877
A00544,1.392516221037443e-13,3.1966986859210946,-1.1492589646454878,-0.04468425082863283,0.003464650214700986,0.0084745494127666,-0.00010748708925604927
A00545,7.814953897944455e-14,-2.1267010320185813,0.6432134136366995,0.008411428360371157,-0.003997831146424158,-0.010952010959374902,0.000956362396837072
A00546,3.905073580220821e-14,2.123292535701955,1.8628819374957706,-0.003985181287183762,-0.007165236925116423,0.006729966910865679,5.251220389098028e-06
A00547,1.2760358750443543e-13,2.005832100612638,-1.3498094380968697,-0.05879990879423668,0.005556715462015452,0.009657608451750569,-0.0022251631388746193
A00548,5.36087538599462e-15,1.8764541685446032,-1.2846222039237514,0.0901037447929772,0.007025786454112625,0.00864789130398692,0.0007798845079729813
A00549,8.441326936413961e-14,-1.8472978268530265,-2.490175539125897,0.47352672518018796,0.007007069415510962,-0.006247176967285027,-0.001640614261995871
A00550,1.0887101082111118e-13,2.582398834443791,-1.0398049770213382,0.07894479041749886,0.0028016163614327824,0.009549542205745543,7.54145110705111e-05
A00551,4.2240529738520477e-14,1.2964339010076864,-2.0155177848605317,-0.605387317047236,0.0102395760297185,0.00483340400765047,-6.145482307527192e-05
A00552,1.302748906330233e-13,1.8780047790393628,-0.3900454195066239,0.055080648446032714,0.001449046021385979,0.013242688481317252,8.186714228765364e-05
A00553,3.625205747274643e-14,2.2582531473626193,0.8252647595216182,0.6173592215887208,-0.0028250358453440704,0.01009167428122227,-2.4913763176294906e-05
A00554,1.2671171551254936e-13,-1.2280945499342486,-2.6452822832592737,0.7746369569106109,0.0089906416530223,-0.004783487454447398,-0.0003546036487012451
A00555,1.1850523570772172e-14,-0.3059790450894633,2.0927255918000927,-0.062387675320141965,-0.011794088860086541,-0.00129303045244164,-0.0010898012481728701
A00556,2.412866054450785e-14,-0.812607595677426,-2.198137352589536,-0.022278715688182057,0.010686574457216418,-0.003831220110554004,2.0788704993966703e-05
A00557,5.747936563588516e-14,-0.6788289243211173,2.421728834564172,0.006520869068014713,-0.01063027462427062,-0.0010421581340765973,-0.0005411879712797575
A00558,1.2885122721687577e-13,1.6175568211585127,-2.3701101513409943,0.12145206175091187,0.0074819922224434975,0.006146487011255613,-0.0014471501080256328
A00559,2.1813990129430973e-14,-0.19671471193564127,-2.693368715956778,0.20462594620954827,0.01055653174755319,-0.001393388874453614,2.525486332137585e-05
A00560,1.3207722344316618e-13,-2.59770049166268,0.12368761590486252,-0.40786842127799966,-0.0014475663624823054,-0.010641043172574943,-0.0005464737041637694
A00561,3.465992861461903e-14,0.44678705810428854,1.9498710838130053,-0.07216492941850552,-0.012534034754051022,0.001590422147997723,0.0008851078204590469
A00562,6.827011072329984e-14,-0.850567240957216,-2.015090934659092,-0.04982576357986767,0.010205376927675938,-0.006593567925007841,0.0002539654861659209
A00563,5.3217281902013646e-14,1.894989957079017,2.275514718688516,-0.0556983447111289,-0.00779506276135496,0.006583387546947837,7.663002670529554e-05
A00564,1.7822119447681107e-14,1.7237579874485756,2.6106067092665652,0.06191491876860902,-0.00770419221633725,0.005094481351468361,-0.0001339821515806191
A00565,1.4246781573068868e-13,2.11727182236207,-1.586576189511526,-0.3609437123443248,0.0056418259974459935,0.009277196085971641,0.0007371574788277775
A00566,6.610813793890443e-14,2.7043412645161227,1.8355213272924336,0.12412832483344703,-0.0036372435086163015,0.008008508631669645,0.0010573231023254391
A00567,1.0415027034634518e-13,2.4813895339797933,-1.2416752136013258,-0.276846849983014,0.005708950889317979,0.00876872897573801,0.002041043604515558
A00568,8.679071232230442e-14,-1.193770792431011,1.5559498965361334,0.017008127704819503,-0.010110205103640432,-0.007892548992028823,-0.0010988392045350888
A00569,7.569401265281618e-14,-2.520653006293711,0.9265491729981999,-0.0880570266311109,-0.002614710717938147,-0.009841860014064958,-0.000799582954964786
A00570,9.302311349400853e-14,-2.412481391119198,1.128847620664589,0.023989793468130804,-0.004071955163644577,-0.009896066364394926,-0.0007158116353345299
A00571,1.3553274302273734e-13,2.4413145657615987,0.6309995584936696,-0.08597330114803799,-0.003789070560847917,0.010052011129009369,-0.0004491410464778015
A00572,1.0550524443207952e-13,1.376077914551516,2.9945840520832294,-0.09088286036293468,-0.008732689918932786,0.002765123709058918,0.0003523296894912641
A00573,8.033537913897965e-14,2.7503869503338274,0.39561581402378737,-0.19163988385093397,-0.0010213442853811807,0.009977939510069346,0.0008370411417300282
A00574,9.733923218043632e-14,-2.710881237960275,-1.8947115854713243,0.012109926933510788,0.004137474211079378,-0.008029747160340812,5.1135739721201404e-05
A00575,9.148676005090646e-14,2.149041716133962,2.28624797847855,-0.11490578388442595,-0.007208106993340072,0.006391953132890829,0.0005641576036475785
A00576,6.534517952228923e-14,1.5072153247462812,-2.3052971548474375,-0.06601507750534193,0.008185080608446403,0.006178614442098055,0.00038809017801191034
A00577,9.425818758901314e-14,2.7499015293383757,-1.2811022755048662,-0.39031471022433134,0.0042553258934482485,0.00871828382090423,0.0024974074389926366
A00578,6.692155098113067e-14,1.7892601281311815,2.246662970993961,-0.0017969098244477362,-0.007655430628113597,0.005961468774886106,0.0023995525396659635
A00579,1.14301224432451e-13,0.5487604577458689,-3.3350662745928608,-0.04379681230871089,0.008946329548478736,-6.539072673811032e-05,-0.0006249774254473862
A00580,1.4617961354418326e-13,2.5563100704246144,0.3668452491001881,-0.5529975115305121,-0.0011973457966905868,0.010141068124347037,0.0010366258673412986
A00581,1.4481468032397334e-13,0.5203032783306147,2.825816240574041,-0.001192191360206774,-0.009707007938951418,0.0012870724491564807,0.00014796191759956467
A00582,1.2382430471252154e-13,-0.5981702090194447,-2.925827528693023,0.06907203565787794,0.009224744565815965,-0.002248773412877226,0.0005398301516985033
A00583,9.078742317407277e-14,2.0827588364913305,0.3707919423017463,-0.6055841819808462,-0.002704384906693219,0.01126389813578279,-0.0008631223749164815
A00584,1.1305166640142124e-13,1.1872717434965163,2.4285677797949656,-0.055990650289544724,-0.009248234015527695,0.004208203172134085,-0.0005048056863776458
A00585,2.686251767890441e-14,-2.862058747561824,-0.9790241011537401,-0.1362647979252928,0.0032736492540445367,-0.00963739398465039,-0.00028429162703427064
A00586,7.226966369908496e-14,1.905079522393895,-2.166005721867384,0.868807754307215,0.007108940349238622,0.006487002090372614,-0.00027923493470766533
A00587,3.8819882720204127e-14,-1.6503514742072667,-1.8097295523036352,-0.10900583083110787,0.008223355539848137,-0.0067313840877827385,0.0011799381972321646
A00588,5.277881174083689e-16,1.614317880829709,1.6649377931963585,-0.47090396905054527,-0.008447234823108496,0.007726588240753217,0.0002415403973700935
A00589,1.4585148665257616e-13,0.9063858755666793,-2.3928355673180217,-0.4335243648534152,0.00944529981895052,0.0031849827201285057,-0.001318951581280076
A00590,1.303286972933917e-13,2.2787828721544496,-0.14193327836237676,-0.10037180852195841,0.0002716444487353526,0.010905965466289382,-0.0002470607633889838
A00591,7.75018339941561e-14,-2.977396010664349,1.7334321468247105,0.006840878538944858,-0.004586678659484735,-0.007677314733771595,-5.4754702901441944e-05
A00592,3.8344270863233505e-14,2.729155531926948,0.27251529620128684,0.31859607764528436,-0.0009202995307616192,0.009922074282078861,-0.001463711577806131
A00593,1.0454916095518706e-13,-1.0772430548856111,-1.9066535411054102,0.33086025530535396,0.009940138112808607,-0.0067241060912504955,-0.0020658010859541023
A00594,6.5598621333937e-14,2.6527913329492634,0.13981766293041512,-0.15035259820203728,-0.0011300307870200095,0.010627083328631864,-0.0015623800754210068
A00595,1.21201253565443e-13,0.5933122621479463,1.8824224750334502,0.19599598491143413,-0.01200885249983864,0.003416024167298226,-0.0011331699792891993
A00596,1.507970618295346e-13,-2.828321987890514,-0.4610448157465012,-0.06261885511805046,0.0019058483583029868,-0.009050646758876464,0.00017116695000611058
A00597,5.266633802086707e-14,-2.4560881341707628,1.7408519100264552,-0.15521385005135102,-0.005624686570936826,-0.008024194458069825,0.0003284927275871629
A00598,3.6873409526103414e-14,2.2159617963669564,1.3325862463941287,0.6381992916601938,-0.00549587236934918,0.009327085942922522,0.0008711348392692371
A00599,4.034030146592037e-14,1.1625155729539631,-3.341406577276225,0.17063462024808376,0.008104961809381282,0.003323854423185918,0.0003672178540286456
A00600,1.4083582029377315e-14,-3.012261830406155,-0.7049628535530086,-0.6271006585930109,0.0011905859840691012,-0.008840265977269016,0.0021148667539280705
A00601,5.944996147985643e-14,-1.993995020826313,1.9299144284221852,0.22959035456622667,-0.006206431683377323,-0.007971861871780967,0.0002534068629026044
A00602,2.629407730576813e-15,-1.9802491589613804,1.9734512757215843,0.5790429922640019,-0.007552229909100415,-0.007229974016122696,-0.0002054511745468664
A00603,1.725927613935603e-14,-2.439551556160594,-2.06686879435746,-0.0647622095935075,0.006291356423050345,-0.007287863635948485,-0.00014674404578730331
A00604,4.0991039586241597e-14,-2.8878619242372334,-1.0492095064624922,-0.008233794667727107,0.0023922787400933775,-0.00936602875949185,9.191427842493212e-05
A00605,2.411888180866109e-14,3.233179662430831,-1.185156493678275,-0.03268085549881015,0.002458608532030521,0.008621160564011516,-0.0004629072135726423
A00606,1.1046080538862447e-13,-1.2956648526690124,2.7987951674346494,-0.3496907786911901,-0.008676321632571996,-0.0042406459511648365,-0.00011662387650734794
A00607,1.593301968628102e-14,2.8751654189686033,-1.1708269489088567,-0.29392529813885493,0.004470200004421963,0.00862720138745852,0.0008529458370288566
A00608,1.3065239380692311e-13,1.6904129805908037,1.5452503876005814,0.39400224522328947,-0.007220553501536566,0.00830777188305742,-0.000510362233279679
A00609,3.33598847348877e-14,-2.0157610442087748,2.077535282278105,0.46530447924936935,-0.006912752025360526,-0.007344355917203845,0.001016511752159928
A00610,1.6383489064885736e-14,-2.3781463941158867,-1.4906377730332117,-0.3804478377106056,0.0056293985958995865,-0.00807867533323204,0.00035987145961144607
A00611,1.5252848786922241e-15,1.858330932201943,-1.6548197185811508,0.27401078662340655,0.007988019924307633,0.008029804376158661,-0.0008349880445273004
A00612,1.0790295357316911e-13,3.143315271602355,0.04021910696501977,-0.03760312567966835,0.00016954740743683398,0.009224267413594285,-2.0688291844023482e-05
A00613,3.8716081793950456e-14,1.152919863391683,-3.139169864588075,-0.15643272143225176,0.008871842388626747,0.002731794841034079,4.819927059308209e-05
A00614,7.686818108532052e-14,0.24951273018555997,-3.487201119441356,-0.07479370636301445,0.008796742257214735,0.0012512742480704799,0.0005504507107630714
A00615,1.683993340890235e-14,2.457421144731425,0.7632033736513434,-0.26035047127879585,-0.0034289685907965646,0.009703670551674766,0.0010344259401798156
A00616,1.4865137099124028e-13,-0.6419647510952992,-2.658720362888711,-0.02651469302283535,0.01052979226023144,-0.0025892144618304435,-6.722128331430873e-05
A00617,1.891720585990612e-14,-2.565215780793735,1.97988881610936,-0.49512969858214223,-0.004898428460689453,-0.007557423984059811,-0.0010332475534242157
A00618,6.214746315842674e-14,-2.038436926385629,1.5548691664432384,0.031638806646450655,-0.005659470242349042,-0.009023397727169265,0.0004271605995538524
A00619,1.284882341955561e-13,0.9039062294042175,-2.0521968021384023,0.08670271363618885,0.009977333059549202,0.005629250874780321,-0.0009364365617523959
A00620,3.694641591634451e-14,-1.8947503924619935,0.008951848807403552,0.22080572843073726,-0.000764320345880317,-0.013164886958532247,6.15158403299844e-05
A00621,4.0278338940022567e-14,-2.53332270840749,1.7970235200749332,-0.2530572815389735,-0.00563603327608094,-0.007286591425685258,-0.002790590748690019
A00622,1.2197822761605856e-13,2.6142927885052356,-1.2190042095264324,-0.14103621210657694,0.004402139509959944,0.008648444711841794,-0.000442878533298127
A00623,4.12390550614023e-14,-2.7833820170367494,1.497179619282118,0.3059622718928926,-0.005438362528220688,-0.008180040410014626,0.00032467387031697836
A00624,4.3369548302604445e-16,0.4909646524253545,2.909829686369624,-0.34773578960886364,-0.008910866130342617,0.002264945989591766,0.001708074733155601
A00625,6.455952980596361e-14,-1.3405686643187822,2.803688138570026,0.2413871732580708,-0.00904575852821383,-0.004110815532023557,0.0008619292861769989
A00626,1.8916807235376036e-15,-0.26224527574863954,-2.3562197041709148,0.2102236964412978,0.011261026005094626,-0.0023820715917480485,-0.0016192815311178647
A00627,1.3726019268911585e-13,-0.37538135925326443,-3.1228864395202733,-0.10089861146924918,0.009537106927303265,-0.000666166295674491,-0.00021317773418894463
A00628,9.683038991814919e-14,-1.3504735494624556,1.6755052849069898,0.5586377260123745,-0.0091974164714638,-0.006801119390674938,0.0011034959813355017
A00629,8.79594345663281e-14,-1.2426146286888833,2.531625989666634,-0.23087769546082912,-0.008730896200609161,-0.004940080731360025,0.0012595033924752376
A00630,3.041416348710218e-14,0.15762005427514836,2.9517935972051395,0.17214536031846506,-0.010109292418868956,0.0006908545525237637,-0.0004900955395118566
A00631,1.0560086683852685e-13,3.3105816390221836,1.5153555885680972,0.05055760606721802,-0.003802567179264462,0.007262565194421754,0.0016261064073548415
A00632,1.0217741069709881e-13,-3.398221645450583,0.577686327956529,0.04231293245967455,-0.0021454503939215886,-0.00846481908847939,1.4588271372166776e-06
A00633,9.122597632368382e-15,-2.013828672380903,0.6117016187483804,-0.016302138430241732,-0.0014761487652122222,-0.011911396218947918,-0.0003086068035050163
A00634,1.3289316831364866e-13,0.32977127927466854,-2.4827845665056265,-0.28157412867253223,0.01056455721922515,0.002299148494882888,0.0014131040364246921
A00635,8.741616894676747e-14,0.7010435007506812,2.217346937685994,-0.039158496945969144,-0.009968040815399613,0.0039353900136665995,-0.0013480848839866164
A00636,1.1955939583936495e-13,-0.2595187517698676,2.3116026257708864,0.05467307387968585,-0.010791442478629114,-0.00165607435518558,0.0014898463033744301
A00637,3.966615474439199e-14,-2.881486174299273,-0.41607178862426736,0.048222057494614,0.00128001654146569,-0.010028602980531534,0.00022385648247646818
A00638,1.8413764290251545e-14,-1.778918539494333,-2.7352172945676103,0.12320695887933167,0.007752367449420183,-0.004532856627083392,-0.0009989456734312407
A00639,1.0597855110032446e-13,-1.2900467627842036,2.5566421693953205,0.5070221954408655,-0.009228898031505211,-0.004492735454726843,0.0006721487312637419
A00640,1.1977299732651855e-13,-2.6066254448674493,2.0172198192595148,0.07302359321804351,-0.0056244497044827,-0.007023402612526974,0.0021272464591099976
A00641,5.82410969500439e-14,2.826064397221117,-0.2771878097877448,0.17846947807283534,0.0032811770362086647,0.009842533527255178,-0.0008377419423548614
A00642,3.574938974497003e-15,2.5986657832846847,-1.4282068197239095,-0.09265614069420715,0.004578563881815633,0.008990556065130769,-0.0007813462955344844
A00643,1.234498831474122e-13,2.1848460988380767,-0.34397901213081966,0.09162970008125156,0.0018828435710141395,0.011208303871490645,-0.0004057872156354327
A00644,3.1093738303935124e-14,-1.2565962652627816,2.084042496569585,0.15909825051512275,-0.008869990491055751,-0.005711997288342794,0.002688755100025719
A00645,5.1150001527458075e-14,1.1596077520470318,-2.8184068996947276,0.060450286324345785,0.008991716979078555,0.0029389140893549444,-0.000862964827112009
A00646,9.478125096286657e-14,-1.3904598459158628,-2.8797774310904223,-0.0019764892755257924,0.008317352874288976,-0.004671668192683642,7.157091811879145e-06
A00647,1.5080597549206982e-14,-2.069256630594574,-0.1152277118112873,-0.1968786580795236,2.424958626350157e-05,-0.011984671744858625,-0.0011276155083227294
A00648,1.0862450952628304e-14,2.4597784511332375,0.44012367106819467,-0.26055972252039805,-0.0025608600923575967,0.01091576885386093,-0.0002669927642354752
A00649,3.878411929177057e-15,-0.8994546203479526,-2.705426129614375,0.48248894884573396,0.009717123721866285,-0.0026001290239227965,0.0015442367813237549
A00650,1.3829328148374197e-13,-0.5926178817537967,1.9971373951282807,0.02171064019219737,-0.01160388817414302,-0.0030618871909919194,0.001147103933534649
A00651,4.697858750589772e-14,2.6111165500511953,0.4142155577290612,-0.04449587796539778,-0.0031743936051438935,0.00986556731661332,0.0009919348031084837
A00652,9.967361030155066e-14,-1.7533522830849717,3.1008962990306443,-0.43096247385450626,-0.0074191416613604575,-0.003781560622822798,-0.0015513204112593585
A00653,1.4924569416188006e-13,-2.650815588244319,0.06318841546478546,0.06979058856529308,-0.00037991681260004227,-0.011039929402324598,-0.00014525690474421696
A00654,1.010000495948088e-13,2.723756097187718,-0.3215455531723491,-0.07271764415162349,0.0008620552565137126,0.009474909649217643,-0.000683850759636361
A00655,7.922116685796524e-14,2.52759350755733,-1.725748950882553,0.03294397711648646,0.005749839126380187,0.0080742637481362,-0.00018471451927408016
A00656,7.859130846089609e-14,2.1230788304659565,1.2383492340653792,-0.2780920881898677,-0.00445669365947612,0.00992801394614232,0.0015420232856597467
A00657,5.686571465474312e-14,2.6286292709905834,-1.824447177974484,-0.61955290385465,0.004642830180945017,0.008018539728123492,0.0008417931354194477
A00658,9.04888165307345e-14,0.13535583741524826,-2.51137533845843,0.15286213066665413,0.01064048877376538,-0.0008867208246447707,-0.0009363018640942022
A00659,1.446526515724762e-13,2.513708549680868,-0.7101312105415994,0.0006130211113682799,0.0023101602412230094,0.01073312611327662,6.473721592864183e-05
A00660,1.1889212412832948e-13,-1.2750542068393962,2.4021990366735735,-0.033053348999744686,-0.008599229092868676,-0.005370998618243061,-2.1187636564253907e-05
A00661,6.400325923114466e-14,2.109232174567199,1.0119491384845123,-0.30202336987353773,-0.005471610140356982,0.009895317887752308,-0.0004941144783419284
A00662,5.015620867547961e-14,-3.0242658277759897,-1.6203390394050226,-0.006318362758806275,0.004707236681102143,-0.007572873182648809,-6.601763893365162e-05
A00663,1.3329825210106607e-13,-2.274287047454648,-0.1012145293881119,-0.0007275622339155022,0.0008228852577129378,-0.011533932935642265,7.185620871027019e-06
A00664,2.0486410105333503e-14,0.09661587680043192,2.3945120693218103,0.3131190829384796,-0.010348626598441824,0.0013263130019777844,0.0010896784838093133
A00665,1.2817680302143535e-13,1.1607081287835832,-2.4034868039919624,0.4468047504268844,0.008948031748311897,0.004539830874278757,-0.00034452127479587966
A00666,3.8483745455520256e-14,-0.2705430409782795,3.0457082078912894,-0.010190984987689906,-0.009614420813117426,-0.0008714845095819919,-0.0004430462993620702
A00667,1.0796695705921616e-13,-1.5126365967741484,-2.506944250689387,0.08735506905824485,0.009013123294446333,-0.0049972048213184316,7.82556877000586e-06
A00668,1.2163440635859141e-13,0.43950032619828994,-3.153818639754746,0.0501901618889157,0.009751812318796387,0.0006670912162290147,-0.0008825285149792133
A00669,7.196461509729818e-14,2.691976729931534,0.978935156167917,0.012225058711733844,-0.0037998095575657483,0.00838987062216252,0.0007487143198492181
A00670,2.9010244337961424e-14,-2.095725922134909,-1.565546135622634,-0.1002919171242067,0.007219193818987962,-0.007745598661670671,-0.0007219616602768976
A00671,1.2744998831813865e-13,-2.336023023624633,-0.8339262647917848,0.02160489142711327,0.0026783883862438315,-0.010081234839530474,9.783419835753108e-05
A00672,5.5446215435812145e-14,1.263988916073577,2.095536120358645,0.32840756954810263,-0.010749629892965448,0.004121892909039018,-0.0005621400399320873
A00673,4.838129690892762e-14,2.6643058362983116,-2.3631331723196096,-0.37041757168202416,0.006157107872801179,0.006067353298597177,-0.00079586284582991
A00674,7.694626757750911e-14,-2.880124164497632,0.2927506535183156,-0.3179596405281278,-0.0014509908368493627,-0.009913265393356102,0.0016794638952638613
A00675,6.564164269258989e-14,2.4085363511785864,1.9233496610925833,0.031664104015259646,-0.006149252622110522,0.0069556614725668885,-0.00018425983470154666
A00676,1.0305208630726148e-13,2.249110305277003,-1.6546089983123382,-0.5532692726418741,0.006218309940002931,0.00726243502061937,0.001032205128179571
A00677,2.069943489918945e-14,1.5790680923530218,-2.5471267145090866,-0.1978091917642019,0.008697349867565896,0.005359502205285892,-0.00029181863557360053
A00678,6.573267915769805e-14,0.9065950119816643,-2.432105861467471,0.016081135095415863,0.010245835807683597,0.0036276550111007688,-0.0004358271330372887
A00679,1.345308964509145e-13,-1.4332976077068542,1.5371959821773409,-0.6909434517622939,-0.008898767501752326,-0.007459059733923254,-0.0014645486529424338
A00680,5.441257232549746e-15,-1.4608891485764273,-2.1445692356962853,0.37645617600749454,0.009854778898998022,-0.0035666306953565617,-5.660395500685583e-05
A00681,6.899879938227118e-14,-1.3532426716183954,1.4031868309799127,-0.4011091190128822,-0.007988428795207529,-0.009732804417582385,-0.0018970053407478449
A00682,9.96544727270699e-14,-1.9448881187879086,1.8246719836884968,-0.03641927230428068,-0.0063288971558335795,-0.007266750673392823,-0.0017382454903827063
A00683,1.339288188413748e-13,-0.9846984620545112,1.662091870999074,-0.10284425175373922,-0.011528925021459293,-0.005636236848755536,-0.0013700810170621492
A00684,8.958459232159691e-14,1.850448703917649,-2.11252053449708,-0.005624736565621653,0.007372474354752529,0.006651796365697609,2.0172832513137562e-05
A00685,1.2438983584742407e-13,2.596743310726374,-0.7190620310376302,0.2120156102175889,0.0019855383838837024,0.010533282607635277,0.00018588245589086985
A00686,3.3597732425818333e-14,-1.0674598002259592,-2.3578383104922525,-0.0844321765792613,0.010205640314592148,-0.002674921106444454,0.00024609312089764364
A00687,5.322860191952689e-14,-2.449910100317376,1.0073238471512855,-0.21649240456528268,-0.004426778037387532,-0.009419534222396216,-0.0011359801569465829
A00688,1.421393031054725e-13,3.0069073141916185,-1.0672154382557426,0.07867458579976579,0.0033872614914819566,0.009082857214707692,5.5986913805902565e-05
A00689,1.3366691373402305e-13,2.2467843943649455,0.9338840081412693,0.15334640177395303,-0.006744101587897906,0.009883946878042152,-0.00020336433831538586
A00690,8.41784572327612e-14,2.4326599712843624,-1.013891753585729,0.0067645097348918255,0.0035076679552133107,0.010087233938279264,0.0015097941180134608
A00691,7.17370771749716e-14,1.620940763885044,-1.1045785032099662,0.08217187523939874,0.008491580599929768,0.010302812901948573,-0.0011280093082909643
A00692,6.805270704056189e-14,0.4260110327886203,3.032601504617084,-0.07887548267637663,-0.009962730695050916,0.0005244822587679513,-0.0003862520950416933
A00693,8.87005571139783e-15,1.566011475101866,-1.5235714622948684,0.33615139559501916,0.008880221652364587,0.007888347240242864,-0.0014213131144258802
A00694,1.3463277736645066e-13,-2.192892045684323,-0.5684702409889562,-0.1235661815137696,0.0025065425888457296,-0.011693884527767612,-0.0002905219702995889
A00695,1.2343411485971237e-13,2.9559463943539543,1.2103245839820163,-0.038623049745268125,-0.0044332528355562235,0.008500241775137059,-9.752113581227282e-05
A00696,6.883477606763763e-14,2.732245772674208,-1.686975175261723,0.09883995044698543,0.004286230928794382,0.007562085055219905,0.0003957231700865877
A00697,4.2159405158674405e-14,-2.7811853712915022,1.5534942042869888,-0.08193690556534476,-0.004835199241633692,-0.007979626224702954,-0.0002670706305616135
A00698,5.173668147236455e-14,0.7848973417097622,2.5966129210804896,0.007745229521282377,-0.010208323228982297,0.0028425717219430213,8.672131436149346e-07
A00699,1.8581649510066014e-14,-1.7575464751445746,-2.072879185113103,0.15962892496004535,0.00896294389472077,-0.0058736118463214824,-0.0008261739427318914
A00700,1.0889638797767906e-13,-0.5203160750992695,2.1539760290114005,-0.10027400207385985,-0.011817007428379515,-0.0023478830089320034,-0.001050899780308778
A00701,8.39848729408041e-14,-2.3669816975144555,-0.27016402362156605,-0.4812966292206933,0.0013416393556317694,-0.01089678670387385,0.00017503357396949403
A00702,3.531951336658117e-14,1.7797567405535326,1.7076711520582424,0.14770654164748198,-0.008366078773208394,0.007044076353169038,0.00020969222185870535
A00703,9.399289333896655e-14,2.552856172220571,-0.1751622281310968,0.08636287641706243,0.0003005330188069362,0.010027178299266174,0.0005786143582834125
A00704,1.477362419580271e-13,1.2787258982573797,-2.664745258322632,0.0991427680441402,0.009249781083706332,0.004537745185607205,1.6365519498926901e-06
A00705,1.8466166574159168e-14,1.5640658009574435,-1.967476021392383,0.12668403783161264,0.007889475704417837,0.007169023685942557,-0.0001301168801377586
A00706,6.917179776541145e-14,-1.5243181438275624,2.1625006226742123,0.5316861758445351,-0.008674530087221648,-0.006041820648122676,0.001007983170562916
A00707,7.455387917233706e-14,-2.9647809871432598,-0.5205806296770196,-0.06913982824817283,0.0011890715610870354,-0.009915639762492568,-0.0006830887215890357
A00708,2.5165075334265494e-14,1.7184713944642371,-2.322918242412198,-0.4173282068608381,0.007262981219987086,0.0069935330618460575,-0.0018897165130486529
A00709,8.019961664947594e-14,2.5487918172068356,-0.3147020104829405,0.16353278269730226,0.0013116779817336258,0.0107161263547856,-2.581430052578156e-05
A00710,9.142384425571844e-14,-2.3670308134066573,-0.36683710221883564,-0.411181341765097,0.0009279132777929024,-0.01151675337096638,-0.0004141555720627111
A00711,2.3738957238987652e-14,2.8710078864706743,-0.19624951944179345,-0.026369244223201704,0.0019534003288008404,0.010547735947164284,-0.00032651611003300436
A00712,2.3343583246799757e-14,-0.5452284381444755,2.8464684590858655,0.16951440916406413,-0.009759677757289925,-0.002273308962979229,0.0012492709997343658
A00713,1.2919720103467046e-13,1.216071876985734,2.58989408041891,-0.01566357449447341,-0.00929796767109931,0.00475965662334037,0.0010062333676574328
A00714,4.697929544502898e-14,-0.510143859277672,2.9848605834912068,0.3071902467714798,-0.009823856771031005,-0.0012628427201171342,-0.0017864557984827699
A00715,9.50984353750382e-14,-2.1160530102280783,-1.9432227272360967,0.035563657967386385,0.007500168847898094,-0.007296120915346929,0.00015324171949922808
A00716,9.456129382363756e-14,0.11244875817771408,-2.213692851602722,-0.4828174651327059,0.011293787722039006,0.0022796165686411623,-0.001033011514956107
A00717,1.2660559299557696e-13,-1.1089089713760343,2.330181987206497,-0.05197928290679329,-0.009621507853217894,-0.005478514365428801,-0.0002779104322725129
A00718,1.1162785934654574e-13,-2.1047583886465295,-0.9242596185559905,0.38138968128844675,0.004860209963705469,-0.00987203718542672,-0.0008799804604029269
A00719,1.2681764847096004e-13,-0.26253808255640854,2.8869568731103032,0.5143400299011958,-0.00972512142466578,-0.00012552112681787632,-0.001886032789624708
A00720,9.43261963622333e-14,-0.9186251713908611,2.603153828516976,-0.018647663325878184,-0.00973315230486839,-0.004959142400894212,0.0019636287198375895
A00721,6.780977268806554e-14,1.5601802735221906,2.2751632418512173,-0.1145987254593655,-0.008008604261914135,0.006216119604372386,0.0013840656007639712
A00722,5.937759323872177e-14,-2.262764166983409,-1.4002159079922816,-0.00029760866147002783,0.005002153474488056,-0.009232536877162,-9.2790356923268e-05
A00723,5.718444380285552e-14,-1.5419099956212425,-1.4803113879625227,0.06984291331153074,0.008243164411365118,-0.0084628778379328,0.00046139288298344334
A00724,6.312316051016581e-14,2.2775690246881095,-2.8077601103122882,0.39116441088093223,0.005556498487773603,0.006202528979407567,-0.0015051152922669667
A00725,1.950929424978951e-14,1.6588050705111497,-1.1281805719289595,0.22226808887221883,0.006087282578056486,0.011030942559654353,0.0008273351065381906
A00726,6.396278915074359e-14,-0.22661898751127124,-2.0002541349491287,0.1385028707247677,0.01215741801460867,-0.0029177096406230248,1.0859048816409987e-05
A00727,5.875576836254967e-14,-0.8602103815318753,1.8994558823361771,-0.00687877650212092,-0.01128900184363665,-0.005726599571988791,0.0002554908160141175
A00728,5.216304205648627e-15,-0.7669394306891526,2.1706902332076767,0.03311348887035583,-0.010196769695623694,-0.004102959553565003,0.0005755865827628556
A00729,4.150927671382856e-14,-2.642778920474878,-0.7388272825887598,0.3296497028785987,0.003332972368861998,-0.009587758999576116,-0.0001924147101923808
A00730,1.1344015273808019e-13,-0.9440682604216952,-2.2306212504377187,-0.29000784382178374,0.010986459085663465,-0.003708058043518476,0.00017820828185470064
A00731,8.71947243243882e-14,-1.176398054627855,-2.4265593595485893,-0.03517571951205197,0.008598547763585443,-0.004917064228274296,-0.0015490902900514296
A00732,1.2162639761188868e-13,1.7162341605123614,-1.3217250609845506,-0.13892236582075376,0.0068363358261782315,0.009332955587262605,0.0011507261299244437
A00733,8.18754472665844e-14,-2.320715345092428,0.33239171976311904,0.3165894958426854,-0.00076156246221923,-0.01082007204932733,0.0009532800247686452
A00734,1.2885548967739758e-13,1.0280432379038023,2.3103927071678987,0.04201785936621313,-0.010540665052003262,0.002581045532141383,0.00022844101587240765
A00735,1.2010255815446822e-13,-1.5755312519912268,-1.2683695282694987,0.03854510652875099,0.008472166250910459,-0.009263631810170156,-0.00021032038838402994
A00736,1.4828623392912135e-14,-2.040394504925718,-2.3208903685359523,-0.08003387673605099,0.007697740367046502,-0.005644022835683236,-0.0004489178173970483
A00737,1.474007319187263e-13,-1.7770360288981066,1.2206667197360883,-0.5950597833712866,-0.005865741254217825,-0.009649517059645948,-0.0034144637838599526
A00738,2.2254393191507714e-15,1.0825978511731997,2.080532632413572,-0.08387002667364529,-0.008931797653324367,0.007162558509493788,-0.00033166349800606797
A00739,9.004501679223103e-14,-0.18950148770022401,2.186984844522771,-0.015342725200158015,-0.012302196538442552,-0.001683643019906651,0.0001801268076284733
A00740,1.1956612887472245e-13,-0.884453303959513,-2.222809394505878,0.003164998531186412,0.010849902851948756,-0.004069701684695318,8.023056097608875e-05
A00741,5.0073126605445987e-14,-1.9445996320587446,-0.321170198213,-0.11863229039802453,0.0021702955547140083,-0.012433824205210995,0.0009949460658113531
A00742,9.030628529439975e-14,-2.1068830931637925,0.2256895631377396,-0.0056629875269038005,-0.001474693528937721,-0.012072399455452732,-0.00012287118177793234
A00743,5.463366162512064e-14,2.137742436805306,-2.503314394509203,-0.30644616418148657,0.007261869996989544,0.005518122864777802,0.0011417458088151956
A00744,9.145439401789097e-15,-1.235162760720694,1.7000226729219212,-0.03596459693852745,-0.009337007909058876,-0.007338966461197518,-0.00010627204472317036
A00745,1.277086033623933e-15,2.5083670222532084,1.0175509911490717,0.02579075618329644,-0.004417185693187761,0.009439766059025207,-1.2487430067429552e-06
A00746,1.431226730668624e-14,-1.136436893976212,2.379917247361303,-0.007204882047412128,-0.009708139052789114,-0.004474650683949036,-0.00016936829396589504
A00747,1.484748566808648e-14,-1.6244497946487138,2.263763781003942,-0.04897170383057295,-0.007417127872663409,-0.006254055403086188,0.00015011114727911783
A00748,9.216499234504297e-14,-2.5447073346834177,-0.2295703430363962,-0.34622712978008435,0.000640597363415976,-0.01079832223305845,0.0005341186960697188
A00749,7.933740183333066e-14,1.9578315942518325,2.3957501763079208,0.18153871886789671,-0.007429500475697226,0.0059937240748800255,0.00134471747824251
A00750,6.871591454165386e-14,-0.1237675019585568,3.135888633105384,0.0012275899248584538,-0.009599575806505755,0.0009685972710106749,-0.00023426848460152545
A00751,1.0439018479496783e-13,-0.2134390953694303,-2.1736164738006676,-0.39267077759794294,0.011919758206326354,-0.0015667379013153025,0.00023937277224239371
A00752,2.53904976066901e-15,1.027518385147769,-1.9268456368337001,-0.5390497049698858,0.01087530583500323,0.005071118840316754,-0.0002866836122880383
A00753,4.08835805625621e-14,1.562746724047487,1.4509246391489719,0.05275139452332153,-0.009073574625435373,0.008378715588084083,-8.696790531957944e-05
A00754,1.1728517000183914e-13,-1.5054572762207514,-2.239593571230247,-0.21718890964267112,0.009107938960698529,-0.0050732239544574185,-7.402270231683601e-05
A00755,1.3728807675148683e-13,-2.2433807130712444,-1.368662223775384,0.10421841983263151,0.006302410769474949,-0.009201208956958602,-0.0003936762753514808
A00756,6.613202137054029e-14,2.563337321065841,0.08762691554600896,0.039550754624930455,-0.00018188847856668135,0.010177914088524111,-0.0012817497730441205
A00757,1.2293930789782982e-14,-2.745718402336911,1.0344623005798486,-0.006110350838387753,-0.003961347399780657,-0.008241518349290617,-0.00021650560138760207
A00758,1.2050411775878297e-13,0.631997245194853,-3.3527370358579125,-0.8115968446094375,0.008716505724524417,0.0006296352122950813,0.0007285823344062244
A00759,1.3354551228401072e-13,0.8547461865223889,-2.0567823120207716,-0.364851380506856,0.010075029228312245,0.004809781528525221,-0.0006966034024030949
A00760,6.240912236435307e-14,2.764663951018842,-0.08400874431334612,-0.36316692647723714,0.0008045744392141242,0.009907917643494265,-0.001059152002245689
A00761,3.671533028953375e-14,2.5124061195269354,1.517791340826527,0.34950200174336815,-0.005350230033297838,0.00828876995646357,-0.001420845275861328
A00762,6.634476001757816e-15,-0.6199319211065983,2.12421745634143,0.24154432975685464,-0.010452148512555737,-0.00461706014735876,0.0023297460696002402
A00763,8.91767316004943e-14,0.8037129054450949,1.9097393179249116,-0.10250229308619874,-0.01132363945387569,0.004320447537483233,0.0005262673335598385
A00764,1.3727184081191026e-13,0.5687952555097033,2.1963535255090103,0.007694017411224445,-0.010730628020815087,0.003797263825319376,1.8984895392206658e-05
A00765,1.0227296854771367e-13,-0.25904450135652524,3.4599744182871683,0.12293163392365705,-0.008781820525165813,-0.0007790359237616066,0.0003817159698337739
A00766,4.786356450930737e-14,0.39442954778780454,-2.042594130453174,0.2706028692038877,0.01184825574468159,0.001288750490833151,0.00044056713704215074
A00767,9.699258947767168e-14,-2.0434579612561414,-0.8523618127183893,-0.038696307267099536,0.0044264367431756406,-0.011021569752830553,0.0003259335510719757
A00768,1.255340488747631e-13,-1.2988023312985835,-1.7830391502106988,0.006087771108383387,0.0092353013051825,-0.005554236585830367,0.003831341321274983
A00769,7.178863245348334e-14,2.2597242928590653,1.0017408081099737,0.4744339013507582,-0.004330661157783403,0.009093948459819074,-0.0005225752952674513
A00770,1.2367535202988307e-13,-0.18377518994844788,2.854879942483775,-0.28370130824749207,-0.009993035990882871,-0.0010892959289285407,0.0007186472776504125
A00771,5.912762631079652e-14,2.1003896383773584,0.7915539559809107,-0.1993876900745755,-0.003722090245499693,0.011128187580188261,0.00018570912552105267
A00772,5.257929718479665e-14,-2.487452909998784,-0.020889065840691938,0.026379411902167745,0.00011438500684756945,-0.011430575248028249,-0.001327209096800798
A00773,8.795556622676747e-14,0.5449890137871984,2.614563441866077,0.04393924823707752,-0.010217822692501774,0.0020856687623946207,0.002635978175231694
A00774,7.010739946890156e-14,3.3376626095959154,1.3577535795841398,-0.5173027669014612,-0.0028408353061895996,0.007691534853822398,-4.465468367090852e-05
A00775,1.4741665653814464e-13,1.8892295440108213,-0.37770188626094464,-0.3053915801865923,0.0013497943713451446,0.012624796273187425,0.0007020865968850786
A00776,7.790779376557298e-14,-2.3429891104001914,-2.104779442489524,-0.26315503498610787,0.005583059751939785,-0.007773793314604237,-0.001236997828985898
A00777,5.811112237186256e-14,2.7909163268541235,0.7549698739609435,-0.12606159297770797,-0.003618320224732526,0.009291096239602954,0.0005344199115367038
A00778,5.958383481018961e-14,-0.43452208875290255,-2.1597233252165333,0.01687621001988138,0.011707667035949242,-0.001799486314642949,0.0002564537628851999
A00779,8.266779848023072e-14,2.3692212587094827,-1.7254920799968863,0.30602400325740575,0.005355093199407683,0.008603453664034885,-0.00021240511062814026
A00780,5.354581989691603e-14,-2.806098518630349,-1.2010647994888441,-0.120299213550828,0.0046636641498846755,-0.00882593601889159,-0.0003435339110149892
A00781,1.0906488792029994e-13,2.5664893195459526,0.40346955234681525,0.14202704692090146,-0.0014011168415397869,0.010081616062703786,9.148104903911851e-05
A00782,5.743083760256105e-14,0.7108016501400811,-2.9217174222870854,0.6798164503546223,0.00935301595576242,0.0034908989522562323,0.00015500549853926518
A00783,5.795608272349415e-14,2.684186796195986,0.3292814302544292,-0.028917791939114278,-0.0018192401924572476,0.010142816904106216,0.00012675324732253708
A00784,9.308280126921303e-14,0.1830855428913063,-2.6561311946932777,0.38211700315846386,0.010730431033398883,0.00019519880908573666,0.0006095017894306603
A00785,9.180425634749478e-15,-1.1702311007337787,-2.620586192704401,-0.33487774922740804,0.00908890861229084,-0.005524908225935772,-0.001441195514376023
A00786,9.88734152788957e-14,2.4742591267850838,-0.5731387049370296,-0.0468869792264317,0.0005981388091495412,0.010691960623481727,-0.0008903766256510866
A00787,7.618528827459755e-14,-0.35322320652146133,-3.1909975561113915,0.1243582913421089,0.009371267483772093,-0.0006527111577858444,-0.0002530483686078048
A00788,6.834821810732784e-14,-1.6507422025238956,2.1837581082739828,-0.13070649129678505,-0.007786525477998124,-0.005951198850861392,0.0009204872082989514
A00789,1.0851367028891293e-13,0.41083114067760307,-2.9082878250913144,0.01619379963166324,0.010022856845282523,0.0017198798412101544,-0.0012437069302587307
A00790,1.1439799260017818e-13,0.2688747983616422,-2.911386044419361,0.1359058577600399,0.009732179059390472,0.001466540963939024,0.0008139203100834922
A00791,1.2767525422202716e-13,1.1555206220763883,-2.1915341533513164,-0.04705947406944191,0.00936502720055212,0.004480970514719872,0.002365705382373179
A00792,5.654677286663282e-14,-0.6211854676653692,-2.765903264472486,-0.06924978715745281,0.009382408932049894,-0.002594206798598304,0.0006725856904393618
A00793,4.934043794390767e-14,2.112750158181761,-1.8250545178787108,0.34845493375475933,0.005566368661204707,0.007730066719823667,-0.00017182289636008479
A00794,1.0777276806099883e-13,0.41870947096674793,-2.1509581643423616,0.16608562828949103,0.01117087011695584,0.00314104458609621,-2.9921342020947205e-05
A00795,8.777697221344785e-14,-2.472845546306142,-0.2853028551672498,0.019782442744130557,0.0017160833268431417,-0.009807619967549284,-0.0009669470656115518
A00796,9.531993548004175e-14,-1.5551043279181458,-2.422592453527408,-0.28991106246484327,0.007582793749192079,-0.005034107158595699,0.002162275568392389
A00797,8.38118335246916e-14,-0.14239690716130482,2.0955336999541125,-0.5124199702688983,-0.01142265020316572,-0.0018321246793536864,-0.0003583961228076638
A00798,1.165761285149553e-13,0.9825017211564742,2.1661524019212695,-0.1460673114635563,-0.010242860028676684,0.0035637226078095562,0.0011228965213595755
A00799,2.8671831361175905e-14,-1.943499367606677,-2.079040123247238,0.28993508750219543,0.00816224129840632,-0.00641167686519264,-0.0004524285286334948
A00800,8.384038185654613e-14,-2.4291488488947617,-0.9096695678506446,-0.24274334812915702,0.0034229870666418363,-0.010707958314554084,-0.001154471212266241
A00801,2.3853203005979472e-14,2.4368100104056682,-1.7330451548429582,0.23822978556849156,0.0049513425153535654,0.008561354276408409,-0.0002099068354652254
A00802,6.144230213951344e-14,-0.8029354256027655,-2.568254916227781,0.09085398449038298,0.009620124536830742,-0.002917689497464652,4.862054261733058e-05
A00803,1.001767605400127e-13,2.8872725735994376,-0.2670897375847738,0.05018007958007205,0.0014519637103819034,0.010388449302158573,-0.0001496752357339958
A00804,7.438985220930807e-14,-0.3271153358350576,-2.923826622175732,0.1596421637918456,0.009789350746418363,-0.00030678964819455,-0.0002864148998111871
A00805,5.72691976293923e-14,1.6154834068712614,-1.5393702364258868,0.4655934670934226,0.007492529778409631,0.007723190060093263,-0.0034650057335877025
A00806,1.3351527327778666e-13,0.3582359229080872,2.27424195490205,-0.07168050496635855,-0.011062410424114032,0.0017680462298629677,0.0007986540978637787
A00807,1.1659614755240412e-13,-2.1870733904618103,-1.8919882986113796,0.16623638383017786,0.007205271472954446,-0.007217278662529401,0.0002621894645804064
A00808,7.94016048566624e-14,0.9418944389956312,2.1621330465470185,0.0015061644696711906,-0.009802338568252453,0.005035228219011096,-0.0007161155694972416
A00809,1.4333432068348563e-13,-0.29171668667993855,-2.6331209547216865,-0.35178404680402087,0.009959899614194087,-0.003570687456915271,-0.0008417908034120654
A00810,6.402418063395914e-14,3.27086881414173,-1.0072915710272277,0.6115504760293082,0.0030143928806991844,0.008341753536374381,0.001112909079198984
A00811,1.188964833281388e-13,-1.6918242201872384,-1.521133755986141,0.18173001394729058,0.006903658606303747,-0.008476819991091901,-0.0004636853007875806
A00812,2.5336919342099994e-14,2.0572906639033963,-0.7817434867488768,0.1545289874207906,0.0029937673938184805,0.01090278623557231,-0.0001235644148737226
A00813,4.311780280351325e-14,0.11621578581372448,-3.1053361800736092,0.3050172220437481,0.009838582392427152,0.0014309348816709362,0.0010173163868755029
A00814,5.100722480832254e-14,2.715556644208396,0.753016700734532,0.0967186801995493,-0.0030968877382902553,0.009682151142490946,-0.00043592967541057707
A00815,1.5965601689039453e-14,-2.0988716928573266,-0.6223277169785549,-0.010773228139515412,0.0025216131902959325,-0.011563709910100752,0.00013935432967334045
A00816,7.570742466218011e-14,-1.6706821104555518,-2.7815964873426218,-0.004485131482290927,0.008023056547732868,-0.0050376225581667995,-4.358631103410951e-06
A00817,2.90066473106532e-14,-3.155274063280804,0.11017903494188211,-0.001983165836063458,-0.00037257798364829175,-0.009701409933087176,7.604152444899537e-05
A00818,9.567965956187829e-14,-2.7930929075421496,0.547064641837386,-0.2281452105720002,-0.0011840095978238238,-0.009930283461221047,-6.708404743820363e-06
A00819,2.86795967651239e-14,2.897327248310872,0.47622753162004267,0.16730795172721105,0.0003347088742181293,0.009822371572409108,-0.00015086802691827896
A00820,1.8633800708849147e-14,1.8686662303678072,-1.7796034255487692,-0.4235520851378847,0.006726933381123815,0.007566934886509245,-0.0012667584571181944
A00821,1.462059016193102e-13,0.35765956331288834,2.1129683960518126,-0.011863487158134116,-0.011647163405608965,0.0016906355124072104,0.00016730940714695656
A00822,9.930873158912434e-14,2.7902133188425324,-0.7593377982998961,-0.06736478576297525,0.002082949211467843,0.009666012287932556,-0.00105172766965316
A00823,1.412821606368876e-13,2.467211171866821,0.22071826387849805,-0.17857179671117118,-0.0005202846141939027,0.010796123643737278,-9.779630843050645e-05
A00824,7.390951219288075e-14,3.055574187029169,0.04521901140076271,-0.3570890271553878,0.0006164707633064192,0.009388296759399332,-0.0010445142297190746
A00825,5.0399078268966645e-15,-3.1118324432699893,0.8400211598035163,0.1243295230070344,-0.0019759512321075555,-0.009168723083293386,0.000789713806321364
A00826,8.665545708925091e-14,-2.2618233711742812,-0.5754838432727173,-0.07146142318280947,0.00290604429046121,-0.010293470273711318,0.000778683764050589
A00827,8.423516961373604e-14,-1.7939053062835082,-1.9590482081073217,0.050099512036556805,0.007690034984068124,-0.007692097531764585,-0.0003235830048729273
A00828,2.259861504258176e-15,0.5639846759989671,-2.151220284839465,-0.014278432953735492,0.011207549004826213,0.0039118384359219174,0.0009520402179282309
A00829,1.299354539311657e-13,-2.7456186901263044,-2.0888739753809205,0.2682433540208071,0.005405129874186143,-0.006943248477617328,0.0003912349603302384
A00830,9.35350215061061e-14,-1.2219995341701269,2.4674926413832456,-0.06651634885197628,-0.008678183449256261,-0.004054333437019105,-0.000263333594980187
A00831,1.1235150951318072e-13,2.485762392047191,1.2458562585619164,-0.017779118981507757,-0.0040481959562217165,0.009449479642324163,0.0013937400890537198
A00832,7.451801532140199e-14,2.669521999745082,1.0893831830154945,-0.19300795519216973,-0.0033659743255634385,0.009200365200383814,-0.0010320774941355822
A00833,9.329842188720021e-14,2.030822430171039,1.7415007637737905,0.18749378708995715,-0.0061500422766646145,0.00810029968116839,0.0012507441625930567
A00834,3.8844795495362785e-14,0.5127633690689649,-2.9149482716630866,0.21286797907547045,0.00980381769941029,0.0009743254175790399,0.0009979275862918152
A00835,1.4691061799917845e-13,3.0367131807868493,0.588304428634495,-0.04319882220715729,-0.001992090238113477,0.009333544976429728,-5.362232368739649e-05
A00836,6.045683442259224e-14,-3.0179812265206882,-0.0555094973761678,-0.2440841762846248,0.00015746338554803734,-0.009219544315922595,-0.002138511483130075
A00837,2.4490600348341886e-14,1.7161433331466682,2.0510367061917725,-0.674472585087405,-0.008528158220806058,0.006415724953820451,0.0012988414520481255
A00838,8.436420764190469e-15,3.0173206142837055,-0.746700604660033,0.07272979108787307,0.00219637664371444,0.009731724912962465,-0.0003155007249647959
A00839,9.597929249809061e-14,1.4385031547588205,2.1196134401622047,-0.2998707536224287,-0.0076937488092515965,0.007334914697941939,0.0014297398367942979
A00840,1.4836229461499825e-13,0.32269650522951365,-2.4204054611190604,0.1766678358877627,0.01150456036911096,0.0005920699667094728,0.0006606754494770693
A00841,1.351483569072642e-13,-2.0927442650924792,0.12095280094795155,0.01587665851450656,0.0008210561459145252,-0.011937903563802189,0.0005859781426745748
A00842,1.0592650034516818e-13,1.8336682905146569,-1.9758118454873497,0.0013457086115774032,0.008050779146063594,0.007563599900586146,-0.0006494845852343384
A00843,1.4945128068310273e-13,2.280125331780156,-1.1370169468762807,-0.18770229715052603,0.00407978127219882,0.010286289978886018,-7.102963654367733e-05
A00844,1.0905306883401303e-13,-2.02662505374326,1.2631148982882232,0.0024900965690881505,-0.006270976707480573,-0.009735742325918818,-3.505067683061596e-06
A00845,5.118306927904137e-14,0.9587122296413289,2.0155538620996127,0.0609845008482924,-0.009726567317298604,0.005933143053461698,0.0008227947680811563
A00846,9.070583850896362e-14,-0.546252830279427,-2.6476076787984137,-0.5481553330684781,0.010710323739277529,-0.0025738555478312546,-0.0005181857964469303
A00847,1.2034837326701423e-14,-1.1625683602026515,2.2137058481444876,-0.1401222711915731,-0.009373033122942692,-0.005694547466460442,0.001066378622370886
A00848,3.344557644031443e-14,2.0712250687042175,-2.192463706619944,-0.2334669916927311,0.006924750097474811,0.0067531575530593,0.0007043057340916428
A00849,6.299448985315933e-14,-0.820353787846744,-2.5353942712407065,-0.3143689670427252,0.009131949934247874,-0.0028057482371184874,-2.079362068540523e-06
A00850,3.044870993800259e-14,3.741799828930002,0.06879313781543886,-0.08684157984348757,-0.0004912680724563977,0.007965689514938435,0.0017419692817924337
A00851,1.4385449664688749e-13,-1.095192034686463,2.053081575234995,-0.0524163885706046,-0.010259578358082042,-0.004588371561204743,0.00037656871662463006
A00852,1.5020556630266894e-13,-0.1619770639477578,-2.4724891900772086,0.03329571179200027,0.01057115572202869,-0.00023588878938975226,0.0009837021308764858
A00853,5.5963331154394836e-14,0.8501315467790217,2.583238072864012,0.3859892845297332,-0.010300195225330794,0.003770968936501584,-0.00029310250183057606
A00854,1.0700135611509024e-13,3.257281689902653,0.7635422406670354,0.004047242928470545,-0.0025972583855063238,0.008773792241580314,-5.93661710010897e-06
A00855,6.152057181060891e-14,0.11966252060500558,-2.3850336015536957,0.037410360990528295,0.010975598007909353,0.0014158623386060273,-6.29522114110686e-05
A00856,2.104815350830414e-14,1.7124398563020997,2.1025071238822197,0.6191816590845275,-0.00834355305982146,0.005499607959923589,0.0010786792290442234
A00857,5.083240752125245e-14,2.821695372067194,-1.0731604953949345,-0.4760864618128263,0.004049597999450106,0.008569925667679335,0.002017790419937282
A00858,3.520911869075231e-14,3.032068279377498,0.14464946893488387,0.09415365094769464,-0.0013711200381486966,0.00966773071808163,0.002255096087080559
A00859,4.949742165786032e-14,0.22552681822801712,2.503265268898719,0.600629256264016,-0.010194033550881018,0.0010851289239507352,-0.0027718836447853897
A00860,3.2440666189395146e-14,-2.5292917097806344,0.6351950226886888,-0.06580802845705842,-0.003136139989326194,-0.010345902143683666,-0.0013725487694145058
A00861,1.6949928021219765e-14,1.4161812985349542,-2.5692132992437804,-0.18522218656001613,0.009006908637868518,0.004429816750209531,-0.0012581892706062024
A00862,3.2803769420858504e-14,2.653641001815157,-1.4026171541911612,-0.40222658859586036,0.004407342240480391,0.008725598346504488,0.0002763174577560976
A00863,1.3665139720082326e-13,-2.6827619960621987,-1.750270641893632,-0.19332310421632354,0.003934006734499021,-0.00842749639470929,0.0010805409960821842
A00864,1.2857834169629333e-14,-0.045834579057661536,2.652527805172724,-0.18232107614023524,-0.010761674042309533,0.00031228430519215244,-9.592664388269791e-05
A00865,4.8996297842022554e-14,2.0971648767961537,0.4667482908660853,-0.0021864897450781496,-0.001984576272420537,0.011720387508986786,-0.00017866660037648582
A00866,7.972734811231554e-14,2.8951788778248004,0.5407060554213914,0.1403831852321137,0.0006200132237279318,0.010306403774422816,0.0007334720531937547
A00867,5.3485565455275097e-14,3.235508504215847,-1.1222150360949041,0.09804171670370418,0.002994106211211558,0.008312683675009556,-0.00012945854286419237
A00868,7.80915029638723e-14,3.034708004028575,0.4301945400982348,-0.5027231652574291,-0.0015498944111543426,0.00951978286465356,-0.0003582466390469426
A00869,6.551255311996638e-15,-0.5909558905893163,2.072895399479738,-0.01386810831842501,-0.01162648334527515,-0.002426752374789541,9.245865372673637e-05
A00870,9.784972438089585e-14,0.43538717258163173,2.345036463095509,0.029278057903443434,-0.010930708135652532,0.0013623725325312454,0.00021207510695664766
A00871,8.501213344330893e-14,-3.0322810104024285,0.032457359985096836,0.4384335806543919,-0.0009254888075341655,-0.009686649299670263,-0.00039520397475548494
A00872,1.0273738039303666e-13,-0.7683630257907524,-2.0319485571968667,-0.053690542291659905,0.010638766024872303,-0.004483723550998686,-0.0009027422736568408
A00873,8.558227053481082e-14,-1.538965887719223,2.8719310452593225,-0.03671546388645278,-0.008565017568908052,-0.004121392349001472,-0.0009725831880828478
A00874,6.60666928966072e-14,2.225684998485435,-1.18651551201087,0.23051520885019391,0.004770643626481358,0.009716391094936109,0.0001725085066813489
A00875,5.282609873253428e-14,-0.0367948683298548,-2.618615508977581,0.376915165494903,0.011137048008311957,0.0002625443552736687,0.0002710339930191232
A00876,3.416261275993239e-14,-3.0000149763948962,-1.164501514538071,0.23397313274225112,0.003456832135069649,-0.008859605268307782,0.0003005149564234687
A00877,7.544535143816953e-14,0.6494055232875152,2.1704369572499482,-0.042603014293452555,-0.011376143774998584,0.003874025113041788,-0.0010275539472825457
A00878,3.9310171442363805e-15,-0.8888888928480575,2.330153874235801,0.009518795029707644,-0.01025138585940912,-0.003399681063426137,-0.0011873686859691498
A00879,4.952195416021848e-14,-2.3370745595124167,-1.2753238482998592,-0.3448091282880641,0.004197949537129623,-0.009935829775423495,-0.0006094295192695573
A00880,1.0227059507916401e-13,0.05229912006008474,2.647121296014948,-0.054339236983377025,-0.010799186190141918,-0.0008460174693526024,-5.085823126928531e-05
A00881,1.6402562366476785e-14,-0.4818211357297879,-2.3037465076689,-0.28487729480594615,0.011075270909890599,-0.0032079216628653822,0.0017533377821772071
A00882,9.488858169656197e-15,2.726770477663885,-0.41983172459860557,0.11820695334389006,0.0015905180972593423,0.010126717215254493,-0.001933670760359363
A00883,9.839420730954165e-14,-1.8545043429362924,2.8568216163537237,-0.08576458658546357,-0.007434309878439837,-0.005161159214332465,0.0002131895203121174
A00884,6.001248123833095e-14,-2.72084904182512,-1.0675070710853956,-0.3152698604030387,0.003608941141188323,-0.008812379914445216,-0.00036250121900632245
A00885,1.209712538483245e-13,1.7578395592732172,1.413459659749112,-0.4975134959365198,-0.007267780543884308,0.008692642700176832,-0.0004054189029074345
A00886,1.4141196692939456e-13,1.554123622329117,1.8192264507197307,-0.02020638716717071,-0.008592667960237634,0.007528692046978543,-6.48679065058126e-06
A00887,1.4438848917978111e-13,-1.7362441274493263,-1.882959852901664,0.04007711328213973,0.008451513043296738,-0.006738293067091655,-0.00010002103736169299
A00888,6.420938237710395e-14,-1.949512330156676,-0.6291285116674301,0.018916819974965884,0.0025649259812592184,-0.012335409737077167,0.0005951169197234597
A00889,3.9879355964779657e-14,-2.2398962204992574,0.08859709344472469,-0.08829575506515558,-5.816190744877634e-06,-0.011574483302241095,0.0013870534354610226
A00890,9.182160807505502e-14,2.0260182259623924,-2.202582191220352,0.6019282773406989,0.006935328588737596,0.006637838647716636,0.0004819018203852625
A00891,9.477550558245536e-14,-0.19027817603138164,-2.084910414402289,0.1742258275136786,0.012621956906833928,-0.0022187873831324657,-0.0002952896313428819
A00892,9.389322367339358e-14,1.796940373509131,2.574318910641664,-0.13708272623702358,-0.00831218609219617,0.005148851619226234,0.0010084232635624185
A00893,4.854700465033449e-14,-1.4744269087755522,1.6823861936234343,0.018259107503658677,-0.008271572181630733,-0.00696777179517827,-0.004920156725917431
A00894,9.618680278532989e-15,1.686208959941292,-1.1865592296982372,-0.11028109561415729,0.007895348102364232,0.00932894183339378,-0.001802407882231347
A00895,3.168377780043996e-14,-2.034417366878146,-2.075707851090909,-0.4926357822625909,0.008012048788243546,-0.00621424845419102,-0.0003134788479832501
A00896,2.329764793396033e-14,3.3753138755272256,0.021077098234979753,-0.2320666076681318,9.223110221116697e-05,0.00898118604281379,0.0001637296832860025
A00897,1.8693256541284143e-14,0.24636103347883087,2.213957152688142,-0.42639834316395914,-0.011736090037532836,0.0002858726397812719,-0.0009973109823484053
A00898,1.3974818329577557e-13,2.028133688462745,-1.357614710143849,0.016288490521898517,0.005552353728723668,0.009209790036685778,-6.962302194715944e-05
A00899,2.0896870179305717e-15,2.0367130938612923,1.4477720790535438,0.1993679460161443,-0.006582845607769162,0.008028533416888192,-0.000159329503042882
A00900,9.080233542027653e-14,-1.7379128469448066,2.0291544981909495,0.693092645845058,-0.007989522030454162,-0.0064799022652171166,0.000516297874208623
A00901,1.4294517455543473e-13,-2.523438299382893,0.6306134855278145,-0.07707231668257346,-0.0029015626809319084,-0.0103715463861415,-0.0009780521182159638
A00902,5.432145226989136e-14,1.6034388197549887,-1.56111330360316,0.27872178464938735,0.008128816345387788,0.008496825982750367,-0.0010188808070035165
A00903,7.952340224074267e-14,1.2558641440431477,-1.6284099271030623,0.5540071772302954,0.009468898121633436,0.007105067730646752,-0.00033136586370101606
A00904,1.0497287022629681e-13,-1.0778855013357755,2.5962402959222635,-0.04327900169858244,-0.00920768303385751,-0.0038967548273579978,5.370215907003315e-05
A00905,4.7851660436303786e-14,0.7535549962994591,3.0877616720775403,0.9201602829433305,-0.008871628135996991,0.0025774326089879423,0.0014606578936337635
A00906,7.206350543894906e-14,-0.11629459590409964,2.857204591713212,-0.5334075782502591,-0.010022935598225704,0.0002597894696270946,-1.5749360479300088e-05
A00907,1.2327620632796837e-13,0.9647145241678898,2.6009743547297925,-0.08919925073688391,-0.009545342277132692,0.0033573993664176268,0.0006935168734088457
A00908,1.1245176151936605e-13,-0.3902878298206908,2.1641219588847425,-0.10144402138897969,-0.010573640004976952,-0.004744175950266264,0.0013337844427825961
A00909,1.219706684025611e-13,1.5946076000345095,-1.77485230986634,0.12986453019335134,0.007155983632296489,0.008543575743585307,3.84703859300361e-05
A00910,1.4895978402899375e-13,2.1356659784448278,1.0028561760401913,-0.04404729198768361,-0.005252463093148531,0.010070221259797625,-0.0004270445897600072
A00911,5.587153547872423e-14,-0.7696603700717364,-3.071310169025306,-0.26769736436967595,0.0087605887725914,-0.003307665525009503,-0.0009522545383983543
A00912,1.1271360985555176e-13,-1.2443038409520086,3.4038029151321707,0.3800204356322157,-0.007851546391806527,-0.0026111206524619536,0.00012076569283241844
A00913,9.094216525571307e-14,1.2801927365864696,-2.477794671453171,-0.34632861748728544,0.009550766607921524,0.005014374226443102,-0.0010925996859610183
A00914,1.0057067170316459e-13,-0.6667752912279192,-3.2207038873439475,5.7877864310665236e-05,0.009340823267714602,-0.0016933218970781596,-2.5882389021094196e-06
A00915,1.1162473237010139e-13,1.2895268698805669,3.136838028802181,-0.0686704738862401,-0.008140392182893065,0.004171450078891092,-0.00035509204983258207
A00916,1.1311191285389144e-13,-2.2499867472441863,2.6769846612287838,0.2284460234947475,-0.006572468857497923,-0.005876249470962935,0.00023894854217125652
A00917,1.3363221926571513e-13,0.2554056723165653,2.0880088305829885,0.03417395587802916,-0.011804527831000715,0.002436876837731961,-0.0001225657741646954
A00918,5.270240599513263e-14,-1.6609726879410205,1.4962862811538684,0.1099189725034236,-0.007487403400882393,-0.008837635072601577,0.0002800223895382646
A00919,9.859075236348401e-14,-1.9425604948707234,-1.3879139830062948,-0.005161102357728317,0.007536196655605254,-0.008472189459080376,-0.00052011219062174
A00920,4.228771326126376e-14,-1.4634579067706464,2.040055820472391,0.04908534318490653,-0.00839452727570171,-0.007527437116663777,-0.0012903849240899583
A00921,8.97026442271633e-14,-2.1152172560633153,-0.43017812198367306,0.12652230544927784,0.002270206998823671,-0.01167033973578106,6.493107336269146e-05
A00922,1.1332974139737497e-13,-0.4732681617348037,2.9015085255520865,-0.031047530926243096,-0.010164556896382583,-0.0016679980510593236,7.965127417920503e-05
A00923,1.1933825244907187e-13,-0.2517634099525078,2.815827294085576,0.2475391844231,-0.010170400496704628,-0.0007535363370216082,-0.0003076914928251924
A00924,6.338437631557622e-14,2.1869060073146644,-1.9262189504425624,-0.09769364218919749,0.007236401229596644,0.00649089872173004,0.0007956990374115761
A00925,7.675074717757106e-14,2.3517234144821106,0.2336826170235499,0.38413870186317967,0.0013048028074730343,0.010761122124560112,-0.0001854990256828617
A00926,5.036818332748328e-14,1.6588183485058805,-1.7137990825701177,-0.3095442916689082,0.008083680771490447,0.0075544810800748634,0.0004775088800375234
A00927,2.5502891633035758e-14,2.3889745805811247,-1.065724415676392,0.02448161793209987,0.003602646487702294,0.009143385105471184,-6.190698350168127e-05
A00928,3.93045713741492e-14,1.8032179749217807,-2.533558076345358,-0.2904086709336477,0.00833828783136751,0.004964069457473716,0.0006694851472102034
A00929,1.3761393902495005e-13,1.8314754241585096,2.589244805819498,0.3461327998612861,-0.006774586970690905,0.00577113369951635,0.00036729351926283795
A00930,4.661450952403224e-14,-2.3526342057998524,2.3975356109381236,0.26183658209907523,-0.005317470228768557,-0.006951722342918667,-0.00017035671868863205
A00931,1.4706172348808355e-13,1.7504432014602789,-1.5282714659670031,0.028506936044572505,0.006408460499414526,0.009356418023247076,-0.0022536428555459905
A00932,3.643212323370697e-14,0.37651575684536653,2.541861841378223,-0.19648437800526428,-0.010464958591134405,0.0013101279976505604,0.0013017126787678692
A00933,1.090897037286084e-13,-2.6550190857279548,0.8269891637059724,0.18775387936089463,-0.0025411187762099806,-0.009585969729987091,-0.0003543929661036797
A00934,8.658486885306649e-14,2.4533005725458388,1.5997734231095802,0.1013225738797159,-0.005215478606974173,0.00869492871759119,-0.0004497991822946084
A00935,1.0513677248708306e-13,2.8868893564078077,0.04191667078951529,-0.01628612196089306,-0.0023304943367123527,0.010054986093188216,4.549028825066747e-06
A00936,9.715396260683225e-14,-1.598139970664442,-1.4355056963228874,0.3414727260736612,0.007905426536807151,-0.009199683521140683,-0.0002217060244386741
A00937,1.0662713962528636e-13,-2.5524883991230407,-2.026944601864214,-0.0007392361432918785,0.00554757987465407,-0.007730651736100826,-2.6649915372568487e-05
A00938,1.366197171612291e-13,-1.8714813280903984,0.9961675443453211,-0.16459163805526145,-0.006016524977326245,-0.010387815865170055,0.0017671599037514482
A00939,8.501072953036675e-14,3.4767168359692526,0.5319338685751014,-0.1997573773433017,-0.002492766227207236,0.008236262394349242,0.0005013652884171326
A00940,1.0236798655456536e-14,1.0977041052191845,1.9769124135056666,-0.15303256918483443,-0.009708918482603338,0.005720716296316758,-8.108573669167003e-05
A00941,4.085973613312518e-14,-2.527321992733885,0.22807025251061355,0.5719648255240215,-0.0003725956016000984,-0.010152781817315121,-0.0016207797011464032
A00942,1.0684897730599342e-13,-3.4231398734121545,0.12374049887058616,7.233194228679359e-05,-0.0013020676659825528,-0.008750963347888968,-1.4626355649607948e-06
A00943,7.454117704469972e-14,0.16917636329920593,-2.415725617132101,-0.521911880270174,0.010225189037851955,0.0010585914920695969,-0.002394226526080103
A00944,8.276013529694863e-14,-2.8257443603278087,0.4636037619100754,-0.04216183264486882,-0.0018097042591453734,-0.009475914709718555,0.00045586394149912013
A00945,9.000615550329252e-14,-2.341905989073997,0.041859959538677084,0.6185183859395941,-0.0007668527564164724,-0.011478874726317152,-0.0008412535733010747
A00946,5.772749866284028e-14,-0.0027230757592770025,-2.518121841679968,-0.4993094510857609,0.010301633468983542,-9.939766299692824e-05,-0.0010813501816312719
A00947,1.1675754908589593e-13,1.5139288893826703,-2.6320655382257563,-0.5824928127570029,0.007732667609183542,0.00538840956510969,-0.0015134620902485863
A00948,1.0915967635120503e-13,3.126800866990576,-0.6071653671023078,-0.23293678958258884,0.0018047559579317505,0.009242117016362048,0.0011610867133357201
A00949,1.0776632755763073e-13,-2.8833466406276096,-0.7894339486237081,0.21860002901676578,0.0023325584455643864,-0.009881390309420647,-0.0010386320436214255
A00950,1.0791882045004922e-13,1.0707562389626952,2.3120290162500425,-0.23821010048756003,-0.009788436880037379,0.0040773424909360395,-0.0003723820288622796
A00951,1.3432815689362812e-13,-2.2518389874544886,-1.7207586064101483,-0.026016548962105014,0.005543399311805854,-0.008403313650451442,0.0002935767873242297
A00952,8.982697171202125e-14,-0.25488413061807585,-2.0856610578540136,-0.29579242757841134,0.012336958137367607,-0.0014327436386775798,-0.0013740564303848753
A00953,1.4590197125271591e-13,-0.9747873816238927,-2.1111008943274494,0.20913778458125787,0.010169361176941248,-0.0052187172691944075,0.00010605651996223156
A00954,1.798301514456189e-14,-1.927956463854646,1.4609064377743293,-0.2096198814306559,-0.006528029575057688,-0.00850914981990608,0.0004000819126260575
A00955,9.534368686436442e-14,-3.0244109678060243,1.306019786339279,0.3952249750789932,-0.004136712519586442,-0.008353755110526027,0.0004155968546166238
A00956,1.0816268128470268e-13,-2.515094581850753,-2.1768386773775577,0.3723185644645431,0.006729797325123902,-0.006212231376301515,-6.017613347414501e-05
A00957,7.199839377305008e-14,0.3526518032695859,-3.046526814164754,-0.11177850795828782,0.009768752711121261,-0.00021835766182519905,-0.00017211839640218248
A00958,4.3482289261942336e-14,-2.5156395846903483,0.8920586900530534,0.5023356336191525,-0.0030865950674528564,-0.0100079362888133,0.00022352065980916472
A00959,8.298424707231036e-14,2.8267916124182126,0.1019734647644426,-0.029845378870545475,0.0010405393708451704,0.009860156676284055,-0.0004297397126844632
A00960,5.502971598240382e-14,-2.4215720313950273,1.7634167174431363,0.16939021472897559,-0.004983094042954905,-0.00798995036037814,-0.0008645175980991758
A00961,1.371593799233953e-13,-0.8459707871142786,-2.5715720019420507,-0.31557749019544845,0.010058990873667262,-0.0029234519471765426,-0.00032705467162722027
A00962,5.382951061246282e-14,-0.8147684784234821,2.6842341825618776,0.42549730125781826,-0.009527200502818741,-0.002127436959277323,-0.0005512191587524458
A00963,2.6509287091907863e-14,-0.588981380203831,-1.953913437771331,0.29707309326659626,0.011866452577638133,-0.003984524610080144,-0.00029573688208359806
A00964,8.695990669232911e-14,2.135062806884984,-1.148502499876889,-0.21588434923066555,0.004854710435012157,0.009335696004022401,0.0006152412681539901
A00965,5.974361263761557e-14,-2.962774592405798,0.4894690933914474,0.9762009985068176,-0.0009042984059854611,-0.009575126672676314,0.002044238164025191
A00966,1.4468585164527253e-14,-2.3464574829267097,-0.11150493593955599,0.5854873774021225,0.0007047413941749044,-0.011585256796215766,-0.00040055921628004274
A00967,8.521785114033479e-14,-2.6626301029265202,-1.791721556592436,-0.31086357236131407,0.0047271634174464346,-0.008220880306359568,-0.0017298850073432835
A00968,8.114499363998415e-14,-2.2533787150221474,0.4769549154980251,0.09340149256400825,-0.0017606382321772483,-0.011198980167244466,-0.0004629205073256864
A00969,2.6130619417377126e-14,2.882936069487034,0.11623946769837826,-0.09991931706046633,0.00016478109170871215,0.009814037244714345,-0.0009938680069500909
A00970,9.016573196969726e-14,-2.108041947320231,0.65004810442486,0.33350293522520874,-0.004347130539923732,-0.010787812136797414,0.0022031331416177934
A00971,8.559753217210862e-14,2.238053099451213,-0.8310802532984697,-0.4254742998714564,0.0036424917049061112,0.010342258090608226,0.00019474072237151907
A00972,1.1671486786315823e-13,0.36954317411455173,2.258527556826568,-0.00016896349015202246,-0.010784019495558989,0.0017856892292435636,-3.738760165543264e-05
A00973,5.455029111973551e-14,-0.12816045007756016,-2.5357021769855783,0.06880394267274798,0.010066282149656085,-0.00020206105280653753,-0.00031758688805543455
A00974,3.753066847353399e-14,-2.0049429921294446,2.372564146728405,-0.003182825205692565,-0.007127849960545846,-0.006884549574157446,-0.00018140153879881877
A00975,1.4351034457213118e-13,2.629898037523068,-0.5536041644756586,-0.08431895360153134,0.003124191111336176,0.009521832079879685,-8.175917632773815e-05
A00976,8.467097598521158e-14,0.690150508697057,-2.735742431437097,0.6410034649787224,0.009606174315643428,0.002795984510217052,-9.746586367953305e-05
A00977,4.095088447547716e-15,0.8773044154107908,-2.7519142283718643,-0.11289947697652626,0.009407458761706969,0.0021928295197118654,-0.0004562294240596604
A00978,1.2382066841432803e-13,-0.3645670509793696,-2.138614659780205,0.21844348538678915,0.012249391000677295,-0.0027044159142746863,0.0002373609767656612
A00979,2.968524620317194e-14,2.779989663912211,0.1887610862677709,-0.35721352563071623,-0.0002915431435806888,0.01004206544942398,0.0009920750558999726
A00980,1.1858922149061106e-13,-1.921791815237993,0.6190152979713632,0.3223042809095819,-0.003445502925008661,-0.012285577836030593,-0.0005840868999027804
A00981,1.0638783737464597e-13,-0.8249178666765558,-3.3625084105463348,0.21480324764534886,0.008706179015719033,-0.0021265861973877695,0.0007672101784389661
A00982,1.4616471380771292e-13,-2.4615752375549307,-1.7253828737433556,0.10696719187097321,0.005592255678716261,-0.008372508682243292,-0.00019936630994261395
A00983,1.4567673884899256e-13,-2.887171849757469,-0.3397403350312695,0.8748037190313674,0.0008449297607777092,-0.009601402044694809,-0.0019199249661551797
A00984,4.1400631131524903e-14,-1.362859793934968,-1.949880441354527,-0.7162113449701014,0.009464229547318688,-0.006168917481469293,-0.00046904470942102204
A00985,1.1563418503545154e-13,1.686815990425764,1.4876508658585637,0.14106872456172864,-0.007653024265003591,0.008443728572829342,0.0014581262215527726
A00986,4.7804195627236727e-14,1.5369620812200318,2.974722117107079,-0.1571044083931346,-0.008215334788777928,0.0040019148888309816,-0.0005165376775591174
A00987,9.492713113647148e-14,-1.9240192106529712,1.8171301070916837,-0.03649062339368859,-0.007431479993434299,-0.00712502572731228,7.255880753901735e-05
A00988,9.018201317610676e-14,-1.9177023855691002,-1.292968538851059,0.04952637679352602,0.006433580493976443,-0.008857114459290506,-0.00016473563010351684
A00989,8.229442809211997e-15,2.044036397216048,-1.3606780537816936,0.1954016191480637,0.00566969323852329,0.009027284397681051,-0.002876278827438829
A00990,7.822696690709123e-16,-1.9559355525983417,-2.199080701852375,-0.1520443737858415,0.007918038349417327,-0.006244051950552842,-0.0016936535007606806
