name,mass,x,y,z,vx,vy,vz
Sun,1.00000000000000000e+00,-7.13409948189029034e-03,-2.79493568801676045e-03,2.06077223349661478e-04,5.37525158559862449e-06,-7.39536260813211708e-06,-9.42658307767655794e-08
Mercury,1.66012059523150968e-07,-1.37222719880887800e-01,-4.50087272290108642e-01,-2.43927424914313039e-02,2.13716486762938647e-02,-6.45528941241872798e-03,-2.48793056454733310e-03
Venus,2.44786192399181284e-06,-7.25450455119961757e-01,-3.55015973241379415e-02,4.12217015716446131e-02,8.04203794309446855e-04,-2.03022194342540596e-02,-3.23559938023912244e-04
Earth,3.00350017852922082e-06,-1.84305348586515122e-01,9.64419549278930588e-01,2.05818774055652610e-04,-1.71977421363883158e-02,-3.17164990500801505e-03,-9.34203106100824137e-08
Mars,3.22715454595744471e-07,1.38353364819613134e+00,-1.61859998463478941e-02,-3.42551819999561274e-02,6.77966945792936272e-04,1.51804228985060706e-02,3.01529084713600805e-04
Jupiter,9.54603287955060995e-04,3.99118684030225657e+00,2.94291597538049032e+00,-1.01511737392502091e-01,-4.56449839965650164e-03,6.42532159719754695e-03,7.56008138306181113e-05
Saturn,2.85817739266873525e-04,6.40765038777318718e+00,6.54287252921507534e+00,-3.68940695631004956e-01,-4.27566703701880418e-03,3.88569904936269432e-03,1.02308231315323745e-04
Uranus,4.36566807646079715e-05,1.44183317830276216e+01,-1.37404406614054455e+01,-2.37827043152239487e-01,2.68706404245979942e-03,2.65618755425696407e-03,-2.49702923632683468e-05
Neptune,5.15034172001589189e-05,1.67976287124369819e+01,-2.49955047959278041e+01,1.27609287309982472e-01,2.58868866688005727e-03,1.76097371293223157e-03,-9.60349881853062975e-05
Moon,3.69228602895693643e-08,-1.86260774966062109e-01,9.62612097148346724e-01,4.43432764129815255e-04,-1.68304578343267397e-02,-3.60071262794887026e-03,-4.95342652168148443e-06
asteroid_1,5.40004636737245372e-11,-2.96763063563200413e+00,-6.02863849506695915e-01,5.50776168435604535e-02,1.97003887281031178e-03,-9.68511086712036014e-03,1.36979276135674430e-04
asteroid_2,4.55026303528094795e-11,-8.15822745359488732e-01,2.47835278853426910e+00,3.02510512701465561e-01,-1.00828538839824594e-02,-3.31552156514338054e-03,-2.90549250406575411e-05
asteroid_3,2.39943091984591908e-11,3.02788471955389893e+00,7.94064976803182998e-01,-1.62053352200291038e-02,-2.44529233412518537e-03,9.29419377505595612e-03,-1.47294262178164666e-03
asteroid_4,2.45990004536331428e-11,1.04600990643938130e+00,2.73898152337805501e+00,1.69947870058633488e-01,-9.37957956655339868e-03,3.56947510368157148e-03,2.02454951024640302e-04
asteroid_5,1.85053789531295012e-11,8.17689357985741938e-01,-2.04843347494565986e+00,-1.80914739101283445e-01,1.07429969573013106e-02,4.23456237984106039e-03,6.09209370082328702e-04
asteroid_6,6.31520358148291532e-11,-3.26129063874437231e+00,-2.41303478076185074e-01,5.95044073574773486e-02,7.01024095831211526e-04,-9.48571995609893970e-03,-4.52722128396314271e-05
asteroid_7,1.42138891333438763e-11,3.00172733537978420e+00,1.99802517240853544e-01,1.73483446851740358e-01,-6.57143837816755215e-04,9.88775467905399393e-03,-1.74751743702263924e-05
asteroid_8,4.31443331170069073e-11,-1.43007105263728063e+00,2.68604338785181040e+00,-4.00451508461908828e-02,-8.64725404454042695e-03,-4.58605282260818835e-03,1.19492204126900163e-03
asteroid_9,5.23380905948266961e-11,-7.91304418178500946e-01,-2.10676780519965323e+00,-1.21220087335057458e-01,1.04377006089743513e-02,-3.75512650491451787e-03,-2.87261781570522737e-03
asteroid_10,4.38290653741250947e-11,2.48554623140224962e+00,7.56368734143265109e-01,4.71181267204147547e-01,-2.68433323313868990e-03,1.00488210306050388e-02,-1.97074832071569795e-03
asteroid_11,8.54944020522569171e-11,-2.08228362394229594e+00,-1.41605634741638098e+00,3.68359422590786301e-01,6.19951862841469550e-03,-8.53195385704691965e-03,2.24625365985915574e-03
asteroid_12,4.43225042857880967e-11,2.05455851065172190e+00,2.46019548551034806e+00,-2.09593557486935422e-01,-7.37338102908182726e-03,6.08470004388681103e-03,-8.56377309852464070e-04
asteroid_13,8.29238097550061876e-12,-2.87096387186332835e+00,8.26325941329476010e-02,-5.28034824825071997e-02,-2.90045444608734329e-04,-1.01447197431027529e-02,-1.05571000093482157e-04
asteroid_14,9.92200321218530100e-11,-1.43904755507963844e+00,2.73137540275860591e+00,-1.54234361044556546e-02,-8.63255295610457565e-03,-4.54346206868143452e-03,8.26903144553579644e-04
asteroid_15,8.44999092701106702e-11,-2.55519354170600010e+00,6.11757671618058274e-01,-1.57077484730859279e-01,-2.47919635427477089e-03,-1.03074547697909469e-02,1.85653487119192509e-04
asteroid_16,6.60077481057459219e-11,-3.82871578840510485e-01,2.34158667132745224e+00,-4.72031672003979212e-03,-1.10212369241681988e-02,-1.80200634368856186e-03,3.48167109763583465e-05
asteroid_17,7.56347988446526628e-11,-8.74781472137335647e-02,2.76330523188033261e+00,6.70199045610649219e-02,-1.03387393914925203e-02,-3.28760970876140215e-04,6.04767254330252637e-05
asteroid_18,1.28277880684868618e-11,2.09164780481592860e+00,-5.89536447910006145e-01,-1.22310313113005178e-01,3.08005835256789295e-03,1.11799160201551430e-02,-1.21470285554391784e-03
asteroid_19,7.65938202623764417e-11,3.02589336267307329e+00,6.26871291977723510e-01,1.36471541858818685e-01,-2.01086082618132274e-03,9.54226908428980856e-03,7.53826596609741186e-04
asteroid_20,2.07828166817923934e-11,-2.77036248671491458e+00,7.02046748658804121e-01,-1.92484120338871807e-02,-2.49994031599958585e-03,-9.85203777448931221e-03,4.75352627085935870e-04
asteroid_21,4.89027231961018424e-11,4.12266360210996496e-01,2.95612940176036609e+00,3.86860865839542434e-01,-9.75315789478131169e-03,1.18505895389477579e-03,1.33823639228382698e-03
asteroid_22,1.78064991045351142e-11,-1.10226613673024731e+00,-2.27213629122811911e+00,-1.44426683602353386e-02,9.69422538906297530e-03,-4.70930553429176144e-03,1.00865313719465601e-03
asteroid_23,7.53809585835758571e-11,2.31456995083034167e+00,-2.27073613668209884e+00,-3.81691086877858077e-01,6.69718667213428653e-03,6.52601448735141022e-03,1.78744048509063298e-03
asteroid_24,2.46009287124395661e-11,6.40333099860136201e-01,3.10085395069391723e+00,1.86136602902089193e-01,-9.45425363971985622e-03,1.96568152414021945e-03,-2.22523562290624920e-04
asteroid_25,2.53283097649843572e-11,3.00914717690499600e+00,-3.14876818822864335e-01,2.26731410723361143e-01,1.10800566733310719e-03,9.74280351105102568e-03,-1.17482244310285699e-03
asteroid_26,1.09311427105365040e-11,-8.71046548390712716e-01,-2.16241265061447452e+00,1.03835508708690683e-01,1.04400229190698447e-02,-4.21537345755730250e-03,-2.08319515931206200e-04
asteroid_27,7.20634396318175309e-11,2.57313048080498374e-01,2.63233588536616692e+00,-2.83803935747990621e-01,-1.04767924282045660e-02,9.41040175923104293e-04,-7.70537478904128334e-04
asteroid_28,2.95915046317799826e-11,-1.71145580775552109e+00,-1.30287324603592602e+00,-8.35124606464519720e-02,7.09823769188315870e-03,-9.33127227624199265e-03,1.09503151015801398e-04
asteroid_29,5.18328185200647250e-11,-1.53474749699947055e+00,-1.69034858871765303e+00,-9.57620242919232922e-02,8.42300817965145263e-03,-7.65130530810888710e-03,6.45601273503156552e-05
asteroid_30,3.32310333011302614e-11,9.40416978130239944e-01,-2.76362020318981161e+00,-4.92591163577436944e-02,9.41853754233839928e-03,3.17650443501267532e-03,1.59768967996629248e-03
asteroid_31,7.74723788696351094e-11,-8.85520359041346961e-01,2.85452296109119219e+00,-1.72856551157880262e-01,-9.49528049195368963e-03,-2.92284538969949824e-03,3.75657812107265874e-04
asteroid_32,2.26561008128351875e-11,2.90570484108119542e+00,1.47968536797983541e+00,-4.00968622610006625e-02,-4.31409583347114496e-03,8.48292971604366723e-03,4.13444576234585554e-04
asteroid_33,9.40840416596387075e-11,-1.48966297502180200e+00,-1.97542580311828275e+00,2.89189277824054680e-01,8.66520402514024159e-03,-6.19739967070705080e-03,2.30205763684946307e-03
asteroid_34,3.21407840892218772e-11,-1.86820140317609984e+00,-1.72757677812902477e+00,6.71403912442596843e-03,7.32088914203021454e-03,-7.91726767488682391e-03,-1.18023400496443631e-04
asteroid_35,1.03941236128621591e-11,-4.41623316587201720e-01,-2.60507912060022084e+00,-3.35541265345293604e-01,1.03782845675308173e-02,-1.65543301685125346e-03,-8.06930447641574281e-04
asteroid_36,2.40381202291650950e-11,6.73859243898427995e-01,-2.20488546501485283e+00,3.17843649423345365e-01,1.07928560286870059e-02,3.22936132766232136e-03,-4.79776615416299581e-04
asteroid_37,7.40335349742684827e-12,-1.61695224979818453e+00,-1.57279017405040467e+00,-3.01247015569796814e-02,7.96212769198745285e-03,-8.19977550663526442e-03,7.35146254434820650e-04
asteroid_38,4.68791857119325608e-11,1.58896877895097566e+00,2.12510343245928501e+00,3.04189913854507110e-01,-8.40258812545827821e-03,6.33069315520534432e-03,-3.35078697858219175e-04
asteroid_39,2.50326195601396621e-11,-1.44882363502379019e+00,1.87832695508848091e+00,-2.37392390313093705e-02,-8.84016191735616588e-03,-6.82166467980678884e-03,-2.30888755366240398e-04
asteroid_40,8.86057439840431855e-11,1.75234321162316586e+00,2.25384918491467934e+00,5.30449608820626972e-01,-7.91211630774948937e-03,6.25415503126552225e-03,-4.35816926331732460e-04
asteroid_41,5.17176907358124404e-11,-2.00681606921318556e+00,-1.68703819412574596e+00,-1.22571037669759450e-01,6.81553657480705923e-03,-8.13396480667297195e-03,3.65347155007332623e-04
asteroid_42,2.33445111884413369e-11,2.92936701947730427e+00,-9.99683187118340699e-01,1.56744337431567515e-01,3.15506113679115199e-03,9.24797568899763701e-03,1.73133694268265305e-05
asteroid_43,4.51325202871950965e-11,-1.61164647435724073e+00,-2.45164370302992296e+00,-1.93673581098033759e-01,8.39053599635079285e-03,-5.47656034367777819e-03,-4.95695257458298268e-04
asteroid_44,1.96074672713210269e-11,6.04516686630281797e-01,-2.34712884863897697e+00,5.00378475647435428e-01,1.04457587261036905e-02,2.96519908366452275e-03,1.28916188081163027e-03
asteroid_45,1.78811502987325967e-11,-6.66943369695802667e-03,3.06254590527055592e+00,4.71998600318891959e-01,-9.67289144987333420e-03,-2.32186277955718611e-04,1.36985242370138080e-03
asteroid_46,3.00726404486430716e-11,8.30746315663760893e-01,2.88809714157387232e+00,6.06116810530625605e-01,-9.41705113200126502e-03,2.40915444000925185e-03,1.42762659852485921e-03
asteroid_47,1.08390634622469862e-11,2.53404441299385308e+00,1.97524344112458727e-01,-3.44521332344581765e-01,-6.79183663504276673e-04,1.06610588305275263e-02,1.11672935468556857e-03
asteroid_48,1.88728672157199562e-11,8.17795645731436260e-01,-2.30466529882513527e+00,-5.11218501761903574e-02,1.02254523739497005e-02,3.58661476773581385e-03,1.88537447810583334e-03
asteroid_49,9.38053068308122343e-11,2.79238188911079854e+00,-7.72134358030797663e-01,3.56288396093074722e-01,2.64827385882317494e-03,9.70973828535151226e-03,2.86932097549537129e-04
asteroid_50,6.66835954433992172e-11,2.24547663979251899e+00,2.24835181787110927e-01,2.23070859100268609e-01,-1.35117553458833782e-03,1.10785792401182515e-02,2.43500528923065512e-03
asteroid_51,9.21110553190919918e-11,-1.18055093689414625e+00,-1.99966271413495789e+00,-2.87633433959870677e-01,9.70738313397525622e-03,-5.64739529887416710e-03,-5.81206573115306425e-04
asteroid_52,2.56921256773636983e-11,-9.50711018423901377e-01,1.88057480557484902e+00,8.22851868348838666e-02,-1.05515196829256402e-02,-5.29059185239789866e-03,-9.97655624696418362e-04
asteroid_53,8.57027634467343711e-11,3.01320467641020295e+00,2.58448663887554941e-01,-3.48741586438243878e-01,-6.98797306745254439e-04,9.76127615122899389e-03,1.19621370894006074e-03
asteroid_54,3.62336579573298548e-11,-4.91779155014624880e-01,2.84510929026572867e+00,2.46724743259880558e-01,-9.90867494843158600e-03,-1.61259527536123650e-03,-1.15460650732275116e-03
asteroid_55,1.44280561624373403e-11,1.80896306549947083e+00,2.32372101725443114e+00,8.97696722315487333e-02,-7.90553780247017432e-03,6.15861424024812410e-03,-1.12236676353383430e-04
asteroid_56,8.04726629294196513e-11,-3.71746240497299041e-01,3.00827689727435299e+00,1.86235385950556276e-01,-9.76940115199215024e-03,-1.15695590935822315e-03,-8.12382760147665030e-04
asteroid_57,5.97441668495638772e-12,-9.91217919599683306e-01,2.45155914786873064e+00,1.83165502465689134e-01,-9.77378470929160179e-03,-3.98650853300610425e-03,4.65212689297815065e-04
asteroid_58,4.04912353651072822e-11,9.16793501274060452e-01,-2.56503163510920951e+00,-5.67758613845411486e-01,9.61750510978306473e-03,3.62455184548809940e-03,-8.45119654638837358e-04
asteroid_59,8.19332737044792295e-11,-2.08592725183349748e+00,8.89570687926639181e-01,-1.70461371165930194e-02,-4.45135386917489429e-03,-1.04594560090132266e-02,-1.12782936558730447e-03
asteroid_60,6.17223206953964619e-11,1.63179600948833325e+00,1.52207039558622714e+00,-1.63290364905059326e-01,-7.56054795117370743e-03,8.35303250171660558e-03,2.30651397086984941e-03
asteroid_61,5.18113888830153232e-11,-7.11310763050405748e-01,2.80896124377425105e+00,-1.60818794307241358e-01,-9.75215183921652150e-03,-2.41090457405306047e-03,1.02396648285274917e-03
asteroid_62,3.53698558111430442e-11,3.40088457934171695e-01,2.59247756802796170e+00,-5.17016763800074997e-01,-1.04354110246626889e-02,1.42777052882334717e-03,2.94961857442073124e-04
asteroid_63,7.51483248049814232e-12,2.07493917132679329e+00,1.84755433863449547e+00,-5.35261548626433849e-03,-6.85819444003035652e-03,7.70331303882502809e-03,3.64894237455387323e-04
asteroid_64,9.90972888837295200e-11,-2.49589080250942752e+00,-1.66472613632608679e+00,-3.27920290648959223e-01,5.55841692538440284e-03,-7.91684648894687600e-03,-2.11582031650223937e-03
asteroid_65,1.74856249352375907e-11,1.30916744649932815e+00,2.52378289002512979e+00,3.25130484140918330e-01,-9.04220266391435844e-03,4.62071395037857730e-03,5.41562766855129083e-04
asteroid_66,2.55382944128546201e-11,-2.70243500873540032e+00,5.72699829587611453e-01,-1.00937248561883908e-01,-2.12024142335345009e-03,-1.01094427946334213e-02,-5.93056746878016581e-04
asteroid_67,2.35992170918368308e-11,2.53889945795908689e+00,-1.11000548506865737e+00,2.42418991648128551e-02,4.12629138920490510e-03,9.45212779393940494e-03,6.46596428047967555e-04
asteroid_68,9.07950612545034521e-11,8.54732455973093885e-01,-2.31167232800237654e+00,-2.33949638065887658e-02,1.02503471276940532e-02,3.79764553814202063e-03,-7.52628950379351800e-04
asteroid_69,7.63712023884258043e-11,-2.01287534736871310e+00,6.88394384472954757e-01,2.02818928257047587e-01,-3.79322156564405920e-03,-1.11381500590724339e-02,1.58554123950102095e-04
asteroid_70,4.57384066459392715e-11,-1.01681032298741633e-01,-2.58362592452372786e+00,4.47474562331872605e-01,1.05738449271335737e-02,-5.56135347173177170e-04,-8.08283338069666580e-04
asteroid_71,9.55427491648463985e-11,5.02591481012164887e-01,2.22942870545893435e+00,-5.78673724394999089e-01,-1.09169342014705014e-02,2.51066418112608908e-03,1.91107116287779358e-04
asteroid_72,5.28781024483631009e-12,-1.45458135643915409e+00,-2.11202891740791099e+00,-3.64473639451731057e-01,8.84368227170183145e-03,-5.90115182993040249e-03,-1.09871332385990338e-03
asteroid_73,8.93681014183529988e-11,-1.72247415380071867e+00,-2.58753633291889251e+00,-3.12469845668690793e-01,8.00374235196402162e-03,-5.44765777163839105e-03,9.91369512220244059e-04
asteroid_74,6.05212929545903610e-12,-9.10424323876374730e-01,2.18488463858227666e+00,2.55479038142759962e-01,-1.03013179235089836e-02,-4.23114219715030500e-03,-5.24555033201576371e-04
asteroid_75,3.91191582864970311e-11,-8.58443769531952866e-02,-2.11977375879299190e+00,4.55994116784885273e-01,1.16598063981492011e-02,-3.56503879736865318e-04,5.37772829612145420e-04
asteroid_76,5.40994778886520659e-12,-1.81502431836471501e+00,1.62715227535802587e+00,-1.58663381272001018e-02,-7.18532369340456247e-03,-7.99125499273010791e-03,2.42957726952679285e-03
asteroid_77,9.98969094858509480e-11,-2.89963258712874171e-02,-2.44764579527968307e+00,1.48411311237077959e-01,1.09714964934836661e-02,-1.61297091921041441e-04,-5.16571550858213493e-04
asteroid_78,9.14398063550351609e-11,-4.01833636457675780e-02,-2.83348353055859503e+00,-5.88835982186101559e-01,1.00104732555330051e-02,1.52430293761594994e-04,-1.41663084332601980e-03
asteroid_79,5.84840475350706501e-11,3.61805213753941979e-01,2.74389525511565902e+00,-6.62420036132348872e-02,-1.01948141928799203e-02,1.36934078130106955e-03,1.03847620028796545e-03
asteroid_80,2.17922789540845713e-11,3.03424290449504186e+00,-1.91461073616644467e-01,4.93401148491390482e-02,6.40869353940963526e-04,9.62939040037191253e-03,-2.04498643513867850e-03
asteroid_81,2.76850047424949487e-11,1.21091368560382828e+00,2.53004351399158800e+00,-7.25395118248119863e-01,-9.12090316671095025e-03,4.35261833343172748e-03,-4.45449458438687819e-05
asteroid_82,4.49598411720514649e-11,-7.01138347013347207e-01,-2.45799772483115708e+00,4.03309297670909339e-01,1.02791214767038470e-02,-2.76323259481462335e-03,1.02915259352780349e-03
asteroid_83,3.22847904474096533e-11,-2.65069136167085917e+00,1.56138271189565603e+00,-5.26127327965187352e-02,-4.96806153570028032e-03,-8.44683989447740126e-03,-3.79223495854301993e-04
asteroid_84,2.14117740443972239e-12,6.10537412445122829e-01,-2.21303533933346497e+00,-1.46319198383749960e-01,1.08001084784456018e-02,3.08378268853145123e-03,-1.57634668953782610e-03
asteroid_85,6.56290382516322820e-11,2.05451943135861148e+00,-5.50800890220934702e-01,-2.79274273692542742e-02,3.05710959876093246e-03,1.13863433325216788e-02,3.32398341257103438e-04
asteroid_86,6.13466561302892009e-11,8.29280012954238366e-01,2.01297408701828084e+00,3.68439428167452121e-01,-1.07141255524432263e-02,4.16106196938587948e-03,1.38123180953676934e-03
asteroid_87,9.04320272148518974e-11,-7.85565136439543704e-02,-2.96243399086113257e+00,-1.41071670325195242e-01,9.96840899650655587e-03,-2.37631932102686351e-04,-5.60810999013554409e-04
asteroid_88,4.76906354701439892e-11,1.27848893669077190e+00,2.30876214235615107e+00,-2.83091289934691515e-01,-9.21679465930061448e-03,4.91451246033895728e-03,-1.54412976534567072e-03
asteroid_89,3.44774490902208036e-11,1.65112663531777248e+00,-1.57399825080325195e+00,2.37849683220520497e-01,7.47564650553543368e-03,8.20586363633149518e-03,2.40814257412718226e-03
asteroid_90,5.11566031199475200e-11,2.02126328256226184e+00,1.78750965279894269e+00,1.26789976832760803e-01,-6.93584311576775185e-03,7.83810264589149611e-03,6.68892334036615404e-05
asteroid_91,1.94775521396750064e-11,2.19396143245704289e+00,6.17450819684257524e-01,1.27856334172514546e-01,-3.02002910742083224e-03,1.09338003240892889e-02,-9.79666643851619069e-04
asteroid_92,6.25577797789603957e-11,-1.64199748376821253e+00,-2.38254567466066591e+00,4.94950942098402458e-01,8.26607276727239423e-03,-5.69857625498272364e-03,-8.58170611584430104e-06
asteroid_93,7.70055879501882564e-11,-1.01641475388336944e+00,-2.43078277123052588e+00,-5.88523923664832152e-02,9.72946269204098130e-03,-4.04076627233554246e-03,-1.13749649748737854e-03
asteroid_94,1.53546367204354569e-11,2.12716610838775799e-01,-2.54679726121167516e+00,8.93166552451685747e-02,1.07160535216901647e-02,8.83890419104295020e-04,-3.17890185619503201e-04
asteroid_95,3.18451379313565685e-11,-1.98718484042598043e+00,-1.45302461254241710e+00,1.86159096410483046e-02,6.47112525015187089e-03,-8.85015838969821500e-03,-9.45253463759039964e-06
asteroid_96,8.67814199268462037e-11,2.57986053316091724e+00,-1.22087586009282734e+00,1.11601455869311264e-01,4.29693811708584984e-03,9.17188336679582335e-03,1.00563143669740664e-03
asteroid_97,5.05581195458958590e-11,-7.77603870045253887e-01,-2.37553404486248310e+00,4.17389297901710421e-01,1.02835346462098048e-02,-3.29308857771920104e-03,4.16091908418692209e-04
asteroid_98,5.31883463012878987e-11,2.10843436788904892e+00,-5.56407760798967033e-01,-3.28227551270373230e-01,2.92838797488211922e-03,1.12062345478797041e-02,-1.85609108021263149e-04
asteroid_99,7.22435956233646296e-11,2.17153981118288586e+00,-5.50169793241921168e-01,-8.08106401789597528e-02,2.81348677891072197e-03,1.11375071166987059e-02,-2.21770783445478589e-04
asteroid_100,5.77935025939804459e-11,-5.40924253096888630e-01,-3.20277111230699907e+00,-1.99945573813667621e-01,9.36468944961924357e-03,-1.52185094040063924e-03,-9.57497649063272500e-04
asteroid_101,6.96728100970117861e-12,-2.91263215172144418e+00,-1.27820526478805085e+00,-2.46493622618151609e-01,3.90327795150818228e-03,-8.78674167023881306e-03,-5.58040382446044875e-04
asteroid_102,8.03981315691849459e-11,-1.02228926204948101e+00,2.74810352165599348e+00,2.10678329779246026e-01,-9.40417909060829206e-03,-3.49614698105502617e-03,-2.85623673831475737e-05
asteroid_103,9.22843753644742882e-11,4.52384136061261474e-02,2.37508233086024179e+00,4.56849053573715191e-01,-1.10568838806815971e-02,1.71117611108044765e-04,2.05270145169119555e-04
asteroid_104,5.33719052675131392e-12,-1.93539299430820799e+00,2.61694714765151160e+00,2.30405361054399460e-01,-7.63462429486683539e-03,-5.67951029739699725e-03,3.77508135973489986e-04
asteroid_105,1.21337631481905234e-11,-2.53744942616983549e+00,-1.61014848261199162e+00,-4.20676962734994386e-01,5.25952984805702281e-03,-8.35406453365727941e-03,2.50770417637439375e-04
asteroid_106,7.02005004687259702e-11,1.77490144295843422e+00,-2.28612231079594252e+00,6.21737584191522696e-01,7.99391246089039935e-03,5.89417734406776778e-03,-1.14774536685666672e-03
asteroid_107,6.04513485121274065e-11,2.69648805987580731e-01,-2.60956653358289259e+00,2.88109515419356199e-01,1.04799020369310512e-02,1.18669614032582680e-03,9.40161458418784933e-04
asteroid_108,3.82578747271848739e-11,1.29286874086561876e+00,2.01992869760926252e+00,-3.70408181714150520e-01,-9.24184872593310572e-03,6.01794327606098613e-03,5.59704154949298678e-04
asteroid_109,5.39294724075477393e-11,2.00675625962622695e+00,-9.38651289108358822e-01,-3.24480273981635481e-02,4.89790043553051460e-03,1.04663480273463998e-02,1.43037659716759296e-04
asteroid_110,7.03368234144258695e-11,1.14118843496694033e+00,-2.97120001711143544e+00,-4.39392420383113505e-02,8.99386110531861377e-03,3.44804319558543026e-03,4.29326417322746946e-04
asteroid_111,5.04526014234741257e-11,-2.64612358414671256e+00,2.14439514941345893e-03,6.53605212086825760e-02,-1.10262088458965609e-05,-1.05728145136848549e-02,-9.95160226965280750e-05
asteroid_112,1.40274305803185674e-11,2.22582965503877439e+00,7.29309993294530723e-01,5.16718514363306430e-02,-3.47683542795198391e-03,1.04537928168227118e-02,2.22147704978226850e-03
asteroid_113,8.95270855303768681e-12,-1.88137404282966503e+00,-1.59046846471560910e+00,1.32893851896991849e-01,7.00669614324931928e-03,-8.09580523738623672e-03,2.30329183022684935e-03
asteroid_114,4.38914849314862914e-11,-2.23277776247369042e+00,-1.68131101678974137e+00,-1.66313173477469489e-02,6.18452154900344785e-03,-8.20810333709882586e-03,-4.98314016145197619e-04
asteroid_115,9.22892469373048894e-11,-1.32752772046354828e+00,-1.89247012179331042e+00,-4.64739035269486414e-02,9.25511568307717074e-03,-6.47733858415004346e-03,-6.07930128411742626e-04
asteroid_116,5.57823396791022999e-11,7.08178140018611568e-01,3.04361387852688559e+00,1.37437396395064582e-01,-9.44158338550306342e-03,2.22854518406369112e-03,-7.02196730261845010e-04
asteroid_117,3.58284247010947340e-11,2.40053333253051449e+00,-1.79753727620573689e+00,2.60277915916653724e-01,5.98174058418771137e-03,7.80518571172684507e-03,-1.26501471781100775e-03
asteroid_118,9.08715298904083365e-11,-2.74527701497130350e+00,1.01691397982316678e+00,4.59147217657394024e-01,-3.39722467273871967e-03,-9.38564964107988647e-03,4.74957731609584302e-04
asteroid_119,3.88693292963320238e-11,-2.46884288713426248e+00,-7.50862860035282353e-01,4.44548100169739335e-01,3.18662060687107231e-03,-1.01240597681699091e-02,5.97202297055255305e-04
asteroid_120,5.09195566286281843e-11,1.23389838897366477e+00,-2.54457541768014961e+00,3.75407586636391233e-01,8.87143486164709491e-03,4.59400467948592808e-03,1.98009368728153555e-03
asteroid_121,1.16587680695658342e-11,8.89059053139274247e-01,-2.64733831091455407e+00,-2.15204694674753338e-01,9.74169952452230356e-03,3.27753217648351887e-03,-7.33735890136073284e-05
asteroid_122,7.37427205424829224e-11,-1.85371082319979696e+00,-2.20278060140910625e+00,-6.96674230852854237e-02,7.66992154667221065e-03,-6.40001831369554040e-03,-1.72218791473269304e-03
asteroid_123,7.00332926848001236e-11,2.19030151657317340e+00,7.28903145143037501e-02,2.07687413073348814e-01,-2.60825967166779076e-04,1.15189743414968182e-02,-1.29200969483918228e-03
asteroid_124,7.94264568460043095e-11,2.58316463619014192e+00,-2.46983089254177696e-01,1.44565101967249282e-01,1.04791952184846529e-03,1.06010997664236026e-02,-6.13261979570139015e-04
asteroid_125,3.25258794296420714e-11,-2.46978516325709108e-01,2.07972878670208416e+00,4.85756036845149508e-01,-1.16445401350921043e-02,-1.20248140156066627e-03,-7.72231390055197302e-04
asteroid_126,4.36109613744285299e-11,2.49579435486485801e+00,-1.01065542808397568e+00,-2.64320142707967880e-02,3.93138052116668007e-03,9.71477152880209811e-03,-2.40967886926221592e-04
asteroid_127,1.68424877356045628e-11,-2.31037541581204575e+00,-9.44061735978535821e-01,9.87475407950143096e-03,4.04001200139135572e-03,-9.90810878348898950e-03,-2.01746500664169975e-03
asteroid_128,9.64508425608889770e-11,1.70257716177916896e+00,-1.46497479269409636e+00,3.51510176417121734e-01,7.54351555962893151e-03,8.46751201856456130e-03,-1.24811648923080481e-03
asteroid_129,8.61687396731418600e-12,8.92132170296707105e-01,-1.98026208570403361e+00,4.78758759860510807e-01,1.03570436590824464e-02,4.94477793031351635e-03,1.15319962051828339e-03
asteroid_130,6.49048402344439809e-11,2.67758241314802259e+00,-7.60700842078137263e-01,-3.47685115672195899e-01,2.86972438525593104e-03,9.84585217694282713e-03,5.58480917972642541e-04
asteroid_131,7.05286868825729741e-11,-1.92368750285915224e+00,1.25998744180767286e+00,-1.53471244775261917e-01,-6.23277885323675600e-03,-9.44500577639933135e-03,5.82064230488698740e-04
asteroid_132,1.57820700003614541e-11,-3.13274596374213843e+00,2.11703232929693341e-01,6.67914575807589950e-01,-7.56807716893855660e-04,-9.55702338600901598e-03,-5.20476098316921955e-04
asteroid_133,3.65386673509906832e-11,1.19710132946038314e-01,2.77413671894346470e+00,3.38486693963454377e-01,-1.01330378885546735e-02,6.37781204908385857e-04,-1.64338792727342564e-03
asteroid_134,4.32222541058070352e-12,5.18440938380327676e-01,-2.45995134574873342e+00,-1.06494399313157670e-01,1.05415349971863734e-02,2.16364729930664055e-03,1.33994098446220877e-03
asteroid_135,5.56652596760882381e-11,1.89934293211269978e+00,1.99962028904715816e+00,-5.33900751971335574e-01,-7.51090242617275666e-03,6.96651607628584729e-03,-6.28192684851246966e-04
asteroid_136,9.94938649009341861e-11,-1.40637798403851932e+00,-1.59088955082744876e+00,-1.29814239890455152e-01,8.84744950749041283e-03,-7.78817129815394076e-03,-4.06256385925835961e-04
asteroid_137,4.29941968326476726e-11,9.05397739275054375e-02,-3.21127134367747535e+00,-4.93761929848368752e-01,9.53609530082896208e-03,2.34392012895052418e-04,2.24196220485108923e-04
asteroid_138,9.90009219550899183e-11,-2.63223270349860305e+00,1.69896624908022653e-01,4.67186649298437284e-01,-9.32774083690536527e-04,-1.03626621939724647e-02,-1.48697981265409596e-03
asteroid_139,1.26312801266581635e-11,3.01543045254150277e+00,-3.41524531000779230e-01,-1.66664074594988360e-01,1.07461856744771713e-03,9.78914240073708829e-03,-6.16777877374032469e-04
asteroid_140,3.92515097833468955e-11,2.15879628012833225e+00,4.02335351639737770e-01,1.20581132403104405e-01,-2.04017699764907781e-03,1.13422747528990325e-02,-1.31920794409322328e-03
asteroid_141,9.01974773551467068e-11,2.52650850991004328e+00,-7.60023618038275006e-01,-4.92870321081820550e-01,3.29081761991973113e-03,9.82061708624886766e-03,1.72535808235160164e-03
asteroid_142,8.76707812109306405e-11,-1.31966243056734234e+00,-2.27826382924254656e+00,5.45811941482714169e-01,9.02231664712746864e-03,-5.33365444966675019e-03,-4.48981921854212638e-04
asteroid_143,3.23659218711997248e-11,1.67958744337214894e+00,2.71797314617701424e+00,-4.41316113119046671e-01,-7.87596287501475881e-03,5.15480043250970531e-03,1.77251810407390558e-03
asteroid_144,6.78642722709954802e-11,-1.05732203497726140e+00,2.56854306793970055e+00,2.16478814954395304e-01,-9.52993248694666319e-03,-3.86730752153500307e-03,-6.59933787491677687e-04
asteroid_145,8.86171555540634935e-11,2.62632678958880561e+00,-3.74906364438543749e-01,-2.84738792779963723e-01,1.18336339238636840e-03,1.01679892313720783e-02,-2.47295034956862558e-03
asteroid_146,7.66900778406612346e-11,-2.29641501220654387e+00,7.59433975269735329e-01,-8.90669279003438452e-02,-3.46529477508658416e-03,-1.04986375121270681e-02,-1.71411295761483314e-04
asteroid_147,6.28513349313224215e-11,-1.00822331162942991e+00,-2.26227280726227287e+00,3.24077098872036340e-01,9.91152678433612246e-03,-4.47763270349517753e-03,-4.21487197625679776e-04
asteroid_148,1.52660356998566540e-11,2.53205926705560547e+00,-9.55454314276720562e-01,-3.16789316274841359e-01,3.72796151280866414e-03,9.71950339239131995e-03,4.82585866985709246e-04
asteroid_149,7.30953923013064099e-12,-2.04716561093897464e+00,-1.55326233636947708e+00,-5.44067224268987570e-01,6.43750012580159188e-03,-8.43780811639600892e-03,-1.33254359042031561e-04
asteroid_150,6.14660717598579292e-11,1.08405433567601484e+00,-1.77712214248814804e+00,-4.31579156879196402e-01,1.01488575324928283e-02,5.84807036487987580e-03,1.41150855941538458e-03
asteroid_151,5.00325638122539255e-11,-1.41575130526962867e+00,2.68576437537934165e+00,5.83096282661801024e-01,-8.67369580664169998e-03,-4.51930753541302747e-03,-2.43529214627718110e-04
asteroid_152,2.38112856065511205e-11,-2.51000091101523815e+00,1.94237023173978973e+00,1.01062086678511145e-01,-5.79258875347665476e-03,-7.56587347190205983e-03,1.54681508869485137e-03
asteroid_153,2.92840517979528775e-11,-2.04346848620585542e+00,-9.69850307856028770e-01,-1.69725828375142246e-01,4.81615324435820218e-03,-1.03132874343044301e-02,9.46748147421767037e-04
asteroid_154,3.92147968483689948e-11,1.96382418448384888e+00,-1.94461402914129078e+00,-7.89285953289752262e-02,7.18999697188249434e-03,7.31565817493775011e-03,-1.34604675523264643e-03
asteroid_155,4.95571300037293427e-11,1.24472322221084553e+00,-1.82750131243258940e+00,-2.91719907307898985e-01,9.53774852350112133e-03,6.45253386551022934e-03,2.73697355145196988e-04
asteroid_156,3.90319943191503726e-11,-2.81487747211587314e+00,-7.24615469846555116e-01,1.52648690827477847e-02,2.51539033442982818e-03,-9.77121446549368555e-03,9.33025226766391545e-06
asteroid_157,3.87352942918758079e-11,1.36838579107482983e+00,2.00972129311632575e+00,-1.72777419289162987e-01,-9.00269218558806886e-03,6.23449386614456993e-03,1.21797748386643853e-03
asteroid_158,1.15821238030221804e-11,-6.46962234329678698e-01,2.74652177297942268e+00,6.30646589458530360e-01,-9.85978073875949310e-03,-2.22379476204479865e-03,-4.30042830149600049e-04
asteroid_159,8.65603859213517701e-11,7.74469839334351762e-01,-2.81689324685287890e+00,5.48116997960315322e-01,9.62472262046744353e-03,2.62871697807378615e-03,-8.98389910745523573e-05
asteroid_160,6.09193166369916408e-11,9.28321686506312860e-01,2.85866509496960308e+00,3.17829187877027741e-01,-9.31644062281447409e-03,2.82950675062100272e-03,1.76208387582899527e-03
asteroid_161,1.46187574383551666e-11,2.15788342324527571e+00,5.11383478618197884e-01,-2.27499708932557443e-01,-2.65709598641884282e-03,1.12106289017927310e-02,-3.39770882313713635e-06
asteroid_162,4.23932015437647998e-11,-3.16297074700346803e+00,-3.67196872420713361e-01,-3.09441591582283626e-01,1.01218413431908749e-03,-9.51701315133624513e-03,9.47218035644134451e-04
asteroid_163,4.16774240438342566e-11,1.75183466045708530e-01,-2.36978575003413150e+00,4.75181849171659940e-03,1.11284574994531624e-02,8.22848362933253485e-04,9.52411002992253376e-05
asteroid_164,6.00660816401273770e-11,-9.03424697958555845e-01,1.94394320610936755e+00,7.40505013186818495e-02,-1.05883563004212054e-02,-4.96285354516330917e-03,1.10360953666881960e-03
asteroid_165,6.08908730887546597e-11,-5.90640979865419302e-01,2.70031149705693041e+00,-9.61130371812440182e-02,-1.00420068203958476e-02,-2.15271736091611878e-03,1.22994041271487498e-03
asteroid_166,6.45257614766064356e-11,2.46307365201481332e+00,6.19635743733947475e-01,-1.63975763645207440e-01,-2.61842093685384254e-03,1.04582671395142580e-02,1.88762759962191761e-04
asteroid_167,6.97933267038073023e-11,-1.30231900224989539e+00,2.80842432189144153e+00,1.92825210479866463e-02,-8.86961569670228871e-03,-4.11265125003884915e-03,-5.18223939963603645e-05
asteroid_168,1.03443710724403547e-11,-2.74480944848831765e+00,1.25964486591150293e+00,5.51010670578753969e-01,-4.07852182424176934e-03,-8.93014363781225243e-03,9.80822134008606358e-05
asteroid_169,3.04991708352754832e-11,1.23566314242117933e-01,2.47536498497881530e+00,1.02521062824714126e-01,-1.08494764938606696e-02,4.93693828168032217e-04,1.15641998813715619e-03
asteroid_170,1.74460843907550975e-12,1.04364408587963964e+00,3.05072104054973803e+00,-3.52229976245720888e-01,-9.03680919828623620e-03,3.09334352459593757e-03,1.62271853743822693e-05
asteroid_171,4.54696047929174958e-11,2.08710028309983686e+00,-1.27167295510066580e+00,-1.57981009256207644e-01,5.71254991247418468e-03,9.39029022332237527e-03,-1.18454604680280797e-04
asteroid_172,4.29487134822504310e-11,-5.60563501412737031e-01,2.64552394898919285e+00,2.73620661340906846e-01,-1.01365660927560768e-02,-2.25337193486099168e-03,1.02024619423782162e-03
asteroid_173,7.34353497486460729e-11,2.39298039550287722e+00,-1.93848723346278229e-01,-1.74578519254792480e-01,9.62816312849737455e-04,1.10018262651908876e-02,9.81281006771272642e-04
asteroid_174,1.67200234913200340e-11,-2.70335760402063086e+00,-1.75116348619859052e+00,-1.20993372044161454e-01,5.13718567691632058e-03,-8.00860636754759277e-03,1.13005432379687681e-03
asteroid_175,6.31531307679798328e-11,2.23719239636832690e+00,4.96714293121314210e-01,1.63970575565351939e-01,-2.33173591755889316e-03,1.10026920035293900e-02,-1.51644595382819172e-03
asteroid_176,3.06763528510359184e-11,-1.49010620953591055e+00,1.55525725205876886e+00,-3.50909329028855623e-03,-8.46345957113141430e-03,-8.10892590468301026e-03,-3.46487408640996678e-06
asteroid_177,3.81978283162218241e-11,-1.35009007007943738e+00,2.23448945538594446e+00,-2.44557701156130430e-01,-8.76434774094180316e-03,-5.54676418251200728e-03,-2.29609298301486570e-03
asteroid_178,7.19314933685217000e-11,-1.41414089217221428e+00,2.97151459096908965e+00,-2.17949081146583861e-03,-8.56100135680502514e-03,-4.07404283620549628e-03,1.76355220242024489e-04
asteroid_179,7.16408937687179791e-12,1.21125559563476770e+00,-2.92032450084363893e+00,-2.31398646592804680e-01,8.91107733225618599e-03,3.62526455268332749e-03,8.93018993978824467e-04
asteroid_180,3.42848610642269411e-11,-2.78227400131039504e+00,1.10651695209942202e+00,-1.56691246076613278e-01,-3.66380205398312252e-03,-9.23297575348328362e-03,-1.45145241848424242e-04
asteroid_181,3.91384097816637966e-11,3.07654042858147525e+00,-6.64172631250160572e-01,3.68814422480647053e-01,1.95447633200151061e-03,9.43814518919963361e-03,6.92847830095087085e-04
asteroid_182,7.15777736920483685e-11,2.70546089716123150e+00,1.64705771741147466e+00,1.73576515191240399e-01,-4.99438496217098800e-03,8.25342891801583885e-03,-4.71034770523295670e-04
asteroid_183,1.99304492629193577e-11,1.86680429731224695e+00,1.88745528025241383e+00,-6.04374531443299778e-01,-7.37032316848343621e-03,7.36906012073436367e-03,2.47893423825926130e-04
asteroid_184,9.47418252391094040e-11,-2.41029739544233745e+00,5.30670069921348797e-01,2.34235442193033383e-01,-2.30401558126521692e-03,-1.06695118846773206e-02,4.63755024727384902e-04
asteroid_185,9.97762176598878805e-11,-2.59487825805114847e+00,-1.49744169990159492e+00,4.28325157339009832e-01,5.03021205635233778e-03,-8.46894797262566328e-03,8.66239219320557902e-04
asteroid_186,8.18928249805973382e-11,2.23732499963345743e+00,-1.82666481000228842e+00,-1.81303578052114361e-01,6.40281897860324120e-03,7.82446278226692216e-03,1.79346418677195574e-04
asteroid_187,2.99782530213381796e-11,-2.38388619322159689e+00,9.00763011803450642e-01,-7.13776915564096385e-04,-3.80881075791125690e-03,-1.00800457414311154e-02,5.46630321632858980e-05
asteroid_188,6.63900267407447284e-11,2.00589386542819481e+00,-9.23252840937091257e-01,-1.51513990603671211e-01,4.87664163822468244e-03,1.04425746898595163e-02,9.29873184216795903e-04
asteroid_189,8.32397168947632743e-12,1.05991544056357223e+00,2.77533936525057756e+00,3.88549494602238921e-01,-9.29532784129735896e-03,3.47657607132186974e-03,5.23956612714567352e-04
asteroid_190,8.71292187774939943e-11,2.17617669925633139e+00,1.02317452825904409e+00,2.22182381996352679e-01,-4.76713181282316725e-03,9.95389047092524494e-03,8.53145891744710116e-04
asteroid_191,5.16041271973147772e-11,8.13579420962605937e-01,3.11810071873004313e+00,-1.04143641718268981e-01,-9.00135337639318064e-03,2.26958128474931192e-03,-2.36723844667925676e-03
asteroid_192,1.76521522403153744e-11,1.98662599097939774e+00,-1.27683706526638185e+00,3.62094182088654348e-01,6.13334238425669327e-03,9.21356993737958326e-03,-1.16110618028834032e-03
asteroid_193,3.27483817905746450e-11,1.47334340276608189e-01,2.21451859791965733e+00,-3.52987316137308715e-01,-1.11771229212690830e-02,1.11735742854604850e-03,2.34465867867397195e-03
asteroid_194,8.00762670213526012e-11,-2.57366943789767788e+00,-1.72292855629057740e+00,3.50456285911473764e-02,5.42858482162846163e-03,-8.09391321075691311e-03,7.46131388162763029e-04
asteroid_195,8.70239744750303680e-11,2.20803687951722249e+00,4.55353955294838464e-01,3.65531431696121456e-01,-2.51135433117537265e-03,1.10056009020879000e-02,1.46011815490619317e-03
asteroid_196,5.19761415595730081e-11,-2.20324712720122617e+00,-6.80318525144955166e-01,-2.06539429226394594e-01,3.20303210405848511e-03,-1.07652281551911585e-02,1.29134112933025798e-03
asteroid_197,4.80363469160642134e-11,-2.78703005004810578e+00,2.92834866458662413e-01,-3.08114463618217316e-01,-1.19333153560572725e-03,-1.01055042062999055e-02,1.18983987427538672e-03
asteroid_198,7.50759673078603961e-11,-3.47767450300318970e-01,-3.02706136482003618e+00,7.96960851648657487e-01,9.61434833280186765e-03,-1.18978094362563107e-03,-3.23707896714074911e-04
asteroid_199,8.26207003556303019e-11,2.31140322186444891e+00,4.14049763434341314e-02,-3.33610793077835976e-01,-3.51559506600038218e-04,1.12014787578682846e-02,-1.04552616548592506e-03
asteroid_200,7.64870327714580993e-11,-4.82547182898435623e-01,-2.42368359122540600e+00,7.49032932757578984e-02,1.04536313175832146e-02,-2.00312432207547719e-03,2.52900486047254527e-03
asteroid_201,3.84489607429184323e-11,1.76577788697887628e+00,-2.42923407836585170e+00,-4.23375197582356144e-01,8.02782180178494148e-03,5.61633065427066813e-03,1.25649400463568152e-03
asteroid_202,6.41961569033158407e-11,2.31416659562794536e+00,-2.30467619866269624e+00,3.32998766804136689e-02,6.71542711710039920e-03,6.73871443641022895e-03,-3.02173449019947453e-04
asteroid_203,8.57374172280100557e-11,-1.29103389452428807e+00,-2.32225376722469434e+00,4.84945977883520174e-01,9.11598027676345339e-03,-5.13414247101381688e-03,-3.17029489211577528e-04
asteroid_204,1.51845457984014831e-11,2.26566717128389117e+00,-1.40437689974509367e-01,-1.09955829521136250e-01,6.36641974260176080e-04,1.13146661647899084e-02,-1.33314221457456542e-03
asteroid_205,3.88197871446451717e-11,1.12610501427891263e+00,1.72078616233287507e+00,-5.01299359020780266e-01,-9.93062888482497234e-03,6.40990869091475225e-03,-3.04905247235181826e-04
asteroid_206,5.67132219868771811e-12,2.37498904000227462e+00,3.73999561232778097e-02,3.79870897890889139e-02,-2.09157533477031854e-04,1.09122109986807599e-02,2.33317786583133379e-03
asteroid_207,4.08936397958831234e-11,1.67036001850336890e+00,-1.51864435156126065e+00,5.49885399667560462e-02,7.69752954315158517e-03,8.47160653491496260e-03,1.40244181311645555e-04
asteroid_208,7.72304855710257085e-11,2.04716086557913846e+00,2.07014444799629427e+00,-1.01551514459077355e-01,-7.16530873228245560e-03,7.08757096633033396e-03,3.69867374934523900e-05
asteroid_209,1.97108740581244883e-11,1.74677759840109492e+00,-1.41214407515697693e+00,-5.20627275457429851e-03,7.21432667291361726e-03,8.92465899498546926e-03,-2.07461810599838240e-04
asteroid_210,5.41932962409271312e-11,-2.45600160535141221e+00,-1.10858410647962979e+00,2.64901959681642707e-01,4.36411674425567480e-03,-9.45927962865833125e-03,8.75307510123425679e-04
asteroid_211,3.66820748484849591e-12,1.75595936436267697e+00,2.34908064568814101e+00,3.98745651393876341e-02,-8.04526582160511317e-03,6.01114895484715101e-03,1.62664847425216940e-04
asteroid_212,8.97660225732585064e-11,4.90409988334067015e-01,-2.70316120605796106e+00,5.26809479163626526e-01,1.01202158875448624e-02,1.83427889663326910e-03,-8.92808703201071971e-06
asteroid_213,8.20022694430961351e-11,4.24928693508127009e-01,-2.29979629633636673e+00,-6.86493480830396990e-02,1.09565753569125721e-02,1.97706256704167655e-03,1.58664409014821995e-03
asteroid_214,5.24456750867887284e-11,-2.32915726422976338e-01,-3.03966897425195937e+00,3.16350768149540773e-01,9.62970373667601347e-03,-5.42575035765607925e-04,1.87659079229721289e-03
asteroid_215,7.05816417272352621e-11,-2.17104593052879702e+00,2.00002654227889876e+00,1.97757252633811748e-01,-6.75847132634185832e-03,-7.36584481189620291e-03,2.98009097844830395e-04
asteroid_216,1.04005773252372027e-11,-2.63995498003319762e+00,-1.35692019032325972e+00,-3.32061554244574675e-01,4.45967331549756117e-03,-8.86515860871399559e-03,7.70868908914994558e-04
asteroid_217,8.45224975447730828e-11,-1.64988902200901635e-02,2.25716716850531718e+00,-1.37426781359024277e-02,-1.14440613633968406e-02,-8.57522586594001204e-05,-3.45119831637666027e-04
asteroid_218,7.15290004918664224e-11,-1.16184712523841238e+00,-1.90020241125746048e+00,3.08406922532752259e-01,9.46443774031172601e-03,-6.12952986267656635e-03,-2.11122901848728468e-03
asteroid_219,1.20055399985407998e-11,3.02106890991451449e+00,1.09238479390371124e+00,6.07408639339453160e-02,-3.25331269555643489e-03,9.01953139910151649e-03,-4.00341848385291402e-04
asteroid_220,9.80691216190265635e-11,1.52079479588580302e+00,2.08046166859528014e+00,-1.65848209350951230e-02,-8.64890233164661813e-03,6.32003141396773448e-03,-2.78722033415505137e-04
asteroid_221,2.26281911620260354e-12,-2.00457601235834915e+00,-1.42179008829548903e+00,-1.31872392107104552e-01,6.34223878482016463e-03,-8.94477060076203680e-03,3.09879078993544445e-05
asteroid_222,6.28548011506514263e-11,6.99412214361691542e-01,2.58158410918059067e+00,2.49916630289859665e-01,-9.99679173143378126e-03,2.51763764214045548e-03,1.97019666598009227e-03
asteroid_223,1.71837821241142646e-11,-2.42644537424438544e+00,-1.57910689836369977e+00,4.83734498140978852e-02,5.50972438658220518e-03,-8.47304844967357307e-03,-2.23345779700140915e-04
asteroid_224,7.19285723454614818e-11,-8.16696033668766974e-01,-3.10023600579760705e+00,5.12753623109163725e-01,9.23883894498792740e-03,-2.39168410490261333e-03,2.54582200261666621e-04
asteroid_225,7.04992133433821063e-12,-1.27652508328723147e+00,-2.05869861178716906e+00,-3.22624853255941535e-01,9.36517825132780410e-03,-5.56161840111211395e-03,-1.56587088848899009e-03
asteroid_226,8.11927727548318067e-12,3.12868000881778707e+00,5.84148942468679322e-01,-4.15638794752779817e-01,-1.92327516082830652e-03,9.30156800246422118e-03,-1.40461247258356903e-03
asteroid_227,4.66345111389076045e-11,-1.41526208381030586e-02,2.12964299704922100e+00,2.45388842169632394e-02,-1.17731271416835152e-02,-7.16672801920912255e-05,-5.70314567387750541e-04
asteroid_228,9.94010064455372749e-11,-7.60079019683170709e-01,2.65953002996882271e+00,3.53644481335707375e-02,-9.94376741525731557e-03,-2.84322713930346225e-03,1.01768025336610704e-04
asteroid_229,2.76588588146674164e-11,-1.71408466384217473e+00,2.28071684301840216e+00,-2.10357331316512852e-01,-8.13727465170625656e-03,-6.02996942244682366e-03,9.28538406902771262e-04
asteroid_230,6.12566907940446934e-11,-2.12817449310599782e+00,6.55736450006354166e-01,2.74678813224776761e-02,-3.39671936438596051e-03,-1.09990774101381694e-02,-5.93986010962569084e-04
asteroid_231,5.18647214466798125e-11,2.16883099298729798e+00,6.56133242272971096e-01,-1.06461040057179865e-01,-3.34594467398529292e-03,1.07339659983180721e-02,-2.00896587823060470e-03
asteroid_232,8.42135397689472461e-11,2.51281473877036321e+00,-6.76269843927267855e-01,6.08536473170473644e-02,2.78133981225907280e-03,1.02480133807414438e-02,-9.62461032280923228e-04
asteroid_233,2.88660748744389676e-11,2.44381838699718479e+00,-2.13002361397050866e+00,3.39042546131454736e-01,6.29193715475405164e-03,7.13640766507735690e-03,-5.18031925750390152e-04
asteroid_234,5.54988886273415121e-11,1.51184545593654596e+00,2.37482071910916792e+00,-1.37266943700078137e-02,-8.64401820659604914e-03,5.50464436222429954e-03,3.00424556092812947e-04
asteroid_235,9.50628452753670302e-11,2.64590894449815606e+00,1.82817734461897419e+00,-1.51449823561382091e-01,-5.34348635115623662e-03,7.84507074651405630e-03,1.34567521829672527e-03
asteroid_236,3.32652549755224004e-11,-6.72544943784071703e-01,2.98908290376194552e+00,-9.33843809883065507e-02,-9.57639988705668785e-03,-2.16629814086695058e-03,-3.71426284088169118e-04
asteroid_237,4.39461640752050089e-11,-2.12495734123358515e+00,-1.53652501388759366e+00,4.51455490601377740e-01,6.24455814154553559e-03,-8.48168611932791430e-03,5.25183076255802701e-04
asteroid_238,8.88824433172221000e-11,1.80214924524709952e+00,-2.45027460225254012e+00,-2.12024123355108209e-02,7.94374719138117406e-03,5.84401079624381932e-03,-1.70415700220707928e-04
asteroid_239,3.32565607348734421e-11,-3.78018894878851153e-01,-2.02674400630202056e+00,-4.99765921726991968e-01,1.16067908640987046e-02,-1.89844706518146151e-03,-1.08034586078338698e-03
asteroid_240,3.80735697257352173e-11,-2.66466302321179682e-01,2.20708060144592189e+00,1.87164487739760160e-01,-1.13088038685530950e-02,-1.21173745887550861e-03,-1.81131001448660831e-03
asteroid_241,3.04188396996810531e-11,3.09467511361742309e+00,5.67770313347268143e-02,-2.70769279471883041e-02,-1.75161124748508275e-04,9.76526771775461898e-03,4.57073180334354985e-04
asteroid_242,8.09550422187540440e-11,1.79174494639189752e+00,-2.47585250112811384e+00,6.61248298590321089e-03,7.97140273798241546e-03,5.76888770716375236e-03,2.94121095656665631e-05
asteroid_243,9.30393931740736083e-11,2.24087438313694243e+00,-7.95175202466475550e-01,-8.13818483356802819e-02,3.68852077943678880e-03,1.04864416891041583e-02,-8.97579355494367687e-04
asteroid_244,6.31135770778838942e-11,-1.41918440874994789e+00,-2.33982875760488485e+00,4.32121698624593764e-02,8.88761199559661742e-03,-5.38357729046517498e-03,3.82100973019448560e-04
asteroid_245,6.23667768246526584e-11,-2.69322180132084199e+00,-8.46273417829610186e-01,1.53443212312899452e-01,3.05686910363100941e-03,-9.76153120623713191e-03,-1.83115714576311044e-04
asteroid_246,3.90064619351203820e-11,-2.90320587199994584e+00,9.83157222078921533e-01,6.87371771915752050e-01,-3.22812634565262675e-03,-9.13552457170700195e-03,-5.67754478796199478e-04
asteroid_247,1.25825011965395219e-12,2.77273989700123824e+00,5.34115967755437460e-01,8.76012609601156504e-03,-1.90736494767896128e-03,9.92804431879927909e-03,-1.60957850705312818e-03
asteroid_248,1.74020205063690929e-11,-5.96024223304859158e-01,-2.52567863827352923e+00,1.31636702709026707e-02,1.03825351300077025e-02,-2.44757596624618681e-03,4.90144706285367839e-04
asteroid_249,1.47523610754775427e-11,-2.45047369256844405e+00,5.97571191359896114e-01,3.68231798829593671e-01,-2.57499992934294691e-03,-1.04609977722254256e-02,-1.59624138505563113e-04
asteroid_250,1.15970414612755433e-11,7.04764320871718364e-01,2.50816430922872691e+00,-1.73336549553313568e-01,-1.02467979738501136e-02,2.88539832182051941e-03,8.92799215652740404e-05
asteroid_251,6.54081911321789960e-11,-2.83236600477072109e+00,-4.02709150944477456e-01,3.51113618550468742e-01,1.66302939589653854e-03,-9.73969363369800445e-03,2.24441357597929486e-03
asteroid_252,1.36435317478560261e-11,3.03568027130529661e+00,-8.06059320248626254e-01,-2.69080132344348341e-02,2.49091711534894095e-03,9.38110912078474191e-03,-3.80914620357239657e-06
asteroid_253,8.57253891414655705e-12,-1.50915973944948445e+00,-2.15527499762964503e+00,2.67467900216482035e-01,8.64946968305988113e-03,-5.84451090480690456e-03,1.70825428542611393e-03
asteroid_254,3.82643248411202026e-11,1.45817084304196654e-01,2.37735153452169312e+00,2.72946263970152148e-01,-1.09467782074738305e-02,4.60153887133094182e-04,1.84021471384381258e-03
asteroid_255,2.49097760701601746e-11,-2.26033361354806317e+00,7.57677922796419878e-01,-1.57320350014896401e-02,-3.54159761423910322e-03,-1.05616588456132268e-02,1.81565684117620396e-04
asteroid_256,1.45945959581318641e-11,-9.96966171364811055e-02,-2.99192040508929447e+00,-9.89877147928865941e-02,9.92975280634885923e-03,-3.20844720777420476e-04,-3.03279016978338055e-04
asteroid_257,1.46213262771012142e-11,1.79593432606102454e+00,-2.49109242982010182e+00,2.33997255541016469e-01,7.96251639936429272e-03,5.68002619299874494e-03,-6.43965983851848764e-04
asteroid_258,2.56280086212087497e-11,1.81906371131400446e+00,1.18510556918626508e+00,-4.93045362243475505e-01,-6.19627895839562626e-03,9.71034954420644386e-03,4.79394277461283073e-04
asteroid_259,5.36896078399703856e-11,1.53802442774226944e+00,1.52099786100839429e+00,-2.69967262464307578e-01,-8.24245283795467520e-03,8.19916320968763074e-03,-7.63737437688527792e-04
asteroid_260,7.58119790531242205e-11,-2.21679116861923697e+00,-1.68014965878605760e+00,4.21551529731931163e-01,6.27495631286288050e-03,-8.06867674669786011e-03,8.39003609431722593e-04
asteroid_261,8.52791365587814230e-11,2.92812773123037495e-01,2.21719588374003074e+00,4.19266231279265433e-01,-1.12375940863031834e-02,1.67065114183455776e-03,-9.86604015156560118e-04
asteroid_262,7.51442707953876362e-11,-1.11644355846910903e+00,-2.81035000560258874e+00,6.33321739381003779e-01,9.12430278581998801e-03,-3.48091662913849360e-03,6.38182739382977204e-04
asteroid_263,6.28250438378200349e-11,1.44763792169016137e+00,1.98617149542065019e+00,2.68769330857131394e-01,-8.78207694581949368e-03,6.49033169438103380e-03,-6.60954092749671714e-04
asteroid_264,9.07633815061731283e-11,-5.41972732468422258e-01,-2.20691489871596547e+00,2.67110636299048576e-02,1.09798821369152238e-02,-2.71470235038446433e-03,-1.50949955704564776e-03
asteroid_265,5.19784829053977260e-11,-1.44647271903187491e+00,2.85828691020764669e+00,-1.04845188196299552e-01,-8.45284221488861419e-03,-4.21282405167584546e-03,1.76780473565765262e-03
asteroid_266,6.33393505169605963e-11,3.54261725924337023e-01,-2.26618250009897126e+00,-1.50507375732052612e-01,1.12049000642647240e-02,1.76774306579956979e-03,-2.42919422601864361e-04
asteroid_267,4.11679388276835291e-11,9.50757998129354021e-01,-2.22294662764947182e+00,3.41014795882361110e-01,1.00725572050037009e-02,4.01696321054088347e-03,-1.89748219086682975e-03
asteroid_268,3.27451462460658041e-11,1.12003376111142949e+00,-1.99087996014616930e+00,1.06140609406127229e-02,9.91941930159480519e-03,5.58066129419936951e-03,3.22427561221834069e-05
asteroid_269,3.31778608283307306e-11,1.28097921668282955e+00,-1.83584547491031902e+00,6.34148808663462238e-03,9.41553788300535446e-03,6.57181554263859807e-03,5.88108631242125141e-04
asteroid_270,1.48402449984121523e-11,1.84720206077747329e+00,-9.90925847275184735e-01,3.50913860902961616e-01,5.75195742152501393e-03,1.01939696738357639e-02,-1.49198884607987942e-03
asteroid_271,7.96617990908784023e-11,-9.99074688726105942e-01,-1.92193000369429656e+00,4.05776710479209338e-02,1.03391463794557867e-02,-5.35312759582040436e-03,1.01639423042734376e-03
asteroid_272,5.54625475251104411e-12,1.83493831926481565e+00,1.40195793654265088e+00,-4.03461104581620475e-02,-6.86229043575748918e-03,8.99307583971588331e-03,3.97420438840226365e-04
asteroid_273,6.74717775240143546e-11,-1.53922388753930295e+00,-1.52017193530664030e+00,-5.49137489894784628e-02,8.21859434663404186e-03,-8.30395237459407611e-03,-4.88427558622488698e-04
asteroid_274,8.64473746817752168e-11,2.17482352933559708e+00,1.74222754249665668e+00,3.56875462764532247e-01,-6.35003253760271953e-03,8.04279217947445960e-03,-5.66511009935937501e-04
asteroid_275,4.97478604150668706e-11,8.61768310266148307e-01,-2.74564902006716993e+00,-4.76260556385673217e-01,9.42924094666733499e-03,3.21640685878564611e-03,-1.48091899025351364e-03
asteroid_276,7.02937617633660583e-12,2.29742031118030710e+00,-1.15637199683867720e+00,-4.10113370042176073e-02,4.82333403767794960e-03,9.57918545349327466e-03,1.00552069887243489e-04
asteroid_277,4.28474619890727256e-11,-1.99875962779240091e+00,-1.47069997897339233e+00,-1.69427606924335387e-02,6.47192870664626673e-03,-8.79517626788591488e-03,-4.51083835761726919e-05
asteroid_278,3.43292280222061672e-11,-2.52769950935772592e+00,-9.46865844587248762e-01,-1.83138689724247877e-01,3.71693143371038892e-03,-9.71846640291750170e-03,-1.05494837221824190e-03
asteroid_279,9.85540765367500797e-11,-1.75348540259288943e+00,2.49938668800022556e+00,-7.75172555028704191e-01,-7.89078290144685189e-03,-5.62137147722499390e-03,-2.75562394950609030e-04
asteroid_280,6.91296075098782499e-11,2.36608793855191601e+00,2.02314988294855569e+00,-2.26644840760184457e-01,-6.33142053898276200e-03,7.39664923189817768e-03,-7.13351488894814939e-05
asteroid_281,7.21387668848437035e-11,-1.85549464497454730e+00,1.05457122946006354e+00,-2.77227656763974206e-01,-5.37802743049767360e-03,-1.01175014906502245e-02,-2.49154394012154412e-03
asteroid_282,5.15875336270334814e-11,2.00844352282898386e+00,-1.03102408304941084e+00,-5.24720829406306044e-01,5.05640670077697838e-03,1.00932499556255027e-02,-4.78114226581300567e-04
asteroid_283,7.09443313016652232e-11,1.32704042243498466e-01,-2.37534011612257556e+00,1.55088469039067339e-01,1.11179759772776793e-02,5.95386760929057660e-04,-3.94318780027294927e-04
asteroid_284,7.22598719624496012e-11,2.36584890711299689e+00,-7.62171243027156831e-02,-3.91692322569695273e-01,1.05059046349943548e-04,1.10024730424214626e-02,-1.50634309513989146e-03
asteroid_285,6.64522448580302524e-12,-1.77907319741963876e+00,-2.08619641035804149e+00,-4.91505208005422467e-01,7.87250792215032913e-03,-6.64654987919365697e-03,-2.84349665589714350e-04
asteroid_286,2.22684263824822636e-11,-1.35465036398176197e+00,2.21190169677075943e+00,1.72890274122418142e-01,-9.08002008682988124e-03,-5.46431684049437840e-03,-1.23616452971743473e-03
asteroid_287,1.30662586733431703e-12,-1.51147056772739941e+00,-1.54138107415778047e+00,-3.65412910563536197e-02,8.29364208940322652e-03,-8.16300781977697711e-03,1.27827569463849228e-03
asteroid_288,5.09856425187979103e-11,-1.59941152142946574e+00,1.90902281432997123e+00,5.39940712060609895e-01,-8.26051275072090668e-03,-6.91980128140631898e-03,-3.52029313799820586e-06
asteroid_289,8.75812274850542912e-11,2.85441722207764537e-01,2.65460165024426820e+00,-5.62445251681057967e-01,-1.03541209293589818e-02,1.11547218740573476e-03,1.00208854965247386e-05
asteroid_290,6.09593579241858916e-11,-6.91241730179801284e-01,-2.10797063556791642e+00,1.26319412149712457e-01,1.07297845019978990e-02,-3.64883417678553423e-03,-2.17512487136537229e-03
asteroid_291,5.00257507054928672e-11,-2.65982449491942141e+00,-1.40371692306619322e+00,-7.52226108886510314e-01,4.73273390659780142e-03,-8.50291753755901686e-03,-8.67494922188419065e-04
asteroid_292,9.25973251025878919e-11,-3.97122038887828321e-01,2.11517064456730974e+00,2.10054966116548336e-01,-1.14448391284843656e-02,-2.24005336207140507e-03,9.19270169331284481e-04
asteroid_293,1.72301289170651706e-11,3.17855709533666841e+00,4.23485125084044844e-01,-1.42537487842346128e-01,-1.15436762191740354e-03,9.32661848704540927e-03,1.96762834515025681e-03
asteroid_294,7.46968477268699385e-12,1.52589397024875750e+00,-1.55063991605992868e+00,4.36851683301590465e-01,8.00894360285238881e-03,8.22794519277183015e-03,1.23103907336740781e-03
asteroid_295,9.17314005836076748e-11,-2.98720276968925180e+00,8.73479171662376319e-01,1.55948468509237116e-03,-2.73215932470903013e-03,-9.34464849240994669e-03,5.39872325282909817e-04
asteroid_296,9.02791476743321395e-11,1.43470648361357722e+00,-2.84152543879447705e+00,-3.06878237751399526e-03,8.60630646947344209e-03,4.34527135606326605e-03,1.05773222192335405e-04
asteroid_297,6.83004188964328148e-11,2.50095828123590502e+00,-2.09105109457976468e+00,-3.18612271942198988e-01,6.12101683136971001e-03,7.26077610898930373e-03,3.94692593073007135e-04
asteroid_298,2.46054564179842382e-11,-2.78836640361835864e+00,1.15434156354349837e+00,-5.20569235176753797e-01,-3.49519707980886375e-03,-9.07866402034817124e-03,-1.40997404220701548e-03
asteroid_299,9.69767048301900326e-11,1.53233077349150970e+00,-2.61098365768406904e+00,-2.19582071357140057e-01,8.52133933982025284e-03,4.98271776985755033e-03,2.17302958868251727e-04
asteroid_300,7.65369817168646365e-11,-2.83231336201452688e+00,-4.69558823483681331e-01,6.42619366875996946e-03,1.62856935962377158e-03,-9.84862176284542409e-03,-1.85000488320523002e-03
asteroid_301,6.73927194126310727e-11,-2.23513694432005350e+00,-2.05283307462078080e+00,4.86789427065771087e-03,6.67947029867085353e-03,-7.27262239136342026e-03,1.04868401778686421e-05
asteroid_302,2.22989032883046227e-11,-5.16402990436742093e-01,2.20010155523727180e+00,8.42283556098624986e-02,-1.10875619463699886e-02,-2.63971887254518724e-03,9.73537361901841082e-04
asteroid_303,5.13137862715952380e-11,-1.32283183948668781e+00,2.36286714891536498e+00,-4.38826770594255455e-01,-9.05148888829644845e-03,-5.09135358013442039e-03,-1.28967568995636971e-04
asteroid_304,8.22593983672870074e-11,-5.30367840117436318e-01,2.66320474704864774e+00,9.22275769664030465e-02,-1.02350233218344040e-02,-2.03784737810575002e-03,-1.21699133593906508e-05
asteroid_305,8.60274198709812885e-11,-2.43206164101245959e+00,1.88511819548858361e+00,5.67968612118029514e-01,-6.09836824849451734e-03,-7.44165826523185154e-03,-1.41416633313597726e-03
asteroid_306,5.61473972789687921e-11,2.65301780350499605e+00,-2.89790510123121847e-02,1.07654240521618760e-01,1.17615817351995417e-04,1.05556868190149877e-02,-5.70629691932590652e-05
asteroid_307,5.22841564334892290e-11,2.44594663393947220e+00,5.35467647781861289e-01,-5.43151698197413380e-01,-2.04949794517854823e-03,1.04907810640181860e-02,1.11296947330773036e-03
asteroid_308,6.97714059924809726e-11,-2.09663545224692327e-01,2.85805863517867165e+00,-9.98008963778272834e-02,-1.01200449564777910e-02,-7.58235723916520269e-04,-4.53679841318722823e-04
asteroid_309,5.28296019428041665e-11,1.45644973658606847e+00,-1.89296117245698969e+00,3.88163846795161915e-01,8.35978191169948343e-03,6.88843089544420670e-03,2.22568399440153724e-03
asteroid_310,4.17739269961854439e-11,-9.89985120042657929e-01,2.00887101147105129e+00,3.56272666790759029e-01,-1.02562131750628827e-02,-5.02752294365750845e-03,-1.51157625320071727e-04
asteroid_311,8.55104695232462537e-12,2.21987272516335699e+00,1.48887045305709376e+00,5.27195539615231620e-02,-5.85822090526143258e-03,8.73817703887564551e-03,-1.04492560696733578e-04
asteroid_312,1.26137070748008570e-11,-2.02189550422025421e+00,1.63473580943464269e+00,3.10987912389781816e-02,-6.70536327154997672e-03,-8.29589292476423656e-03,1.30210283929054870e-04
asteroid_313,7.60299440653847384e-11,-2.15773376705119002e+00,1.00203902001666467e+00,1.19637944982335098e-02,-4.69558476835580350e-03,-1.01137291758459872e-02,2.11426345251865039e-04
asteroid_314,2.47615982178056431e-12,2.38171490246634843e+00,8.82403800689592455e-01,-7.45028785029142604e-02,-3.66123621982351486e-03,1.00197025160993873e-02,1.62950369464176558e-03
asteroid_315,5.23997952950288992e-12,-2.09302668852202878e+00,1.42143365165657376e+00,-2.20667481732568921e-01,-5.80199008036569059e-03,-8.86432932602949052e-03,-2.06797990830446220e-03
asteroid_316,9.04653113728609020e-11,-1.54216806710616194e+00,1.94252005399087091e+00,-2.51706085867670237e-01,-8.54946825765434508e-03,-6.74521755668785680e-03,3.25763141610841561e-04
asteroid_317,7.04026713743339376e-11,-2.06964056344380376e+00,1.48783308905073763e+00,-1.81078716402023943e-01,-6.31166407896582762e-03,-8.65919593380751716e-03,9.90937915464591831e-04
asteroid_318,4.31230064195470857e-13,2.91794089729867467e+00,1.30546217969792017e-01,1.08978592159162724e-01,-5.00581236658393020e-04,9.93675776860139873e-03,1.49993052813781605e-03
asteroid_319,3.12112170017437285e-11,2.31277188328733896e+00,7.56789807227735700e-01,-3.33958318735438908e-01,-3.45403136946067233e-03,1.04133986233733520e-02,-3.22293808761460931e-04
asteroid_320,7.63342128749485203e-11,-2.96680048644595651e+00,1.28878516959665990e+00,-1.60775547355396620e-01,-3.67650281744452776e-03,-8.66863421676147827e-03,-1.64550440883395183e-03
asteroid_321,4.17659039897257987e-11,2.42777295966894435e+00,-2.05547102318750641e+00,3.44253199552062517e-01,6.15503592259063030e-03,7.36654718719191581e-03,5.77175479613326677e-04
asteroid_322,4.68850943075825912e-11,-1.88197177400056104e+00,1.89646862838278052e+00,1.68562486118039256e-01,-7.42898341827848488e-03,-7.20884236281178325e-03,-1.83785681988592208e-03
asteroid_323,4.58853181139950861e-11,2.06225397840341573e+00,-1.40255774287870150e+00,-1.19639560759324907e-02,5.92927962780973906e-03,8.69414907812194639e-03,2.81131040951900554e-03
asteroid_324,2.02214189818714749e-11,1.60372379486083028e+00,-2.21616796031088326e+00,-1.95179657297386205e-01,8.42612712751380361e-03,6.04481681954587447e-03,5.98685401482607527e-04
asteroid_325,7.21419298754471098e-11,-2.78083738995753205e+00,1.41084200645143421e+00,9.60038230883986272e-03,-4.40750571459653465e-03,-8.68734820900465311e-03,-8.42775470149009487e-06
asteroid_326,1.03096029888317528e-11,2.35178941187575896e+00,1.66532837072698370e+00,8.97848407538749949e-02,-5.85160956160746173e-03,8.26945414207509027e-03,-1.06957741678897415e-04
asteroid_327,5.07300380436116485e-11,2.88993133222692489e+00,-9.59960632357812149e-01,3.50219700644534337e-01,2.99035332268256194e-03,9.31890762382370404e-03,8.67651629081349286e-04
asteroid_328,1.70038831876615852e-11,2.68980479602569789e+00,4.91524940545009115e-01,1.64120739672667132e-01,-1.82289035370352868e-03,1.02086149389341331e-02,-6.98081394918531497e-04
asteroid_329,4.66281562961982878e-12,-1.25391861265813231e+00,-2.53458953748163873e+00,4.24606695021735647e-01,8.81154137881728049e-03,-4.68838647287256587e-03,-1.96459351792429085e-03
asteroid_330,1.43329560058723580e-11,7.66475024075498723e-01,2.28825531523370085e+00,3.97839682222627389e-01,-1.04380796072975814e-02,3.46423921500930206e-03,1.84656092898790225e-04
asteroid_331,8.69348002818110602e-11,-2.17811085703619556e+00,-2.02586826249569940e+00,2.07967011645060124e-01,6.67862492765801136e-03,-7.29968778830464033e-03,-1.16085887631709795e-03
asteroid_332,1.76230050013983125e-11,-6.23864016652501241e-01,2.20926059241513784e+00,-4.68053249854993192e-01,-1.08326787598017945e-02,-2.92625483077981439e-03,6.26550507406511146e-04
asteroid_333,2.78441372091449289e-11,-2.55959280086445773e+00,1.42869720218816099e+00,-1.19346389948499415e-01,-4.90704318231319041e-03,-8.74590462064780624e-03,5.42814415113721796e-04
asteroid_334,1.38180978741584183e-11,2.18939446088264589e+00,2.23585459773667372e+00,-1.49452165570034684e-01,-6.72500518838288659e-03,6.72009521707346048e-03,2.01714493944963160e-03
asteroid_335,7.35571547147592849e-11,-1.73838249330185657e+00,-1.44185744740107391e+00,-1.17397306272158013e-03,7.30746401094978151e-03,-8.81028545950199651e-03,6.98179893541636229e-06
asteroid_336,4.45504622339775932e-11,-1.07157952830367909e+00,-2.61322238461089551e+00,-2.69825732404304242e-01,9.41564884491443398e-03,-3.72331842647229171e-03,-1.33329570760072798e-03
asteroid_337,9.43640675141206419e-11,-7.42565558447484397e-02,2.20289297734965661e+00,-2.09888721120843835e-01,-1.12522558916433729e-02,-6.24894324405526717e-04,-2.57765899916976345e-03
asteroid_338,6.64358149789677567e-11,2.90693928074261443e+00,3.04207477628173018e-01,5.32131153389606926e-01,-1.21289420451506391e-03,9.85655274965077655e-03,9.91057849273273717e-04
asteroid_339,5.31436081564723140e-11,1.30275119317435539e+00,-1.77452706641194236e+00,-4.37629110905257950e-03,9.11043349232501173e-03,6.69466972084659714e-03,-2.56941725048614100e-03
asteroid_340,6.56665268535005067e-11,1.37465023524079100e+00,2.91462467455390195e+00,6.20682698120461548e-02,-8.61301175714404045e-03,4.08302996132585243e-03,-9.76686386087651914e-04
asteroid_341,4.05213406713431931e-12,1.13376383457426821e+00,1.96045281871911969e+00,3.04767596687635124e-02,-9.68264761117406704e-03,5.56167144240918201e-03,2.44255718863939462e-03
asteroid_342,9.50665194102677558e-11,3.22550121265579737e+00,-1.53828077148138231e-01,3.73155729757646548e-01,3.57571441224726998e-04,9.49859293302445298e-03,8.24865182744254012e-04
asteroid_343,9.56433967456206311e-11,3.03847492692388288e+00,3.14900486511555278e-01,1.96474723472567891e-01,-1.09538266264515727e-03,9.66205822770339895e-03,1.45416119782728823e-03
asteroid_344,2.76212254568674074e-11,2.74192495825422000e+00,-6.24445211045460247e-01,-4.01620282177039614e-02,2.27851278596300812e-03,1.00010543896070416e-02,5.97717955133617281e-05
asteroid_345,6.28332653194859315e-11,-3.03373297499109507e+00,-1.05283625072112794e-01,-1.47667824688516608e-01,3.32324126597177509e-04,-9.85978632763320761e-03,2.02423146882241040e-04
asteroid_346,2.01995052615460607e-11,-7.76801846424669318e-01,2.92247519514049525e+00,-4.28340247911494887e-01,-9.51937134729342188e-03,-2.48483376122093360e-03,3.10034391611087464e-04
asteroid_347,5.47517047420998906e-11,3.14698614043632485e+00,-7.50181760454501134e-01,2.08501304941123219e-02,2.21830064068407337e-03,9.30197741403528296e-03,-1.33696016223438380e-04
asteroid_348,7.70812160200480901e-11,6.88313009333344050e-01,-2.28961151321969680e+00,2.51811281772311546e-01,1.04284382331492620e-02,3.33268318728174862e-03,1.79706043916375078e-03
asteroid_349,9.39827742632911690e-11,-2.62865308094205830e+00,9.72038754629210633e-01,-1.75211648716583152e-01,-3.60722739109970922e-03,-9.36810185500993632e-03,2.14592658446796170e-03
asteroid_350,3.39283001573345350e-11,-2.05858957368657869e+00,-8.03128629703577013e-01,-1.38747219514278874e-01,3.93276164967117266e-03,-1.05403650796556288e-02,2.66186837101805001e-03
asteroid_351,6.93535912516457229e-11,-1.95078556796852176e+00,2.06233728320325937e+00,5.81925327963392913e-02,-7.41287143481001755e-03,-7.01681201709901132e-03,1.73740845648480413e-04
asteroid_352,7.16455471635744759e-11,-2.85888990672471421e-01,2.25921361034414891e+00,-3.60250113269838079e-01,-1.10786098186563334e-02,-1.06444970771833519e-03,2.11639992277973471e-03
asteroid_353,2.21226686284624766e-11,-2.77477173427130808e+00,-1.27005329785063403e-01,-3.82908503004747922e-02,4.73460575677942853e-04,-1.03094539192772460e-02,-1.14633854479894012e-04
asteroid_354,6.29069228280242845e-11,2.71769159117746151e+00,-5.55429314449688571e-01,-2.69360207001023699e-01,2.13288551880359443e-03,1.00496108889970084e-02,7.96986886909237854e-04
asteroid_355,6.55455747058857815e-11,-1.27663133086917924e+00,-2.31819380821822785e+00,2.59691736560319242e-01,9.15846194076899711e-03,-4.81297851241368688e-03,2.05845005572483260e-03
asteroid_356,7.64099698735399751e-11,-1.41063415808134907e+00,2.33362800926182423e+00,4.10250633929836392e-02,-8.91313332527408041e-03,-5.38976344184543404e-03,1.10483851729382057e-04
asteroid_357,9.99947262728788155e-11,-4.37715275531495529e-01,2.98477668946722297e+00,6.40462047758617176e-03,-9.79920735024445225e-03,-1.43695560506426124e-03,-4.23368579576434225e-05
asteroid_358,4.03283461895379211e-12,-2.74802386066280713e+00,-1.34403057434123752e+00,-8.34254752888702973e-04,4.32106319459553759e-03,-8.83494656422914929e-03,6.41804130765518581e-05
asteroid_359,2.02384813173190343e-11,-2.28966372442107335e+00,1.41289284301739015e+00,2.03799869086619644e-02,-5.44912102144707103e-03,-8.85072852831443081e-03,1.39726588075145763e-03
asteroid_360,1.45163924076548718e-11,1.02304665539324002e+00,-2.61802198301858846e+00,-2.21325749885703582e-01,9.29874941276363082e-03,3.80319251296371355e-03,-2.00513098341337931e-03
asteroid_361,1.54518609015460430e-11,-3.21721613385934635e+00,1.51121418764256976e-03,4.14490836880854266e-02,-7.01353357970950656e-07,-9.58556337020798239e-03,2.95047150253920358e-04
asteroid_362,4.54303235755902857e-11,2.23945640635153032e+00,-1.36797194886368267e-01,1.49280929150908889e-02,6.97415111698393864e-04,1.14571424935050546e-02,3.66705564917213967e-04
asteroid_363,8.78548702957276083e-11,1.37406187634590360e+00,1.75192085819075460e+00,-2.50352375176454423e-01,-9.07685735608345506e-03,6.95901479887458489e-03,-1.12050253655436019e-03
asteroid_364,4.48778396740848333e-11,-1.84079768281060230e+00,1.21323198766222240e+00,-5.16060947164979147e-02,-6.37724538453342520e-03,-9.64807147253139014e-03,6.56310015771617529e-04
asteroid_365,6.68513549794629867e-11,-1.29527727840976925e+00,2.56949819649520883e+00,-2.62251507995141575e-01,-8.83947151302416981e-03,-4.62836887006132843e-03,-1.68929003975347805e-03
asteroid_366,3.76561492615966142e-11,-2.40922897282864135e+00,9.52461606504493963e-01,2.46076960050952059e-01,-3.60303804351444143e-03,-9.73964363931095929e-03,2.42238437404766315e-03
asteroid_367,3.19731348979584059e-11,-2.97869819431180538e+00,5.23494189118878683e-01,1.71104945665966929e-01,-1.57398262968764927e-03,-9.57312957829401824e-03,1.88807218711789927e-03
asteroid_368,8.34251761310559342e-11,-2.46013100756123393e+00,1.51494576400872472e+00,3.07401040220617372e-01,-4.99760319695194150e-03,-8.52836878683270287e-03,2.03401256794404853e-03
asteroid_369,6.55581955367407776e-11,2.22024497391952469e+00,-1.10014794866838583e+00,-3.34684075280928195e-01,4.85752994209042929e-03,9.73118970438383545e-03,2.36515729476032634e-04
asteroid_370,3.50960198553727788e-11,-2.44275215959063630e+00,-1.98744576064925460e+00,-4.27736562520741881e-01,5.82846210110811620e-03,-7.51503845527467292e-03,1.63241348918795499e-03
asteroid_371,9.14168845221040244e-11,2.09267894827275258e+00,-2.17051876617815687e+00,-8.50185792914831821e-04,7.12382575093948624e-03,6.86816316162815275e-03,4.74188901238273958e-04
asteroid_372,4.98561713961133008e-11,2.18436206324875437e+00,1.05168810721666217e+00,3.74564559278815767e-02,-4.79354612702479008e-03,9.95267016935645968e-03,9.97279654782500170e-05
asteroid_373,1.88355919824558559e-11,9.82969661741144862e-01,2.30289725439108217e+00,4.08605235588648252e-01,-9.87669531347461389e-03,4.32522633914822572e-03,-6.16879050203123858e-04
asteroid_374,4.83273540281434442e-11,-1.83966501956939599e+00,-1.65889885100003331e+00,2.90020656199739407e-02,7.31955159330968750e-03,-8.11582254236345793e-03,7.56613245109983879e-05
asteroid_375,6.74731967989682451e-11,-4.76088174557603327e-01,-2.22791119012805838e+00,2.23352075846824066e-01,1.08194169193304157e-02,-2.55135618035869658e-03,-2.38725577678322240e-03
asteroid_376,3.67175877997236704e-11,-1.01894529282957214e+00,2.00103937660004227e+00,-3.79301454541289662e-01,-1.00736392807426051e-02,-5.27741724085138090e-03,-7.79940006487914498e-04
asteroid_377,8.43800357801765891e-11,3.19032260973230741e+00,3.39341116339822668e-01,3.10955835890098675e-01,-1.19637228139381148e-03,9.25407672668750354e-03,2.17562989265875561e-03
asteroid_378,5.33190666208040389e-11,2.57155221917708188e+00,4.88620078083451093e-01,2.03814309521234249e-01,-1.95939152741785461e-03,1.04301609859292297e-02,-2.83142262852441697e-04
asteroid_379,4.67818003456472910e-11,-2.58201329434388005e-01,2.52648376234000427e+00,-3.22069656313456298e-01,-1.06964290264453636e-02,-1.07005900697653301e-03,1.81157981862483422e-04
asteroid_380,8.58725552121392227e-11,-1.07551184540411060e+00,2.74567664862711203e+00,-3.98579175921610462e-01,-9.12536437766569772e-03,-3.77556503002841057e-03,-1.38502784355831873e-03
asteroid_381,4.62971514685506429e-11,-1.23884916861641448e+00,2.46973074447617069e+00,-5.58726372730214624e-02,-9.22686463476364398e-03,-4.64241134589048546e-03,-6.23067917261251047e-04
asteroid_382,4.14468700836631465e-11,-1.57852689236547539e+00,2.80013153527017611e+00,2.40036240742373869e-01,-8.32785889727835453e-03,-4.59598159155503051e-03,-1.15147710316446951e-03
asteroid_383,1.03806023693962635e-11,2.98660901167832815e+00,-1.81645299707503372e-01,5.16395713161247771e-01,5.57872845597273356e-04,9.85330454045030973e-03,2.39464397508152665e-04
asteroid_384,3.62555629669079582e-11,7.83115888053358633e-01,-2.50550464881673252e+00,5.15852325376859655e-01,9.99764324128017863e-03,2.76865274797471637e-03,-1.73003181419010394e-03
asteroid_385,3.97108595733025483e-11,-6.95285294557697719e-01,2.45423779063630265e+00,6.41705948954934685e-02,-1.01539020862613672e-02,-2.93068704166238314e-03,2.06861238291240280e-03
asteroid_386,1.80704256992567351e-11,3.06695605834329843e+00,-1.17339128570154827e+00,3.62300025232242529e-02,3.39339843368976048e-03,8.86104190976696494e-03,-2.74207141286840787e-04
asteroid_387,5.87864419392996376e-11,-2.73776241879850080e+00,-1.06808649120720722e+00,3.64991265885015903e-01,3.64972041208787854e-03,-9.30505925684282052e-03,1.46467316388944482e-04
asteroid_388,1.43927686343292672e-11,3.22452740617882627e+00,2.52808370845885977e-01,2.13079013062765582e-01,-8.26616302915530294e-04,9.42602098559402850e-03,1.32565807471138222e-03
asteroid_389,2.23767419625030605e-11,1.21613000367251356e+00,-1.88223755557413863e+00,7.45329270938049626e-02,9.65141321357002382e-03,6.22713799432220768e-03,-2.20307867250616498e-04
asteroid_390,5.61135876526568157e-11,2.04865239432075519e-01,3.09416772367901949e+00,-3.50075608015499584e-01,-9.71486918909937082e-03,6.56718999578451623e-04,1.19287744104799273e-04
asteroid_391,2.69056666368264590e-11,2.82582913448598161e+00,4.28745425941193470e-01,-1.90164008729423240e-01,-1.54608076349144804e-03,1.00398479848216662e-02,-3.38766339307292334e-04
asteroid_392,6.39704343297340493e-11,-2.24543256421592163e+00,3.12289795414262827e-02,-5.42960305885550540e-02,-1.65012224872550646e-04,-1.14741057274450765e-02,2.24679595759889184e-04
asteroid_393,6.90544081607412474e-11,-1.58626796853853724e+00,2.29036778726731782e+00,-3.33313687390299151e-01,-8.46909428107610329e-03,-5.77400624059206009e-03,6.29002323045659809e-04
asteroid_394,3.01360281565589688e-11,-5.62347149682675740e-01,2.86685414105003611e+00,1.03379578753265963e-01,-9.86808547765336691e-03,-1.94476793084168501e-03,2.52237966587706404e-04
asteroid_395,8.74789427285702771e-12,4.86800528098085605e-01,-2.05157441322552492e+00,-1.62145497858050269e-01,1.14338440406846539e-02,2.58819030525595786e-03,1.57966957922685367e-03
asteroid_396,4.89502888645535514e-11,2.64120340251121632e+00,-1.15504731962577517e-01,-8.76852221914470320e-02,4.51540250637047903e-04,1.05625176891064668e-02,-3.12608299230167797e-04
asteroid_397,9.29891302498079686e-12,-1.76329476156082032e+00,-2.47296647435364969e+00,5.71219227131062657e-01,8.00037691869592490e-03,-5.62311935709312091e-03,3.52293918534556897e-04
asteroid_398,5.15284157955715774e-11,1.84682432533323038e+00,-1.61263230218855980e+00,-1.13523876681863645e-01,7.21195272652012508e-03,8.27607392636758692e-03,-2.38314804435456421e-04
asteroid_399,7.26245220344747198e-11,9.25617174641134688e-01,-2.40578030237715090e+00,6.15889478194418527e-01,9.86814689029389541e-03,3.77730587061287076e-03,-7.59197642093099585e-05
asteroid_400,6.20367758491656314e-11,-9.49824695229857685e-01,-2.45332812958349322e+00,-1.22907834003439125e-03,9.89009288894756623e-03,-3.82906125968296299e-03,7.26025641400285899e-05
asteroid_401,4.48322814447896399e-11,-1.01198250122561317e+00,2.24087990821359240e+00,1.31656077036562041e-01,-9.94225406080837329e-03,-4.40922353374379860e-03,-1.37362975381782990e-03
asteroid_402,9.45863962042757745e-11,-3.00962621123559959e+00,1.08075578535561179e+00,1.66599209762328865e-01,-3.27281701668907582e-03,-9.01678305173860516e-03,-6.30347705083526139e-04
asteroid_403,1.01837058358862284e-11,3.01763608201968392e+00,3.43702573429770564e-01,4.96818739454100988e-02,-1.12424336343876045e-03,9.78990511148506576e-03,5.58387915555971022e-04
asteroid_404,8.80013506761240012e-11,9.30062184850040441e-01,-2.02155929361047448e+00,1.82370099853714357e-01,1.03774556225252629e-02,4.87009363607956037e-03,1.06105113423141410e-03
asteroid_405,8.00148859753938905e-11,-1.19328485113845328e+00,3.07076339912565466e+00,1.14063854893987668e-01,-8.59700962982080583e-03,-3.41674311023259809e-03,2.04559394364938136e-03
asteroid_406,4.19796606506548133e-11,2.03008100871023123e+00,-2.32980862265573929e+00,-6.36427894999581301e-01,7.07794646919314603e-03,6.49818637809645473e-03,-1.21101848864914189e-03
asteroid_407,1.52951885183524328e-11,1.97913321561789202e+00,-1.42335609734862611e+00,-1.18564005429147024e-01,6.38900675021725119e-03,8.94121621161083312e-03,-6.90252813664253301e-04
asteroid_408,1.55951199099063476e-11,-8.10528781868596448e-01,2.99593252669580545e+00,6.29303202693415470e-02,-9.42064304404985169e-03,-2.54153006401798423e-03,-3.40849124142933132e-04
asteroid_409,9.21813580166723105e-11,-6.84498771663673677e-01,2.11981859727451027e+00,2.22070937220552149e-02,-1.07672864134303638e-02,-3.49940072558314668e-03,2.15698703587902975e-03
asteroid_410,2.33781293811832279e-11,-8.14433355065199094e-01,3.16583145535628896e+00,-4.43982123469773726e-01,-9.17179103773503417e-03,-2.26630932361783716e-03,6.64574510876608619e-04
asteroid_411,8.74128296417029861e-11,2.75850092591873208e+00,-8.77843760955075880e-01,1.52414319502528511e-01,3.06304797786019359e-03,9.62796204369318655e-03,1.59153530680004266e-05
asteroid_412,5.03344890408295920e-11,2.77430565230347703e+00,-7.11574989906441968e-01,3.03567638895570036e-01,2.30829212036566100e-03,9.72306824721781184e-03,1.69578125998049432e-03
asteroid_413,4.61788463263693922e-11,2.05431868837962339e+00,7.91236721349485861e-01,1.76971629089670818e-01,-4.04051929855663017e-03,1.07732478664111543e-02,-1.26390323393452022e-03
asteroid_414,6.19549316457062333e-11,1.64494486546557939e+00,-2.70338915095269572e+00,2.74981929421856952e-01,8.09179246993366186e-03,5.06754993054501970e-03,1.41466397131605453e-03
asteroid_415,2.15117578984943621e-11,1.60310207101144120e+00,-1.39620057370780182e+00,-1.95079990145971355e-01,7.71282954809605296e-03,8.89158119019303576e-03,-2.56190996158016805e-04
asteroid_416,4.28427836992288078e-11,-1.10321961415496106e+00,-2.10263056796211378e+00,-2.62948533443127963e-01,9.83158967885306746e-03,-5.20341934448283628e-03,3.59256613314593791e-04
asteroid_417,9.38490590361049318e-11,5.79018665035824220e-01,-2.19656938386009992e+00,-1.03028164175687220e-02,1.10235465071805254e-02,2.90833665151449304e-03,-5.36170295874290764e-04
asteroid_418,2.38333103285851984e-11,-2.40898413292973723e+00,1.74386191256081569e+00,5.91186977876616004e-01,-5.83280855019000736e-03,-7.96884152713486782e-03,-2.61480761934895572e-04
asteroid_419,9.21591400523863848e-11,1.73845710819715604e+00,-1.56220600387205089e+00,-5.29043302990704900e-02,7.52188872675046451e-03,8.35745374171618406e-03,3.85913810457948572e-04
asteroid_420,9.94210275639517819e-11,-2.40059908734934568e+00,-2.07651201002992591e+00,3.44928704204254588e-01,6.06881261006772619e-03,-7.28960485939886531e-03,-1.64719844700145115e-03
asteroid_421,5.20019973566892247e-12,1.90972377236692403e+00,-2.08248092020889786e+00,-5.94992876666643689e-01,7.42483428746021183e-03,6.87709633625854973e-03,-2.38724474896076727e-04
asteroid_422,5.31425984679112480e-11,5.22792326477459990e-01,2.06762179285958325e+00,-2.13942781858476844e-01,-1.12786193502038452e-02,2.64921044674236439e-03,-1.95758133250798286e-03
asteroid_423,1.71902117763719222e-11,-2.04497271113907875e+00,-5.05356119656442004e-01,1.05177323125087707e-02,2.84344967232532308e-03,-1.15060583856452844e-02,1.14061747256816183e-05
asteroid_424,6.21752084531081605e-11,-7.91176784922358545e-01,-2.01129130451332738e+00,-5.42695430564246045e-02,1.08699117203124012e-02,-4.25475541923801825e-03,-7.82561033876622838e-04
asteroid_425,9.89543688950554147e-11,-2.81950370402120631e+00,8.72468570471437652e-03,-2.07062551711558546e-01,-1.05097003462166223e-04,-1.01810743313519095e-02,1.00208712367637733e-03
asteroid_426,8.96891207328664083e-11,2.65763574439741523e+00,-1.46566458307629643e+00,4.04085586067921110e-01,4.63758640865938754e-03,8.63093034215744320e-03,8.04367998563760927e-04
asteroid_427,9.24855976760192815e-11,-1.16030904490882780e+00,2.08063667163714694e+00,-1.37429626913793568e-01,-9.38879022417735999e-03,-5.40595876181481326e-03,-2.57541139617214207e-03
asteroid_428,2.13428478330768137e-11,3.10588039639205205e+00,-1.24291894526049843e-01,-2.60830226972790513e-01,4.30951637305505896e-04,9.71743101907138716e-03,5.01039823222928951e-04
asteroid_429,5.42365366929412599e-11,-2.15995560070495918e+00,-1.24879277870311681e-01,-1.48871286944253112e-01,4.84473959662007326e-04,-1.13938718109726726e-02,2.52846770562586672e-03
asteroid_430,2.34907533293311134e-11,-2.41248802160251241e+00,1.88322090515161111e+00,-6.37216364254987733e-02,-6.03964799368418397e-03,-7.74948289882504589e-03,-3.67375369445616161e-04
asteroid_431,8.99434765106893468e-11,-3.19391523773795249e+00,-2.47815355057018932e-01,2.51277238860801944e-01,6.97973796587967959e-04,-9.55494011576857837e-03,-5.51549091759948517e-04
asteroid_432,1.91234877674939099e-11,-1.31719800754460464e-01,3.02363606767687854e+00,1.26151881487185716e-02,-9.87777891620762565e-03,-4.30847246785626484e-04,1.28908446045535583e-04
asteroid_433,1.54043516517958863e-11,-2.89197313413511292e+00,5.05133491689653158e-01,1.08059631960896990e-01,-1.76450525244719724e-03,-9.69495712796042061e-03,-1.90315509647368355e-03
asteroid_434,1.22614154508473664e-12,2.99271587009586248e+00,8.29491311452145941e-01,-1.41352962478579428e-02,-2.60693717536042598e-03,9.39903516620718867e-03,-3.82323125545133648e-04
asteroid_435,1.82029665300613000e-11,2.12885735663385534e+00,2.56929906153621879e-01,-1.28986010166526277e-01,-1.38443324361906461e-03,1.16493488417343232e-02,3.55117653081529077e-04
asteroid_436,1.89843870569847353e-11,-2.06432342829279669e+00,-1.03733291222357926e+00,-3.84866366080803213e-01,4.81612804303536719e-03,-1.00710493637817498e-02,1.31210481686330630e-03
asteroid_437,7.75824385068591051e-12,1.37517634775609254e+00,1.75756032388917216e+00,2.86285866051848581e-01,-9.06895282165919893e-03,6.98890730204947217e-03,6.56627728195615908e-04
asteroid_438,8.67754329302817574e-11,-2.46921120132492611e+00,-1.10558908126716493e+00,7.69455006858967786e-03,4.27379080400925801e-03,-9.54520755584417104e-03,-2.40594692846141537e-05
asteroid_439,7.80019808915254362e-11,4.66951190520635828e-01,-2.95759072568076320e+00,1.24536063417469392e-03,9.81957505527499518e-03,1.55033869926744891e-03,4.09210781811815045e-06
asteroid_440,2.54556049197522050e-11,8.66355165672952565e-01,2.72131521644340379e+00,-2.62565674046514354e-02,-9.60933076448351742e-03,3.07227649023833569e-03,1.35354385776659172e-03
asteroid_441,7.83279377540871538e-11,8.71836329648573938e-01,2.98831368050454138e+00,2.29682995775652071e-01,-9.34872372840656919e-03,2.70446213936673856e-03,2.99437808027751046e-04
asteroid_442,4.22222330342118610e-11,1.47296642564669011e+00,-1.74731313384761489e+00,6.50488144147621239e-02,8.68440199060507324e-03,7.33680277716486536e-03,4.28282886627800845e-04
asteroid_443,7.75542757317249640e-11,-2.41469838068110176e+00,-1.70027013568313379e+00,4.09787302810115883e-01,5.80846687131734377e-03,-8.05266014558452849e-03,8.15052071589952962e-04
asteroid_444,3.23075351069990061e-11,-1.35821534251265352e+00,1.89350890534344418e+00,8.04104936628597389e-02,-9.15416192524395184e-03,-6.54293336319785191e-03,-5.49935492412827079e-04
asteroid_445,5.64697761065228392e-11,1.83812851513350561e+00,1.57149697315519199e+00,-1.78526653183010253e-01,-7.19579892590807915e-03,8.24634591260277328e-03,-1.49947108098378136e-03
asteroid_446,3.81672380899973194e-11,-2.60420938926786416e+00,1.35902488350267348e+00,2.91159123585681134e-01,-4.64061263853875541e-03,-8.87130633459082794e-03,-9.89182375576094791e-05
asteroid_447,1.87757049441766801e-11,-1.14885950617934585e+00,-3.06403650958724016e+00,1.59963321277900694e-01,8.89907247453799143e-03,-3.33565965972505707e-03,2.00110098454460513e-05
asteroid_448,5.85674320713600589e-11,-1.07464721682218567e+00,2.62138289977873651e+00,6.48387565030081048e-02,-9.44877435760450510e-03,-3.88063911612800344e-03,2.85970219818133505e-04
asteroid_449,7.50855716897853361e-11,-1.17535107610626532e+00,-1.81387731679106157e+00,-1.31748717352430766e-01,9.80517313790655980e-03,-6.36352007714004707e-03,1.37564328414935884e-04
asteroid_450,7.53131813881689431e-11,1.25936427714606292e+00,2.54502650778946737e+00,1.95329644549027378e-03,-9.14914514778327088e-03,4.52736411771435549e-03,-7.94167499657877005e-05
asteroid_451,3.56353789377411661e-11,2.05936260077200739e+00,-6.10131055103063535e-01,-1.13116284327173910e-01,3.28956748748045810e-03,1.12359700781324220e-02,-7.16095148690587221e-04
asteroid_452,5.18759897228987452e-11,1.34373627902170600e+00,2.79615824526023360e+00,-6.06328215778936808e-01,-8.74883361036182979e-03,3.92340513552651583e-03,-1.29577262235686282e-03
asteroid_453,7.63802220725227866e-11,1.08037748617831197e+00,-2.70104050598999290e+00,4.98478848834939592e-01,9.12403404434540891e-03,3.89812054974745820e-03,1.34725984670015938e-03
asteroid_454,5.45921447631385875e-12,-1.20501514287212519e+00,-1.96208729633443357e+00,-1.54524349923392090e-01,9.59703838472333350e-03,-5.95689656088082067e-03,7.98414537430777293e-04
asteroid_455,7.19811444675302252e-12,-1.58887556013705478e+00,1.50323234355961044e+00,3.16473055439066120e-01,-7.99914609796162530e-03,-8.34459152398732418e-03,-5.23860914907200146e-04
asteroid_456,3.76285117698080149e-11,2.20183803294989389e+00,7.29132117035753202e-01,6.15524857968300712e-02,-3.55367227085347020e-03,1.05926025528737880e-02,1.64419092095563534e-03
asteroid_457,2.23549253868863912e-11,1.69897074387750990e+00,-2.71303529537107080e+00,-6.96654573737775062e-01,8.01352945136798306e-03,5.09987688079711638e-03,-3.17795784195684737e-04
asteroid_458,3.74708554948265414e-11,2.35072085103771666e+00,-1.22359930728668309e+00,-2.93594302405205641e-02,4.86343383777537806e-03,9.35881837435532417e-03,-6.42667436919396907e-04
asteroid_459,9.38437045516376079e-12,-2.87907231970776767e+00,9.78375279852122692e-01,-2.79247850901639984e-02,-3.17115394553438941e-03,-9.31010717391976550e-03,7.59283708528776151e-04
asteroid_460,5.92048829872219928e-11,-2.85798357508234213e+00,4.98574424149720447e-02,1.73679579688802627e-01,-2.08268911926066513e-04,-1.01501488329860008e-02,-5.13409053043242477e-04
asteroid_461,6.71773331943755009e-11,8.93343281744987228e-01,2.63967492155700034e+00,-2.90202992626519898e-02,-9.76043708222603876e-03,3.30349626016843449e-03,2.53387160493025985e-05
asteroid_462,7.91861323843116829e-11,-8.06297355052877474e-01,2.12183008667771134e+00,-1.39673049638814412e-01,-1.06606590049699995e-02,-4.00993346231709458e-03,6.24771157596088617e-04
asteroid_463,6.50557885781519352e-11,2.50196962670047585e+00,-1.92108977203197617e+00,-7.18519996163124675e-01,5.90426376405360671e-03,7.50797005080372937e-03,4.85448051872614471e-04
asteroid_464,3.96441756866575266e-11,-2.00927362952411492e+00,1.42102973651942421e+00,5.49860693885475885e-02,-6.19990896766074197e-03,-8.66651427594576293e-03,-2.58136465581468690e-03
asteroid_465,9.34934731995375867e-11,-2.57663072141462793e-02,2.79273263538043670e+00,-6.55508269380399022e-02,-1.02900707294387925e-02,-9.89298405902551588e-05,-1.70058430687873580e-04
asteroid_466,7.26359382826387635e-11,2.43694275459602050e+00,-1.64374569150576466e+00,-3.78054200854585493e-02,5.55780297255136380e-03,8.26719193991952254e-03,-1.19330631852920853e-03
asteroid_467,5.27728477702192927e-11,3.32032193732099912e-01,-2.84551212039492629e+00,2.86209382899758225e-01,1.00703144316055242e-02,1.16771532390026809e-03,-7.30950353791671835e-05
asteroid_468,2.06929723294758656e-11,-2.16196293420280394e+00,-2.36837515698245937e+00,3.75905448882548177e-01,7.02077925379136249e-03,-6.48884511498165097e-03,-5.03730532439693873e-04
asteroid_469,6.49010089237542112e-11,1.17734289638216305e+00,-1.94995657906294872e+00,-3.73457611208227250e-02,9.66906683126230945e-03,5.80659505478476560e-03,1.63871126367298421e-03
asteroid_470,5.91761353033447416e-11,2.11678373651290652e+00,-1.69212333248077629e+00,1.30939646311941105e-02,6.52474725909725755e-03,8.16204075881926672e-03,-2.28558931910639683e-05
asteroid_471,6.83361665937652785e-11,-1.18179741012554396e+00,-2.24143034603308777e+00,5.10636143113495589e-01,9.51545860868625339e-03,-4.78824057863106410e-03,1.00430925183755113e-03
asteroid_472,7.81146652831770371e-11,1.85627404061225709e+00,1.80249278690035575e+00,6.54859261903822820e-01,-7.43319503767270358e-03,7.43254491669439847e-03,6.12251226957544518e-04
asteroid_473,9.15058114016326169e-11,1.35971052830961447e+00,1.74758285331934737e+00,3.58419085346656396e-01,-8.98208532851528345e-03,7.12678745566625808e-03,-6.74114686673367002e-04
asteroid_474,9.49061685699010076e-11,-3.76913292112074361e-01,-2.21938232075396114e+00,-2.09781989323001239e-01,1.11329583977321546e-02,-2.04735831436997709e-03,1.65748664910407399e-03
asteroid_475,6.30222483575383617e-11,-1.90482441075483688e+00,-1.49718249418960681e+00,2.30084217657010370e-01,6.69693951124451445e-03,-8.69018580441142247e-03,-1.10524833837920711e-03
asteroid_476,9.65959440149768085e-11,-2.17377047263951262e+00,1.14385233914053330e+00,2.13849505667649736e-01,-5.11027911935996951e-03,-9.68943510024263335e-03,-1.18264721581056603e-04
asteroid_477,9.11431256760667564e-11,4.57676549822731593e-01,2.57301732199696653e+00,-2.02954231647522292e-02,-1.04691915489073910e-02,1.85900475109810519e-03,-4.06596168020850713e-04
asteroid_478,2.71409557951953643e-13,2.68010091328586908e+00,8.92985642573129290e-01,-2.15808481806985364e-01,-3.29986108921506878e-03,9.57804598363183601e-03,-1.34796913076629349e-03
asteroid_479,6.37653704499383213e-11,2.73700217475743557e+00,8.34665592505784648e-01,2.54779092588536468e-02,-2.96549810763801483e-03,9.72673064165512427e-03,-7.82098835777175121e-05
asteroid_480,1.78551562893080144e-11,-2.43851415140650296e+00,-6.98391773253764225e-01,-5.43720159806564851e-01,2.84055882452453369e-03,-1.02848150892845304e-02,4.70991100234177922e-04
asteroid_481,2.95263135193052598e-11,2.37276882261490618e+00,1.00037347619611383e+00,-2.83049681272822484e-01,-4.13826444681670517e-03,9.85317374082309017e-03,1.33223282073630209e-04
asteroid_482,2.97570449715615332e-11,4.53837357395554142e-01,2.31484572803236777e+00,-1.02811555312156022e-01,-1.09220876930957028e-02,2.19067252915958362e-03,1.11094058852704192e-03
asteroid_483,4.83181326673143771e-11,2.31867023102914382e+00,1.57346944863219940e+00,-1.46341567240272252e-01,-5.78321648527341074e-03,8.45740082125981396e-03,-6.96385168158953987e-04
asteroid_484,1.09650913755670857e-12,1.00330168368204253e+00,2.24238248142154939e+00,-3.43124240443251960e-01,-9.61372672129730266e-03,4.65160090067268193e-03,2.28838441516741918e-03
asteroid_485,2.35872828383854048e-11,1.01591723836152870e+00,-1.88536079653071620e+00,8.33117352846509812e-02,1.03357263421547871e-02,5.58190819342070134e-03,2.84093419080985428e-04
asteroid_486,2.92180448641406503e-12,2.45412205772299274e-01,-2.59045428897352936e+00,1.18333493088166146e-02,1.06080897951429144e-02,1.00689638882459553e-03,4.19522249908707632e-04
asteroid_487,6.50593509862665913e-11,1.74178821247525306e+00,2.01980917258376946e+00,-9.94383952512345182e-02,-7.97779482695240745e-03,6.86821410666373956e-03,-2.32778688399064911e-04
asteroid_488,8.89298649934963859e-11,-9.45695881565482011e-01,2.16233376947448352e+00,-2.24153316895838367e-01,-1.00689122432312227e-02,-4.56941339306809590e-03,-1.59920919849103295e-03
asteroid_489,9.97788880965948897e-11,-2.70554443912104015e+00,-6.56508693852901448e-01,1.26937970884345636e-01,2.46619606791298072e-03,-9.66000143429482198e-03,2.60385549552574801e-03
asteroid_490,4.48612036092919306e-11,2.47990532627088545e+00,-1.24286953483135321e+00,1.66661827293144521e-01,4.61525688344206157e-03,9.22835886400981062e-03,1.45479991466106623e-04
asteroid_491,2.60215096183123345e-11,-2.81199939222523021e+00,5.22583333975427333e-01,6.90868467699090827e-01,-1.81788127482497780e-03,-9.86204146503474530e-03,6.05867406218519046e-05
asteroid_492,8.53118286371019355e-11,7.00023478350420780e-01,2.79084989451434984e+00,3.67418778315096450e-02,-9.80845625982007877e-03,2.46981500766586858e-03,-7.27597143772343714e-04
asteroid_493,1.13247201688718756e-11,1.76978680746020700e+00,-2.24391153817667721e+00,3.79396199389194999e-01,7.82142497718828211e-03,6.34990520928189767e-03,1.07109882998960193e-03
asteroid_494,9.74241557158035210e-11,1.57436920210706188e+00,-1.91542649717026392e+00,-1.44870949425222155e-02,8.43886476702921176e-03,6.93698714212455901e-03,-9.66510265296948839e-05
asteroid_495,7.14865970972730508e-11,-9.06738458990821283e-01,2.88000798791622437e+00,-3.93584859228855777e-01,-9.40060363460266078e-03,-2.96773870296862486e-03,-5.90020597340637463e-05
asteroid_496,5.03984271900877446e-11,2.68958942081791053e+00,-5.30502467491163809e-01,3.10820415302491493e-01,1.83993035932253184e-03,1.01050196285601915e-02,1.32578362692556992e-03
asteroid_497,9.67408722705009328e-12,2.46731999165865989e+00,8.02074078581339389e-01,-3.48385022764363839e-01,-3.22508081497398192e-03,1.01207655498019872e-02,4.60115455375077580e-04
asteroid_498,1.82941161162004310e-12,-6.66394128711468414e-01,-2.77212198322676961e+00,-2.61805488105060352e-02,9.88516496899731131e-03,-2.38222938374244800e-03,6.26974903998989141e-04
asteroid_499,5.44577744262191049e-11,-1.38546758621588029e+00,-2.05520873814859639e+00,-5.21167652850459406e-01,9.02404665897470724e-03,-5.91059239753873814e-03,-6.81206896688876752e-04
asteroid_500,4.13909122389277419e-11,-9.01716476311751891e-01,-2.48862193315183466e+00,-6.05353013095559889e-01,9.65109172539233701e-03,-3.79119203205580168e-03,1.20969947244098483e-03
asteroid_501,8.42680227912600543e-11,8.67890657985943559e-01,-2.84661329448637890e+00,2.19303484379721386e-01,9.50244961422164365e-03,2.82445105928996873e-03,-9.43748403038477705e-04
asteroid_502,6.42341249145467536e-11,1.73690347341186557e+00,2.63912592139298674e+00,-1.64541046251555023e-01,-8.02134270484803659e-03,5.18426008666820603e-03,-1.52170436017269963e-03
asteroid_503,4.31953156861045585e-11,-2.98312494832836483e+00,1.15361442821183613e+00,2.09490638078857844e-01,-3.51323870994728468e-03,-8.74500022080089597e-03,-1.87154719294668368e-03
asteroid_504,2.26084459395183739e-11,-2.08697283714669490e+00,-1.71935483352180118e+00,4.38599358519093929e-02,6.64689526453282782e-03,-8.05178461421448936e-03,6.38739500382504675e-04
asteroid_505,4.80474166591124976e-11,1.73917671792873607e+00,2.09472117396853763e+00,9.68619959599148622e-02,-7.87144304104261602e-03,6.42862433235353529e-03,2.30900636309148326e-03
asteroid_506,1.63077979358277951e-11,-1.46082804286450596e+00,2.67966186735100642e+00,2.19184914347773152e-01,-8.63854448962271364e-03,-4.69686736810349687e-03,-1.52435936390538242e-04
asteroid_507,6.67045961206938101e-11,-6.34669427908002515e-01,-2.38163410872298975e+00,-2.49461976846688860e-01,1.03466263945605173e-02,-2.95730942352604538e-03,1.91027724756970729e-03
asteroid_508,6.05768499558513447e-11,2.49687008514452291e+00,1.84366185989598863e+00,-8.18480812133410979e-02,-5.80115740304341237e-03,7.85091795448020560e-03,-1.25823120998429434e-04
asteroid_509,8.10090360989390206e-11,1.36202318617581652e+00,2.32100873457408419e+00,-9.94916329303506680e-02,-9.00831983168605237e-03,5.31584531616863601e-03,6.89333657598292533e-04
asteroid_510,4.49584319315052046e-11,-1.13444738570470460e+00,1.93018274772319653e+00,-2.58917773698946890e-02,-9.82449570820604669e-03,-5.75285886051226606e-03,1.59527670905141596e-03
asteroid_511,2.78720668174226279e-11,9.37105251964724495e-01,1.97035607017147596e+00,1.42077565086443147e-01,-1.03895610393905744e-02,5.04246270073032982e-03,-1.40299965905940865e-03
asteroid_512,8.36411719699831919e-11,2.80917278475185128e+00,-1.32625406437508531e+00,1.55357339336169409e-01,4.16133214159271434e-03,8.56847797692933573e-03,-2.09788774355361158e-03
asteroid_513,6.91027981751738724e-11,-7.07268650947734945e-01,2.03512516064753735e+00,2.29227746089484985e-01,-1.08217788014988124e-02,-3.45138994411940247e-03,-2.74789762606517931e-03
asteroid_514,7.06738493142944135e-11,-2.37873816253646231e+00,5.24088641227188234e-01,-6.78755389744367527e-02,-2.37002160358689264e-03,-1.07619531543108448e-02,-3.76655735489770356e-05
asteroid_515,5.28131762949205016e-11,-2.49766031985352521e+00,-1.22746903256437140e-01,-3.75137495905615292e-02,5.43948443809599467e-04,-1.08376244679097965e-02,-7.54752653792697850e-04
asteroid_516,8.75991017025384315e-11,2.28988120031402520e+00,-2.58895742059016165e-01,1.20016996189852912e-01,1.22282478334795721e-03,1.12234159523777986e-02,8.79634736019321243e-04
asteroid_517,2.27860729120788703e-11,-2.23670699467509149e+00,1.02650016444686276e+00,2.78107253979907099e-01,-4.49046429447028800e-03,-9.94754301136204291e-03,6.01572371201152369e-04
asteroid_518,4.01751856150385346e-11,-1.04862841997555112e+00,2.78414160573017222e+00,-3.10479194857157414e-01,-9.25229485905209800e-03,-3.56967341212467790e-03,-7.60942859562890070e-04
asteroid_519,7.96252948407657210e-11,2.42751646137975535e-01,-2.05032910818007119e+00,-4.70674156586473769e-01,1.17382901434872535e-02,1.39637461648078171e-03,-2.87635654691805156e-05
asteroid_520,1.33047605878484295e-11,2.89490724852425485e+00,1.05904584066638874e+00,2.49316762952538573e-01,-3.43955212294837090e-03,8.97962467113476263e-03,1.79430459625705310e-03
asteroid_521,8.08128682066913077e-11,-3.11193944569174397e+00,-3.14782732080551908e-01,1.54292183953804295e-02,9.78867358644355985e-04,-9.67714895925219504e-03,-1.51936914855813469e-06
asteroid_522,3.52659961208767239e-11,-2.15430024444475965e+00,1.32407027899042906e+00,-3.02621842478240810e-01,-5.64225108052375784e-03,-9.18467967566443354e-03,-2.00200307885125355e-05
asteroid_523,1.25591148660463937e-11,-2.12813971909531396e+00,8.04345462954332402e-01,-2.05519566636728268e-01,-3.85899155234063155e-03,-1.05987848041309337e-02,-1.52107790493360854e-03
asteroid_524,7.92415705866755303e-12,-2.69224087401325241e+00,-8.12431670595752164e-01,2.23344475930793401e-01,2.87618898662372240e-03,-9.78592855392821336e-03,-9.26840618558996080e-04
asteroid_525,8.43044415881858841e-11,2.22635915421078012e+00,2.69325754145120999e-01,6.75368483000851061e-02,-1.38461698574771953e-03,1.13990962393529394e-02,1.86335465384967797e-04
asteroid_526,7.78637684071073109e-11,2.20173705181639789e+00,-1.25353233561693100e+00,-1.48200741513810297e-01,5.36985538229338075e-03,9.32209115911794561e-03,9.27571975442320206e-04
asteroid_527,2.88112541254977475e-11,2.19665508633091378e+00,-2.39026052225213848e+00,1.56871577145035412e-01,7.02300729348440123e-03,6.39396415243727746e-03,-9.17212671180132237e-04
asteroid_528,1.16450553018554471e-11,3.23324379466162748e+00,-6.32641081800792149e-01,2.84095323619435684e-03,1.81808006597685042e-03,9.28958587043517137e-03,-4.65490578072607025e-04
asteroid_529,2.47309702595114277e-11,-2.07701577497013057e+00,2.20128683903628053e+00,-1.41620027996000181e-02,-7.05774731995606388e-03,-6.64680041035982730e-03,1.94451693489604586e-03
asteroid_530,2.13066336930106378e-11,8.94444879504234236e-01,2.30222768568916436e+00,-1.27302074275338239e-01,-1.01869618443795069e-02,3.91758149828439015e-03,-7.26706722124654918e-04
asteroid_531,7.33082346127028951e-11,2.39275938234407404e+00,1.63251169885815028e+00,4.07911480187818698e-01,-5.73183223167158997e-03,8.23933853373182666e-03,6.47392427059935915e-04
asteroid_532,2.15641528048481839e-11,-1.09468372678218184e+00,2.73528096258653708e+00,-4.11703575341390640e-02,-9.22717182902436407e-03,-3.67260172504136652e-03,1.34167559128003694e-03
asteroid_533,2.16176911915448349e-11,4.37555993314841019e-01,-2.46603164038370615e+00,5.55482983444300693e-01,1.05179332083047417e-02,2.03662149794867856e-03,7.56437826848928947e-04
asteroid_534,3.23649056856055242e-12,-2.42981829684795025e+00,1.52550385402071709e+00,-1.90478970275391526e-02,-5.39557611127587222e-03,-8.59802013592784499e-03,-3.17268467122237699e-04
asteroid_535,5.96900002340687095e-11,-1.35074546545135488e+00,-1.62404165452376392e+00,-4.69940551539107521e-02,9.09344112065781085e-03,-7.57003097044392677e-03,2.36652549392537577e-04
asteroid_536,6.89010650301281701e-11,6.90875216125301672e-01,2.24156325218893837e+00,1.57071869500645556e-01,-1.07215945227541309e-02,3.27205712952691880e-03,4.63233249445394477e-04
asteroid_537,6.53525119901189157e-11,3.19926841108490789e-01,2.69478629343276443e+00,2.98751102650710587e-01,-1.03310173246950656e-02,1.25738801342071692e-03,-2.78567159175704374e-04
asteroid_538,5.68642296240462924e-11,2.25458085270212338e+00,4.36405729298420419e-01,-1.82936223027023309e-02,-2.14376311891971948e-03,1.11121737652319537e-02,8.81674235673896023e-04
asteroid_539,9.66078341345951132e-11,1.48509965642483310e+00,1.74936737063355574e+00,-1.41419783027686763e-01,-8.57813525246819801e-03,7.10921575356017205e-03,-2.14082951940879887e-03
asteroid_540,4.72791238325870536e-11,6.25606017687671434e-01,3.03588340661445821e+00,-1.55388815732357688e-01,-9.55981588359528997e-03,1.94993887246932640e-03,-3.91863968035787000e-04
asteroid_541,8.60150494470422614e-11,3.07107485544364556e+00,1.16934952437992457e+00,7.22797018295057159e-02,-3.37568805872283557e-03,8.86735822771857023e-03,-2.83677031331127771e-05
asteroid_542,6.46045309386301005e-11,-1.95737236308161955e+00,1.93342286408255370e+00,2.96246966583215476e-01,-7.25424880423818433e-03,-7.36806914622980137e-03,1.56380426988097512e-04
asteroid_543,8.42535244937672187e-12,-7.61901324269045999e-01,2.98475294041707651e+00,4.04329617414402931e-01,-9.29380915166959712e-03,-2.57504758897071032e-03,1.49609461360185195e-03
asteroid_544,8.10107452129991599e-11,7.90254929160999153e-01,-3.18752159745668617e+00,1.69368471709547358e-01,8.96672443566229674e-03,2.33128734313318292e-03,2.03715938935568981e-03
asteroid_545,5.84430102835649325e-11,-2.86398127199570862e-01,-2.24174551671994360e+00,-2.12291213051869071e-01,1.11890531544806254e-02,-1.24964467739581680e-03,-1.89898823290528935e-03
asteroid_546,6.53560306759502089e-11,-1.94543174582540002e+00,-1.75468870578775271e+00,3.07979716592041153e-01,7.14688013552434477e-03,-7.76225644043297951e-03,9.20267720674072939e-04
asteroid_547,1.80309412880289536e-11,-1.55065410885293353e+00,-2.03546937722865140e+00,-2.50651037314900960e-01,8.31832253422966870e-03,-6.55010507792347114e-03,1.73028323330282649e-03
asteroid_548,4.37546345132943247e-11,-1.86132596596798550e+00,-1.15545068105907989e+00,-1.51904970556892394e-01,5.92778288382260227e-03,-9.79848989985750672e-03,1.89681499430172725e-03
asteroid_549,8.80594416126846773e-11,1.23235445036733093e+00,-2.73981352109377552e+00,-1.14640890969300746e-01,9.03001681301312566e-03,4.08159058250290741e-03,-4.76406443112526454e-04
asteroid_550,2.15509649967006679e-11,2.38839406873459748e+00,-1.04221159605936897e+00,-2.76715686803902849e-01,4.12874355113059151e-03,9.73661608799613297e-03,-1.03553068404222152e-03
asteroid_551,2.24894046539939260e-14,-1.89868193588005707e+00,-1.81507770799918822e+00,-4.39423666945972180e-01,7.38031123732549050e-03,-7.43010631674623744e-03,-1.19848638912114819e-03
asteroid_552,2.57582961246263321e-11,2.23993842031596246e+00,4.19828678185521331e-01,-9.22112739229035278e-02,-2.12562169505119873e-03,1.11598251583618982e-02,-8.24704545881236369e-04
asteroid_553,4.87593694931494414e-11,-4.97632536133864045e-01,-2.23613913915983398e+00,-3.47924632016801516e-01,1.10243008156008619e-02,-2.31180516458364153e-03,-9.09773940114354208e-04
asteroid_554,8.21295915497591193e-11,9.00403818521750887e-01,-3.05312055043583852e+00,-1.85513818565589322e-01,9.16465433307945242e-03,2.76800676321678485e-03,-1.07360506686722426e-03
asteroid_555,6.43326571483293567e-11,-2.13426924238260796e+00,-1.47395895109867781e-01,2.47126200159497100e-01,8.92267521852374329e-04,-1.16639431868703451e-02,7.49098157975943107e-04
asteroid_556,9.19071562610280178e-11,-9.82786111321091838e-01,2.16637531731348476e+00,5.10100848322105477e-02,-1.01561261273275024e-02,-4.60479841890856952e-03,-1.09352236001863864e-04
asteroid_557,4.55618875184730785e-11,9.71592002202694927e-01,-2.24938318665549808e+00,-3.30657696533455253e-02,9.92579123586678248e-03,4.31526426727009242e-03,-1.90116574118442917e-03
asteroid_558,3.90876141434741638e-11,-3.91910552777645083e-01,2.59002573490932653e+00,6.03979513612139307e-01,-1.03723498447480227e-02,-1.57789157629951451e-03,3.60052415089581144e-05
asteroid_559,2.31495074774053699e-11,2.45106677929260108e+00,1.36064653838510852e+00,-4.28736281970098568e-02,-4.98802579621510870e-03,8.97450970740947158e-03,-3.46337758001196534e-04
asteroid_560,2.18140678290650258e-11,2.64464693686483754e+00,-4.73881314652686791e-01,-1.66922010644111496e-01,1.89101383143768583e-03,1.02842075300193202e-02,7.64250034503160158e-04
asteroid_561,7.36136286018359654e-11,-2.05099217344390938e+00,7.98104196882858830e-01,2.43031365763015546e-02,-4.20405672062186889e-03,-1.08059556065563476e-02,7.36979034427332315e-05
asteroid_562,8.04510871330045951e-12,1.51593618654550921e+00,1.85075596260780895e+00,1.49038985948999631e-02,-8.60386687612306120e-03,7.04692955513059553e-03,5.14126887802765362e-05
asteroid_563,2.42789313474525335e-11,1.51250220471327568e+00,-2.65691984042917051e+00,5.82720399556726276e-01,8.17776546713219754e-03,5.02934955309833343e-03,1.70526090071825812e-03
asteroid_564,8.85906670014175728e-11,2.00003510653411354e+00,-2.02460938690333458e+00,-3.31136405297666303e-01,7.26531134708868157e-03,7.08251639559991618e-03,5.78458223213065338e-04
asteroid_565,5.76963126017843021e-11,-2.87670391158892258e+00,-6.91097334412103942e-02,9.12015737109341390e-02,2.70625373592034185e-04,-1.00958312857133015e-02,8.85827497016675592e-04
asteroid_566,4.66829503074254284e-12,1.28225678994917835e+00,2.60583888031481603e+00,7.34319113205354843e-03,-9.03432224120014060e-03,4.44348074443589973e-03,7.25317983787985925e-04
asteroid_567,7.04284622824952462e-11,2.96739060746225469e+00,1.48735089576273793e-01,-5.15375916719648997e-01,-1.64920573888521868e-04,9.72887653938375382e-03,1.85814185444097609e-03
asteroid_568,5.06731699516341089e-11,1.99139308696358164e+00,-8.53498724470707071e-01,1.16715663600504990e-01,4.61923097421367522e-03,1.07165973453776670e-02,-4.46405071811922652e-04
asteroid_569,8.54536275325265801e-11,1.47869293674767421e+00,-2.02610806905063923e+00,3.99497197463222486e-01,8.77564133765654578e-03,6.18218440137608283e-03,-1.12818103430641450e-03
asteroid_570,6.82465629154008881e-11,2.65203965345958848e+00,-6.89406941974995524e-01,1.99477836988368379e-01,2.59947601918542655e-03,1.00460030743254863e-02,1.59771019809919397e-04
asteroid_571,4.54614331899085148e-13,-2.33484604040959542e+00,9.10537181851785893e-01,-1.38817517408011716e-02,-3.94638880765995747e-03,-1.01224481574774053e-02,-1.91268171211938154e-04
asteroid_572,2.05818513266203143e-11,2.99375327206691777e+00,6.63590199483050092e-01,-5.38693875594459137e-01,-2.03853225015194518e-03,9.52503637140215444e-03,4.04419284394740279e-04
asteroid_573,2.58037904194888515e-11,1.72014262452968336e+00,2.05392680257001858e+00,1.11791962610998568e-03,-8.05723861508222082e-03,6.74785415840653373e-03,9.50000950678092082e-07
asteroid_574,7.02262065932733935e-11,2.73722964169132998e+00,-1.25108647254127270e+00,2.77443385912102880e-01,4.19082050625091407e-03,8.83954359757383422e-03,-1.48572543187250480e-03
asteroid_575,5.09363246252327296e-11,2.45217548130696716e+00,-1.92683921357555610e+00,-1.53701314355535718e-01,5.99280811915607614e-03,7.66025283634647058e-03,-4.20675758532160660e-04
asteroid_576,7.47472752341453995e-11,-2.66387883923641500e+00,-1.46741907442087455e-01,-4.50886029554581014e-01,7.47868637878202247e-04,-1.03789201749376926e-02,-1.04063746613817934e-03
asteroid_577,5.12915912063584265e-11,2.47742581300680698e+00,1.99166292947169477e+00,2.84735377086544783e-01,-6.05522709217806796e-03,7.28543056915932370e-03,1.72529988009282589e-03
asteroid_578,3.27451872235531381e-11,1.50000465493102553e+00,2.34875086329651195e+00,-3.14402590145079486e-01,-8.65037060999702262e-03,5.31620598548266515e-03,-1.55581664827842228e-03
asteroid_579,1.03750280644018491e-11,2.92410807041153875e+00,-1.08887951496834789e+00,1.96838118435824390e-02,3.39829172943693089e-03,9.12606939206414905e-03,1.10619599857011376e-05
asteroid_580,2.02701836458869406e-11,2.36172414763462291e+00,7.11952979698144972e-01,-4.57168048555156359e-01,-3.09790339581492505e-03,1.04074677224323502e-02,2.03939009861318535e-04
asteroid_581,4.00840002337647187e-11,-9.27161676963474402e-02,-2.65410525938181374e+00,-4.79024937825755226e-01,1.02666383495071453e-02,-7.08127423945924825e-04,1.93635296217942654e-03
asteroid_582,5.51499162750960523e-11,-1.05503827076959267e+00,2.52506705928483033e+00,7.67783828398126006e-02,-9.57087638521157691e-03,-4.01696110149260543e-03,5.92032326327717492e-04
asteroid_583,9.38643539450303642e-11,-2.22182640399841747e+00,2.13395603566319501e-02,-1.34162917584906949e-01,-8.35695793463784057e-05,-1.15207565368706539e-02,-4.48490406983796718e-04
asteroid_584,2.39796205048794527e-11,2.94267618082358129e-01,-2.51047759755578603e+00,-5.08280375143155272e-01,1.05889599174219095e-02,1.40658983245847452e-03,-8.16919697815388307e-04
asteroid_585,6.66118330952739083e-11,-1.73366107434806249e+00,-2.69064536933300635e+00,8.65639910130252708e-04,8.07537830419612426e-03,-5.20333098566765420e-03,-4.03626346059815218e-04
asteroid_586,1.52630656902152319e-11,2.70192362197210212e-01,2.81692773665834473e+00,-3.92881304709035761e-01,-1.00613053368329500e-02,1.11188678205598581e-03,1.05277816911478412e-03
asteroid_587,7.13781746610141890e-11,-5.87860679717568613e-01,2.22995022604560855e+00,1.78177863629648603e-01,-1.07963606430717968e-02,-2.68288652444074842e-03,-2.04319710128262819e-03
asteroid_588,1.14397430562646241e-12,-2.46563405148833104e+00,4.50953756297273189e-01,2.16139183061342249e-02,-1.95516272695686394e-03,-1.06876987955573689e-02,-4.89442839658641126e-05
asteroid_589,6.55954357934622684e-11,1.49551631229254234e+00,1.75480225025935588e+00,3.35624876939451311e-01,-8.56508887930884817e-03,7.32318674635051934e-03,-1.23692995293195687e-04
asteroid_590,1.63301334948852931e-11,1.21632511037442237e+00,-1.73481000982915701e+00,-2.16756431208193989e-01,9.51524655832563203e-03,6.83408670194243263e-03,-1.30196228412587955e-03
asteroid_591,1.80406413936185263e-11,3.20060361426705953e+00,-2.76218183232828263e-01,-5.38897899413620929e-02,8.10232917839440441e-04,9.53358259448852316e-03,-7.44379570941423353e-04
asteroid_592,5.58951742551245843e-11,-2.56889594278065392e+00,4.28262938419331829e-01,4.19059363652361239e-01,-1.44429626960182640e-03,-1.03500087178349017e-02,1.72357040949332662e-03
asteroid_593,3.75474004754121573e-11,2.18120067200497925e+00,1.15664579494321540e+00,-2.65134002557526338e-02,-5.12014013649739631e-03,9.66589536700710600e-03,4.51248199275951657e-04
asteroid_594,4.71358020035781167e-11,-2.53073667052003337e+00,1.23962191108820874e+00,2.83970734328922968e-02,-4.49609137803310549e-03,-9.15672477704230700e-03,-9.70052672381620435e-04
asteroid_595,3.08957993668002302e-11,-2.07443984791966951e+00,3.65260335078419318e-01,1.01124213362878315e-01,-1.88552824669065535e-03,-1.14139283314756597e-02,2.54776130300397082e-03
asteroid_596,9.53471702823372355e-11,-1.05324229012184567e+00,-2.19388715341883378e+00,-8.82687733028900134e-03,9.92754178576235081e-03,-4.76822606139060308e-03,5.48671379906032664e-04
asteroid_597,2.90727034471880620e-11,1.54787389135443143e+00,-2.42445456481235677e+00,6.25398964143348834e-01,8.47233643585948437e-03,5.35778852776110960e-03,-1.98902655009105021e-04
asteroid_598,5.42093219993026438e-11,-1.92077098047419725e+00,-2.11927992498968054e+00,4.34446399689305401e-02,7.53689818885118924e-03,-6.82799899251438063e-03,1.43035625404022883e-04
asteroid_599,8.54370119985291162e-11,-3.21676077768910140e+00,5.39266988712947981e-01,-3.28665471942073406e-01,-1.64058843030525400e-03,-9.32795224671417213e-03,7.51900692617615937e-04
asteroid_600,6.64214394179595118e-11,-9.75935609836732776e-01,2.67158697718843952e+00,3.08297919002466156e-02,-9.57972292720603649e-03,-3.49755121342490340e-03,-1.68034322479976273e-04
asteroid_601,3.22844669287022503e-11,2.37010311231350368e+00,-1.14393088750502825e+00,4.67974403317223453e-01,4.53388608470700963e-03,9.49160177606792922e-03,2.39241553617254858e-04
asteroid_602,5.52481439698482759e-11,3.00516301940883501e+00,-1.60114557066974250e-01,1.60814251106835004e-01,6.21620579663814373e-04,9.69199964862367883e-03,-1.96649827425081705e-03
asteroid_603,8.30828271201041587e-12,-2.90406217225918883e+00,1.11779233571704739e+00,-6.74371900592636631e-01,-3.57672908143333171e-03,-8.93243107277442820e-03,5.96763644790312877e-04
asteroid_604,5.45731834067421499e-11,2.16158800276707996e+00,-1.88895627802989186e+00,7.41369590698722769e-01,6.65428290721282577e-03,7.43810372633484269e-03,-4.49931279804964990e-04
asteroid_605,4.31445949444706632e-11,-2.38482213611955496e+00,-2.15409397023126070e+00,5.22574734620141590e-01,6.45453164501928831e-03,-6.98443483455114464e-03,6.65514345999088618e-04
asteroid_606,7.57957913702736811e-11,2.54708666001250794e+00,-1.54766504981836461e+00,5.90757738709915881e-01,5.19696674612352572e-03,8.37668580828158406e-03,-4.61815046873042742e-04
asteroid_607,8.47918052849803683e-11,-2.72870308019743102e-01,-3.10258727500225095e+00,4.00137052636299284e-01,9.66049477149293068e-03,-8.92860880895836946e-04,-3.35176716604234141e-04
asteroid_608,1.99696559995274295e-11,-4.89313430257297843e-01,2.18074150330161620e+00,-9.36579188352727465e-02,-1.08886104309441449e-02,-2.55825064732974469e-03,-2.67932540996223103e-03
asteroid_609,8.16277518702169950e-12,-2.91852335978813260e+00,5.96685565458414335e-01,3.21342848751229437e-03,-1.96986657116142482e-03,-9.62605734045225009e-03,-1.67177713721551775e-03
asteroid_610,3.90617925546711159e-11,-2.14386382695453115e+00,-1.44990777844770746e+00,-4.56682364955203923e-01,6.10749648454388377e-03,-8.53087100812879341e-03,-1.58680214182719301e-03
asteroid_611,5.34196993159727080e-11,6.02196181459341173e-01,-2.69705174394319869e+00,-3.80145902223485502e-02,1.00824340146358857e-02,2.24244252700624537e-03,6.21333417952520529e-04
asteroid_612,3.76864268120191088e-11,2.65105453340507902e+00,1.13445031853285716e+00,8.78204127447248795e-02,-3.91687789058664700e-03,9.25203518065819373e-03,-1.27666638810887282e-03
asteroid_613,6.28598314880980209e-11,-2.06259299039508504e+00,2.49743288386545581e+00,-4.00982411094451485e-01,-7.15442913187402940e-03,-6.13012447113522353e-03,-1.37886112563037492e-03
asteroid_614,5.05700714591103221e-11,4.15096850747359414e-01,-3.25373713760763339e+00,-9.53421838177153647e-02,9.40892136364953127e-03,1.21269702334656209e-03,-4.21468367300004360e-04
asteroid_615,9.36632372061623250e-11,2.28057002829514799e+00,8.81518066722713156e-01,-6.50027099288408988e-02,-3.97421386452315433e-03,1.02423305965617002e-02,-5.33417134278438960e-04
asteroid_616,4.09450184207261135e-11,6.68637056313229228e-01,2.89695916147745258e+00,-2.09660133423481859e-01,-9.37716608992247673e-03,2.33975853853070131e-03,2.42422913033730298e-03
asteroid_617,8.25859235312875654e-12,9.18693741929601848e-01,2.83765252066267104e+00,3.21887331282779687e-01,-9.45448464449004898e-03,3.01908496348625086e-03,3.68643956436888660e-04
asteroid_618,3.02004827639362991e-11,2.34917731813387620e+00,8.97964092848903883e-01,6.50611494829291814e-02,-3.87971755602517943e-03,1.01184030415162329e-02,4.33159809646893438e-04
asteroid_619,6.05933272977008118e-11,8.33292181097082585e-01,-2.08755287107989140e+00,-6.43876937319540210e-02,1.06283131735868206e-02,4.21357937642121826e-03,9.38386476170709020e-04
asteroid_620,2.56099496097225413e-11,-1.69919210259394737e+00,-1.31029771255840211e+00,1.21050253647684111e-01,7.18380839152351486e-03,-9.22137712004519362e-03,1.02371647028473068e-03
asteroid_621,2.69061552960453249e-11,-2.49822154543675889e+00,1.67144758226991152e+00,4.03855443181040552e-01,-5.36600811379405514e-03,-8.24214874991293853e-03,9.18255589082010043e-04
asteroid_622,3.39638526773948689e-11,-2.38705207838304867e+00,-1.14954208731130447e+00,-4.51599899047290754e-01,4.20961736557305764e-03,-9.44372471616641840e-03,1.78782843448380005e-03
asteroid_623,7.46167165731064273e-11,-2.57317583072893985e+00,2.02633239058049686e+00,-2.20278038583134994e-01,-5.81564195615002100e-03,-7.13073081784772276e-03,2.33994500921834176e-03
asteroid_624,9.40139220970532136e-11,7.06233045868536524e-01,2.54926406155388285e+00,2.59388323095291640e-01,-1.00303718912056420e-02,2.92792068013287459e-03,-1.46599842462116531e-03
asteroid_625,3.50441596184395229e-11,-1.65014182319548963e+00,-2.77966432812713560e+00,-5.16045434699741068e-01,8.21132477168642558e-03,-4.71333252048093156e-03,-8.68854030419625328e-04
asteroid_626,1.95568490956515843e-11,-1.98121707715350270e+00,1.67337553000133799e+00,5.35238253890631885e-02,-6.85518639697519239e-03,-8.14416919247304937e-03,8.71407859555655860e-04
asteroid_627,4.20694888471886430e-11,1.62437080728688232e+00,2.56050611251734184e+00,-3.49981599269098498e-01,-8.04334285236725510e-03,5.35931115501208592e-03,1.87774914532162318e-03
asteroid_628,3.51904509010328209e-11,1.54055830874580435e+00,1.57005882358544158e+00,-9.71819179854587212e-02,-8.25650792127569436e-03,8.12724066794972243e-03,4.17917690986018204e-04
asteroid_629,9.90025911631763655e-11,1.49587387740121458e+00,-2.32599417295881006e+00,-7.70309926110895743e-02,8.69854175091205536e-03,5.59427621460258616e-03,-4.31644982425522985e-06
asteroid_630,4.63921871692140793e-11,2.19425535252870807e+00,1.99589428533063473e+00,-7.61828481239105071e-01,-6.68424645698032904e-03,7.19632312374547667e-03,-3.98834350849738731e-04
asteroid_631,6.79315424476582858e-11,-1.33331913938678448e+00,2.83859058058794300e+00,6.82982694339932417e-01,-8.73096295164067955e-03,-3.93713293650260927e-03,-6.81205460220683009e-04
asteroid_632,9.13796687838188753e-11,-2.76469536144382610e+00,-1.37211736547640539e+00,6.27543263635145232e-02,4.32594056935611381e-03,-8.75076147634173268e-03,-7.51565024803643234e-04
asteroid_633,6.29098671206147076e-11,-1.21122619974146417e+00,-1.75078901535779252e+00,2.56845525132812003e-01,9.47525508182132416e-03,-6.77700348164891886e-03,-1.51229439631526182e-03
asteroid_634,2.49453537072361904e-11,2.17946386449317719e+00,1.31107124780859241e+00,-1.39554209661965550e-01,-5.46750831661108310e-03,9.21394039700032703e-03,1.17442196159065686e-03
asteroid_635,6.07449354323746997e-11,1.32066837540858739e-01,2.15437393425470836e+00,-9.30707386189205330e-03,-1.16454180595731201e-02,7.09615832792243723e-04,-9.88031426786066232e-04
asteroid_636,4.01936148431509607e-11,-2.06116075474551330e+00,-8.52981056217935296e-01,4.49419584064752672e-02,4.37670972888515048e-03,-1.06198110209917290e-02,-8.32079748088115651e-04
asteroid_637,4.22407634451863200e-11,1.92490252191570543e+00,2.18045820399004731e+00,1.02892890413048971e-01,-7.55819625205505531e-03,6.67436080876193313e-03,-4.25078459982834427e-05
asteroid_638,9.79326648912267948e-11,1.60375894816655595e+00,-2.46568128811458465e+00,-2.92875361989769711e-01,8.28555004472561474e-03,5.51225285851709816e-03,-1.03605063201535927e-03
asteroid_639,2.78663154493493131e-11,-1.39015218595037648e+00,-2.68680500728087113e+00,-1.41968005189295948e-01,8.75176165317475066e-03,-4.47236702459749991e-03,-1.05588915468151192e-03
asteroid_640,4.68988252963663035e-11,3.13622908105544607e+00,-1.13049194544221659e-01,-4.20676314979597302e-02,3.63973071722001676e-04,9.61678385650766715e-03,1.29156934290895579e-03
asteroid_641,1.59951058994630388e-11,-1.17996793325108018e+00,2.74263086337061557e+00,-9.85851711634610356e-02,-9.12698000812542203e-03,-3.94306089494667576e-03,-4.54599501019521690e-04
asteroid_642,1.78626344265620223e-11,2.22314234681972600e+00,2.02320738817366008e+00,-5.78162638516477534e-01,-6.32212200218102999e-03,7.37761076728119143e-03,1.50729121629095695e-03
asteroid_643,6.03524075643425290e-11,-1.92112233140443522e+00,9.67610942298341103e-01,-1.82338888500885088e-01,-5.33889214773398089e-03,-1.02836652911791875e-02,1.67862088997770029e-03
asteroid_644,7.51040606581899485e-11,-2.32367363056773302e+00,-4.40393212271106504e-01,2.79036801148313252e-01,1.77164409809067703e-03,-1.07730708339310467e-02,-2.24939719245557945e-03
asteroid_645,6.36496227629483540e-11,-2.70546544029209812e+00,8.83982894503663963e-01,1.80449932982512280e-02,-3.16726410502558234e-03,-9.68773463913709214e-03,-2.84392953311742871e-04
asteroid_646,3.29351069503180567e-11,3.10877491581318743e+00,7.50370803282110390e-03,-3.61662228931213914e-01,1.05667072626013808e-04,9.65959536673497744e-03,1.10870833633721169e-03
asteroid_647,5.97122107477632791e-12,1.37146576482968841e+00,-1.59101182643925010e+00,1.43083246208918213e-01,8.88941722562806846e-03,7.43903869566915881e-03,-2.48759279313286391e-03
asteroid_648,4.70316835762477291e-11,2.45553798342366036e+00,1.14122445044145238e+00,2.30317797856145340e-01,-4.41131004011813526e-03,9.45496535905037370e-03,1.81929988620209486e-04
asteroid_649,5.04319226128654621e-11,-2.58352317275960619e+00,-1.33889261423694861e+00,1.29835722660852748e-01,4.62633774442553544e-03,-8.95132087546655561e-03,-2.51137663989301656e-04
asteroid_650,7.70674542799022568e-11,-9.93866298844141016e-01,1.88937044132941412e+00,5.47004983606337869e-02,-1.03872657944239707e-02,-5.48597256410177959e-03,7.58329367861707536e-04
asteroid_651,6.40325533335725547e-11,-8.86101893902640825e-01,-2.42174803201499111e+00,-1.21474941763696401e-01,1.00304530224863530e-02,-3.69891198850056356e-03,5.74846201261092920e-04
asteroid_652,8.71271501738226709e-11,2.58821580780045302e-01,-3.16410105649482043e+00,2.42640983023141368e-02,9.55738436206524100e-03,7.73158860023784528e-04,-1.12530713206097140e-03
asteroid_653,7.83004580407222145e-11,-2.88263999055751796e+00,-3.66230491744479913e-01,-2.68754537897186972e-02,1.27509078936063718e-03,-9.97363323867045577e-03,-8.55021675352905515e-04
asteroid_654,3.65941196032565775e-11,-5.84908314770874571e-01,2.30873360045952136e+00,-1.29471747539233628e-01,-1.07926904261165541e-02,-2.70573687816593389e-03,5.09058737617424121e-04
asteroid_655,6.32258201382345741e-11,-2.90912652145681472e+00,-1.12637956026281416e+00,-1.53258621305970955e-01,3.54022827752426428e-03,-8.92929890218656895e-03,-1.57375944793053326e-03
asteroid_656,7.47311800802181076e-11,-1.31835779612518822e+00,-2.14457709361792892e+00,-3.49491076998933725e-02,9.23579507405129438e-03,-5.67765297361636813e-03,2.34837009156735565e-06
asteroid_657,9.56884681135827700e-11,-2.67265578052424058e+00,-1.61472682775079601e+00,-9.50229294803002361e-02,4.99398187151598155e-03,-8.31381244578392568e-03,8.13924394651992342e-04
asteroid_658,4.22409927405983691e-11,7.27774477055822544e-01,2.32899805358813472e+00,-3.02452144961616765e-01,-1.04328019636013847e-02,3.07365714665080786e-03,-1.43555100723476658e-03
asteroid_659,6.48317164111904930e-11,-1.33106226786301707e+00,2.47117786286717100e+00,9.26044900942896848e-02,-9.02744289689303564e-03,-4.87484350510004362e-03,3.29538442160143556e-04
asteroid_660,3.92724568898106053e-11,8.81614117605568737e-01,2.42078418180295829e+00,5.18413470914912654e-03,-1.00529210321047089e-02,3.66245240643599604e-03,-6.19148075631367843e-04
asteroid_661,7.37854396051900047e-11,1.00148739460378633e+00,-2.21160240060423252e+00,9.85776859603129108e-02,1.00411806263694080e-02,4.56338000064915577e-03,3.67896037556676399e-04
asteroid_662,9.12001971993426272e-11,1.95426017518245643e+00,-2.48815878659512624e+00,-7.35958605368166609e-04,7.60557046981971425e-03,5.97359906133742864e-03,6.61245446634405039e-07
asteroid_663,9.19234093118003175e-11,2.23419991851821953e+00,-6.30130094930549611e-01,1.32039938716439098e-01,2.97580298589454834e-03,1.08108777575745881e-02,1.23993271007769609e-03
asteroid_664,1.57171808635771273e-11,-1.78829625776642209e+00,1.28428796114078647e+00,-2.02305661595544202e-02,-6.76275178678570951e-03,-9.41592990485597484e-03,5.13229709856258208e-05
asteroid_665,2.04176187961116769e-11,-4.72520688640430120e-01,-2.46416932186983084e+00,-7.91310767593838976e-02,1.06368688815127749e-02,-2.06202398146206316e-03,6.95499536492729395e-04
asteroid_666,7.54953957844719676e-11,-1.03846340875268872e+00,-2.75275934710227022e+00,3.35290310483674470e-01,9.00322459966171676e-03,-3.67801570319584810e-03,-2.31194512335385289e-03
asteroid_667,6.31046784953807682e-11,-4.90795858455558009e-01,-2.99647607604801802e+00,-4.45542135728586586e-01,9.55635256234363580e-03,-1.28965944160263322e-03,-1.85343771173805704e-03
asteroid_668,9.05116776126269300e-11,-7.25481442255246689e-01,3.21639246220828801e+00,-9.24444203442772866e-02,-9.22561960469979805e-03,-2.09419301513983193e-03,-4.62232459568454230e-04
asteroid_669,3.13869179359593916e-11,1.24980034932939721e+00,2.10885177401684798e+00,1.44512713980678303e-01,-9.41041046573891544e-03,5.61897614744134855e-03,-6.12081296102131851e-04
asteroid_670,8.48036009065148373e-11,2.53885302239613253e+00,4.47345701169195031e-01,-2.44488329224020307e-01,-1.92529900088822623e-03,1.04837289347928971e-02,-8.10673118212576591e-04
asteroid_671,6.83807479398161540e-11,2.24861719776618818e+00,2.64567604274967449e-01,-1.61496564312743618e-02,-1.28563616116531367e-03,1.10798329178192160e-02,2.50539501816093423e-03
asteroid_672,1.95536764525583831e-11,4.67418505771070303e-01,-2.74615872724070531e+00,-1.52887702701013872e-01,9.96359515558008051e-03,1.58048650583418864e-03,2.07277591884628661e-03
asteroid_673,1.26581719558739706e-11,2.41707197921173744e+00,2.24173818666750213e+00,-5.67034198682354329e-02,-6.43624787995227855e-03,6.94640953902378802e-03,2.67305252534107683e-04
asteroid_674,7.02753329648406777e-11,-2.77059924172650662e+00,-9.82268016894875973e-01,9.35249156043381213e-02,3.35382430056408104e-03,-9.45309857635873510e-03,7.08546152892679503e-05
asteroid_675,1.58545666572995588e-11,3.12952907390527779e-01,2.79054353701640290e+00,-1.86977939931552400e-01,-1.01586781441586078e-02,1.08000239337592259e-03,-8.84565108173540897e-04
asteroid_676,7.94349606839173873e-11,-1.53075124953460373e-01,2.51843179902461944e+00,4.93257088568966107e-01,-1.06145503416955212e-02,-8.95435696195058398e-04,1.27777203005451328e-03
asteroid_677,5.57139330623304595e-11,-2.89792065694633338e+00,-1.35329882287806536e+00,1.16333793612951319e-02,3.95466492802549509e-03,-8.48734463541715202e-03,-2.20127939173261336e-03
asteroid_678,4.76919375756543551e-11,-2.67868590186115396e+00,3.07000800809493712e-01,2.06296152087138938e-02,-1.19455499288554550e-03,-1.04038593349465667e-02,-2.83304901390909461e-04
asteroid_679,2.75601483017827500e-11,-8.24918864613657377e-01,2.09467211047390434e+00,2.12285874592410495e-01,-1.06166140901265710e-02,-4.04569895948151195e-03,-1.33514518577151128e-03
asteroid_680,9.83847210365367278e-11,2.31618044375074428e+00,-1.03630546082206854e+00,-7.16145596443480970e-02,4.39940368173772928e-03,9.85476135984447721e-03,-3.17396917778704497e-04
asteroid_681,7.22194894199435376e-11,1.66986322344591342e+00,1.39705955658453207e+00,1.21646133326590966e-01,-7.28143534376398012e-03,8.87544301830370773e-03,-1.97722185337527532e-03
asteroid_682,7.78085840800160474e-11,-3.98357749752197288e-01,2.24393434257719937e+00,5.41100438888240443e-01,-1.10744594371140273e-02,-1.81503155713755044e-03,-6.26103903860226389e-04
asteroid_683,7.68734056572571738e-11,-4.43349095836834628e-01,-2.07303903969693515e+00,7.38303659502022036e-02,1.14848785933387605e-02,-2.40843581118180272e-03,1.34130554134484427e-03
asteroid_684,5.84057175618878907e-11,-2.62073281957715931e+00,3.49121510738739815e-01,-1.64530052854636351e-02,-1.39803623027870698e-03,-1.04841778064337365e-02,2.20472609756640835e-04
asteroid_685,9.39704872074681967e-11,-2.83413139027695049e+00,3.77617490829801505e-01,-1.13977056990623549e-01,-1.38726879250975041e-03,-9.96458475274313374e-03,1.48188192054843891e-03
asteroid_686,5.83863121232338541e-11,1.19188459186834561e+00,-2.20971692920637519e+00,8.03729559053147913e-02,9.51973084709368048e-03,5.09458177510207708e-03,-1.10530860430319185e-03
asteroid_687,5.20093580545639102e-11,-2.99054181106024955e-02,2.56485354851464198e+00,-4.51479866348562353e-01,-1.05766981597612240e-02,-3.48047991631764749e-04,-1.27667164951233742e-03
asteroid_688,2.73783071378624948e-11,2.63576781939923865e+00,1.89000097860745209e+00,2.23512272904159925e-01,-5.58077465952791160e-03,7.71912779775882525e-03,5.38973370799647380e-04
asteroid_689,2.81807746249689294e-11,8.53609169431512993e-01,-2.87824652686823867e+00,3.44723267484307663e-02,9.26266196996408490e-03,2.77401451013851259e-03,2.25120975873502544e-03
asteroid_690,7.36910217591445364e-11,-1.98679745468497915e+00,1.89912544201005673e+00,-5.57958623681895846e-02,-7.16248482094038706e-03,-7.47220916223650077e-03,7.12312378611602241e-04
asteroid_691,3.34833944897441577e-11,-1.46961359318353768e+00,1.94954973886532978e+00,1.28517244537552106e-02,-8.78246417626333924e-03,-6.62338270049613216e-03,4.50155859949207318e-04
asteroid_692,7.28737874072163220e-11,-1.59855713250814224e+00,-2.73347774971720270e+00,-2.49413395424502138e-01,8.32452854559275271e-03,-4.88240396117587197e-03,1.55196602871176859e-04
asteroid_693,9.52711488138943613e-11,1.94090196302850271e+00,-1.38090887022428133e+00,-2.16673351612116198e-02,6.46137237110957097e-03,9.08146213605520551e-03,1.00935651978087632e-05
asteroid_694,4.39363506035080978e-11,2.34690160888755406e+00,-8.26594422925103212e-01,1.04607958140127938e-01,3.58845977801635838e-03,1.02718162398524899e-02,6.58305466840862171e-04
asteroid_695,9.74159103153540062e-12,2.79519920736791383e-01,3.17791640035056755e+00,-6.64601836386315287e-02,-9.44911887624910046e-03,8.65492473040300764e-04,1.64377765982539259e-03
asteroid_696,6.66579826681303282e-11,8.92371032435566175e-02,2.73393135100693208e+00,-1.85838961806292294e-02,-1.03883834021919214e-02,3.36494116486963854e-04,-3.80836592777505966e-04
asteroid_697,9.62207939231608118e-13,-2.98484099222838184e+00,1.70604979378276012e-01,-7.99525356164893786e-02,-5.64486089256766368e-04,-9.93022743042195309e-03,-1.15631445096250890e-04
asteroid_698,7.87024820920169624e-11,6.00794397656120194e-01,-2.74237713172477138e+00,9.10926712798803273e-02,1.00262710323332834e-02,2.19237324083123263e-03,-1.25292469596352627e-04
asteroid_699,5.25700551727014617e-11,2.85747551993448701e+00,3.87781832479150157e-01,-5.14562784922492772e-02,-1.36032439535844541e-03,1.00369396172294342e-02,9.81256028091474064e-05
asteroid_700,4.89783230788254105e-11,-2.41476127848416278e+00,1.79032089439073614e-03,-4.65708345923097899e-01,2.56676439942976479e-04,-1.08800481298065698e-02,-1.37272847130337061e-03
asteroid_701,5.69485216361629541e-11,-1.58003116316536807e+00,1.79271298281453895e+00,-9.58932456931736385e-03,-8.10182214602435218e-03,-7.12608633479741137e-03,2.72219173566493880e-03
asteroid_702,5.16456903080322477e-11,2.39354082178213101e+00,6.74679750892880792e-01,-2.98812660760128870e-02,-2.95962241703942325e-03,1.04987699474651548e-02,-2.24079999220940223e-05
asteroid_703,3.23844894068843099e-11,-9.54171045062331635e-01,2.03470683984660061e+00,-4.21597640651528438e-01,-1.03372627845367999e-02,-4.67965471812699808e-03,8.10705132466609402e-04
asteroid_704,2.81580758788274014e-11,-3.13928091982933299e+00,-2.63789915200828735e-02,2.48065986659035315e-01,2.14123960273965118e-04,-9.54179077080978370e-03,1.69508303334918280e-03
asteroid_705,4.15355930877832840e-11,1.98124917203316886e+00,1.38474535627187301e+00,3.32003115141403904e-01,-5.88064214487872723e-03,8.99272111950065282e-03,-2.41446960390950902e-03
asteroid_706,8.94919790987375168e-11,2.56299090516503858e+00,1.05439268237502293e+00,-1.15019689189108029e-01,-3.88459058910743324e-03,9.53376385367193241e-03,8.36035058945736151e-04
asteroid_707,1.35456922741864242e-11,-2.56826422077267669e+00,-1.63503940057698216e+00,1.88196650567010598e-01,5.30633991828888610e-03,-8.28732089612189277e-03,4.14389760816468670e-04
asteroid_708,3.24832120226914706e-11,-1.63103263101277673e+00,2.56352264978554123e+00,1.15174777852102866e-01,-8.29322281377417939e-03,-5.22684411709402851e-03,-1.10600382160067220e-03
asteroid_709,1.92381197906609434e-11,2.23065307390953249e+00,1.37259037991632260e+00,1.90767064646116480e-01,-5.57653077891957002e-03,8.75256890509706550e-03,2.23106460146367536e-03
asteroid_710,4.27194263039708261e-11,1.21665786697319911e+00,-2.34861953364189668e+00,3.75085364603195193e-01,9.35483906256008926e-03,4.63195332070111526e-03,-1.34087474286792357e-03
asteroid_711,1.33585069281258877e-11,2.07216088571687518e+00,-2.53100760036414441e+00,3.85003980600259532e-01,7.30111859960775721e-03,6.03340931533636465e-03,3.67561002658649369e-04
asteroid_712,7.60819534340841909e-11,2.69812616575072139e+00,-1.08715693123565682e+00,5.91101775904179227e-02,3.75057210652279338e-03,9.34150712531325172e-03,6.11865567013417620e-04
asteroid_713,1.03557045845316262e-11,-2.76707618823433421e+00,-1.34467714273593519e+00,-8.09076359323313149e-02,4.16646992559403535e-03,-8.68429605467070827e-03,1.83709094511355815e-03
asteroid_714,6.65295567407909074e-11,7.05856760164247365e-01,-3.09889299761624359e+00,-1.74727528767666174e-01,9.20589705454618809e-03,1.98003359956389806e-03,2.07255499547318554e-03
asteroid_715,2.67783553836536582e-11,-2.71594186854084674e+00,-1.35289165359541896e+00,2.56954227683272196e-01,4.34082959396307061e-03,-8.82971645220264473e-03,-6.07924822883975074e-04
asteroid_716,4.72242777857977034e-11,-6.26518843538382497e-01,-2.21250464718508200e+00,3.24007445516347026e-01,1.07558121560347025e-02,-3.21800261549693616e-03,-1.17629009271193272e-03
asteroid_717,2.00067962921369659e-11,2.76068196514197028e+00,2.46607343328201833e-01,1.27483914154452760e-01,-9.59226644950777118e-04,1.02366369539215202e-02,9.70238921496504865e-04
asteroid_718,7.30250657107771523e-11,-1.87708822752482885e+00,-1.15957909171052731e+00,-2.65355144674761734e-01,6.10388559957308636e-03,-9.78365709699143514e-03,-4.24365584162339818e-04
asteroid_719,9.48281161669397512e-11,-2.86976142143323276e+00,-2.59738745894989242e-01,-1.07773849568581492e-01,8.55438335090448801e-04,-1.00054044870297801e-02,1.33508528972054049e-03
asteroid_720,2.21823112864256634e-11,-4.53158677289680345e-01,3.15284774146751712e+00,-6.27245321623566499e-01,-9.44918252628954881e-03,-1.24821565306730618e-03,5.52487424772614704e-04
asteroid_721,9.53157892392057107e-11,5.78455908691712262e-01,-2.58450502083859046e+00,5.98715097094448812e-01,1.01683253313445930e-02,1.97521620304658228e-03,-1.29773189146372109e-03
asteroid_722,3.25341273631332913e-11,-2.54400095134948145e+00,6.00287804863124608e-01,1.72756862423683599e-01,-2.49495615605966389e-03,-1.02813826742042137e-02,-1.01519670868471996e-03
asteroid_723,5.57891382335196482e-11,2.08020837521353696e+00,-5.08540644393783769e-01,8.13447472959183820e-02,2.74617302360648111e-03,1.13856880273106517e-02,9.52403263380121852e-04
asteroid_724,7.01619792090467567e-11,-3.01882016409116050e+00,1.18810927888922824e+00,-2.21055249607186227e-01,-3.44255631919454649e-03,-8.87147663717433553e-03,-6.68725478967714237e-04
asteroid_725,1.99348689203587135e-11,-1.29135838275961112e+00,-1.80870858761600228e+00,7.33352344194320577e-02,9.39055230738741926e-03,-6.69900219576784368e-03,1.36709741544635506e-04
asteroid_726,4.44819461038884469e-11,2.12813916872630493e+00,-2.55185368485379149e-01,-1.59288181752569563e-01,1.37650655403286299e-03,1.16494558891174216e-02,-2.72293773433647046e-04
asteroid_727,6.79206979159836937e-12,-1.85063773640939999e+00,-1.51973655798105844e+00,5.39140446145446525e-02,7.05336410409397770e-03,-8.59005795181606337e-03,-2.60289297344200153e-05
asteroid_728,6.97084070650417178e-11,1.49341415659467458e+00,1.58621151093561963e+00,1.02121885375962302e-02,-8.43644677277018487e-03,7.93451313518022186e-03,1.30167721353454530e-03
asteroid_729,4.16674458112506020e-11,1.56441773083172708e+00,-2.13251163761051732e+00,8.39978890432159647e-02,8.51664437346414532e-03,6.26040977919617783e-03,3.19141892925083428e-04
asteroid_730,8.91655368186326919e-11,9.98665596215695506e-01,-2.51727356313707196e+00,2.46216336572951722e-01,9.69710590913127647e-03,3.84509648844786776e-03,-2.03329977937591066e-05
asteroid_731,2.74064489384280623e-11,1.73785852649668504e-01,2.46892697867415256e+00,1.54452474652989700e-02,-1.06738440836701368e-02,7.37220852840641877e-04,2.25432725432426909e-03
asteroid_732,9.23608964191494561e-11,4.11544496919683978e-01,-2.11841563110743047e+00,1.16304819511475949e-01,1.14752687660602364e-02,2.25195281020279829e-03,4.12608200632252800e-04
asteroid_733,1.41125740698376763e-11,7.58398135023827025e-01,-2.07722155302371769e+00,-3.16833440755012519e-01,1.08230812850694733e-02,3.82339347999928209e-03,8.40092254241937906e-04
asteroid_734,6.07005769367281905e-11,2.52663337321875048e+00,1.30402047711950991e-01,-3.99894956704298477e-01,-2.50184906441579052e-04,1.05815179680843821e-02,1.86980621863908525e-03
asteroid_735,3.07877399054191722e-11,2.06232551330636804e+00,-6.83216623341895146e-01,1.91737674516424018e-02,3.64431513305827791e-03,1.09522115758901341e-02,-1.72272176097954042e-03
asteroid_736,1.81863432792192032e-11,-2.92575913589721504e+00,-2.65343342289848294e-01,1.89159280616986517e-02,9.08571678385530204e-04,-9.98220733991069496e-03,5.04845948907340584e-04
asteroid_737,9.40277780019935900e-12,1.44520593797381935e+00,1.85083669943421070e+00,-2.96925041178356663e-02,-8.80436793483821596e-03,6.89086768265567955e-03,1.00180093776446825e-03
asteroid_738,6.55676994572807027e-11,2.00845390117169287e-01,-2.42521474260354086e+00,3.76604969746455354e-01,1.09205320235591652e-02,9.34310711518690040e-04,1.92683588954240166e-04
asteroid_739,2.33244616465919532e-11,-1.74929977169496972e-02,2.55869760567100446e+00,-2.69883418168180345e-01,-1.06881261941275240e-02,-1.64166269909920274e-04,-8.63648742187120202e-04
asteroid_740,5.72857130629840622e-11,-9.52096816247232358e-02,2.59752464077107659e+00,5.86938850951847363e-02,-1.06556371495053429e-02,-3.98208152240413032e-04,3.37951169108103514e-04
asteroid_741,9.79420780962994338e-11,-7.12926262090210927e-01,1.96731267434625012e+00,1.99476625968190852e-01,-1.11028966789877056e-02,-4.10525289610218138e-03,8.05956213634714553e-04
asteroid_742,3.16030224097503650e-11,1.92621865060581365e+00,-1.12651091368638867e+00,1.16514407853892249e-01,5.69042294250234927e-03,9.88686058383532462e-03,1.51618629281077724e-03
asteroid_743,3.50407832889571412e-12,-2.63302506104352085e+00,-1.68847051137779447e+00,2.15550547440868850e-01,5.23658155321736572e-03,-8.18187352502423859e-03,-1.24340723439540307e-04
asteroid_744,1.42908332134980894e-11,6.76420515072002737e-01,1.98475616902656093e+00,-1.39337937400053374e-01,-1.11493401261894536e-02,3.67879441815165912e-03,-1.72338186816695950e-03
asteroid_745,1.19410077210229662e-11,1.98783594664125118e+00,-1.84093821288562376e+00,4.97520598086270555e-02,7.10055108180881068e-03,7.66699873721651132e-03,-5.22044504843723583e-06
asteroid_746,4.63337198852515330e-11,-1.84229728543638305e+00,1.95600413675933593e+00,-4.60459612759474973e-02,-7.59947112171482485e-03,-7.17902140651659887e-03,-9.05846019652443600e-04
asteroid_747,7.44676104603661219e-11,-1.28515030997783031e+00,2.12254655801885850e+00,-3.02902357605396522e-01,-9.05198586865564071e-03,-5.74517123073981385e-03,-1.85284452869516661e-03
asteroid_748,2.96514741343280247e-11,-2.60087018725491426e+00,2.60441130875459781e-01,-1.39408699510199074e-01,-1.03474974629329209e-03,-1.05724794524782277e-02,-4.46591486585299811e-04
asteroid_749,1.45928186566758856e-11,-2.93200466344820754e+00,-7.50921626847869894e-01,-2.46974190234123120e-01,2.32101474313143675e-03,-9.50143220448599127e-03,1.33457215618965020e-03
asteroid_750,6.40802689652294050e-11,-1.87338450422627489e+00,-2.46167090852988313e+00,3.15042234072825167e-01,7.77916752555738757e-03,-5.87662173565992041e-03,3.39837391536221582e-04
asteroid_751,3.01250090828357581e-11,1.72393764812612260e+00,-1.68740986496353362e+00,2.11838630598556350e-02,7.72655668170156400e-03,7.88237418632045141e-03,-9.11353730912420053e-04
asteroid_752,5.75212832277301473e-11,2.15209380942617079e+00,-1.23819003259993976e+00,-1.43141967219536481e-01,5.16718197725613351e-03,9.27169201795748944e-03,-2.51398177299091063e-03
asteroid_753,9.33793181016784744e-11,-1.37836656642300337e+00,1.95150418261367742e+00,-9.23018854073620471e-02,-9.07697352590975878e-03,-6.36852568847888229e-03,9.01306770759756088e-04
asteroid_754,2.91417820231033583e-11,-2.66207478788694507e+00,-2.48002609215660835e-01,1.09321818900020185e-01,9.54483516736205043e-04,-1.04611826548877043e-02,-4.89326733445310993e-04
asteroid_755,5.12540365324819977e-11,-2.22449569084265608e+00,-1.78260089725335780e+00,6.32319176604415834e-01,6.42903106749317683e-03,-7.68944772901627126e-03,9.39613263028759639e-04
asteroid_756,8.06831232439853221e-11,2.33505713486994004e+00,-3.52596815446294232e-01,-2.42076961300121185e-01,1.45705086223811542e-03,1.09147433906208666e-02,-1.84324335043061166e-03
asteroid_757,6.91748940686378444e-11,6.24282297133585518e-01,2.38494512700774131e+00,3.95894586157338302e-01,-1.05323608463247596e-02,2.61256361513835869e-03,8.69791031506166458e-04
asteroid_758,7.51503026961707908e-11,2.36602245011711920e+00,-2.17873676100998015e+00,-2.58599533220233886e-02,6.49638307562339611e-03,7.05597491749537960e-03,-9.75924431984190012e-05
asteroid_759,7.72592117918614642e-11,1.94478844548670149e+00,-9.33579057317948435e-01,6.64393873150582043e-02,5.06175277119298717e-03,1.05570946713691646e-02,1.78270578122307933e-04
asteroid_760,5.39962028732009732e-11,-7.25497708994107815e-01,2.51497006236226683e+00,-4.31951265764356496e-01,-1.01250771620452467e-02,-2.98253703041533947e-03,-3.59464294321000662e-04
asteroid_761,5.36108501691474904e-11,-2.73785952133932842e+00,1.10229233394126425e+00,-1.20094798561658014e-01,-3.72168491010295248e-03,-9.28394360705730656e-03,-3.67787787489632701e-04
asteroid_762,7.18917691490402559e-11,-2.24136503816838273e+00,4.16771752523671435e-01,-5.88958405954303488e-02,-2.09483302123935700e-03,-1.11803851941841090e-02,6.04741573880891378e-04
asteroid_763,6.97678505286544332e-11,1.85793632530802455e+00,1.00681880675372359e+00,4.31723697619766200e-01,-5.64324817680222739e-03,1.02575610408867160e-02,3.64331200458272396e-04
asteroid_764,6.70090658263282220e-11,-3.83471584096288565e-01,-2.23189024385108414e+00,-7.53365800316091877e-02,1.12332226797238911e-02,-1.95587298816385455e-03,7.65526454353257480e-04
asteroid_765,3.82196478673449372e-11,6.05697820275874266e-01,3.14451560082491444e+00,4.14802347282835771e-02,-9.43832405991756711e-03,1.81629625263966506e-03,1.30192320258811173e-04
asteroid_766,8.28559791340316265e-11,6.75935385171158698e-01,1.99987797210094098e+00,1.98046177167775506e-02,-1.12160244002085119e-02,3.79068338803354495e-03,2.03773742354513590e-05
asteroid_767,2.36279269081952197e-11,-2.31866660429115345e+00,-1.84349479502975006e-01,3.61108357514315853e-03,8.85920096352537712e-04,-1.11682874550973615e-02,-1.30560196286427658e-03
asteroid_768,1.55816393156076984e-11,-3.77356756108479963e-01,-2.08973458719233518e+00,2.44314155369859426e-01,1.15304385742462569e-02,-1.92641978174937310e-03,1.33182151897786281e-03
asteroid_769,3.45227702893790014e-11,2.01085414961897735e+00,-8.86447949952982484e-01,3.94806437880460326e-01,4.33168597579774994e-03,1.05438309953646680e-02,1.61134315495916561e-03
asteroid_770,2.53905857280915491e-11,-1.62062776049431950e-01,2.83932418194449188e+00,-3.64533859476374039e-02,-1.01802364608249412e-02,-5.77659584194709433e-04,2.65395246378300007e-04
asteroid_771,6.63216193951936100e-11,2.38784448846231534e+00,-6.79789036598980739e-02,7.42855922387619938e-02,3.30570187275350041e-04,1.11129092594993914e-02,-4.56438601091357335e-04
asteroid_772,2.31094749364845866e-11,1.28317949757133198e+00,2.44358362050830547e+00,-3.57409564503566646e-01,-9.08532499279057770e-03,4.84813884706259031e-03,5.28049430834425047e-04
asteroid_773,6.56524189367033847e-11,-2.76756482914804502e+00,4.55523583709661062e-01,1.38794667245205089e-01,-1.70237681416935001e-03,-1.00884971844401612e-02,-8.34973039320344103e-04
asteroid_774,5.13271472561304470e-11,-1.69930948794454650e+00,-2.59644121492771385e+00,-3.17824660661760572e-01,8.16742631762690588e-03,-5.25702835826296396e-03,-7.21844351901351398e-04
asteroid_775,1.52534823068452098e-11,1.14563194975221139e+00,-1.69320741458530155e+00,-5.04484964630128707e-01,9.81784590426308668e-03,6.64377299231152380e-03,-3.26619394291345262e-06
asteroid_776,2.58470424494610792e-11,-2.13394710860169035e+00,2.23888049427465052e+00,4.39693905224580572e-01,-7.06271865459931654e-03,-6.69333644346245104e-03,-1.95335086393377789e-04
asteroid_777,5.21774611624792578e-11,1.91197749663045369e+00,-2.08129349919680218e+00,3.08032102788635687e-01,7.51689155590519464e-03,6.89784984581245843e-03,-5.08955295085924495e-05
asteroid_778,7.33131993393305756e-11,-2.25800879754121198e+00,3.64486428852436817e-01,-1.92125272273301589e-01,-1.98312464851115207e-03,-1.08366561586353202e-02,2.74872114817368727e-03
asteroid_779,3.98311819010258528e-11,3.00933875180325616e+00,3.30759937017433781e-01,-1.96202387528955288e-02,-1.08099087995941565e-03,9.82586951193350176e-03,-1.56153273041663762e-04
asteroid_780,2.32909358913822209e-11,4.50027628480470565e-01,3.08936786228836135e+00,-1.69839442171042437e-01,-9.37345554285445338e-03,1.23951662659580733e-03,-2.29034629805834229e-03
asteroid_781,2.95148701272879455e-11,-2.31152676928789491e+00,-6.62140177677277175e-01,-5.47560197410000074e-02,3.06029368471337970e-03,-1.05651702697083689e-02,-1.43047385278865158e-03
asteroid_782,9.52076775544695237e-12,3.10514696011034186e+00,-6.76135469554958068e-01,-3.96541507402132065e-01,1.99121559996503009e-03,9.39429228675342856e-03,-4.25673368699002917e-04
asteroid_783,2.52469861401240437e-12,-1.40810961765634102e+00,-2.19695804793409133e+00,-4.34135381603304671e-01,8.60015573469151244e-03,-5.87537306530881362e-03,1.83810435845356427e-03
asteroid_784,9.73131999065654490e-11,-2.05725671938646526e+00,-1.90064902237288980e+00,-3.61692794976770926e-01,6.97497497547596660e-03,-7.48409021706990599e-03,-3.44727302168012855e-04
asteroid_785,9.65002933724788101e-12,-2.89967364937996019e-01,3.25158987448899328e+00,-3.34433608749850064e-01,-9.44991135785958579e-03,-7.91690586248641379e-04,4.96100861340003740e-04
asteroid_786,1.24974856376138975e-11,2.38930267680717279e+00,-8.32604953170694828e-01,-1.35512180140805766e-01,3.57788170785208618e-03,1.01844696715283085e-02,5.09197386297823127e-04
asteroid_787,8.70976988671134715e-11,1.85610632027024569e+00,-2.44601830704981582e+00,1.79875978395065361e-01,7.65479448352092678e-03,5.92505361456758823e-03,1.58263039229039290e-03
asteroid_788,6.63538885195686130e-11,1.65537410357405301e+00,1.81231723361319341e+00,3.68725769749465915e-01,-8.06491687332808703e-03,7.36041557725040756e-03,2.99586936555253768e-05
asteroid_789,4.36128923992201829e-11,2.62127979245717002e+00,-1.57693285326472621e+00,-1.54918162590926193e-04,5.06205961911145204e-03,8.41453712931248231e-03,-5.51623108586966025e-04
asteroid_790,6.49058503385276923e-11,1.38085147516804563e+00,2.44806170975130177e+00,-2.40022930728003903e-01,-8.72889104550704335e-03,5.08818442026033081e-03,1.67853701894612800e-03
asteroid_791,9.34991325048057258e-11,-6.26886233347095811e-01,-2.24938427370486194e+00,-3.39297563590541085e-01,1.07838849335252437e-02,-2.85921234870548839e-03,-9.69065946085199948e-04
asteroid_792,9.94673737045623851e-12,7.11817872876360891e-01,-2.48397981959388670e+00,2.58248789985753124e-01,1.02483683710537527e-02,2.96994886804389808e-03,3.18767337165200401e-04
asteroid_793,2.43786656072614691e-11,-3.64367680646082992e-01,-2.45426119659729469e+00,-2.61149823273387717e-03,1.08023812771713447e-02,-1.60376246142805235e-03,5.11822082486634500e-06
asteroid_794,8.60314373430393819e-11,-9.91158195116250806e-01,1.94631486048214364e+00,-2.04732810232072626e-01,-1.02893324795498755e-02,-5.32532188916931375e-03,-8.12751606207081615e-04
asteroid_795,7.80661281366576906e-11,3.02266196629914385e-01,2.11430387280071397e+00,-1.81234301425250923e-03,-1.16521788909645426e-02,1.66583830496409607e-03,1.57717506645257094e-05
asteroid_796,9.94257295885035107e-11,-2.01062505721588058e+00,1.51131398178798682e+00,-4.93729830975968564e-02,-6.51656180536141355e-03,-8.66931937677556039e-03,6.05323054115359042e-06
asteroid_797,3.13977424190685278e-11,-1.71453732630706557e+00,-1.22899129853645084e+00,-2.37478336000063101e-01,6.86512176403287610e-03,-9.60442274363326048e-03,1.39989465453722363e-04
asteroid_798,9.44891908498831394e-11,-2.27552807823659453e+00,3.24755508261283909e-01,4.98209367365649511e-04,-1.60262906552558035e-03,-1.12298284782774999e-02,2.43306441943745344e-04
asteroid_799,3.43754462411874714e-11,-1.92873187572404903e+00,-2.25034651583086065e+00,-1.95296363694520192e-01,7.56259213433188322e-03,-6.50740199780622686e-03,2.95432537486439348e-04
asteroid_800,7.15121681866374643e-11,-8.19059286908736112e-02,-2.92092707711970201e+00,4.02818150080497039e-01,9.95427182967752351e-03,-4.20747357450331231e-04,-1.02691120116964055e-03
asteroid_801,8.82754673326824312e-11,-1.34565920516278803e-01,2.98037959341906156e+00,-1.31133754486698395e-01,-9.92273324744194149e-03,-4.18358890058766512e-04,6.74070800221600818e-04
asteroid_802,1.70865017048835896e-11,2.32712550421573772e+00,-7.15245506583246371e-01,4.75611993473094019e-01,3.51132533605221604e-03,1.01682348274812831e-02,-1.88916697900213095e-03
asteroid_803,2.05718091169696786e-11,-2.73961350185881125e+00,1.57442613883993432e+00,-2.28193187174584255e-01,-4.82690237913310435e-03,-8.08200253812545177e-03,2.18819363546573576e-03
asteroid_804,5.81000552167543474e-11,1.22548776588047281e+00,-2.50642304630718105e+00,-3.55982032063753506e-01,9.22960304674111560e-03,4.38842888488778088e-03,8.75061928675458260e-04
asteroid_805,8.43840387558510593e-11,-2.09664713037408257e+00,-8.05693036478359437e-01,1.51569469087999370e-01,4.16471044376671463e-03,-1.03174923317859088e-02,2.76570524160308978e-03
asteroid_806,7.90416402685894668e-12,-3.46705109890033780e-01,2.22108288567512924e+00,-3.32673582855468108e-01,-1.11490811105001350e-02,-1.44764304998828107e-03,1.95419240419752961e-03
asteroid_807,8.50895721674927896e-11,2.86596418938805586e+00,5.88734056433845354e-01,-1.85987789014106480e-01,-2.05247677087328460e-03,9.81970115533799433e-03,-5.43758443817739701e-04
asteroid_808,3.43186217492142091e-11,2.29117452207445460e+00,2.60551954462766300e-01,8.56694782848618080e-02,-1.17582821165266942e-03,1.10524255980962195e-02,-2.16767341159503427e-03
asteroid_809,4.06285991311104586e-11,1.58922932510119397e+00,-2.19355275169540942e+00,3.12542066059012932e-03,8.45883799889910436e-03,6.12789642233612774e-03,-3.74139975982020086e-04
asteroid_810,3.39927109577987362e-11,-9.61899777679385282e-01,-3.14548006095647370e+00,-7.52016123204191089e-02,8.91493398837765738e-03,-2.76630398803734629e-03,1.67657330180336073e-03
asteroid_811,9.11488756617226667e-11,-1.01576085074719913e+00,-1.82475763084051001e+00,2.62127713766579673e-01,1.03331064707726170e-02,-5.80387770983119538e-03,-3.61293807912926662e-04
asteroid_812,1.30881247150180796e-11,2.05716375127307183e+00,5.11835776503169582e-01,-7.71240946612639089e-03,-2.85271001531319001e-03,1.14651331543807553e-02,-2.93430493065196386e-05
asteroid_813,5.74317053728225718e-11,-3.28056232329476005e+00,-2.27768366979423015e-01,-1.46051935975566982e-01,6.31984369852795673e-04,-9.44518113168932825e-03,5.34394624885559089e-04
asteroid_814,1.48193269817729131e-11,-1.84612468892055581e+00,-2.08316904022848570e+00,-3.17814100397818156e-01,7.67190472156678224e-03,-6.45398204528082036e-03,-2.26093535092259431e-03
asteroid_815,9.28601770631831912e-11,2.19768398438880164e+00,-4.61859707497620120e-01,1.72307388931754818e-01,2.38301275830737512e-03,1.12061018578021865e-02,-3.56700009641417977e-04
asteroid_816,7.97951520404265829e-11,3.14835725436532732e+00,-4.23146923042156897e-01,2.47820384572506984e-02,1.28769253358442968e-03,9.55439421233084639e-03,-4.52086176943951280e-04
asteroid_817,2.33895892333651748e-11,1.84604882868484732e+00,2.55613842478557851e+00,-1.46549749224570258e-01,-7.85256349332834856e-03,5.66231204383380038e-03,-1.53956255686792771e-04
asteroid_818,2.97848490261344811e-11,2.57127007758846648e+00,-8.94147243954636850e-01,3.39906822317269763e-01,3.38921905072937834e-03,9.81538850294437146e-03,1.81829379878742446e-04
asteroid_819,3.81577176429881319e-11,-2.47896206792717910e+00,1.28977936339573862e+00,-5.40174567087842727e-01,-4.48678613296838585e-03,-9.08871824251105721e-03,-1.11050877795454699e-03
asteroid_820,4.05477133527906988e-11,1.75909023054397684e+00,-1.67030984965370188e+00,9.99949999908878034e-02,7.39539513565140669e-03,7.91589849996504787e-03,2.12846541560216549e-03
asteroid_821,8.17361124346192003e-11,2.15263609869354333e+00,4.89738138498718723e-02,-1.79035993789890657e-01,-3.41684943774368799e-04,1.16617707385593145e-02,-9.18262029654376378e-04
asteroid_822,5.64576901973659492e-11,6.39270290349526427e-01,-2.73961771437595214e+00,3.87859199277350020e-02,9.97500555724240706e-03,2.31992327457371250e-03,-5.41995647916915192e-04
asteroid_823,4.28006519960238899e-11,2.02521339206221018e+00,1.38520066127600461e+00,2.01026565189220720e-02,-6.19885977399512247e-03,9.06436717564581933e-03,-9.71799891526610237e-05
asteroid_824,7.19472712470659267e-11,-2.52560924223284333e+00,1.38610426509616458e+00,-2.98041547003220109e-01,-4.91128046660096150e-03,-8.81119870909525225e-03,6.39961872014475366e-04
asteroid_825,4.57919089856172238e-11,-3.06323926774894195e+00,-1.88613317212460996e-01,-4.61157814981991265e-01,3.72274469703935489e-04,-9.64581845021006586e-03,1.47230301447301122e-03
asteroid_826,1.28327192883102015e-11,1.53444224282627406e+00,1.45631235853859287e+00,-1.63234122774655627e-01,-8.12019757759712031e-03,8.32606433118657230e-03,-2.04996231166800370e-03
asteroid_827,1.07578435351101425e-11,-4.28712079606507368e-01,2.78201608845419734e+00,-3.11748969427256195e-03,-1.00753400205704745e-02,-1.55384884471222035e-03,-1.09463459019454876e-03
asteroid_828,3.26024084127192236e-11,-1.07056457052241094e+00,2.10461580121306246e+00,2.77784701563447145e-01,-9.83050433904520543e-03,-5.15065046275094227e-03,1.13739415059260578e-03
asteroid_829,6.02909950591410536e-11,-2.18313751938186806e+00,-2.26341415447643390e+00,1.58005569410712199e-01,6.97543807053136681e-03,-6.65879667174619060e-03,9.91901284716153542e-04
asteroid_830,1.34927843515469617e-11,-2.31336046886562974e+00,5.58628021764686955e-01,3.42673269137251268e-01,-2.67824534116561149e-03,-1.07513569231267297e-02,-5.53698423578272538e-04
asteroid_831,5.50179157280337679e-11,1.46862593779845729e-01,-2.81218278369519448e+00,3.09060941049797200e-01,1.01782529204686150e-02,4.42099887009381361e-04,-8.13881340914609174e-04
asteroid_832,2.69682683844252655e-11,1.74331433856058449e+00,2.14404811552193308e+00,7.06071817834659360e-02,-7.87379297608894677e-03,6.46193241308132098e-03,-1.81564843101621144e-03
asteroid_833,6.95443874266730907e-11,2.23063159428979940e+00,1.27413220326066634e+00,-1.83177371354989210e-01,-5.35725657514354598e-03,9.20665878363509382e-03,-1.19864879021714548e-03
asteroid_834,2.83598749062530088e-12,-2.04567227757107828e+00,2.07387449831717463e+00,-2.61304704601121110e-02,-6.97455998247563207e-03,-6.84877918579737417e-03,2.45519905484762246e-03
asteroid_835,4.69076529137425024e-11,-2.71399196028196954e+00,1.20439254037460075e+00,-1.00364622415463692e-01,-3.99222263085694234e-03,-9.08477420485814813e-03,-1.06386251397706149e-03
asteroid_836,5.23589225993311832e-12,2.71278620507264756e-01,2.76705788363964356e+00,2.76674353621050818e-03,-1.02672170643468997e-02,1.00662584341683933e-03,-4.17437452309274881e-05
asteroid_837,3.30574724497792978e-11,-1.62161543198855118e-01,-3.00023748942783453e+00,1.81716520282002914e-01,9.90003765275020847e-03,-5.27032337085159134e-04,1.33082053274812375e-04
asteroid_838,1.56735867724504305e-12,-1.24736726612298354e+00,-3.00342082294995461e+00,-4.27314282455401484e-01,8.77617047376523171e-03,-3.63091956430282520e-03,-9.81206262645403511e-05
asteroid_839,4.69151850701873579e-11,-2.18546788865003272e+00,-1.37821224631158890e+00,3.17065591928688884e-01,5.75131788698155302e-03,-8.94555220403464059e-03,7.58363467741571132e-04
asteroid_840,7.67039166891163774e-11,-1.87517197234239874e+00,1.95688967819894910e+00,-1.97780878493035911e-01,-7.41001547062666160e-03,-7.23176198994968707e-03,-1.29793673755163714e-03
asteroid_841,1.00310015742169981e-11,-4.18509051193298953e-01,2.05666494223993013e+00,2.60866998998870003e-01,-1.14355688722581426e-02,-2.53585094876711530e-03,1.64645841804111773e-03
asteroid_842,7.35249169724827738e-11,-2.25132696144967070e+00,2.06164222785842854e+00,1.24958660002891228e-01,-6.61730786561846168e-03,-7.26137451732435449e-03,5.81254049375251082e-04
asteroid_843,5.84236847565621979e-11,2.68929416097309604e+00,-2.06124361083451835e-01,-3.83262085346640358e-01,6.43162487255985633e-04,1.03488388825061211e-02,-1.05279049638516481e-03
asteroid_844,5.04654812608706544e-11,-5.73562969913895659e-01,2.48817675941400251e+00,4.31034086524349158e-01,-1.03539594872467059e-02,-2.52878484550198923e-03,8.19925707297947852e-04
asteroid_845,5.99523313954013593e-11,-2.00408414134151291e+00,9.32657360686017234e-01,-1.03261925495636175e-01,-4.90352973156940163e-03,-1.04127101888123585e-02,1.11943844542772373e-03
asteroid_846,3.35963542016022694e-11,-9.92040014040406759e-01,3.00085563367123598e+00,2.10556290988970718e-01,-9.12984184028227397e-03,-3.07339889344032668e-03,7.86763272191679788e-04
asteroid_847,7.10368519812912551e-11,1.39151483176794399e+00,-2.16234161165360161e+00,1.16129038707639007e-01,9.01240529431332656e-03,5.80690144599289512e-03,1.34410778515672700e-04
asteroid_848,7.79687875336580223e-11,-6.28645522975945892e-01,2.84507730764678568e+00,1.77405112547626559e-01,-9.77976770191854583e-03,-2.21710635388903390e-03,9.00942437554833899e-04
asteroid_849,7.78246043200318663e-11,2.21944002153309095e+00,-3.55392900255979638e-01,-3.77833064898929538e-01,2.01482256654061942e-03,1.11312938882410038e-02,1.36513997805516639e-03
asteroid_850,2.69532843414749075e-11,-6.36245619124455986e-01,-3.09749883474954890e+00,-7.67003577213589582e-01,9.34219218292889342e-03,-1.91442517911118333e-03,-1.82516591982729620e-05
asteroid_851,6.53941618988883549e-11,-1.99547017929402548e+00,-1.16048843807107827e+00,-1.62983232373886622e-01,5.53521107045491529e-03,-9.73673994717188553e-03,1.55859901848117940e-03
asteroid_852,1.48180916172701875e-11,1.01702988084731061e+00,2.09886115755953817e+00,1.82921286198756999e-01,-1.01225355481264247e-02,4.90103205813219832e-03,4.55677072315945964e-05
asteroid_853,4.95470071634907525e-11,-1.49163368830941945e+00,-2.70594209166939903e+00,5.04664435498587083e-01,8.54692992038292784e-03,-4.57594267477289852e-03,7.26527732762546528e-04
asteroid_854,2.72899713351162806e-13,2.99181689195425715e+00,1.11767199558165320e+00,9.21980870143980918e-02,-3.35572637609435863e-03,8.83156578275761869e-03,1.83219749693739123e-03
asteroid_855,1.93667400332440256e-11,2.10921412013326126e+00,1.04654012207897917e+00,1.37646430527320427e-03,-4.96339563618350237e-03,1.00045896820289328e-02,-9.73761200683442808e-04
asteroid_856,6.31770942421022441e-11,-2.54954137895263599e+00,6.91372861566484920e-01,-3.42732168058073716e-01,-2.94361887989862472e-03,-9.95697168486091647e-03,1.81161323545150953e-03
asteroid_857,8.74374069052609040e-11,1.44598156604490691e+00,2.60546410720487698e+00,4.74309155545918765e-02,-8.71306140661143314e-03,4.83360052806624217e-03,1.08652621903852474e-04
asteroid_858,4.91233957561657167e-12,2.97970777657607000e+00,-1.03406099243112992e+00,4.54866028439569227e-03,3.17557117748992626e-03,9.15069877926464464e-03,2.34197501035366883e-05
asteroid_859,5.58596936895112682e-11,-1.80830516367233174e+00,-1.80481362714078597e+00,2.52011836709957297e-03,7.59891277334026963e-03,-7.61312991551506540e-03,3.46249455372590680e-04
asteroid_860,6.36811342603020051e-11,-2.40902088770934020e+00,-1.26014915894844948e+00,-9.66739323131628747e-02,4.82659549741752333e-03,-9.24306828000921211e-03,2.09729229678543109e-04
asteroid_861,9.32397742084627926e-11,-3.21420109427624279e-01,2.89512764254835187e+00,-6.74819984929894479e-01,-9.89010737208282156e-03,-1.02164674453919307e-03,3.27615760777786539e-04
asteroid_862,6.55178280265491988e-11,-2.36595716899030961e+00,-1.80721098262797564e+00,-3.04400501801045560e-02,6.00547335904738199e-03,-7.88078635951566450e-03,1.10219639732741029e-03
asteroid_863,1.03122399200491310e-11,9.52844501305962432e-01,2.88527646211258393e+00,-7.83862407863582800e-02,-9.34261478676764318e-03,3.10333531881841571e-03,6.62376732411629502e-04
asteroid_864,1.46829568120226037e-11,-2.39037244171822261e+00,1.42243871641149355e+00,1.14024106530453737e-01,-5.28129783480905512e-03,-8.78885234176501537e-03,-1.07578090998277981e-03
asteroid_865,6.35800552474108985e-11,-1.64122228486883470e+00,1.50288895878979201e+00,-2.70942005632913221e-02,-7.75693471233397571e-03,-8.44962097784000658e-03,1.18150888143069206e-03
asteroid_866,2.15698114795556372e-11,2.45354645263735804e+00,2.02885154639229803e+00,-8.13516857329721760e-02,-6.11138412829479675e-03,7.41949515388500014e-03,7.18969339120695793e-04
asteroid_867,9.28312644329800502e-11,-3.10983778248140386e+00,-4.23881865092722521e-01,2.42798530683601133e-02,1.30790668693645733e-03,-9.61515337752119094e-03,-3.42321504079925835e-04
asteroid_868,9.20695132065807535e-11,-1.26622771619393348e+00,2.74192970903692146e+00,-4.77620793656960363e-01,-8.86393400532759640e-03,-4.21209480460012220e-03,-6.81521772662234578e-04
asteroid_869,9.48660994571197632e-11,-1.99050700064130703e+00,9.82237958327138339e-01,2.75277889721642043e-02,-5.11060380576972961e-03,-1.03457964359961671e-02,-3.87197255052761828e-04
asteroid_870,2.93023312551412166e-11,6.80589198189106015e-01,2.19989647268947941e+00,4.44496694399003411e-01,-1.06605007677564971e-02,3.45412074076747056e-03,-7.72303525227202342e-04
asteroid_871,7.16978212969520473e-11,-4.95422256173240871e-01,-2.95094696984565541e+00,2.12220096263530805e-02,9.79431188367708809e-03,-1.64058624951206366e-03,5.20076538553158191e-04
asteroid_872,6.63047605544156095e-11,-1.24277536327962301e+00,-1.69294508634636953e+00,-3.41823749703190960e-01,9.57135026318959095e-03,-6.78332268521573967e-03,-1.20309221267158846e-03
asteroid_873,3.57002209596383174e-12,3.20337792709977576e+00,-6.65620228577960410e-02,6.78247726911704873e-01,2.58919471309549635e-04,9.49743849378699781e-03,-2.90820290800724928e-04
asteroid_874,2.65638519838645049e-11,-1.33086383950265508e+00,2.17817181230751888e+00,-1.03152872398639328e-03,-9.18281737410212885e-03,-5.61053779487996618e-03,3.53176065049062295e-04
asteroid_875,2.06846053006500468e-11,-4.34189432505803385e-01,2.93058977514107388e+00,-5.94089787844828063e-02,-9.88437827081876594e-03,-1.46660674660261206e-03,-1.06551969021400871e-04
asteroid_876,3.70871520878166171e-11,1.12585081290246070e+00,-2.85529654304905733e+00,-7.72985506831332714e-01,8.96417967878131508e-03,3.61283910240449901e-03,-2.89006739911761327e-04
asteroid_877,9.53058411173570523e-11,-2.37466241975594849e+00,-9.56251919000101203e-01,2.64103112247093097e-01,3.93152027563191484e-03,-9.95260936006798005e-03,-6.85975818422838307e-04
asteroid_878,8.45617078794442487e-11,-1.10880267455358172e+00,-2.18396479127453969e+00,4.07357026601032235e-01,9.72740161118266361e-03,-4.95455373561334237e-03,-8.54336364626214639e-05
asteroid_879,2.93495248909140167e-11,2.82129314644732254e+00,-2.27359451432199045e-01,-1.68121562777768241e-02,8.21395675945574841e-04,1.01916466250088489e-02,1.37284718312132701e-05
asteroid_880,5.30078527946213237e-11,2.43805899808601190e+00,1.36330000984872690e+00,1.46757991796713366e-01,-5.03725215622261632e-03,8.95233327225225702e-03,5.20597930925327957e-04
asteroid_881,1.92346894974503228e-11,2.37831446140795189e+00,-1.02010616312424274e+00,-1.26959743625678467e-01,4.23987572645927093e-03,9.72208990466888467e-03,1.30902851458109698e-03
asteroid_882,2.77506248896708664e-11,-2.63210875200517203e+00,-8.32290528651928097e-01,5.86269628156533607e-01,3.27589312851232599e-03,-9.64904924056993706e-03,1.00925351127088597e-03
asteroid_883,6.50967486899830388e-12,1.55964078708313170e+00,2.81931842164844060e+00,5.65465882418811835e-02,-8.35968885724918016e-03,4.63778492731879276e-03,-6.59293041406472467e-04
asteroid_884,6.42642240266744956e-11,-9.30475923641590597e-01,-2.43739690890856409e+00,5.24526097743445274e-01,9.81058111149554768e-03,-3.84077522193427938e-03,-4.44180248757824851e-04
asteroid_885,6.56955082418879238e-11,4.71116687301372794e-02,2.32178471627360228e+00,2.53802270122887974e-01,-1.11531159470827524e-02,6.14649756582445636e-05,1.50799857918141244e-03
asteroid_886,8.38517770641363130e-11,2.54407246456819269e+00,1.97434478783677564e-01,-6.87207713607338039e-02,-8.36920597492425656e-04,1.07332056196862459e-02,-1.46706588270434265e-04
asteroid_887,8.71564658245911439e-11,-1.95272939709259741e+00,1.66742073609007191e+00,1.62838676688924267e-01,-6.93494665025763419e-03,-8.16700438501778356e-03,4.65235124914472578e-04
asteroid_888,1.60143393253803429e-11,-1.53070833559597497e+00,-1.65373664145281718e+00,1.32769686385293600e-01,8.39142187169135065e-03,-7.78583942568589205e-03,-2.32798141397241995e-04
asteroid_889,7.43066642068370936e-11,1.51797225843160311e+00,1.71704150478251161e+00,-1.28841442397191752e-01,-8.42001753876535364e-03,7.52991633243824121e-03,1.14734691130745597e-03
asteroid_890,1.34794162064049618e-11,1.10998619844566515e+00,-2.66276926001447123e+00,-4.61089678522620117e-01,9.24655370058651352e-03,3.94163399494200459e-03,-5.03404990251802914e-04
asteroid_891,3.73777640244636335e-11,-1.85505462360706419e+00,1.66893812392753071e+00,2.45639518026096126e-01,-7.20890329609085844e-03,-8.10359253262136689e-03,6.16696894432956647e-04
asteroid_892,5.15585017902065324e-11,-1.17228189346403577e+00,-3.02000629632531181e+00,-2.02587213792487508e-01,8.89707625975382117e-03,-3.46259569534434694e-03,1.34161465483990700e-04
asteroid_893,4.95649670956673177e-12,-2.32035441318127322e+00,5.00664816969989657e-01,2.97433074739473891e-01,-2.50449407924050902e-03,-1.07364869949441045e-02,-1.46564935224355168e-03
asteroid_894,1.56848035174299766e-11,-2.98951265113460762e-01,-2.18990255530747868e+00,1.93975174122564459e-01,1.13351815936568352e-02,-1.67512079943031231e-03,-1.44185689056220540e-03
asteroid_895,2.71188988380039182e-11,-7.42116359067661158e-01,2.88263541950474833e+00,-4.06111914929518814e-01,-9.61413102696696137e-03,-2.46136199806638737e-03,9.74968623855350429e-05
asteroid_896,1.27629575401225921e-11,-2.95358495423917944e+00,1.08838487938653961e+00,2.44825018661402327e-01,-3.23597022819167293e-03,-9.04744220408615525e-03,1.18201283218678961e-03
asteroid_897,9.34102862579112451e-11,1.91047340482948691e+00,1.50584560432907288e+00,-7.47759355916525897e-02,-6.83066865371189259e-03,8.63912624932020555e-03,-5.43229743832236039e-04
asteroid_898,2.88390356168307600e-11,2.20529375143479056e+00,7.89379174593032085e-01,2.98838766747044106e-02,-3.75197633907854581e-03,1.04067208667591102e-02,1.98639717078454231e-03
asteroid_899,5.01221547342462891e-11,-7.06028790194827116e-01,-2.21171210469677337e+00,7.62054787374029929e-02,1.07133588835178761e-02,-3.38268751449203719e-03,1.08140373382369375e-03
asteroid_900,9.96534584501893703e-11,-4.52189540009318436e-01,2.67680056665078547e+00,-2.52191987921271010e-01,-1.02665446180925917e-02,-1.75562310855265080e-03,-2.26132653652413916e-04
asteroid_901,5.66686012663550880e-11,-1.52962140732157326e+00,2.17689617586844086e+00,-9.03196398586772614e-02,-8.62076411950519345e-03,-6.06606068793485737e-03,-2.06809609910342654e-04
asteroid_902,4.11554625414585486e-11,-1.69584782250513388e+00,1.67798745655366632e+00,-3.50656606019909445e-01,-7.84350545024877464e-03,-7.79873642523305419e-03,6.13733596936916008e-04
asteroid_903,9.29799426683692799e-11,1.72734398504185527e+00,-1.28442929635498859e+00,8.44696913061721011e-02,6.96810145533690965e-03,9.25366353232772755e-03,-1.78326206920896395e-03
asteroid_904,2.22575505591071896e-11,-1.27223117636103988e+00,-2.34641448290374877e+00,2.15230330400337733e-01,9.21902176058034609e-03,-5.03536555739721517e-03,-4.01094822787304115e-04
asteroid_905,1.79582790764624048e-11,1.17907778040561273e+00,3.02537541085448725e+00,-1.64842227208781750e-01,-8.63768688882681629e-03,3.47935657219969720e-03,2.07383229527927180e-03
asteroid_906,5.35410832603879540e-11,7.26322271561627708e-02,2.81179776814466376e+00,-6.32724051236976615e-01,-1.01279026391021994e-02,2.48799671859154697e-04,-5.69565246960686316e-05
asteroid_907,4.27359007657607049e-11,-4.82497980604403853e-02,-2.69311333809844067e+00,-7.56575652849564434e-02,1.04775398057856406e-02,-1.86198284355574780e-04,-5.40077737758153396e-05
asteroid_908,7.97006378707733469e-11,-1.94415882581927235e+00,1.07541413832366506e+00,2.21952433994656251e-01,-5.35535566371699023e-03,-1.00408067517655641e-02,1.74074938064024088e-03
asteroid_909,4.21058403002368225e-12,8.80061970141817890e-02,-2.39846683075230871e+00,1.16847557828411996e-01,1.10420614706281169e-02,4.54203918041424810e-04,1.00663802290177923e-03
asteroid_910,6.17764051828778765e-11,3.98391510872270413e-02,2.40344019509503015e+00,4.92618308265845350e-01,-1.08327496891477519e-02,-1.87843543841690062e-04,1.79254051341052613e-03
asteroid_911,7.10708074983586644e-11,3.01635242358419386e+00,6.56170520594659273e-02,-6.49123026349951032e-02,-2.03365077696308644e-04,9.88538646348780317e-03,5.42719512186549458e-04
asteroid_912,9.71919569147884558e-11,-7.65414565093270993e-01,3.05266611459321391e+00,-1.75522016594087699e-01,-9.38115640822787325e-03,-2.37881692092344402e-03,-4.62962177765956337e-04
asteroid_913,1.45848623919811483e-11,-7.00796264602614682e-01,-3.08559303841580723e+00,3.36057591792984611e-01,9.38299631281719337e-03,-2.18012329533096884e-03,-4.50531396571567414e-04
asteroid_914,2.46318594387596710e-11,6.94084811690692249e-01,-3.20713249025097769e+00,-2.59566101163233656e-02,9.25969975890476860e-03,1.99860813126939924e-03,6.63256500780783358e-04
asteroid_915,9.32449987246085322e-11,-3.26807320208111385e+00,-9.87682751557562438e-02,-2.46443195514032348e-01,4.00281948425441805e-04,-9.36316943083950574e-03,-1.55559829295042699e-03
asteroid_916,6.30665782598752269e-11,-3.18713033702627779e+00,-5.75777013014839190e-01,-1.77806791215900151e-01,1.74543502180005117e-03,-9.32838250649114208e-03,-1.07904030058531561e-03
asteroid_917,3.81452278322380882e-12,-1.15469918577212671e+00,1.85519774892915490e+00,-6.57481215515880735e-02,-9.87436053339619570e-03,-6.12558153090152213e-03,5.74176113805484702e-04
asteroid_918,7.74362678555534115e-12,2.24379661839089417e+00,8.81075464547410453e-02,-2.99056150135845911e-01,-4.58548135821487820e-04,1.14196851916052063e-02,-7.60001524713805097e-05
asteroid_919,7.85462016571605528e-11,-2.40541385720606904e+00,3.37922183206695814e-01,-4.21653736813696389e-01,-1.79651667287753251e-03,-1.06737737888334787e-02,1.69442624477444937e-03
asteroid_920,5.67517751006570124e-11,2.30371870746759422e+00,1.52096476030987460e+00,1.27892319959763107e-01,-5.50485760921567892e-03,8.51252482306783659e-03,-2.07680039690655120e-03
asteroid_921,5.65458940070712078e-11,6.59060281915208712e-01,-2.10027344238536440e+00,2.58461515086838400e-01,1.09823548218385639e-02,3.52864332163048194e-03,6.69662526117475879e-04
asteroid_922,8.79877656746954311e-11,-2.58522082112985085e+00,1.73362399561997527e+00,1.18887367880394362e-01,-5.39678504791021689e-03,-8.09131936724953593e-03,6.34418438337005456e-04
asteroid_923,2.41173809579291160e-11,-2.82512500193576344e+00,-2.88664534654415994e-01,3.93908364864523838e-02,1.03017585361806830e-03,-1.01448691316148032e-02,-4.59202397665153328e-04
asteroid_924,1.60514938723837789e-11,-2.68167600070962120e+00,4.95768343987717658e-02,6.10951488210010218e-01,-3.12564021407503521e-04,-1.03533167692970891e-02,-5.31811068823579195e-04
asteroid_925,6.13844567027318315e-11,-1.35293639146356415e+00,-1.85793670298419422e+00,1.24691042612925240e-02,9.00786347129866466e-03,-6.57353318777390266e-03,-2.09656424765845189e-03
asteroid_926,8.82434855344118083e-11,1.27120758932453137e+00,-2.00992836996274749e+00,-3.50693607428599285e-01,9.34462805280929752e-03,5.97098823378426537e-03,-3.48727621662047859e-04
asteroid_927,2.65324119603151417e-11,5.89531703361644954e-01,2.15490925798714095e+00,5.13613656159024101e-01,-1.09181585878871910e-02,3.10431680791509656e-03,-4.92433166795154314e-04
asteroid_928,6.81326235354872831e-11,2.42620832580125656e+00,1.96450933695245533e+00,5.56515213573489653e-02,-6.12758660542103619e-03,7.56041153834014368e-03,2.57002513491862573e-04
asteroid_929,1.52463793955088353e-11,-6.42708721904915126e-01,-2.70715915670397811e+00,3.22842331377035163e-01,9.94437306859271598e-03,-2.19507592060139405e-03,1.39050980405706253e-03
asteroid_930,1.71991504959565992e-11,2.44859234582531865e-01,-2.96804294667524449e+00,-1.54968812751592799e-01,9.92598383864331558e-03,8.07075925337058476e-04,2.26063534711898030e-04
asteroid_931,9.01519906856951220e-11,7.75357337623055164e-03,2.45472577276065840e+00,-4.96180233354153594e-02,-1.09749856242250619e-02,4.00457268588616806e-05,2.66151704182315818e-04
asteroid_932,1.18053198406884734e-11,2.14628253295593030e+00,1.36332189767727319e+00,-1.20046043465130522e-01,-5.79265211619994953e-03,9.01298883228529059e-03,-1.20839482691524722e-03
asteroid_933,2.44431021015291604e-12,5.63893514928840434e-01,2.52339345717863761e+00,-3.17087621476198414e-02,-1.03900014042914400e-02,2.30830604128466404e-03,-1.07509874018855804e-03
asteroid_934,7.74962954065973125e-11,-2.61732070975644238e+00,1.41969523483919002e+00,4.54257603701896329e-01,-4.38140710495763322e-03,-8.68543663893807903e-03,1.90007926798487913e-03
asteroid_935,3.62573297570327906e-11,3.09818970298749774e-01,-3.00061861754032977e+00,2.48919934303704682e-01,9.83490018451390648e-03,9.98786767948680763e-04,-2.01110760523738201e-04
asteroid_936,3.96718886346910713e-11,1.13515624664934700e+00,2.01565768991488792e+00,4.03083110642324993e-01,-9.58462673793520487e-03,5.67600099985355114e-03,-1.39134122751064220e-03
asteroid_937,7.99877559153704635e-11,-3.16636654604206047e+00,-1.08373490960166546e-01,-6.27923023562176552e-01,3.04439629068686075e-04,-9.56618676381744935e-03,1.15863880235774879e-04
asteroid_938,1.80017797998190437e-11,2.15211418555953271e+00,-5.52441229639587306e-01,3.19811231630729331e-01,2.68029931769795098e-03,1.11051266193758248e-02,1.14636255855865175e-03
asteroid_939,6.50361908826883609e-11,-1.26947158191208054e+00,-2.82113969078786297e+00,-7.15847844104148368e-01,8.84659201781752905e-03,-3.78914811326950575e-03,-7.55441301143847197e-04
asteroid_940,3.13596976004750751e-11,-1.73870656799602985e+00,-1.36082898544840725e+00,2.35695074628644363e-01,7.12413384055644340e-03,-9.08291695035053775e-03,1.12355514608554992e-04
asteroid_941,1.04358033800779470e-11,3.40014570625827517e-01,2.39322465599889966e+00,3.03244902447984445e-02,-1.08957000506033300e-02,1.56216166709271143e-03,-1.11814060830714912e-03
asteroid_942,6.87527299365190910e-11,-7.61740915460414614e-02,-3.11314325298288530e+00,1.02886973329855122e-01,9.73932657666387938e-03,-2.29883889466568739e-04,2.54870698754119918e-04
asteroid_943,3.18732268137481074e-11,-9.88924132725358174e-01,2.08905526972661626e+00,-1.37514530780078637e-01,-1.01975407802441017e-02,-4.85780859453381186e-03,-4.62761799344027773e-04
asteroid_944,8.66617443869642797e-11,-2.41425604397539484e+00,-7.78356286025642996e-01,-5.53359706356021830e-01,3.08305701786704481e-03,-1.01836880262135502e-02,8.73299131234914010e-04
asteroid_945,9.19043746666877654e-11,-1.91983271075859951e+00,1.79592068297809093e+00,-2.40041280003555846e-01,-7.14757465198594729e-03,-7.75977283549961813e-03,-8.90633940172717723e-04
asteroid_946,8.49066856744760662e-11,2.04107955772241922e+00,1.23500727731666005e+00,2.03654894370884937e-01,-5.77497809168759507e-03,9.49468821542843837e-03,3.00413537914306981e-04
asteroid_947,3.22419512260718397e-11,2.77198939044926185e+00,1.00315547100674030e+00,-1.60608870331909626e-01,-3.41436455849328333e-03,9.41007530837902929e-03,-1.54498335192933262e-04
asteroid_948,2.36658966097220190e-11,4.35460641017184569e-01,3.08590150960668286e+00,-1.78836022411592882e-01,-9.58770818329529248e-03,1.28923559878413459e-03,-1.09941760169730948e-03
asteroid_949,8.92811362343559039e-11,-6.86927293130984440e-02,-3.14622674522593782e+00,1.25804983214048621e-01,9.52675481574278421e-03,-2.78618094254521622e-04,-1.76604220581121595e-03
asteroid_950,4.53001689178073683e-11,2.28692750143098689e+00,-1.01513457896447012e+00,1.59527148370366911e-01,4.42927299186802754e-03,9.91066789355115295e-03,-4.31052255206828779e-04
asteroid_951,7.07768949585659910e-11,-5.29268424449553243e-01,2.68340629453821400e+00,-1.02404412650648854e-01,-9.99366319932434681e-03,-2.04790162062255853e-03,-2.01184419748145745e-03
asteroid_952,8.27181484990493243e-11,-1.87376465806737147e+00,-1.45190808248633108e+00,-3.63033702849644646e-01,6.70458784094669392e-03,-8.82877568729543982e-03,7.04482899415103682e-04
asteroid_953,2.77758886202335728e-11,-2.24222443306927177e+00,8.35009234250849386e-01,7.24983406861011148e-02,-3.73581901475129397e-03,-1.02271334781816360e-02,2.25117182342404222e-03
asteroid_954,1.19185518191996700e-11,-1.77926342456678688e+00,1.44365433200353177e+00,-1.01234624868206474e-01,-7.16726206880174185e-03,-8.79475111365710799e-03,5.51853767943380263e-04
asteroid_955,6.24865080586951556e-11,3.18699508447028546e+00,1.92724818782788881e-01,-4.75447953866445172e-01,-6.80452441441384216e-04,9.52450878119991129e-03,-7.00369734541334498e-04
asteroid_956,5.90233236537648781e-11,-3.16358517569501352e+00,1.49122498871970700e-02,1.11556923169030139e-01,-5.21856105308549870e-05,-9.66642995714412853e-03,-1.87755311162976550e-04
asteroid_957,2.70273052651309973e-11,-2.97718822833830732e+00,5.05641077631860503e-01,2.80602794810042577e-01,-1.63363798090526658e-03,-9.73928738355496655e-03,2.17161065380145257e-04
asteroid_958,5.84748250713203714e-11,1.50037536884779943e+00,2.21159261222671466e+00,5.12472151716338087e-01,-8.63841328503001452e-03,5.84072936838637719e-03,8.49774909755974275e-05
asteroid_959,7.90378218752895096e-11,2.64762626800935985e+00,-2.48682795931697426e-01,-3.96860590979804306e-01,8.64764027655655072e-04,1.04270799764156312e-02,-7.64660068510594781e-04
asteroid_960,3.50075981245893041e-11,-1.58966453218805426e+00,-2.22317199161758117e+00,-1.20411819845893997e-01,8.46387714217625327e-03,-6.03970383411058138e-03,-2.27759169240347416e-04
asteroid_961,2.42393487153679630e-11,-1.72973943036010369e+00,2.08810752681828138e+00,4.20350786522786513e-01,-7.72317318177196625e-03,-6.73596929088527037e-03,1.68038462006154382e-03
asteroid_962,7.25028713488195228e-11,2.39734742886900332e+00,1.06015518296108224e+00,3.05147113755375662e-02,-4.29596129971773072e-03,9.71689268737760056e-03,-8.20053111486208913e-05
asteroid_963,7.85893429480126539e-11,1.81767211050248290e-01,2.23062307796222070e+00,-3.00538128448927189e-01,-1.13825433492078139e-02,8.04409635850695083e-04,-9.13822358572984029e-04
asteroid_964,9.54294008925133436e-11,-7.79827338388548674e-01,-2.11135369508002224e+00,-1.18463780444807310e-02,1.03958547743365059e-02,-3.85608720206619734e-03,2.92006582591223520e-03
asteroid_965,1.47671064335179380e-11,3.20865352703328410e+00,3.38670725741648859e-01,3.23953332375693737e-01,-9.06243381810861726e-04,9.46513996202820625e-03,-9.19097805245249833e-04
asteroid_966,8.89275175478005980e-11,1.67349416439436349e+00,2.07922258127012194e+00,2.24220936086436839e-01,-7.93169027535145857e-03,6.59987341943152686e-03,-2.00234851151107063e-03
asteroid_967,7.65122301308783492e-11,2.81321710143650261e+00,1.55132000443856066e+00,4.49173398854131933e-01,-4.68245408835867710e-03,8.29755269035445039e-03,6.69230284782881455e-04
asteroid_968,7.01929717940094758e-11,1.43506336126050260e+00,1.77847230272429546e+00,-2.24916717822408768e-01,-8.81648086004017777e-03,6.85787493669990766e-03,-2.02594111919246435e-03
asteroid_969,3.13122323827459195e-11,3.98064214789403941e-03,2.73153098361128155e+00,4.30820112476383188e-01,-1.03186781928072280e-02,-9.91482862506812735e-05,7.23971727776839130e-04
asteroid_970,2.22907318930353094e-12,-1.65691175420831982e+00,-1.63047525282337435e+00,3.39440339615204201e-01,7.70022435739577821e-03,-8.07570229863427760e-03,-1.20386545613583302e-03
asteroid_971,5.07599739070030424e-11,1.35736445757822199e+00,-1.98092029957218485e+00,1.08969864672536679e-01,9.13465824160087161e-03,6.28286358405833259e-03,4.29399302014487434e-04
asteroid_972,2.85840799548067638e-11,-1.92298824982507655e+00,9.15099532019749473e-01,-1.65785507155370437e-01,-5.12367307339810750e-03,-1.03901043774413532e-02,2.07969603961604983e-03
asteroid_973,2.89892036824798564e-11,-1.87044773927186769e+00,1.23271356758794504e+00,-1.08365321316132579e-01,-6.33426542281038431e-03,-9.57162290424291330e-03,4.50725578576798740e-04
asteroid_974,9.27145863334934188e-11,2.81629666374151277e+00,-1.34311587930600207e+00,7.11272560070747017e-01,4.34928120329782474e-03,8.49446305829374727e-03,-1.18072588469495562e-03
asteroid_975,1.53053595164003871e-11,-2.47672047699034348e+00,1.92315772029457571e-01,9.09328807256299249e-02,-8.24979194374574694e-04,-1.08671525217768246e-02,5.13367253037135983e-04
asteroid_976,9.34238956352594772e-11,2.42734307403812544e+00,-1.44816023871653354e+00,1.35466568724239400e-01,5.21871217363461658e-03,8.78495157050939585e-03,4.01668942411907346e-04
asteroid_977,5.03856329339738936e-11,-2.59287988400054514e+00,2.71289164382988160e-03,-5.84825357211712693e-01,-9.61533106688230771e-05,-1.05440274828822143e-02,3.77393316211363148e-04
asteroid_978,8.38295448133330709e-11,-1.49626337131585707e+00,-2.10152393024465534e+00,-6.31466392011197780e-02,8.69931885843705337e-03,-6.21270414622144239e-03,6.28287934874169232e-04
asteroid_979,2.83659212684766209e-11,2.60151418000590517e+00,8.24695207415270692e-01,2.23802901857240721e-01,-3.09955087042949407e-03,9.91052269662434475e-03,-4.89873137946717570e-04
asteroid_980,6.33957272018326680e-11,9.12700438399677294e-01,2.09710434304211146e+00,4.16292797473643283e-01,-1.02903049786582448e-02,4.59117531572723024e-03,-5.67407916795638454e-04
asteroid_981,5.56632736883844498e-11,3.28074761755920097e+00,-1.72496687201243892e-01,8.28845792952917076e-02,5.05857246911514094e-04,9.47045174704800978e-03,-3.13308038549312386e-04
asteroid_982,9.24173672808892114e-11,2.15274471667300915e+00,-2.20434077876456724e+00,-7.14671957933470936e-02,7.01156231286042316e-03,6.83646109234655602e-03,3.38809380558384259e-04
asteroid_983,1.79380496999736790e-11,2.53960530437867416e+00,-1.53515003082078372e+00,-3.65302462656420135e-01,5.17955847255245454e-03,8.48663596899437191e-03,3.44302912585419611e-04
asteroid_984,2.04649432753505349e-11,2.17260765533126854e+00,-1.52983488110229215e+00,1.68365289184931738e-01,6.07382407368952174e-03,8.61635534897986846e-03,-8.57404686047356652e-05
asteroid_985,9.48969503013599274e-11,1.77274358518870567e+00,-1.43380751957337949e+00,1.25426115064319887e-01,7.14235079342637625e-03,8.85861184487585045e-03,3.18814976691446361e-04
asteroid_986,9.80548243240264138e-12,-9.21039649009630090e-01,3.06958846654934359e+00,-7.03087538773861185e-03,-9.20367991119919009e-03,-2.76157061408271011e-03,9.78661321927008346e-06
asteroid_987,6.34719000797092045e-11,1.74650190139131034e+00,1.79039714515307691e+00,-2.06458173838842962e-01,-7.73069619595687096e-03,7.60511735086377098e-03,5.54614942553754270e-04
asteroid_988,6.06580568039316055e-12,1.66927272871567944e+00,-1.36263784517197029e+00,1.51326652811660356e-01,7.42244589696073112e-03,9.03432916587473996e-03,-5.25800891805438620e-04
asteroid_989,7.70831090397912731e-12,9.20474237339223733e-01,2.33600852277009219e+00,-1.82178822145924839e-02,-1.00999581241570466e-02,3.98007460676938398e-03,4.04520774628020741e-05
asteroid_990,5.97189028027431651e-11,3.03112334257113814e+00,-2.87648057516011413e-01,2.29099437766961511e-01,8.14553990118984501e-04,9.70850838733576700e-03,1.41257424686527149e-03
asteroid_991,5.51412825357843342e-11,-1.08294615954054607e+00,2.63003507705402262e+00,-1.30301513822709908e-01,-9.33775828130127029e-03,-3.76573978031651598e-03,1.59830649739309987e-03
asteroid_992,5.73068896133717443e-11,-2.35838116475060211e+00,-1.85567292361195202e+00,2.35606691151087101e-02,6.13849490381890902e-03,-7.80355126537495437e-03,-1.66719802006569948e-04
asteroid_993,4.73704731340287939e-11,-2.22644079968221353e+00,2.07435500036601406e+00,-2.38598594002126296e-01,-6.72486142070137863e-03,-7.18662403911696224e-03,2.71989565726409770e-04
asteroid_994,7.42385104647546709e-11,1.02426524224105275e+00,-2.10577478489912728e+00,2.44000325765778181e-01,9.97571591135825234e-03,4.59061532111840025e-03,-2.25809978885620688e-03
asteroid_995,9.92189317511262062e-11,-3.19353650954055857e+00,-1.74874559738396829e-01,2.55875456873214113e-01,4.21550805320024507e-04,-9.51364654606003286e-03,-1.24066945580694689e-03
asteroid_996,2.75853668265716579e-11,2.08727010481899855e+00,-1.57369007229315461e+00,2.45993718369125119e-01,6.42431653207184428e-03,8.43295555139045652e-03,-5.62719287684019121e-04
asteroid_997,3.23507323348217022e-11,1.35665845676182317e+00,2.51211013516581216e+00,-2.59647168417694918e-01,-8.94537558427618319e-03,4.74593864224926321e-03,-8.22265355523210781e-04
asteroid_998,3.23117237388980448e-11,-1.31277427207589592e+00,-1.64249486071256756e+00,2.18685336961733229e-02,9.24922194099022862e-03,-7.40094820543992903e-03,-6.34646619473956826e-04
asteroid_999,7.63292619411221857e-11,3.03223578564263541e+00,1.27276781272876072e+00,1.52151467878375912e-01,-3.50742531914326368e-03,8.58935433297953847e-03,-1.95143144593758503e-03
asteroid_1000,3.48080699573615838e-11,-1.91114607306057027e+00,1.42425319934832872e+00,-5.08292533412870395e-01,-6.75284793848605035e-03,-8.61865822048398303e-03,1.24048108825264855e-03
asteroid_1001,6.76769393875892308e-11,-1.72216250306758711e+00,1.27553414174558299e+00,-3.68121796787751199e-01,-6.58042651421626278e-03,-9.43890647573166625e-03,-1.92078730391480605e-03
asteroid_1002,4.45942968256227694e-11,-1.19833095635539477e+00,-2.35914899208228057e+00,1.43057833370220322e-01,9.41321762305557912e-03,-4.79604140565872018e-03,-2.40645134320724300e-04
asteroid_1003,6.07843886556310265e-11,-9.39714905980029935e-01,2.04820671417870548e+00,7.79156455079575566e-02,-1.03718106269029987e-02,-4.79062663768572896e-03,8.42559872288233284e-04
asteroid_1004,8.29032471267618742e-11,-2.20009341561509336e-01,2.27044952746279760e+00,8.82858222327455450e-02,-1.13314786371344501e-02,-1.09073906800918365e-03,-1.87608292121140940e-04
asteroid_1005,5.14107281685450359e-11,1.71850641941395210e+00,-2.27374403976410733e+00,2.21843516658443152e-01,8.12473681817523462e-03,6.12007727126146189e-03,-2.11514676485870869e-04
asteroid_1006,4.75225683526620924e-11,1.31106726338968604e+00,2.20561431964152854e+00,1.70430466292280203e-01,-9.22691804777069080e-03,5.43794957244919230e-03,6.04884503175406483e-04
asteroid_1007,2.67047886146942502e-11,-4.90537190841431769e-01,3.16475739226005492e+00,1.53458315876505741e-01,-9.38533611083497768e-03,-1.38117356561673192e-03,-1.51687549679115053e-03
asteroid_1008,5.15952991361601928e-11,2.23671221492841887e+00,1.07456935114856056e+00,-8.74503286419085618e-02,-4.71239317331900026e-03,9.83989369186789864e-03,3.81711630496970624e-04
asteroid_1009,2.62486031682312930e-11,1.03217901079177166e+00,2.75768793390506772e+00,3.98845470687691050e-01,-9.06619164833613080e-03,3.67772649323946108e-03,-1.96589733369498167e-03
asteroid_1010,8.43585848697386965e-11,3.79766631122510856e-01,2.62598237939912194e+00,-9.86116708802254466e-03,-1.04482364717292647e-02,1.50995218022247925e-03,-2.82293872074732661e-04
asteroid_1011,3.88925140458897748e-11,2.73332249134377525e+00,9.44598990847829501e-01,2.62661316010099569e-03,-3.30404594974936924e-03,9.56065153975916952e-03,1.57276981716189715e-05
asteroid_1012,1.29194721071770403e-11,-2.70888976883650345e+00,-7.25301171016278223e-01,-2.93586000197549823e-01,2.80069068384661149e-03,-9.64730908481033211e-03,-2.00812628116523242e-03
asteroid_1013,2.40043531173567374e-11,2.40459333083194382e+00,1.05311771211167704e+00,-4.72843279230404867e-01,-4.14041297908959282e-03,9.67257415670839601e-03,4.87158726479816693e-04
asteroid_1014,5.34628009320509547e-11,-3.21665606616579636e+00,-2.46299659150828687e-01,-3.00890855752487640e-01,7.31826695275093449e-04,-9.52852165173831943e-03,-2.38064519652614629e-05
asteroid_1015,9.16295887078169436e-11,1.43572915489724529e+00,2.03272343933604560e+00,-3.36341753840634972e-01,-8.77214402011591149e-03,6.33693066714092600e-03,8.52717739120533455e-04
asteroid_1016,3.00631442424922195e-11,1.22933485097510120e+00,-1.95449686318029503e+00,1.31067353956593469e-01,9.56909719862777432e-03,6.02972114060595227e-03,1.63628667837541263e-04
asteroid_1017,2.64459765478901648e-11,1.82028047878091503e+00,2.27486798833832626e+00,-3.57396252597403444e-02,-7.86486510152198393e-03,6.28652518145172805e-03,-4.26571886739859430e-04
asteroid_1018,4.06619178826654388e-11,2.70116992667187583e+00,-1.52440153858644667e+00,-2.90531493040610878e-01,4.83834418964982152e-03,8.42426595057435730e-03,7.82104002133014731e-04
asteroid_1019,9.67757702844317293e-11,-9.74339510084271998e-01,1.90620457271825150e+00,1.79607402096808033e-01,-1.04598155476554842e-02,-5.30310714272899577e-03,-4.59916853232705727e-04
asteroid_1020,8.45235152493907825e-11,2.25282403702925871e+00,1.37327088003455744e+00,7.86374997061401876e-02,-5.48458382271188680e-03,8.90181153417330708e-03,1.66846237433158711e-03
asteroid_1021,1.49752984279584071e-11,7.60744764184972277e-01,3.07704039070695767e+00,9.07587546067837730e-02,-9.36963267849302492e-03,2.30240730047514240e-03,4.77075112665450464e-04
asteroid_1022,6.13791911771554143e-11,-6.72245458407279006e-01,-2.91977470127535321e+00,1.42323586021618514e-01,9.52692698941283098e-03,-2.27385568628293193e-03,-1.64914974749055115e-03
asteroid_1023,7.91885016923700192e-11,-3.16731392703342696e+00,8.65880267605557363e-01,-2.08776454384999977e-01,-2.34560770451220204e-03,-9.01232110530458992e-03,-1.79289882880988207e-03
asteroid_1024,7.68033540336100606e-11,-8.11251391759737206e-02,-2.73394409247334735e+00,1.18114105249796389e-01,1.03918384413724790e-02,-3.05498735567415701e-04,6.62315180004781063e-05
asteroid_1025,4.88896607205440386e-11,2.89162616146098328e+00,3.34041968008765081e-02,3.18839626133449114e-02,-1.17202687826075400e-04,1.01146601662651207e-02,3.24382372435789659e-05
asteroid_1026,7.31858202535474778e-11,1.63906418802054876e+00,-1.83774538540905885e+00,4.91215266323008007e-02,8.11122735327385151e-03,7.26744285699192430e-03,1.23952374226550359e-03
asteroid_1027,5.83628251931924410e-11,-3.10221610858587438e+00,6.60040739764871653e-01,-6.47338401449411904e-01,-1.94598872285680680e-03,-9.35845422099320159e-03,-2.16399156289118921e-04
asteroid_1028,2.01524838353917484e-11,-2.13904109806107456e+00,-1.30718943593851766e+00,4.06620530168770367e-01,5.70307745013876478e-03,-9.14502287092137933e-03,6.02133303220064647e-04
asteroid_1029,5.61480352724449914e-12,-2.66474630018986236e+00,1.33110383451215419e+00,-2.11558394010443851e-01,-4.27801084514926964e-03,-8.83065170306270367e-03,-1.67660930242698875e-03
asteroid_1030,3.69562730082332208e-11,-6.88557770316807649e-01,-2.48961641049782667e+00,-5.96378159523492032e-02,1.02531863474135121e-02,-2.86207185476109295e-03,1.09913360462030236e-03
asteroid_1031,6.20328080473451269e-12,2.69455677397913496e+00,-6.38280713401204958e-01,1.67485118371139885e-01,2.37339663709450633e-03,1.00508296030993836e-02,1.19405853561327995e-04
asteroid_1032,3.95073902580500105e-11,-1.80980691131131244e+00,2.34388730166276638e+00,1.20583457000438335e-01,-7.87189478557355146e-03,-6.00999637767810589e-03,-1.32568263793415180e-03
asteroid_1033,8.28896113670602845e-11,2.09758026985331902e+00,-1.71131683308165483e+00,1.39856895215968419e-01,6.61008551571054537e-03,8.09004464393743225e-03,-1.46974378443696701e-04
asteroid_1034,8.44309718988741118e-11,3.11824716642739475e+00,6.65383482706348506e-01,-1.88305088704321770e-02,-1.98470979871604152e-03,9.24962839255225391e-03,-1.81969338623887427e-03
asteroid_1035,3.41705139478838557e-12,2.55591273572273359e+00,4.82813045122646556e-01,1.03197909829188778e-01,-1.99163696556303336e-03,1.04682479653242077e-02,3.51204864920205749e-04
asteroid_1036,6.96285139627431871e-12,-2.22023978474461536e+00,-1.81984960320514477e+00,1.81260408818713664e-01,6.44493650404934920e-03,-7.81966121341207132e-03,4.34165853037077147e-04
asteroid_1037,6.69900100882485638e-11,2.52575433582013509e-01,-2.49631333924359256e+00,-9.44317634921122001e-02,1.07188769963123352e-02,1.03247168762529880e-03,1.37614880671308153e-03
asteroid_1038,5.00048695072705671e-11,-2.57375286692778626e+00,-2.77556188994221187e-01,7.58988576935586967e-02,1.09876808975582904e-03,-1.05502084182565944e-02,-1.32173426078760568e-03
asteroid_1039,1.49443456891117830e-11,2.61035234588827769e-01,2.58283134594259245e+00,4.09320034918636555e-01,-1.05587010315950965e-02,1.03885734395751895e-03,1.78343795983720177e-04
asteroid_1040,8.05549064770320064e-11,2.05725673791892039e+00,9.11476935203703542e-01,-6.13461295138369861e-02,-4.64745772692675557e-03,1.04039463511694553e-02,-1.27239630836242399e-03
asteroid_1041,2.16574513090151264e-11,-2.06941353680804463e+00,-7.73768127696662145e-01,5.66824191966738417e-02,3.87107607783948116e-03,-1.05539526414422397e-02,-2.74256003671614857e-03
asteroid_1042,7.82414397702412115e-12,2.68382943180655342e+00,-1.09058456746888921e+00,-1.53021969765183563e-01,3.82035591433481760e-03,9.10161410734583627e-03,2.13762611239073788e-03
asteroid_1043,7.49532187386198580e-11,2.71440935527323113e+00,9.60907376615539377e-01,2.03030328834454987e-01,-3.44386169452255047e-03,9.26411099907425983e-03,2.19719786518819682e-03
asteroid_1044,6.08165162034500815e-11,2.57231448866856205e+00,-1.24699828047053729e+00,4.60505587314330611e-01,4.34719644210483126e-03,9.11776827919407069e-03,4.07128551604654134e-04
asteroid_1045,3.94503294457450521e-11,1.70046073950388021e+00,1.24185759887764613e+00,-2.76420852765253966e-01,-6.79678758429432331e-03,9.57525105217121170e-03,1.20623258022880533e-03
asteroid_1046,6.92756931163156244e-11,-2.49047426444001729e+00,-8.85551830733892487e-03,-8.25039107198046184e-02,9.43487392609997587e-05,-1.07646601608895817e-02,-1.69260415253650004e-03
asteroid_1047,9.11389550622333785e-11,1.37022086677608090e+00,-1.89287766500451005e+00,5.30653477660269213e-02,9.07432389034273576e-03,6.53363120708290706e-03,-1.25248143970859956e-03
asteroid_1048,3.42790245223710650e-12,-1.60682094565185696e+00,2.56241745415822786e+00,2.36589698186610714e-01,-8.37598401748812504e-03,-5.22333086847968833e-03,-3.14267164120790381e-04
asteroid_1049,6.27716669731567931e-11,-3.07775968132391831e-01,3.08004573071824650e+00,4.82447327283954508e-01,-9.66860373998941307e-03,-9.82301368494150435e-04,1.03159986449877667e-04
asteroid_1050,2.18245480285858276e-11,-2.39466010244906702e+00,8.04019928831287978e-02,-5.77535721609282512e-03,-3.73078928974760555e-04,-1.11066536313542668e-02,6.92840359123903535e-05
asteroid_1051,4.74190346165389799e-11,2.13504802909484453e-01,2.89354726632238046e+00,5.66355093724276500e-03,-1.00715699790947279e-02,7.43146547773849042e-04,-1.93944090380375592e-07
asteroid_1052,4.24038730770481292e-11,-6.23273034542449755e-01,-2.11067755620658781e+00,-4.92602807392018616e-01,1.10039273038182884e-02,-3.15747636482974084e-03,-3.93900850999471337e-04
asteroid_1053,3.90040669867746322e-11,1.90802881298831073e+00,1.50477761343689798e+00,-2.93248310312085002e-02,-6.83308511471364226e-03,8.66453070298682688e-03,1.59780056561012979e-05
asteroid_1054,1.90437064637437208e-11,9.42438636728927526e-03,-2.24527592961218936e+00,3.08463841788990667e-01,1.14251755393842223e-02,2.39652788457354712e-05,-1.74628587085203906e-04
asteroid_1055,8.02669671451337740e-11,9.76586507991583308e-01,-2.20333333813446597e+00,-3.82490069502582963e-01,1.00377841167944935e-02,4.51332967262324178e-03,-3.70219272026443391e-04
asteroid_1056,3.79582632869207491e-11,-2.89930547506023029e+00,2.43250973767541012e-01,-3.34196451324979271e-02,-8.47891162648000025e-04,-1.00359402497294577e-02,5.09977039953895660e-04
asteroid_1057,8.87207541310386187e-11,2.97143632668478297e+00,1.15087646458872483e+00,1.93437501933238193e-01,-3.26603991107560264e-03,8.79555064291318543e-03,-2.15967735149315667e-03
asteroid_1058,3.54732806119196226e-11,-5.88763829104695602e-01,2.26766749103676357e+00,2.85711147023884962e-02,-1.08631317526189011e-02,-2.82726836741494696e-03,5.41999100982131876e-04
asteroid_1059,8.39729373344685461e-11,-1.45841202702239991e+00,-2.32385436306547666e+00,1.94825907520679742e-01,8.65799984062671883e-03,-5.24378684917131948e-03,2.26424788525140825e-03
asteroid_1060,5.44511884891535436e-11,-2.34796686455204240e+00,-1.68286004323096705e+00,-5.55384618863558388e-01,5.92717114203741933e-03,-8.06765152071275624e-03,-6.12319901494150437e-04
asteroid_1061,3.85686672336306259e-11,2.21765763579075070e+00,-2.36217226892318388e+00,-1.49913962247624349e-01,6.97017293542332231e-03,6.51780946909534011e-03,4.08690758906132834e-04
asteroid_1062,7.04061811376536248e-11,2.52407844368111034e+00,1.28108458851506568e+00,-9.21161363109058579e-02,-4.61850724560193635e-03,9.11610545127119511e-03,2.28272929531754911e-04
asteroid_1063,7.86675959140962011e-11,5.74840329508572445e-01,-2.33454241261943451e+00,-9.44658575429541819e-02,1.07319388468924051e-02,2.67521242873355360e-03,-8.07123511232389406e-04
asteroid_1064,4.82742521195454448e-11,2.27316550628474356e+00,-1.69487344558066599e+00,-2.93075940716876149e-01,6.10259510309317695e-03,8.15726090295766648e-03,1.59289070140305360e-04
asteroid_1065,4.25477886340698448e-11,1.62654773141526965e+00,-1.87207008156882115e+00,-1.51263161304103250e-01,8.22731085926652929e-03,7.16654628200099220e-03,-2.25851877149808248e-04
asteroid_1066,5.77461228475284978e-11,-6.38728663746564229e-01,-3.17296755541175690e+00,4.75457705862241564e-01,9.16239134629972737e-03,-1.53969236165089006e-03,2.03359428312993888e-03
asteroid_1067,5.85204862167867628e-11,-1.88190786500510243e+00,1.75770083502297370e+00,1.52660873062036628e-01,-7.31509292467187339e-03,-7.82233615263722322e-03,-1.11384931326985763e-04
asteroid_1068,4.25536667933101975e-11,2.79919794136500366e+00,-5.60310361374992905e-01,6.25801060711360435e-01,1.91722534198971871e-03,9.87453484944683484e-03,2.65437324897244023e-04
asteroid_1069,7.57687112154793471e-11,2.03633891427309033e+00,6.12853215558316511e-01,7.46906089290873682e-02,-3.40653173242049922e-03,1.12867392752176443e-02,2.64272466532593014e-04
asteroid_1070,3.99781475609032606e-11,-8.83157522452185595e-01,-2.33493630435128630e+00,-6.51832589751220270e-01,9.98946469005011599e-03,-3.85142804149109794e-03,2.61674966958901501e-04
asteroid_1071,4.53053043048204565e-11,-2.82379083901515759e+00,1.38396964934941336e+00,-1.84788745782923314e-01,-4.26862148600956962e-03,-8.70123948710238397e-03,6.19241474812304331e-05
asteroid_1072,6.05357692457084422e-11,2.68266107943424492e+00,8.73310303778768615e-01,-2.49857189248191808e-01,-3.10029065742767253e-03,9.71657398150516972e-03,6.74605739260526706e-04
asteroid_1073,9.86850217040471646e-11,-2.48611695206559036e+00,8.16211490755960667e-01,2.90338187008262805e-01,-3.39820266805600322e-03,-9.99150576061314487e-03,-1.00967582274453182e-03
asteroid_1074,2.60760042403001578e-11,2.44532963570657413e+00,-2.09805711991334043e+00,-8.39884252510280233e-02,6.23489825248686128e-03,7.27368347735515234e-03,-1.69332085906372088e-04
asteroid_1075,2.32029604631533699e-11,-1.54248204992340132e+00,-2.64189273532924451e+00,-6.36717967104619809e-01,8.44892490792472153e-03,-4.79387316691086418e-03,-5.77047196490729740e-04
asteroid_1076,1.76969577786331389e-11,2.43392146236041773e+00,-5.09380921134796716e-01,5.42425765682466934e-03,2.22716248194364556e-03,1.06501596247258121e-02,7.83435297099563995e-04
asteroid_1077,6.89475269886702677e-11,-9.08978689809623819e-01,2.59230250330272050e+00,-1.87768167295459198e-01,-9.73393699410059904e-03,-3.31851829431145575e-03,1.30660067423187106e-03
asteroid_1078,4.49149727954665959e-11,-6.05408813280741143e-01,-2.60665281141016481e+00,2.51100726699288068e-01,1.01351482139231952e-02,-2.46390138697481342e-03,-1.14148385210727362e-03
asteroid_1079,3.88667479440267371e-11,-1.87670960287857147e+00,2.12667647927147652e+00,-3.56437962644090167e-01,-7.67399498044552247e-03,-6.60898811835146111e-03,9.72625044172227148e-04
asteroid_1080,2.04169965111453770e-11,-3.57621598793288586e-01,2.47522864254783359e+00,-4.29329711535197684e-03,-1.07646658658994612e-02,-1.55500924188165250e-03,1.56896317294080397e-04
asteroid_1081,8.91149263565597993e-11,-2.34592133133230929e+00,4.72510398908364160e-01,7.49617490695440696e-03,-2.19505146143843689e-03,-1.08902338810630567e-02,-4.89488500421282917e-04
asteroid_1082,4.43228717918863651e-11,-2.27604691233586953e+00,-2.24119247051854087e+00,7.75205662788420180e-02,6.74235095918771475e-03,-6.85869454152371587e-03,-3.32137428059595184e-04
asteroid_1083,6.07732542155180361e-11,-4.15774738498295771e-01,-3.17559100913929804e+00,1.95407465975088623e-01,9.50609725034729479e-03,-1.27434803044029960e-03,-4.83159889039815819e-04
asteroid_1084,1.12618325334699164e-11,-2.83649355850550089e+00,-1.27697696102996350e+00,9.00005716188711363e-02,4.00814229391362273e-03,-8.88624689669068740e-03,2.39301159693051458e-04
asteroid_1085,1.08061419463232615e-11,-8.70907324764223056e-01,3.08007439375131487e+00,6.87550230697339337e-01,-9.02254667821574506e-03,-2.79338777590370894e-03,1.08507006031703115e-03
asteroid_1086,6.74478062098293975e-12,-1.90252399872891931e+00,2.31104402600778425e+00,-5.87626740388133492e-02,-7.62413204091735939e-03,-6.24294576428088138e-03,1.31668044991173111e-03
asteroid_1087,3.67409346230209765e-11,-1.89262303369359475e+00,-2.30080877196978140e+00,-4.79761270363364134e-01,7.60902055631484074e-03,-6.32876656789719844e-03,3.34070456158447066e-04
asteroid_1088,4.72939313531692474e-11,3.00609539913566071e+00,9.64103446046657847e-02,-2.12067003275230009e-01,-2.73995152672531432e-04,9.88415137920973033e-03,6.09613333348896940e-04
asteroid_1089,2.44653691634291911e-11,1.84338919530076595e+00,1.94006798571125727e+00,-5.41430152526619982e-02,-7.61399996205030117e-03,7.21421892210650801e-03,-7.29366293851030703e-04
asteroid_1090,3.49742538126721902e-11,-1.57889610491810783e+00,-2.09692279611851751e+00,3.47192928798360279e-01,8.45150889352542373e-03,-6.35024755407757099e-03,8.08645948639840571e-05
asteroid_1091,6.35940802036735734e-13,3.84676202161936487e-01,2.35629806291441213e+00,6.10292207922864607e-02,-1.09600160666687256e-02,1.76833746756675033e-03,8.08255555503578052e-04
asteroid_1092,3.51153356414868748e-11,2.53309749685785679e+00,-1.35007115493269048e+00,-1.39118187590225678e-01,4.79185410997494052e-03,8.91166816951968928e-03,7.68034109241945580e-04
asteroid_1093,1.19259417697364448e-11,2.21048727197887729e+00,-1.02155940353688446e+00,-2.42637043096611077e-01,4.53929229737103351e-03,9.99060107144328184e-03,-7.08649521085972546e-04
asteroid_1094,1.28471639926052176e-11,1.60930238558552197e+00,1.78769251853520217e+00,1.39160085602765049e-01,-8.22902310253971828e-03,7.30545772952357307e-03,1.31556675621540779e-03
asteroid_1095,4.60564695024730855e-13,1.27702910789384183e+00,-2.48448641457504049e+00,2.32796676975606270e-01,8.96119585498951141e-03,4.37410993251606452e-03,-2.47551319311026426e-03
asteroid_1096,6.96410928008500336e-11,-2.49285144191412389e+00,-6.93806460037383554e-01,-1.50594573853338853e-01,2.86855432787694016e-03,-1.02923062627597144e-02,-6.64779507983520455e-05
asteroid_1097,9.31290645671979093e-11,1.10831570500703719e-01,2.35962775717187911e+00,-4.34044789871518913e-02,-1.10910465380291180e-02,4.94992182423644096e-04,-1.41093303053749122e-03
asteroid_1098,6.21583406296071983e-11,-2.38544427535272385e+00,1.94673989158920713e+00,4.17853620956492172e-02,-6.19770185958218572e-03,-7.58665181591815577e-03,-3.59807523105083683e-04
asteroid_1099,9.62924317227168701e-12,1.51341937582106545e+00,-2.73794895027970542e+00,1.64029801033597045e-01,8.50050412558286776e-03,4.65501723643082024e-03,-7.29307059634936639e-04
asteroid_1100,9.89650484447564873e-11,6.36616102348127821e-01,-2.19982141941736131e+00,2.26293052690332286e-01,1.07038963007299870e-02,3.28276240482123106e-03,1.79951750720237671e-03
asteroid_1101,9.75587612359425672e-11,-1.17687651419930162e+00,-1.75009850214248841e+00,-5.78795442460396624e-03,9.81838387089477294e-03,-6.60428542326414909e-03,5.39852545052635032e-04
asteroid_1102,4.68287712203923056e-11,-2.47550488816772107e+00,1.51776254579608812e-02,3.72070237995384634e-01,-1.15520535386730533e-04,-1.08667856754159024e-02,-3.25313972362679829e-04
asteroid_1103,1.07958431484455309e-11,-1.72455321780512083e+00,-2.50974827802073364e+00,2.69087865429827433e-01,8.06042132071898426e-03,-5.60624591701335776e-03,-6.30427948146751243e-04
asteroid_1104,7.20767235716239765e-11,-2.65323601890570637e-01,-3.09539557872519167e+00,4.04015259501695687e-02,9.72343047146305428e-03,-8.32985810725003686e-04,3.55184545227712554e-05
asteroid_1105,9.61472057662988861e-11,-8.16321993993400108e-01,2.11341889614516543e+00,-4.25650852751936898e-02,-1.03266531246103549e-02,-4.04423414560587530e-03,-2.75546948961961696e-03
asteroid_1106,7.78721734178278805e-11,1.01305486922631638e+00,-2.84161572407093921e+00,2.73881757574348683e-01,9.31109546248711124e-03,3.26307495064553097e-03,-5.85090109492897629e-04
asteroid_1107,6.24240434285523916e-11,6.97237285683267927e-01,-2.11759129590592421e+00,-2.05168731621579226e-01,1.06756826217946459e-02,3.71782770695767420e-03,-2.09269519045055192e-03
asteroid_1108,6.10870819180839952e-11,1.45630793082261212e+00,-2.10339182496844002e+00,-2.23427398886211714e-01,8.84138003123245697e-03,6.04698807989369810e-03,7.00838691902072597e-04
asteroid_1109,9.77920322394208262e-11,-5.16303309662173637e-01,-3.21647278417935656e+00,-5.16453157726431300e-01,9.22943806102372380e-03,-1.19899102527390054e-03,-1.75943820337934147e-03
asteroid_1110,7.32120248860874854e-12,-1.74499728081768213e+00,1.54374952496612061e+00,7.67528987539309315e-02,-7.46684233899029375e-03,-8.40188948935294277e-03,-7.71393273572318762e-04
asteroid_1111,1.49641063988667089e-11,-2.11479049215929038e+00,8.45730029093014757e-01,-1.80314276774830168e-01,-4.15304819127526505e-03,-1.05627700679841539e-02,-8.34237927253204709e-04
asteroid_1112,8.30828363595207226e-11,-1.81396225415599271e-01,-2.58291575544079022e+00,-3.06545037909539630e-01,1.04767599174479756e-02,-9.36207378507316950e-04,1.68882226320274365e-03
asteroid_1113,1.45198569011727047e-11,-1.05433145957368923e+00,-2.63621414858134484e+00,-1.57587389256508725e-01,9.43301357794686275e-03,-3.81578145096486470e-03,7.21466835951086924e-04
asteroid_1114,3.83358157280336793e-11,1.61670128494572762e+00,2.78296665253193254e+00,-8.01940276086334225e-02,-8.24367082192937854e-03,4.81436994136939626e-03,8.81334825147340106e-04
asteroid_1115,2.81571106129144887e-11,-2.68292332463515404e+00,-1.87165252534002269e+00,-1.93577901938919994e-01,5.14717319304663998e-03,-7.62456075996668144e-03,2.38176662119173651e-03
asteroid_1116,2.43520371968749198e-11,2.90387437683228888e-01,2.16345060222389485e+00,5.59390247935516033e-02,-1.14139786412486583e-02,1.57497440279388357e-03,-1.66079600334856836e-03
asteroid_1117,2.58193789133158400e-12,-2.16769276077448358e+00,5.25024548533413959e-01,-3.97978867605118025e-01,-2.61517191968222915e-03,-1.11172799314252901e-02,-4.22021499410158265e-04
asteroid_1118,5.66294638408457746e-11,-2.33578729585128819e+00,1.92815571138086250e+00,3.49308562856590454e-01,-6.11658421923550171e-03,-7.62816602706103269e-03,1.20596007065931158e-03
asteroid_1119,4.01299396881377603e-11,-1.64949367773445466e+00,-1.76945235362881226e+00,1.66322457444051497e-01,7.80455753482058642e-03,-7.48710209700628737e-03,-2.25166295616821685e-03
asteroid_1120,5.51635053615747601e-11,2.93561187161715154e+00,9.45554295548571067e-01,-6.96569155920304772e-01,-3.04452309845840152e-03,9.17488065026470651e-03,-3.76402456260716673e-04
asteroid_1121,3.04577755676853939e-11,2.45349201770264358e+00,-1.52837265969680436e+00,1.79174417580974910e-01,5.36759177392528292e-03,8.45865858679939117e-03,-1.34707316533721252e-03
asteroid_1122,9.41466708968757195e-11,2.11696771867969868e+00,7.13857211452871954e-01,2.38054166861457854e-02,-3.65772483881386494e-03,1.08763884452234526e-02,-8.78074048406000084e-04
asteroid_1123,5.91388057522303238e-11,1.42845232227886476e+00,-2.75018930752504875e+00,-1.24359831147812243e-03,8.67155835966713917e-03,4.50399369628763733e-03,5.81956022933197994e-05
asteroid_1124,9.61210925827613660e-11,-7.56699674917450604e-01,2.18281583486027753e+00,-7.96432865464077183e-02,-1.05383408748930957e-02,-3.71781154070598401e-03,-1.76962546361387313e-03
asteroid_1125,3.50070953663232808e-11,-1.42930649601490023e+00,-2.18067847593715181e+00,-6.63531252685700540e-02,8.67244632209924170e-03,-5.75328449206354790e-03,2.26786293275463204e-03
asteroid_1126,2.38930839258745826e-13,-1.29311553905341836e+00,-2.43486419821342404e+00,1.77111208365068024e-01,9.06489365474765461e-03,-4.88850232037310855e-03,-1.02130429580697267e-03
asteroid_1127,7.81287438405944422e-11,1.27242623995691928e+00,-2.38053735639063335e+00,9.45454916722596461e-02,9.23256093639742391e-03,4.92445867437320359e-03,-2.63312006587219027e-04
asteroid_1128,8.27396116675186163e-11,-1.31382660699434695e+00,-2.60490207047345823e+00,1.85973363790264107e-01,8.96399584134069914e-03,-4.55014682213245123e-03,-4.06244394633686889e-04
asteroid_1129,5.87975268606159895e-12,2.85133428130147770e+00,-1.88895262751388709e-01,-3.83656750370814814e-01,6.74781407542134320e-04,1.01081954305545212e-02,3.81516235505331217e-05
asteroid_1130,6.25406691539472847e-11,1.25928953734614324e+00,2.97136444938799205e+00,6.42064676305580506e-01,-8.76020256054630547e-03,3.51672426243208359e-03,9.06703015010415243e-04
asteroid_1131,6.61051765253416176e-11,-1.78397847910496754e+00,-2.77214354150849385e+00,1.34398562680993150e-01,7.95845299396999960e-03,-5.13028838660653692e-03,-1.79964341239110794e-04
asteroid_1132,1.45819293660860556e-11,-2.67169040276630687e+00,2.72653067307727814e-01,4.29857812444562393e-01,-1.02217123804627702e-03,-1.03780378372865592e-02,2.29561402498810899e-04
asteroid_1133,5.52569300397295980e-11,1.74901860453125479e+00,-1.30166483519699483e+00,3.86596046753792333e-01,7.01993057521592759e-03,9.12707092192362006e-03,-1.02846864186035224e-03
asteroid_1134,2.43274560791875671e-11,2.95678551094962083e+00,-8.59917895778306296e-02,-3.01999223302334141e-01,5.07111335325704463e-04,9.71756820568514534e-03,2.19798038259634045e-03
asteroid_1135,1.65500580341957155e-12,1.09589270094210112e+00,-3.08294301180765817e+00,-2.11008861669032509e-02,8.95598173168755604e-03,3.18552332371123360e-03,-2.83962493862411920e-04
asteroid_1136,8.66924399267080234e-11,-1.55262838403084324e+00,-1.90519876087129214e+00,-3.46186956100721421e-01,8.48757446238793296e-03,-6.52900253972422094e-03,-2.13468896053876011e-03
asteroid_1137,4.91746001709341555e-11,1.32410270056175250e+00,-2.26614426783296485e+00,3.90054633013135199e-01,9.06078836060680154e-03,5.39345382381554907e-03,5.76663139278386612e-04
asteroid_1138,7.81720931000620092e-11,-2.49761375093902416e+00,-7.53316999307846236e-01,-7.17061948243614827e-02,2.95895428045174231e-03,-1.00105367399253298e-02,2.10278344144005508e-03
asteroid_1139,7.22920742925885799e-11,1.52582295482269398e-01,-2.15626567942779968e+00,1.40271240729933355e-02,1.16699076104602503e-02,8.24838513494560504e-04,-1.46167777571277709e-04
asteroid_1140,9.93705890488427655e-11,-7.87422681893340748e-01,-2.79452071401604973e+00,-1.40089480848022557e-01,9.65387811548974739e-03,-2.65798739767781657e-03,-1.24121921869872255e-03
asteroid_1141,4.38009608560803111e-11,1.15042776356683762e+00,-2.22592728702700571e+00,-3.03917908911838841e-01,9.62663028041930817e-03,4.81449564359816631e-03,1.17803363122518778e-03
asteroid_1142,4.27607851696501913e-11,-1.65723987449616472e+00,2.54278395217644215e+00,-2.44063042307041955e-01,-8.26041417351637032e-03,-5.38007953089653015e-03,3.73176353201992901e-05
asteroid_1143,2.81827391494465122e-11,1.60560061585714720e+00,-2.63382731743684584e+00,2.93216309323844682e-01,8.29871309794496213e-03,5.12567791036098921e-03,5.99324233411209452e-04
asteroid_1144,6.25184698681874283e-11,-2.21736754015491266e+00,-2.13186066282134901e+00,2.42114183038127623e-01,6.80424155344362160e-03,-6.94206099459490373e-03,1.18951149033036602e-03
asteroid_1145,4.86163889305228761e-11,-2.25394839510497924e+00,-1.24187257626635672e+00,-3.70762679204291457e-01,5.11868724334606662e-03,-9.35739405898003071e-03,2.25033895428460002e-04
asteroid_1146,7.28788246029454590e-11,-2.31985644895180565e+00,8.93130526288489213e-01,-7.62226134957072650e-03,-3.91944287432517517e-03,-1.01815127205967994e-02,-1.14793526222524238e-04
asteroid_1147,3.56576047271583167e-11,-1.95403949125575394e+00,-2.24828617633849781e+00,3.44166459592187834e-01,7.49600845376865912e-03,-6.51868216199664313e-03,-2.43093046323529910e-05
asteroid_1148,1.30931657135164983e-11,1.14932176289389032e+00,-2.83528834764541715e+00,1.18348017066505662e-01,9.09776115632982864e-03,3.70449638593636386e-03,3.97645414987651846e-04
asteroid_1149,8.62449208574242236e-11,8.51331703876735513e-01,2.54799683677898559e+00,-1.28081086759349788e-01,-9.63758962285985246e-03,3.34287923836347868e-03,2.44267235784855234e-03
asteroid_1150,8.28064137270488227e-11,-3.02197166640827719e+00,6.18439970133987327e-01,-7.37903738911149243e-01,-2.15089289995386290e-03,-9.36784440414918998e-03,9.57425678124267489e-04
asteroid_1151,3.51065087097032677e-11,1.03577420638942971e-01,2.26547772869504804e+00,-1.48338105012051802e-01,-1.13865154806424528e-02,5.52996332180438472e-04,4.94916468351326881e-04
asteroid_1152,6.90382682340247984e-11,-3.08307940907949130e+00,6.68251838699552292e-01,3.66694799561789325e-02,-2.05438238801001084e-03,-9.45463005260114772e-03,-4.29515826056940512e-04
asteroid_1153,4.92453665984984267e-11,1.61073241878718409e+00,1.51696433196449298e+00,1.09442440879544148e-01,-7.93259857431757170e-03,8.39851080086646135e-03,3.38555701495366502e-04
asteroid_1154,7.60995999921387107e-11,2.18902977781637009e+00,-6.35493239495646622e-01,1.48345978279431412e-01,3.07932362340613284e-03,1.08900772249305253e-02,1.21229674673539950e-03
asteroid_1155,3.90193355427645969e-11,-2.22942915104022443e+00,-1.48066932488962411e+00,5.90081611131798689e-01,5.59632576093346823e-03,-8.72344602530885672e-03,-7.45536106469914467e-04
asteroid_1156,5.35685671467690557e-11,2.16980937316003608e+00,2.18427128463254822e-01,3.27811970943608644e-02,-1.17940484149670608e-03,1.14892874920270310e-02,1.51036597947002880e-03
asteroid_1157,5.79103224543407762e-12,-3.00712402136180834e-01,2.14234894845351942e+00,-8.74041521148802812e-03,-1.15808582397287571e-02,-1.62489124540544537e-03,1.62881177528148569e-04
asteroid_1158,1.74992490589922534e-11,-2.07801386969790824e+00,3.07355221154671510e-01,2.44611217604227479e-03,-1.73636669782560506e-03,-1.17404719158319040e-02,1.23159187265304627e-04
asteroid_1159,7.81787431214325436e-11,2.10684364271826530e+00,-1.56278505579511551e+00,4.56585919483480512e-02,6.30840620875462374e-03,8.52222983992424396e-03,6.04221858547580089e-04
asteroid_1160,3.81627325624660217e-11,-2.94373673267557345e+00,-3.10337625058359101e-01,6.45189643156785619e-01,1.14278315172537431e-03,-9.80413931346191779e-03,4.98240221840584693e-04
asteroid_1161,3.52019136871672209e-12,-2.01689817904535351e+00,7.20642105088793228e-01,-1.13894900601812631e-02,-3.91226598771705035e-03,-1.09193843262329129e-02,1.90298593905484890e-03
asteroid_1162,1.67719522083375475e-11,1.75532264978185726e+00,2.28605199269485349e+00,5.31092941385796352e-02,-7.93366762825815398e-03,6.12608094448106356e-03,-1.47607058406207356e-03
asteroid_1163,4.11656872282406021e-11,2.38508908526367192e+00,1.96071814354404439e+00,-3.39360116309684601e-02,-6.18852698388237202e-03,7.54195927871635381e-03,8.09412515255196604e-04
asteroid_1164,7.17941315706070276e-11,7.32460942494534306e-01,2.11191888704282782e+00,-5.48330949045580107e-01,-1.06727307178363980e-02,3.80724012192465520e-03,4.07097065762279230e-04
asteroid_1165,3.63548693303050273e-11,9.85339875247680075e-01,-2.05186293494103511e+00,-1.47087550159781880e-02,1.02369508664648251e-02,4.92301776498422963e-03,-9.84569416825914956e-04
asteroid_1166,7.45211235803431197e-11,2.07677204415479144e+00,2.33860841179805057e+00,1.82686220717271641e-01,-7.02729249840672917e-03,6.39906790010578985e-03,-2.02987072921285766e-03
asteroid_1167,8.58074781236353939e-11,-2.84838309881316176e+00,-1.14436200167579094e+00,3.33686235125902786e-01,3.36731479977157248e-03,-8.96875565648403393e-03,-2.01416942262775192e-03
asteroid_1168,3.41202500544292111e-11,7.46207710177558159e-01,2.64279029297936674e+00,-5.79643862005408961e-02,-9.90381985126544302e-03,2.82472806901699555e-03,1.29143415099145929e-03
asteroid_1169,8.00395533297339891e-11,-2.75756216973192947e+00,1.18413353360804829e+00,-7.06267232079121676e-01,-3.78527915290272380e-03,-9.02903923445159962e-03,-3.58852185611543224e-04
asteroid_1170,1.26967977863596529e-11,-2.17896688772961422e+00,3.47569509427229528e-01,1.45528972952830210e-01,-1.84409156577975048e-03,-1.14146908775400457e-02,-3.49180992447043696e-04
asteroid_1171,4.15341996719152426e-11,-2.22731206078965949e+00,1.28884214283775123e+00,-1.55024846659199151e-02,-5.30082009577422051e-03,-9.13850013412421079e-03,1.83818509229298488e-03
asteroid_1172,9.76526400419644257e-12,2.98422011095922368e+00,-4.77587790733928139e-02,6.71285916064854188e-02,1.60421477922228323e-04,9.95454851333475721e-03,-4.93964992000399267e-05
asteroid_1173,5.26227359958962432e-12,1.54427751143979197e+00,-1.84106261469057908e+00,1.69406811553793391e-01,8.39604867252371177e-03,7.14643461005427805e-03,1.12867031269741291e-03
asteroid_1174,6.46209247476983679e-12,1.74489191666035881e-01,-2.99412884239635213e+00,-1.46703753792135683e-01,9.90516965687670073e-03,5.91399831124584784e-04,-2.88896799976523576e-04
asteroid_1175,1.04841551878928289e-11,1.33767509337080814e+00,-2.35110565972216978e+00,-5.47917038962867677e-03,9.08972088710742997e-03,5.17125156380733152e-03,1.70539843631381050e-04
asteroid_1176,8.35742350824057075e-11,-2.89440152719165122e-01,-2.98632543015866547e+00,1.95673841583917919e-04,9.88478399244823065e-03,-9.58050809998742562e-04,9.66448456739664096e-06
asteroid_1177,5.43722755921326696e-11,9.78319747395643868e-01,2.46425701960896726e+00,-1.82341182328807166e-01,-9.78165809324459470e-03,3.92242392803811377e-03,5.27974111097357398e-04
asteroid_1178,9.47393448958233006e-11,-1.91424555869945134e+00,-1.64108919057299385e+00,-3.18806012207573153e-01,6.90278676726311172e-03,-8.23801615475443748e-03,9.58860058295950388e-04
asteroid_1179,5.38046501282382370e-11,1.62256447069131804e+00,1.70999086293090152e+00,1.64659261412428176e-01,-8.02785177663932654e-03,7.72122274761236939e-03,-1.07806435421578051e-03
asteroid_1180,6.28748461177155731e-11,-2.28595264596812742e+00,-5.40268752253112328e-01,-7.27300795529671057e-02,2.54960054796406124e-03,-1.08973847758808539e-02,8.14660966565082675e-04
asteroid_1181,1.84565512744378989e-11,3.26016452800080125e-01,2.90356683542711425e+00,-6.88294952217975542e-01,-9.82742290094286604e-03,8.32374537631788464e-04,-1.14347264886053711e-03
asteroid_1182,5.40626962531645047e-11,2.11048810372540574e+00,-5.32603254655795166e-01,5.40224969162773294e-01,2.71046391263340481e-03,1.11548874595785996e-02,4.08584452219856156e-04
asteroid_1183,3.85364018548446538e-11,-1.85163137989505633e+00,1.19328887276859308e+00,3.89847739228931095e-02,-6.28035274896961582e-03,-9.73475275256720750e-03,-3.21307186113498316e-04
asteroid_1184,9.31442198606156149e-11,3.05379405008689042e-01,2.28223421137521365e+00,-2.03499760407231250e-01,-1.12001063161306889e-02,1.43474151439005205e-03,-7.16785287318734941e-04
asteroid_1185,9.33927823660213886e-11,-1.45012963061861244e+00,-1.76598728491841395e+00,-3.41224554084299470e-01,8.62774546573555519e-03,-7.26449320943784154e-03,9.30921559256853311e-04
asteroid_1186,1.98578762640990771e-11,-2.36154053812884923e+00,1.93237626470967783e+00,-4.72355317391921770e-01,-6.02419822210037599e-03,-7.63518502775283655e-03,-1.11708706063892282e-03
asteroid_1187,6.20168850851972131e-11,2.47468035335485137e+00,-7.08513738712576502e-01,1.45332910165324208e-01,2.89488999063956982e-03,1.02813429336747458e-02,8.29442800171984991e-04
asteroid_1188,6.38211985390680855e-11,-1.26910257948390659e+00,2.99264712007168088e+00,4.97444941166096721e-01,-8.73574526485939792e-03,-3.51273423362265897e-03,-1.15426414865803695e-03
asteroid_1189,5.62578825950072094e-11,2.19304373421288323e+00,5.61753135491659727e-01,-6.03996026513421783e-02,-2.83049951937975296e-03,1.10728851444874075e-02,2.12231746961509120e-04
asteroid_1190,1.24417275024349805e-11,-2.72735035111750346e+00,9.05837982997214852e-01,2.44750750234169367e-01,-3.20692172369631224e-03,-9.60615156237671491e-03,-1.82970362533199795e-04
asteroid_1191,6.54049917308977785e-11,-1.24932915530570621e-01,2.59941233860280851e+00,-4.34741006281261333e-01,-1.05290875488239406e-02,-6.60656258696758268e-04,-9.24431832455921984e-04
asteroid_1192,7.99105376395707812e-11,2.14642060901341569e+00,1.37779356207174830e+00,-3.27391262594263543e-01,-5.88215471119456559e-03,8.90388160756369965e-03,-1.09308763565435074e-03
asteroid_1193,3.45291511249744830e-11,1.12660978080432428e+00,-2.86127630792415744e+00,6.83362895221600430e-01,9.00562749722706030e-03,3.57991261294028380e-03,1.42371094288015461e-04
asteroid_1194,5.14600246773962887e-11,9.33538409102366407e-01,-3.13465802441516850e+00,-4.98061027833374115e-04,9.11538832102946721e-03,2.71465242349351902e-03,1.16669963814904112e-04
asteroid_1195,1.16416313554642981e-11,-3.02824794119443474e+00,-8.52870271690392090e-01,-9.29894386156725344e-02,2.63657542687009347e-03,-9.32479309462143184e-03,-3.37299467806867026e-04
asteroid_1196,9.30695642615879089e-11,2.32073603513811300e+00,2.15271256274264716e-01,-1.69858010473131309e-02,-1.04151029976953715e-03,1.12187801466671882e-02,-1.17132397777102167e-04
asteroid_1197,1.09626899387002786e-11,-7.70638993643778525e-01,2.23505626147200287e+00,-6.05231535711115501e-02,-1.05609700472166120e-02,-3.65449028655766240e-03,-4.84047288378639689e-04
asteroid_1198,2.08456268957580241e-11,-1.73553337724969703e+00,2.30745583988500913e+00,2.68704826173564362e-03,-8.09057608136121847e-03,-6.08526568481761437e-03,6.33085160496567772e-06
asteroid_1199,2.98548627952454966e-11,1.71455807410350358e+00,-1.72432527855708373e+00,2.72605965526782179e-01,7.83959630988801531e-03,7.67334629365344113e-03,-7.70702743630712842e-04
asteroid_1200,8.25807660158103718e-11,2.17583748750465533e+00,2.02472748611824160e+00,2.37837675092981121e-01,-6.80878561772632705e-03,7.18534521532975239e-03,1.12028103453742011e-03
asteroid_1201,7.00685854910304649e-11,2.72503468915257718e+00,-5.38477451897583226e-01,1.04817203116787341e-01,2.03580310399088197e-03,9.96667120865618421e-03,-1.72496839206825992e-03
asteroid_1202,7.11373655930222009e-13,-2.58332870900791134e+00,-9.74467080622233417e-01,2.11556545200593908e-02,3.64277903615425110e-03,-9.63452475042522218e-03,1.03842014999336232e-03
asteroid_1203,1.83643191004694578e-11,-1.90583043230056193e+00,-2.43766907001817978e+00,-1.40683025229490369e-03,7.70409426726869143e-03,-6.02325688995964271e-03,6.90456828536217517e-06
asteroid_1204,7.50176164073982617e-11,2.89374320090182291e+00,-3.70130094635748808e-01,4.55338325050480275e-01,1.39542685194516151e-03,9.87768204184217777e-03,-8.38891776133526400e-04
asteroid_1205,4.03894107551712356e-11,2.02748096919045118e+00,6.58399698008534928e-01,-2.82820888905162271e-02,-3.63953518616435320e-03,1.12050307033096843e-02,-6.00908730035033930e-05
asteroid_1206,2.63109111140132692e-12,-1.99868557788715617e+00,7.92655411805167853e-01,1.99373887692925911e-01,-4.42998842366598960e-03,-1.05666597983480395e-02,-2.39968184529998612e-03
asteroid_1207,9.63920486632192714e-11,-1.88545671719180818e+00,-2.09952387026943388e+00,-1.89457702498412278e-03,7.61887454075575472e-03,-6.84200073184362042e-03,-6.03424413293458025e-05
asteroid_1208,1.51317789649268019e-11,2.64764010320148646e+00,-4.36802490263392629e-01,2.16034445484798287e-03,1.69173876355581333e-03,1.02615161792713287e-02,1.45366931921191069e-03
asteroid_1209,5.10515593382822994e-11,-3.22895942027388250e-01,2.34613781383095255e+00,4.58463249437523923e-01,-1.09096600439136902e-02,-1.21295148902397809e-03,-1.47652751483759383e-03
asteroid_1210,2.48391266035078935e-11,2.03085751492386057e+00,-1.61919156515686802e+00,-1.62037382941706803e-01,6.51526810274357694e-03,8.31654485942970832e-03,-1.44718518146605261e-03
asteroid_1211,7.37495573293337021e-11,-2.18257717534595397e+00,-2.03906009738982297e+00,3.68286835351485098e-01,6.64414149431446187e-03,-7.29249949625541787e-03,-1.00056022213887148e-03
asteroid_1212,7.76748426437383370e-11,1.55273928111062620e+00,-2.65309129081671013e+00,3.31906368156771159e-01,8.43280213201428284e-03,4.76234768924571703e-03,-1.38291996198250649e-03
asteroid_1213,3.97280681484540634e-11,2.70428660170305823e+00,-6.09302747851464210e-01,8.77901899858769541e-02,2.27193235029332988e-03,1.00761914959281544e-02,-5.13160813085719440e-05
asteroid_1214,6.58483776496886017e-11,-2.41221730076039753e+00,8.28968993585889380e-01,2.45222678524568916e-01,-3.30991221109494960e-03,-1.01002219286229315e-02,1.58445095657991429e-03
asteroid_1215,9.09082677188030862e-11,6.87517931596769993e-01,-2.25942670489336139e+00,-5.49672846071040944e-01,1.05428315845063052e-02,3.28405679127161034e-03,-3.12367350251856950e-04
asteroid_1216,8.14827637580757063e-11,2.69347686784797746e+00,-2.29878755271066076e-01,-3.53640516212831713e-01,5.70726505203305754e-04,1.01553679354340880e-02,-2.25444954447652501e-03
asteroid_1217,4.14956227873150226e-11,1.11132561554483242e-01,-2.47519806625094008e+00,6.25367019229221971e-03,1.08442343878566976e-02,4.83694653143425040e-04,-1.26445355448221407e-03
asteroid_1218,4.41531906291248330e-11,-7.85054438855107617e-01,-2.65805388123326169e+00,1.72311837245031990e-01,9.86702323729423889e-03,-2.95790642192883405e-03,-6.73919193626016516e-04
asteroid_1219,8.86889586199617869e-11,-1.49654424332915026e+00,-2.49799563507998545e+00,-4.16005491404141097e-03,8.48133004241845290e-03,-5.07785873041767186e-03,-1.97514378765462507e-03
asteroid_1220,3.44693631463003142e-12,-2.15028193610491503e+00,2.22553092141900360e-01,-2.75834452016747722e-01,-1.29120806099736717e-03,-1.15571271618939032e-02,7.40976994224961110e-04
asteroid_1221,2.29092911565949764e-12,2.07440914891413097e+00,3.34973576543613982e-01,1.02493270226762306e-03,-1.88708434240107193e-03,1.16886941926572039e-02,-7.98758969982176067e-04
asteroid_1222,2.05874762030865603e-11,2.06656942275806665e+00,1.12438807391150952e+00,-9.90340366513177833e-02,-5.35019332935386845e-03,9.84934633650232268e-03,1.81166161725977059e-04
asteroid_1223,8.27638882520875075e-11,1.85882334216740108e-01,-3.16504910190345257e+00,1.35893594486718755e-01,9.63882499369899358e-03,5.71180967332566712e-04,1.18684907892676800e-04
asteroid_1224,1.53297866298439106e-11,-2.62605382748508331e+00,1.16479216823827669e+00,-1.26024075269026065e-01,-4.13272442540420400e-03,-9.19481553931518654e-03,1.13238416056001033e-03
asteroid_1225,2.85350757019857827e-11,1.57608294027303075e+00,1.68147549986756784e+00,8.86803511900170621e-02,-8.25549816895368438e-03,7.75146524690479167e-03,-2.54273611905931588e-04
asteroid_1226,6.29105783271161762e-11,-3.00748886584619868e+00,9.96614906764334174e-01,7.10138588271325773e-04,-3.03991667171470484e-03,-9.17353341345643683e-03,-4.98434128223748939e-05
asteroid_1227,1.84324385780374631e-11,-8.56654649999244233e-01,2.52224774698381760e+00,3.19908750470433295e-02,-9.97910494542045973e-03,-3.39016060545415353e-03,6.80911257332011358e-05
asteroid_1228,3.03186029609449127e-11,8.82613477144829628e-01,2.44895718041805299e+00,5.99583081500001391e-01,-9.78891339255797202e-03,3.75443013772893157e-03,-9.24995675172367630e-04
asteroid_1229,4.66966035850479947e-11,-2.34647631883064012e+00,2.20828335503100703e+00,-5.48513932274762306e-02,-6.56591069902374893e-03,-6.97886403402432631e-03,-8.30483288840671240e-05
asteroid_1230,2.28186472839561369e-11,2.07056018901265393e+00,-6.52659204828099138e-01,4.15340157055217873e-02,3.50970182360170468e-03,1.11337322214419658e-02,-1.24248241047165782e-05
asteroid_1231,9.92414442609535286e-11,2.14952844589310299e+00,9.34606889001993513e-01,-2.59249611130076274e-01,-4.51074749131966709e-03,1.02424859596592505e-02,-4.75534392863537442e-04
asteroid_1232,1.63529672719535730e-11,-1.58514441039571130e+00,-2.30560182420021187e+00,1.67060739114719692e-01,8.45623961331795626e-03,-5.83143073274083965e-03,-2.43003708123377363e-04
asteroid_1233,8.49952111209761067e-11,1.43369223596952811e+00,1.78747562345865774e+00,4.46921739202957913e-01,-8.88479975066785999e-03,6.67643359969078299e-03,1.79921010560582994e-03
asteroid_1234,4.70152821515569300e-11,2.29388133341884215e+00,1.73388528464258496e+00,4.81140718810703638e-01,-6.21239725672310776e-03,7.74625409401762024e-03,1.70300722060150590e-03
asteroid_1235,1.29210767352216447e-11,1.27607668896434556e+00,1.97992438262136239e+00,-8.09690883561769992e-02,-9.39186263159610957e-03,6.00729289718732271e-03,-1.12081402036555661e-03
asteroid_1236,1.18574308546864354e-11,2.09025998443927952e+00,-7.41450115480750682e-01,-7.05286215795459526e-02,3.79684376900911620e-03,1.08278011522745382e-02,-1.30278765090512550e-03
asteroid_1237,5.00346026445250337e-11,2.23712001612345457e+00,7.14234548696465299e-01,-7.87150472306275342e-03,-3.40114506085992859e-03,1.06409181384329154e-02,-1.09995856880295640e-03
asteroid_1238,3.53584819452063322e-11,6.08429756827279622e-01,-2.53516445671763879e+00,-2.58416893377977977e-02,1.03592183694235368e-02,2.48619327640004113e-03,-2.01664179242944134e-06
asteroid_1239,2.34678838883082388e-11,-8.79458736440223432e-01,-2.13745497769922821e+00,-1.58475760709534154e-02,1.04354667978446905e-02,-4.28728735280678192e-03,-8.63144688585127219e-04
asteroid_1240,9.58943243252032333e-11,-2.23540766025529702e+00,3.38464220038937447e-01,-5.80238374402629459e-02,-1.71768319727048360e-03,-1.13066791555339920e-02,2.20871904156961845e-04
asteroid_1241,4.63433402659127635e-11,2.69690399712612416e+00,1.59278113770408014e+00,-3.60565446477367282e-02,-4.94357337548914384e-03,8.36515567299096936e-03,-2.35203528999093273e-04
asteroid_1242,9.28818100274190384e-11,1.65085463457172010e+00,-1.84847760222383051e+00,1.74452646140515755e-01,8.00650561537788116e-03,7.28272330675731449e-03,1.40080428282214164e-03
asteroid_1243,1.64083326092212335e-11,2.61349168600681692e-01,-2.51905720203505767e+00,4.10199957666503578e-02,1.07483979810002045e-02,1.11868047712287760e-03,2.17826364477925744e-04
asteroid_1244,1.83547720623289236e-11,-2.07677706726056233e+00,-6.16084618792242411e-01,-1.99639032778382332e-02,3.32027363886343123e-03,-1.12019933226135560e-02,2.95915862346542971e-04
asteroid_1245,5.96068088173357357e-11,-2.50936743577610777e+00,1.31262880449752484e-01,-2.84420146557357034e-01,-4.96193886831363361e-04,-1.07891975004604512e-02,-6.01533900733746828e-04
asteroid_1246,2.69948655052560957e-11,-2.39213800288326706e+00,-3.41986608244012003e-01,7.95361547728145185e-02,1.51611915862052819e-03,-1.08899433288809772e-02,-1.22521043488073951e-03
asteroid_1247,1.85019361825699285e-11,-1.41587007058838910e+00,2.45203805398085484e+00,-7.96402509322323288e-02,-8.84580588294318383e-03,-5.11527365503169646e-03,-2.30208450562318089e-04
asteroid_1248,9.47759168747697341e-12,-8.15038172856758836e-01,2.20036913871548334e+00,-1.47700642775718829e-03,-1.05306386810130482e-02,-3.90065858207094178e-03,-1.10054138600763435e-05
asteroid_1249,7.63630432401331303e-12,-1.23207586573425987e+00,-2.91523754625557263e+00,8.47299829768993068e-02,8.89256617108092652e-03,-3.77032592573241839e-03,-4.14015620560005888e-04
asteroid_1250,7.53193068574885019e-11,3.11600050831458342e+00,7.76687910479485710e-01,-1.65468210988334918e-01,-2.30242786850588712e-03,9.30676783968954063e-03,3.26876430107475384e-04
asteroid_1251,2.82234930055179577e-11,1.70938703947751391e+00,-1.35278445691792726e+00,-4.18891484904533429e-01,6.98441066594917767e-03,9.13811045780744090e-03,-1.00940873089219924e-03
asteroid_1252,9.78421311392304112e-11,-7.01260458187518365e-01,-2.11569036711785641e+00,-3.14782303981993089e-03,1.06257445624798122e-02,-3.51790849020249810e-03,-2.73503155535418470e-03
asteroid_1253,1.83202815366376893e-11,-1.03757485849841125e+00,1.97065926304083461e+00,-2.24361315369083159e-01,-1.01862995206770529e-02,-5.31775586764425979e-03,3.99192813068873387e-04
asteroid_1254,3.54511205358845571e-11,-2.50720715871218003e+00,1.30908270952054329e+00,2.92593414119655892e-01,-4.74324511770187265e-03,-9.02799106696123774e-03,-2.52606872188959619e-04
asteroid_1255,3.74971128620385269e-11,4.52516744644705371e-01,-2.18058738782052552e+00,2.93960671115109873e-01,1.10983232201655631e-02,2.50643902712842240e-03,1.50813452225288585e-03
asteroid_1256,5.00202777457556257e-11,3.10035171997690728e+00,2.45073783419885449e-01,-2.82851590785851204e-01,-6.39871197086573271e-04,9.62263187383875437e-03,1.32376499028031419e-03
asteroid_1257,8.70648805392555531e-11,-2.98858273612516756e+00,-3.14751288370385240e-01,9.27563291755991587e-03,1.03667117266211840e-03,-9.85731934036000040e-03,-4.77206530198759935e-04
asteroid_1258,8.34786732943190904e-11,2.97408754002286324e+00,-8.12427050127456973e-01,-6.63844126821897113e-02,2.57719830143920622e-03,9.44903082564352986e-03,-1.78278051795250112e-04
asteroid_1259,1.00553352307089473e-12,6.36143070600577509e-01,-2.65023238416415996e+00,-1.77314679044087653e-01,1.00613022266418418e-02,2.48057060713646402e-03,-9.79393598311502833e-04
asteroid_1260,4.09314141451566878e-11,-6.08041710696941795e-01,3.20519681098081133e+00,4.69785158442030504e-01,-9.31201411295618821e-03,-1.71472170149003142e-03,-3.53507255297843984e-04
asteroid_1261,8.27953937367477972e-11,1.71603605718320606e+00,-1.29953136259821056e+00,-4.34865508670296969e-02,7.06870859115992303e-03,9.34609161773172770e-03,-3.53680724289330757e-04
asteroid_1262,2.97788045927523572e-14,-1.14894209226407629e+00,2.30872957816327817e+00,1.18045609709961377e-01,-9.55341514221987390e-03,-4.78798033300107360e-03,6.59330176577184804e-04
asteroid_1263,5.33686208261022118e-11,1.36422958262126315e+00,-2.07548131404935710e+00,-1.58120595348395371e-01,9.08262751114495212e-03,6.01047903993983529e-03,-5.30277520534396733e-04
asteroid_1264,2.59549673771068586e-11,2.04462569473619160e+00,2.50162691428676176e+00,-2.20087687207441929e-01,-7.39827060988143374e-03,6.05289010944081753e-03,6.98749740035331301e-05
asteroid_1265,4.12827272387176452e-11,1.02961922135491690e+00,-2.57533335425098153e+00,3.22658238014413845e-01,9.53847875056334539e-03,3.85679267074483852e-03,3.45646657034904636e-04
asteroid_1266,4.20362669408820233e-11,-9.39436960012913214e-01,-2.90851600282687794e+00,-2.59064667765089407e-01,9.20538550329248750e-03,-3.10250883481672695e-03,1.45066953845271332e-03
asteroid_1267,3.91815265273442708e-11,3.03256572531612409e-03,2.29541906536820628e+00,-2.03334576445570958e-01,-1.12750926041656832e-02,1.14740183244722364e-04,1.12712923108759756e-03
asteroid_1268,8.91960927199041977e-11,5.65229099582399974e-01,-3.22213286655871700e+00,1.40768017108784171e-01,9.35694526289653807e-03,1.65407384597080430e-03,2.90037168012005934e-04
asteroid_1269,5.36509962608637719e-11,6.23181194679210848e-01,-2.62452899889340019e+00,6.84080515978310877e-02,1.01888823939852106e-02,2.41680630710284583e-03,-9.56271210332546511e-05
asteroid_1270,9.03756349155601974e-11,2.64789684887842469e+00,6.32260307402281452e-02,4.83422653938861691e-01,-4.69522844725176250e-04,1.04028252167575105e-02,1.21119419893455814e-03
asteroid_1271,7.26769733080618918e-11,3.25823681409212895e+00,1.41447944257645314e-01,1.56566532337451492e-01,-3.57337994926413118e-04,9.44939417113623351e-03,-1.10052619338159470e-03
asteroid_1272,3.51184958966908299e-11,-2.93841401537053071e-01,-2.53989471623270235e+00,1.48805307245861562e-02,1.06852510763337776e-02,-1.23713825092713978e-03,-1.63418548638862802e-04
asteroid_1273,4.93614325180800108e-11,-1.84478929537583958e+00,1.79275669073645938e+00,-1.54465776972970620e-01,-7.45004174326100062e-03,-7.69497866017911612e-03,-3.33194970743186771e-04
asteroid_1274,3.89919552351471210e-11,6.55894240163917175e-01,2.69826253965743401e+00,3.72455469403187966e-01,-9.80084187689488767e-03,2.61106769500700411e-03,-1.65665553286979618e-03
asteroid_1275,8.28591420772501593e-11,-9.76985319399241492e-01,-1.98517067125800883e+00,4.28479412754339040e-01,1.03147428344229544e-02,-4.96336651834385773e-03,5.23298606689650289e-04
asteroid_1276,1.87679052189766600e-11,-2.40313655474867760e+00,-6.05857238376292351e-01,-1.86014713172373641e-01,2.77541224762500221e-03,-1.02897158067718590e-02,-2.34172779651842461e-03
asteroid_1277,9.36418641033325420e-11,-2.26522519587440119e+00,-4.64124629764712748e-01,-3.01442368598668853e-01,2.38010248898851660e-03,-1.09648993223034740e-02,-1.00313797909179535e-03
asteroid_1278,5.80466451802490964e-11,-1.80944916226260699e+00,-1.28501118226912747e+00,1.43352336190503082e-01,6.59736837278227049e-03,-9.40536116412325415e-03,-1.03515295148213170e-03
asteroid_1279,6.11796778172687173e-11,2.29909619247595891e-02,3.13818989478194510e+00,8.30767460634748434e-02,-9.65109546455445583e-03,9.85338054278252511e-05,-1.05119456729197975e-03
asteroid_1280,5.16849720111946137e-11,-1.01575779953508794e+00,2.61336154936061771e+00,-1.37603575321252669e-01,-9.56635359976532734e-03,-3.72537925082364486e-03,-1.35640435014893759e-04
asteroid_1281,5.54541027397213161e-11,1.96334724338840405e+00,-1.56068262718729356e+00,3.35408251488072962e-01,6.81044025429982172e-03,8.32184375611259852e-03,-1.14338905351179273e-03
asteroid_1282,6.67708648881184917e-11,2.59008257051703294e+00,2.65987435640391741e-02,3.08836051819472643e-02,-8.90946298369834825e-05,1.05632927053184618e-02,-1.62571259726381162e-03
asteroid_1283,6.55069751575349648e-11,2.41321625413320318e+00,-1.01319592717248197e+00,5.30806868367969947e-02,4.10628157447123256e-03,9.79983390614690142e-03,3.73136865656459532e-04
asteroid_1284,2.14225674161077246e-11,-1.08260674889619302e+00,-2.62848850258523425e+00,3.12004573837827370e-01,9.29491519792954336e-03,-3.58413735358695555e-03,2.05725861711363077e-03
asteroid_1285,5.82481916856986730e-11,-1.85789596465068674e+00,-2.61238081435370573e+00,2.03531239953864407e-01,7.82666793361855295e-03,-5.51199567165595525e-03,6.96222501903267566e-04
asteroid_1286,3.54690978044373691e-11,3.14560890973333673e-01,3.20369913397084716e+00,3.85311182810748609e-02,-9.54139360734929630e-03,9.36247307604387135e-04,4.91702754779400319e-05
asteroid_1287,6.37066602772298439e-11,-1.61472746355258545e+00,1.99561002867847681e+00,-1.18399347863537646e-01,-8.34266508480259808e-03,-6.70435096456332286e-03,7.75852339111710119e-04
asteroid_1288,5.47879796809892044e-11,2.42760176573233055e+00,4.24796149444035820e-01,3.89739040533645664e-01,-2.12789997073018974e-03,1.05317345743660903e-02,1.77517097374113044e-03
asteroid_1289,1.79761965719121329e-11,2.29278451903352876e+00,1.22264550760135826e+00,4.73824138505398285e-01,-4.65166567068316539e-03,9.36316695814844689e-03,-1.65159796060216604e-03
asteroid_1290,7.34760444147282147e-11,2.76459816847407680e+00,2.96795800754838579e-01,-7.59520810560114362e-02,-1.05727971191364603e-03,1.01785355622736693e-02,1.29019582127160612e-03
asteroid_1291,4.57067746134742380e-11,2.30034320330580222e+00,-1.31655189035266806e+00,1.40682865779427763e-01,4.97076373414712808e-03,8.95823326827050598e-03,2.55550930445967500e-03
asteroid_1292,5.51486408130908461e-11,2.77915604508816635e-03,2.87371245126187702e+00,3.11099547333797688e-01,-9.91089611438227686e-03,2.28675088533371134e-04,-2.02379761641920900e-03
asteroid_1293,6.72675600638320458e-11,1.95598609090031628e-02,-2.70587976695661814e+00,5.69735987549685685e-01,1.03244099121410082e-02,2.03572486799925601e-04,6.12386542041146913e-04
asteroid_1294,6.52906486739745371e-11,-2.33612088203125445e+00,8.06571023951842214e-01,2.57885533367764042e-01,-3.70310350861349086e-03,-1.00361559136724170e-02,-2.15609179663115141e-03
asteroid_1295,7.48953927208035544e-11,6.36670498574542054e-01,2.42469045199197053e+00,-2.00332341333614661e-01,-1.04858079200074051e-02,2.69944891983035654e-03,-6.52298745002317156e-04
asteroid_1296,2.06831053470253107e-11,-3.82200703928831931e-01,-2.48620960847591244e+00,-4.44061766199521146e-01,1.06182479243000644e-02,-1.45521221070315870e-03,-9.91617121882156253e-04
asteroid_1297,1.10480194613983199e-11,1.79645691891643677e+00,1.25080018582005414e+00,-3.28821369536848873e-01,-6.56944571402352621e-03,9.51012973709683407e-03,2.84488310664870298e-04
asteroid_1298,6.69212656716877051e-11,2.26320708309149277e+00,2.99952742465406763e-01,2.73108600471930585e-01,-1.27973395434035210e-03,1.11517351074113136e-02,-1.64290168088693364e-03
asteroid_1299,2.36061348171015598e-11,-2.79053061486787435e+00,-1.00440345119468111e+00,-1.07577411916392598e-01,3.39021586401225912e-03,-9.38782884458145596e-03,-2.91264385861172070e-04
asteroid_1300,1.14693408062971686e-11,-1.04958967918555124e+00,2.33915350641784903e+00,-1.25620086580314261e-01,-9.66799170542405328e-03,-4.23203214152629344e-03,1.97461644943022069e-03
asteroid_1301,1.31324369060127068e-11,-8.49734972522401488e-01,2.19075244907730138e+00,1.90024848146753411e-01,-1.02288333976810492e-02,-3.73949117694959534e-03,-2.62859313811257935e-03
asteroid_1302,3.12868843887124167e-11,1.05529456981639358e+00,-2.56311820002520907e+00,-1.36204848844305060e-01,9.54192448826607018e-03,3.89455225590810191e-03,6.41264468475752011e-04
asteroid_1303,9.91787869344440280e-11,2.93682060548792911e+00,-5.90780510281684212e-01,-2.56889108889174600e-01,2.09924166642112484e-03,9.39762174429883620e-03,2.38688364393753157e-03
asteroid_1304,1.57344600654416312e-11,-5.89509917095127234e-01,2.33449245960335583e+00,7.38590043076699371e-02,-1.06905554472816171e-02,-2.73256692133361885e-03,1.04209931488408202e-03
asteroid_1305,2.98606708642238023e-11,-1.56848088217433945e+00,2.66236570751762214e+00,-1.14258213401061043e-01,-8.41604707135165664e-03,-4.97366735978913357e-03,-3.61571244448536376e-04
asteroid_1306,9.20742078466954741e-11,-3.18152962758526225e+00,-4.38675070448782789e-01,-9.40206622962624500e-02,1.31004761526472692e-03,-9.50690920770757252e-03,2.64704041470368838e-05
asteroid_1307,9.63311732334488547e-11,2.32887442822397794e+00,1.48774947487459941e+00,-5.45638475325871175e-01,-5.61541508280651198e-03,8.54893464443521114e-03,-6.57804715844494364e-04
asteroid_1308,2.28920476815402892e-11,1.87241546661478342e+00,-2.18087692674069134e+00,4.04622477856378171e-01,7.61854881585173355e-03,6.61401858818115671e-03,3.93630865199555890e-04
asteroid_1309,8.80464651780952466e-11,2.15808004022263811e+00,1.01635361632563634e-01,1.06415612289003647e-01,-5.12575299575459740e-04,1.16613219468186553e-02,-7.42599214099424316e-04
asteroid_1310,1.39004052728561359e-11,2.34960833472370068e+00,-2.18694582812837979e+00,3.99249538005033489e-01,6.39686875316833325e-03,7.04661784061100943e-03,9.52876119186756346e-04
asteroid_1311,7.61560257659385621e-11,-1.42068629018556702e+00,2.13697690606042512e+00,-1.57882780844442600e-01,-8.89479842497775848e-03,-5.96202346969923642e-03,-6.58642388050493946e-04
asteroid_1312,1.31068598313067999e-12,-5.87161967360793735e-01,-3.14184395729503896e+00,-2.82290274410838760e-01,9.42339725333149296e-03,-1.69439179531043660e-03,-7.42306292837649180e-04
asteroid_1313,4.06678967278035996e-11,-1.98178904351728580e+00,-1.96593405935244214e+00,1.35542424402892520e-01,6.99347502819043683e-03,-7.20497020129939013e-03,-2.24951065850814659e-03
asteroid_1314,2.47410473196716445e-11,2.02336994621139654e+00,5.47120398498758709e-01,-1.99856939938021533e-01,-2.90187703896077837e-03,1.13634631274100190e-02,1.72929539733543522e-03
asteroid_1315,7.04037613357706829e-11,-1.75758739282707865e+00,-1.17697292898030881e+00,-3.63334635065253597e-01,6.67047948955954741e-03,-9.58696150768165514e-03,-1.21198599512767867e-03
asteroid_1316,1.61545257420491709e-12,2.39401067294387859e+00,1.61612988308724304e+00,4.03514957587680023e-01,-5.69820634482726563e-03,8.28158937745228189e-03,6.38000472977636878e-04
asteroid_1317,4.64955215880927939e-11,5.66984270236917776e-01,2.69352194992265703e+00,3.53853578982439965e-01,-9.78563302597299997e-03,2.36201163387954110e-03,-2.29990660015346555e-03
asteroid_1318,6.96759351842460784e-11,1.21564901196647690e+00,-1.74616353575939853e+00,-1.33594860419380984e-01,9.66554244647637936e-03,6.73607973747808973e-03,-9.27407411784546531e-05
asteroid_1319,4.68002027628578990e-12,2.76161738364725240e+00,-1.14116111942583398e+00,1.55544329641551543e-01,3.81547861488317885e-03,9.17278059329665503e-03,-4.45348923110111766e-04
asteroid_1320,8.97410442111759277e-11,-9.39037411384114340e-01,2.97763393629450857e+00,4.87421068560564136e-02,-9.28158694311423740e-03,-2.93002784454473707e-03,1.80397774590226298e-04
asteroid_1321,3.61261287655709304e-11,-1.73376156649132795e+00,-2.02760568821037568e+00,3.86897624034277077e-01,7.94498117413038399e-03,-6.82768138177913559e-03,-1.78710326670081530e-04
asteroid_1322,1.65349305659018344e-11,-2.30840206083784238e+00,-1.25942489502460608e+00,3.93605829466169344e-01,4.95935377014889659e-03,-9.28920839343755876e-03,-6.37383452047463744e-04
asteroid_1323,2.25541949580857766e-11,-1.94926158627497514e-01,2.09153373566359146e+00,1.58486683590788435e-01,-1.16357411774322440e-02,-9.28796643823744062e-04,-2.05380546174227302e-03
asteroid_1324,3.38972038187585196e-11,-2.99825165313562625e+00,-4.93390918155982183e-01,1.81285869162052693e-01,1.56025814739946429e-03,-9.71467307467384182e-03,-6.34825530923644127e-04
asteroid_1325,1.98455264312109887e-11,8.21472662758877203e-01,2.35785552749614213e+00,-2.49807803773395695e-03,-1.02803095738035234e-02,3.58160636525401560e-03,-3.31910961787777186e-05
asteroid_1326,5.10627696039811479e-11,-2.92849304696708268e+00,1.16368922811062192e+00,1.43976446551245640e-01,-3.59651838173393780e-03,-8.86114174180344452e-03,-1.53333330407277629e-03
asteroid_1327,6.32968443325706062e-11,-8.81048623404068643e-01,-2.39030466290041943e+00,2.88644049182650402e-02,9.78009456666907410e-03,-3.57126245583700742e-03,2.78313564144060761e-03
asteroid_1328,4.33486765872436369e-11,2.81300087468982052e-01,-2.75674750166781646e+00,-1.97527029381118546e-01,1.02606063438871135e-02,1.06892484039072832e-03,-3.06015948232294310e-04
asteroid_1329,4.27089446680132830e-11,-4.55768038676283072e-01,-2.37873556319900281e+00,-1.07968377507100130e-01,1.08469876667688595e-02,-2.08745417764719284e-03,2.01829415165552078e-04
asteroid_1330,7.81721349416765658e-11,2.25154066977670153e+00,4.18022485865972682e-01,1.11006765198710916e-01,-2.04050966079595336e-03,1.11581645131032508e-02,-6.31251428587368819e-04
asteroid_1331,3.01086611286589382e-11,2.90036697191637272e+00,-8.76390636294904990e-01,6.41610739096187734e-03,2.84303384211970385e-03,9.40082548099494680e-03,-1.09817842947988200e-03
asteroid_1332,6.22806557023851277e-11,1.84225591172638170e+00,1.96798176000678993e+00,3.26188699276487859e-02,-7.62697850156978437e-03,7.15092721613986779e-03,-6.75930693532340648e-04
asteroid_1333,8.92932292884968217e-11,2.36163229062607316e+00,1.37619292746575117e+00,2.39049925611612285e-01,-5.24679017807693025e-03,8.95826957021099608e-03,2.62212513431257202e-04
asteroid_1334,2.21592213659502577e-11,-2.12344895448994775e+00,-2.42902759448747929e+00,4.56734228521590735e-01,7.22467117581977389e-03,-6.15540970849022019e-03,8.52925822507886056e-04
asteroid_1335,6.19938739951454815e-11,-3.07120714693980723e+00,-1.08139431323359414e+00,4.16647754625084979e-02,3.16365670992109103e-03,-8.95212725447250453e-03,8.51212883064954772e-04
asteroid_1336,9.47976982876778823e-11,2.14358263180467778e+00,2.25777168314132304e+00,-2.90197475922590986e-01,-7.07611567225866194e-03,6.66094859437715067e-03,-4.45688013097416617e-04
asteroid_1337,5.29842275429958935e-11,1.53384893042774295e+00,1.74741371702979142e+00,9.36114263068017760e-03,-8.47820747104690957e-03,7.44143617522418418e-03,1.09154882226751308e-04
asteroid_1338,9.76900033924760519e-11,-1.55658073121067386e+00,-2.28913039647431971e+00,-5.00622897117254273e-01,8.20623312531011499e-03,-5.93463908248081755e-03,1.62097731007450601e-03
asteroid_1339,3.10115039580378000e-11,7.37031614569512383e-01,3.06155106694001056e+00,1.73200055096488087e-01,-9.38955590122802532e-03,2.21053405265949146e-03,8.81851096760936188e-04
asteroid_1340,5.64337463276931541e-11,-5.04582164790813859e-01,-2.49123307456952814e+00,1.95893624239585701e-01,1.05452801673072295e-02,-2.16821749273251674e-03,-4.11319336822313364e-04
asteroid_1341,3.11104647625832797e-11,2.21691568320798682e+00,1.35458240930497187e-01,-3.50903491534046083e-02,-7.06777357965749828e-04,1.15186615956445627e-02,-1.87178866821045148e-04
asteroid_1342,3.81905312489389940e-13,3.02623984751162034e+00,1.79946140767743651e-01,-5.03762238094892956e-01,-6.16554465019032781e-04,9.79115124219939910e-03,-2.06370788902089994e-04
asteroid_1343,9.97308369635613751e-11,1.02172605147183715e+00,-2.45389445048897903e+00,3.26779149326998641e-01,9.62153963202940464e-03,3.74278373695768928e-03,-1.97742560118395645e-03
asteroid_1344,2.40136062030472822e-11,-1.81396537472015035e-01,-2.77126365069537961e+00,2.06998585475159994e-02,1.02998859503342349e-02,-6.73592143220969356e-04,8.03013141951294026e-05
asteroid_1345,9.73104675038207986e-11,1.28617709802777336e+00,-3.01575623791029956e+00,-2.17313438112707365e-03,8.73236156978467876e-03,3.72448814264052111e-03,-3.61177128761598892e-04
asteroid_1346,6.53067523364462316e-11,-2.81883699830646872e+00,2.13467859970695478e-01,9.93544067108286799e-02,-7.77743469848924968e-04,-1.01972046441767168e-02,-1.56576999861098444e-04
asteroid_1347,9.03943215587677843e-11,-2.43071810090612761e+00,9.33050164279667804e-01,-1.81652903333207771e-01,-3.68001116439136073e-03,-9.87869834817435739e-03,-1.49874492956083866e-03
asteroid_1348,9.67206026778927633e-11,4.11083452606195554e-01,-2.44434691980195629e+00,-5.72729506248626175e-01,1.06330106409663096e-02,1.58664460504553332e-03,8.60344835297346998e-04
asteroid_1349,5.67872423421348868e-11,-2.53341524760441716e+00,-5.73140875543305506e-01,1.38789095186838213e-01,2.39762661921849238e-03,-1.03368230002478141e-02,1.07881710944640304e-03
asteroid_1350,9.99691375166828125e-11,-1.70496827092504044e+00,-1.44266283556103292e+00,1.96786511282763477e-01,7.40438148308716557e-03,-8.78104026907857403e-03,-2.22804698300681740e-04
asteroid_1351,7.67353176284442432e-11,4.50104566405089723e-01,-2.95978069561269130e+00,-6.01823807900254248e-01,9.71933518432691393e-03,1.53546024600177428e-03,-2.82322573283322505e-04
asteroid_1352,5.23862174637964148e-11,-2.68058368667128599e+00,-1.55745297944780470e+00,-1.77348274562578984e-01,4.90869078882225519e-03,-8.24336951970362428e-03,-1.80151756799966367e-03
asteroid_1353,6.54977789862466851e-11,-1.91575098521313514e+00,-1.50538935046370459e+00,1.53402463593262373e-01,6.80974453638604708e-03,-8.64944619024889116e-03,1.62908872754812450e-04
asteroid_1354,1.94351930190866629e-11,-1.45472573576001984e+00,1.98879948145665875e+00,4.98562731845148890e-02,-8.84289491615796765e-03,-6.45807779048068915e-03,-4.04463690397605601e-04
asteroid_1355,1.11315181782058543e-12,-1.37653830429013513e+00,-2.83078644454935358e+00,-9.62185964245963615e-02,8.67185470139654815e-03,-4.24602741437542751e-03,8.56972406084503813e-04
asteroid_1356,2.56863668672381422e-11,1.43404944403474688e+00,-1.57244486330523969e+00,-5.05700309378170482e-02,8.49703438943939966e-03,7.82511712901052571e-03,-2.36103854279955117e-03
asteroid_1357,4.35027364633735004e-11,2.03976630428019812e+00,1.76303146850777925e+00,3.92734453128248340e-01,-6.89877058110298196e-03,7.72764692058260441e-03,1.14019809115852521e-03
asteroid_1358,2.28129781603067820e-11,-1.66193688730236344e+00,-2.02333193820139279e+00,4.47897638917272689e-01,8.19547221332500749e-03,-6.63669750030181950e-03,4.28927386419733080e-04
asteroid_1359,5.14084494396399393e-11,2.62669854863785091e+00,1.13939796841586838e+00,-6.13434480997692488e-01,-3.89586918992434854e-03,9.25335204212875996e-03,5.05313249553532751e-04
asteroid_1360,6.57978347810444055e-11,-7.71878583855102954e-03,-2.29120028931209463e+00,1.49262466851288578e-01,1.13464218180076206e-02,-6.19442720820239051e-05,-3.64097788378653993e-04
asteroid_1361,6.55828269715127703e-11,-1.77905283472714659e+00,2.28373630509034697e+00,2.02744774436623171e-01,-7.93020241831013557e-03,-6.22686054583087775e-03,5.53693200260738506e-04
asteroid_1362,8.93775054090075254e-11,6.82983624431220682e-02,-2.55108205077568906e+00,-2.07885030703322433e-02,1.07638363194631666e-02,2.87513168195131796e-04,8.09443313543547918e-05
asteroid_1363,9.66322464573561458e-11,2.60480943777024976e+00,9.63542696529928855e-01,-6.05077873770474062e-01,-3.68456109366664068e-03,9.48435062163222042e-03,-7.58584568893421927e-04
asteroid_1364,8.90705943858552533e-11,-2.12546414539913009e+00,-1.72303174274519855e-01,-2.59051328219923105e-01,8.13006528226077802e-04,-1.16584203550048667e-02,1.08382616836343081e-03
asteroid_1365,6.20212941850991428e-11,2.58281473748863366e+00,-6.03679904887924557e-01,-9.34888480438055280e-02,2.37215616335659197e-03,1.02628973181652459e-02,-7.34472399643375912e-04
asteroid_1366,2.05843578175669963e-11,-1.54368991973626946e+00,-2.24710158718501685e+00,-4.95442112513774513e-02,8.58653633435315679e-03,-5.89875203115480633e-03,2.93610141213404738e-06
asteroid_1367,9.43456814054009828e-11,-2.32684153490778201e+00,-1.91251399454663157e-01,-3.24936926259936143e-01,7.10839573249002089e-04,-1.10890474344898342e-02,1.43653970678609333e-03
asteroid_1368,1.74942908727829801e-11,-2.09756130047122102e+00,-8.38622003680452366e-01,1.96787713265712816e-01,4.33652115579375840e-03,-1.03791068623928957e-02,1.99184977156066818e-03
asteroid_1369,1.51512239772214133e-11,1.62890973364093172e+00,-1.61091066433082153e+00,-4.03339669444080673e-01,7.92117706657434993e-03,8.02865555099023173e-03,-7.57783674857918156e-05
asteroid_1370,3.17637570972644518e-11,1.44949737748289367e-02,-2.51056436706938868e+00,-1.08954694691370910e-01,1.08461158343102129e-02,4.80017492599098903e-05,3.36861880363377181e-04
asteroid_1371,5.73648200782154457e-11,-2.19203930590110296e+00,-3.15889003881401120e-01,-8.12215877747534537e-02,1.50423709430227807e-03,-1.11334114303517830e-02,2.70341194313397388e-03
asteroid_1372,6.81504484722605650e-11,-1.56892813892350924e+00,-2.79858031292825871e+00,4.27997433182122078e-01,8.16093965033742701e-03,-4.78651225019815878e-03,-1.38204355368606239e-03
asteroid_1373,1.33913480779014317e-12,3.11894473395265215e-01,-2.55159347505494694e+00,-2.81871812781865072e-01,1.05425903095309921e-02,1.13243985930948084e-03,1.41429358605462286e-03
asteroid_1374,7.78044469492578142e-11,-3.02383178787800988e+00,-5.27351823038350598e-01,8.90504777848676460e-02,1.61592206144109928e-03,-9.54267244717197684e-03,-1.64029682028099338e-03
asteroid_1375,1.75102047132333434e-11,2.30238441912506797e+00,2.20665786925897489e+00,-7.19731273462023813e-01,-6.43481149192591615e-03,6.96510510655998227e-03,7.70001658985202645e-04
asteroid_1376,2.96555203027869910e-11,-6.14813196192711575e-01,-2.05794960201922317e+00,4.61671059932809602e-01,1.11237014479954825e-02,-3.01793535089960778e-03,1.36079481898526895e-03
asteroid_1377,3.22154517123072013e-11,-2.73577372227770921e+00,8.58289560400013696e-01,2.91246539596932252e-01,-2.89600915779394301e-03,-9.63644304723485466e-03,1.19497630407680491e-03
asteroid_1378,3.32512754298852676e-11,2.85131228816369919e+00,1.31531179729121361e+00,-1.88000998253708473e-01,-4.09375022311509774e-03,8.74821992901200773e-03,-8.82566791956352812e-04
asteroid_1379,7.60391565449250362e-11,-1.32612063405501557e+00,-2.53087453667982754e+00,1.47866384014093438e-01,8.95988351742223882e-03,-4.74219550290744425e-03,-8.11647866302987763e-04
asteroid_1380,4.10402677659593472e-12,-2.10977821157968792e+00,1.44342834926130048e+00,5.50175848775486309e-01,-6.06371155287351981e-03,-8.73406180741929244e-03,-3.38244761091152798e-04
asteroid_1381,1.96598166610480301e-11,-8.42314329924124805e-01,-2.44976767643551785e+00,-3.73310022898028393e-01,1.00589529974793399e-02,-3.31490930637841526e-03,-9.43030090636256830e-04
asteroid_1382,2.24169992293329205e-12,1.57699114769690718e+00,1.45112818421215883e+00,-1.05863011322311889e-02,-7.95437476724125854e-03,8.64597537185565063e-03,2.30481701809443016e-04
asteroid_1383,7.78321626766095058e-11,8.11592010467869662e-01,2.61664784523049887e+00,1.02026056549772010e-01,-9.92296074187533003e-03,3.07767597640953849e-03,1.97445936326556895e-06
asteroid_1384,9.83723966131287126e-11,1.22663444999661242e+00,3.01245516156819715e+00,-5.09315617212728000e-01,-8.73980893296612098e-03,3.27841489773455933e-03,-1.65805409176981717e-03
asteroid_1385,6.59581204550637573e-11,4.93135006019280731e-01,3.12566138751376510e+00,-7.43288410143710165e-01,-9.42968240896538759e-03,1.44361494141356317e-03,-1.85466379953481075e-04
asteroid_1386,5.90180167000719412e-11,2.11941274551534642e+00,-7.51539270089749689e-02,-3.44098583899780597e-01,5.14365929666228588e-05,1.15275507560584339e-02,-2.20089640826391002e-03
asteroid_1387,9.08075406767164036e-11,-1.75622645172620717e+00,2.35224277956099392e+00,-2.59180642470785927e-01,-7.97371877815448472e-03,-6.02949007412593649e-03,-6.91288719591515687e-04
asteroid_1388,2.55028490964846432e-11,-2.31788483918888488e+00,6.88104275037999980e-01,4.64700588721214836e-01,-3.26581770526473362e-03,-1.04311364712626857e-02,-8.43725522892173601e-04
asteroid_1389,6.65556589074914215e-12,-3.09296736831046948e+00,3.66760290212241380e-01,6.58988492570635742e-01,-1.01450136351489972e-03,-9.57082968684000966e-03,5.65079155793302102e-04
asteroid_1390,5.10018907981718575e-11,1.70607103273855421e+00,-1.30312024878528221e+00,1.77506216327055377e-01,7.11039412420083703e-03,9.31708382751306879e-03,5.88325796401941345e-05
asteroid_1391,2.60422668303511352e-11,2.18523800838005622e+00,-2.36783130805191888e+00,7.84480695098077052e-02,7.04303860250204885e-03,6.49064021821995577e-03,-2.80115633317594545e-04
asteroid_1392,4.51136506519434016e-11,-2.90241799871392248e+00,8.16562722398612384e-01,-7.41646360932347148e-01,-2.40461615474147012e-03,-9.41333288321540181e-03,-9.53790857348208745e-04
asteroid_1393,4.56354220596751203e-11,-2.02564010075968381e+00,-9.58457125185192882e-01,-1.57063971387434859e-02,4.91497335838920156e-03,-1.03868024248480999e-02,-4.21698831573255934e-05
asteroid_1394,3.18899940885662692e-11,-4.39366967676540279e-02,-2.16558137891238900e+00,-1.58098728607490108e-01,1.15562097176747994e-02,-3.51791416744069978e-04,1.60716826410477382e-03
asteroid_1395,4.86375949124895199e-11,-2.80376558988356983e+00,-1.27846510951048176e+00,3.53062633526929570e-01,3.89221676050074961e-03,-8.87433010989415079e-03,-1.22544260772044686e-03
asteroid_1396,3.80213865361846708e-11,1.97700818788121069e+00,-1.09194259497662394e+00,-3.59240458488936931e-01,5.61134310527904977e-03,9.84991697074440176e-03,9.41228524845971813e-04
asteroid_1397,1.13148030848198556e-11,2.09171453206752522e+00,-1.76359068421695198e+00,-1.79922191297188810e-01,6.68915408833042468e-03,7.94735756992297031e-03,-1.33863202109374283e-04
asteroid_1398,8.66739034835039418e-11,-3.13838435218265488e+00,2.22591060295330156e-01,-5.77856911331366296e-01,-5.89115728190820333e-04,-9.58717805348490403e-03,-4.93458743150771068e-04
asteroid_1399,7.01303587058783054e-11,2.61592325322386010e+00,-9.43198258702577008e-01,3.06148815692580678e-02,3.48750254025406497e-03,9.69104795650986908e-03,5.72942502348271166e-04
asteroid_1400,4.14047341133405619e-12,2.49842084728330516e+00,-6.17228014259901259e-01,1.27288937644015498e-01,2.40511412297681826e-03,1.01986590681149257e-02,2.24615606884175827e-03
asteroid_1401,1.15874846628779219e-11,-1.78555311342551226e+00,-1.93202073011042597e+00,1.30971257519371526e-01,7.77058922371877403e-03,-7.20200509752831359e-03,-3.02534815457607446e-04
asteroid_1402,9.66048192649528239e-12,-5.75112359817931518e-01,-2.07745034395443406e+00,-2.95453924594000439e-01,1.11050104712171593e-02,-3.27371574381859739e-03,1.40242889198319569e-03
asteroid_1403,6.18373726541267913e-12,8.79213970997154481e-01,3.08698738443932807e+00,-5.84308230119112149e-01,-9.16090273276103095e-03,2.43434931826545494e-03,-9.23464717715130959e-04
asteroid_1404,5.91508701629636429e-12,-2.45506517622506992e+00,2.76971045386416037e-01,-1.02994106691902468e-01,-1.21383536385994881e-03,-1.08678063640228334e-02,-2.91499768111121225e-04
asteroid_1405,1.57196621702906682e-11,3.47179690967023946e-01,-2.29673434603069104e+00,1.43198778009066691e-01,1.11479985626738356e-02,1.69185328850552145e-03,1.07395192050440124e-04
asteroid_1406,8.47884621589075118e-11,-2.21698265275340400e+00,-9.98875780496633836e-01,2.38198863568146041e-01,4.27373735195905879e-03,-9.95142806185030614e-03,-1.95399295213753319e-03
asteroid_1407,8.28250472868556029e-11,-1.00872572841024200e+00,3.09627781790642986e+00,7.21077695755474452e-02,-9.06223135489075265e-03,-2.95326148343746844e-03,3.89985320183054699e-05
asteroid_1408,7.83168160630857352e-11,-7.28657570749842498e-01,-2.08684211696913868e+00,-1.10232623314656608e-01,1.09173938986880485e-02,-3.80995690100872269e-03,-3.86745062102959193e-05
asteroid_1409,6.14745035887918811e-11,-2.43793380245200320e+00,1.97848436036449771e+00,-8.04655642563283230e-02,-6.09750254484548674e-03,-7.46761680178292721e-03,1.12774345065404691e-03
asteroid_1410,7.23521203858313108e-11,3.47525966233139638e-01,2.88704317440700819e+00,-4.93196238041766100e-01,-9.75380056662212939e-03,1.47135722334525393e-03,1.74002313119831181e-03
asteroid_1411,7.38507362719222175e-11,2.77507273336645621e+00,1.29957358729930261e+00,-4.42084070141617658e-01,-4.18611114144812595e-03,8.82893788428276184e-03,-3.23260707196224018e-04
asteroid_1412,8.89323939020636467e-11,2.89611202784780897e+00,-1.51793721009677007e+00,-9.13608515693872109e-02,4.37145250621476765e-03,8.39616217718700854e-03,-9.26335590041581594e-04
asteroid_1413,7.32369795332802049e-11,-3.05637580957460520e+00,-4.36837976885623758e-01,-3.78790422644599611e-01,1.60816893021090992e-03,-9.37279838277375182e-03,-2.16682968642123398e-03
asteroid_1414,7.36485662090163383e-11,-1.67983075479128319e+00,2.73401972704813945e+00,3.86663928005942847e-01,-8.16245345348640128e-03,-4.98972339715812643e-03,-1.79841304911511948e-04
asteroid_1415,8.04100764596212420e-11,-9.52708377762573555e-01,2.02635399394395677e+00,2.43294097656493902e-01,-1.03486116194690045e-02,-4.91257495495702867e-03,3.92146350306052621e-04
asteroid_1416,5.56399220442039194e-11,2.75321604073014825e+00,-1.29922187142280077e+00,2.54009300170481289e-01,4.13963114792379600e-03,8.90369575427957596e-03,6.71539904916550298e-04
asteroid_1417,2.13107487163604963e-11,-5.21060969910178695e-01,-2.69787287245163965e+00,1.97383268728336919e-01,1.01738275782299690e-02,-1.93528085430197242e-03,4.05519417784450933e-04
asteroid_1418,8.46340233213014117e-12,2.18470723778280629e+00,1.67341823150955848e+00,-3.60756417529151524e-02,-6.27383413558882993e-03,8.20952483930835301e-03,8.72547013162350217e-04
asteroid_1419,4.19101656025860695e-11,3.17629002315257569e+00,4.09599470152528233e-02,-1.16940654849668729e-01,-6.02275130401201504e-05,9.49885171857904088e-03,1.69122034218432385e-03
asteroid_1420,9.17765031188939647e-12,8.27276974734934667e-01,3.15965711769099578e+00,-3.28403194035092102e-03,-9.20743588577688232e-03,2.41084146502006146e-03,1.01305325251262724e-04
asteroid_1421,1.69387101151175725e-11,2.30406434802218518e+00,-1.79298128084920227e+00,-3.92783049001296236e-01,5.98726627744617344e-03,7.95134092096323394e-03,-1.17509820785718640e-03
asteroid_1422,2.39376277612587569e-12,1.79904566055052717e+00,-1.98257966266182861e+00,-1.12572368495481676e-01,7.78781021156964900e-03,7.04793060225385789e-03,3.33494719323908207e-04
asteroid_1423,3.00276270407406279e-11,1.35552043698864377e+00,-2.26707730556393283e+00,-1.82095394503720309e-01,9.02176493178379231e-03,5.45638085547823452e-03,-7.73498229385207836e-04
asteroid_1424,9.70000822619778161e-11,-1.79569220782005812e+00,-1.82853508969632994e+00,-6.35913829715415435e-02,7.65675384456496622e-03,-7.53015863815337857e-03,3.14289201270214185e-04
asteroid_1425,3.78993379537144226e-11,-2.01093032299529018e+00,1.53890567339751461e+00,-9.31301738416923236e-02,-6.45920446898923598e-03,-8.53161271636877945e-03,-1.50689167156182243e-03
asteroid_1426,2.40968516790476197e-11,-2.53261565409221223e+00,3.66645432496064683e-01,-2.35251592491570183e-01,-1.35357555792213892e-03,-1.04945152424621192e-02,-1.78396000840631299e-03
asteroid_1427,4.03509132190517778e-11,9.99415752791202094e-01,1.95836746302515841e+00,-1.99803565448729709e-01,-1.03004400015121733e-02,5.28041574612994179e-03,2.33090886892320577e-04
asteroid_1428,3.01408386354656772e-11,-2.02704449841853229e+00,8.34243785675834570e-01,6.35650636567657995e-02,-4.40902793199017453e-03,-1.07408856405057894e-02,3.65315221861955790e-04
asteroid_1429,6.73909435246067924e-11,1.57161274583125699e+00,-2.59281913436692069e+00,-1.53850474120851149e-01,8.44690748022917937e-03,5.10201371403231404e-03,3.03337883791513429e-04
asteroid_1430,6.34503314482964671e-11,2.32949735124743462e+00,1.11124671509492878e+00,5.32271440328421996e-01,-4.42142398335785506e-03,9.60455366217936347e-03,-7.01396356801385493e-04
asteroid_1431,2.74401734797191504e-12,1.28705376313708153e+00,-2.93977738204465533e+00,2.21678564303182252e-01,8.78856886097634758e-03,3.83874973711292259e-03,-1.18599525836827512e-04
asteroid_1432,5.11372023491204481e-11,-7.27463110630558907e-01,2.73651692442850214e+00,1.32662728546757175e-01,-9.65834991110732510e-03,-2.66457197484896123e-03,2.00171546709856452e-03
asteroid_1433,3.62960677066695903e-12,-1.06697609236947422e+00,1.85753720795876687e+00,1.36481929496271182e-02,-1.01501101035892938e-02,-5.83771797964942243e-03,1.01504582857157052e-03
asteroid_1434,6.77395530087633556e-11,-1.43940188926464901e-01,2.28170185365695266e+00,-1.12991600026201636e-01,-1.13472492613222575e-02,-7.16767665802709938e-04,-1.88059044433579425e-05
asteroid_1435,9.35814749794195718e-11,-1.74508812039354555e+00,-1.55638556273503137e+00,2.01653570558420092e-01,7.48785055023782481e-03,-8.15037366730259061e-03,1.89352033172235368e-03
asteroid_1436,9.07497129939546207e-11,3.00020101079701229e+00,-1.28893180377824756e+00,-1.90067881362247643e-01,3.78733769217534004e-03,8.66462425527494799e-03,1.02418462544324887e-03
asteroid_1437,2.05791540879717449e-11,-1.20716872667905428e+00,-2.03065137400807760e+00,-1.85843445970182222e-02,9.62035645008186766e-03,-5.71881559951809525e-03,-2.54349127695961844e-05
asteroid_1438,7.42670883206621269e-11,1.68178324636497867e+00,2.11715164203635320e+00,-2.85881595661984123e-01,-8.11086608478385138e-03,6.12550370128882998e-03,-2.35096797280594195e-03
asteroid_1439,7.93086664443461102e-11,-3.11311338768518375e+00,-8.35206484065477262e-01,-3.66351746224109140e-02,2.47714544459632724e-03,-9.24874233086073021e-03,3.54165566379198514e-04
asteroid_1440,8.64381096356073418e-11,1.54523216580426581e+00,2.88387598339699425e+00,-7.50488782767684687e-02,-8.33872101224926963e-03,4.49018245410713526e-03,8.51037512367910595e-04
asteroid_1441,2.59672710933440978e-11,2.48851852969080939e-01,-2.37060550283655536e+00,2.51143885573242237e-03,1.10247812325866314e-02,1.15850200738073128e-03,1.12047141008571219e-03
asteroid_1442,4.50889762487562869e-11,1.29889995238420575e+00,-1.71460098312710096e+00,1.84470508948635453e-01,9.23186243538765688e-03,7.11329485129027963e-03,1.11235486215214272e-03
asteroid_1443,2.21582278593686740e-11,-9.83180171063487207e-01,2.00951941647020238e+00,4.61861857169470702e-01,-1.01898104530835486e-02,-5.05996330656102722e-03,3.24068602917858327e-04
asteroid_1444,2.44070262654702625e-12,-2.16858256278895656e+00,1.79431221086845921e-01,-2.18001769310756897e-03,-9.61610657526620611e-04,-1.16217264680949107e-02,1.44644682304196916e-05
asteroid_1445,6.59046726602170708e-11,1.91004899028820868e-01,2.31013490288370171e+00,-2.73944940007941784e-01,-1.09873967583446891e-02,6.26331352742324761e-04,-2.37907913049213889e-03
asteroid_1446,4.31520471531356301e-11,1.92384977997331008e+00,1.95814968182364857e+00,4.53380854543013467e-01,-7.29944180867979700e-03,7.27221513824577274e-03,-4.34637324399372198e-04
asteroid_1447,2.48192068875510924e-11,-3.03647943860037062e+00,-7.11922701161901150e-01,6.93246752821761958e-01,1.93828604168668405e-03,-9.35966471828011091e-03,-1.12195559998530493e-03
asteroid_1448,8.47119236904881917e-11,-4.66977813824325183e-01,-2.66059939867570128e+00,-4.86123112738581775e-01,1.01164283066094741e-02,-1.99787775242035682e-03,1.21657406712152340e-03
asteroid_1449,4.95731071915205006e-11,-1.09969961786770676e+00,2.57171009093525926e+00,-5.53387690995593928e-01,-9.38089557261992217e-03,-3.69997827533413573e-03,1.44725989135767192e-03
asteroid_1450,9.94658211444869380e-11,-4.43974492954237243e-01,-2.28528726393997950e+00,-2.57760114571822241e-01,1.09904618335742825e-02,-1.99376121510001694e-03,-1.25375335212471396e-03
asteroid_1451,7.93378491156273126e-11,3.04419719385313703e-01,3.03848317410030688e+00,2.06966750639559938e-01,-9.76753429160710437e-03,9.35432532797263378e-04,6.33599533846482092e-04
asteroid_1452,8.69224278615946290e-11,1.97786521160720663e+00,2.03499571371502919e+00,-1.41748593728496214e-01,-7.24095650661855505e-03,7.11187630331348505e-03,1.06527914345284132e-03
asteroid_1453,7.73354915572791940e-11,-1.04421274321906887e+00,-2.94454297474400795e+00,2.82543408510616489e-01,9.01233799450388597e-03,-3.33194078103199540e-03,-1.41657751317687082e-03
asteroid_1454,1.06014306460726575e-11,-2.20173795288833851e+00,-2.35963233681364759e+00,2.70353748354678403e-01,7.00998206035873764e-03,-6.45989514518967387e-03,7.07096075074148227e-04
asteroid_1455,6.51224977536053131e-12,4.13274378012670085e-01,2.48215283084040683e+00,7.63665523259789564e-02,-1.04935775515993812e-02,1.80985593628648017e-03,-2.03770230764906135e-03
asteroid_1456,9.15087264737202013e-11,1.13648850911238486e+00,1.89385048218263297e+00,-7.56634837759248124e-03,-9.92160249795951722e-03,5.95499568410386582e-03,2.75458744412782682e-04
asteroid_1457,1.38283368320998118e-11,2.14320018892179043e+00,9.85721669834690339e-01,2.39229795638036952e-01,-4.77767980116791755e-03,9.87130795130576090e-03,2.12833896337775259e-03
asteroid_1458,3.91287028059192906e-11,-3.39710401498923287e-01,2.60182035557789293e+00,8.89084482621381456e-02,-1.05162552389226650e-02,-1.38806333578695524e-03,4.38767666794269114e-04
asteroid_1459,6.09950020454775302e-11,-2.07721057964116129e+00,-2.47174386627867948e+00,1.99547007498234785e-01,7.20321336939479858e-03,-5.87068040645900586e-03,2.26399151977289565e-03
asteroid_1460,2.11977160067005426e-11,2.13164416870416895e+00,1.40389705818823285e+00,8.90958812516491894e-02,-5.92576052935366894e-03,8.98319975531314610e-03,2.25882135627050772e-04
asteroid_1461,2.25362515203406022e-11,2.91459370931637674e+00,8.03436233607870309e-01,9.91073385511215960e-02,-2.63092829361195922e-03,9.53393731298117844e-03,8.25001271175485019e-05
asteroid_1462,4.66294718157147420e-11,1.03420446238853742e-01,-2.72167239686037599e+00,3.69393804619988442e-01,1.02192405781757981e-02,6.17301833418201534e-04,1.68712883630955305e-03
asteroid_1463,3.60959001950781221e-11,1.81035517549628278e+00,1.41441738763502545e+00,3.18617673879832142e-01,-6.65955698420086020e-03,8.93694575182982058e-03,-1.83419834738685517e-03
asteroid_1464,6.76608009453102357e-11,1.90834580855570879e+00,-1.51836137230459545e+00,-4.76894451293134070e-01,6.81142194048576198e-03,8.52505528088230193e-03,1.14142395722585213e-04
asteroid_1465,7.51686879010754407e-12,-2.67560835366343408e+00,-1.05149685920003710e+00,-2.27928219147672029e-01,3.77615381356871758e-03,-9.09062560415260616e-03,-2.38998233483172281e-03
asteroid_1466,4.88809793610871945e-11,2.83706960123902041e+00,-6.34487256690330792e-01,-3.97082195400727742e-02,2.18716922902103183e-03,9.82362959307108742e-03,-7.00521432359804924e-04
asteroid_1467,1.74342491723745411e-11,2.60302559350018692e+00,-3.08573713867356519e-02,-3.10930538952293334e-01,3.51004670838963564e-04,1.04465245365166371e-02,1.90178120264577187e-03
asteroid_1468,6.06764336499848057e-11,-8.40597098738462001e-01,2.21955693380847263e+00,-6.79622050874565675e-02,-1.04098876261404308e-02,-3.91256360740951069e-03,9.76478806848459055e-04
asteroid_1469,1.16301670431167093e-11,-4.11988058219708631e-01,-2.93751853915515992e+00,-1.07691368799848006e-02,9.79414774676414836e-03,-1.36849995455274047e-03,-1.40010522130611689e-03
asteroid_1470,1.97712103342760744e-11,-8.09240817438205640e-01,-2.13947983762373672e+00,-2.64464597906450605e-01,1.05924082247316163e-02,-4.03294451859427527e-03,2.13996103125503975e-04
asteroid_1471,8.03908593945029113e-11,2.63023516956036563e+00,1.86441383480593026e+00,4.83871685283267673e-03,-5.54027375632199903e-03,7.81597329353074174e-03,2.92266286271753193e-06
asteroid_1472,2.35243473339009978e-11,1.56253392636906918e+00,1.69184484762511889e+00,3.22530535104869898e-01,-8.21252100484977203e-03,7.70670520661448453e-03,-6.39340411018690180e-04
asteroid_1473,7.37091632259946208e-11,2.08165730182397324e+00,-6.69031317380118118e-01,4.31899572858680525e-01,3.49032715730130750e-03,1.09796295047980795e-02,1.85346280062402628e-04
asteroid_1474,2.73135393418222146e-11,-3.55531692449028713e-01,-2.67305764587738448e+00,-5.59027438184560507e-02,1.03754587022003922e-02,-1.37107679591222061e-03,-4.26402682621300239e-04
asteroid_1475,2.35104002483307703e-11,2.15847503458090717e+00,-1.57254403942910703e+00,-5.34155889109120929e-01,6.31165261665222327e-03,8.16449913207082864e-03,1.46869138939459453e-03
asteroid_1476,2.99224867402979285e-11,2.19424999412921506e+00,-1.54524617553983834e+00,3.75057284096920018e-01,6.01521538049755444e-03,8.54496804046899969e-03,1.38455417941039136e-05
asteroid_1477,8.80943891224306374e-11,1.05118853557261832e-01,-2.62065882495320457e+00,8.04893203036528837e-02,1.06038342355035346e-02,4.36799382771730737e-04,3.73208009884400625e-04
asteroid_1478,3.97225942770794338e-11,-6.88973219253718572e-01,3.20806047783358972e+00,-2.87465719361731709e-01,-9.19496799796644393e-03,-1.85251564495399982e-03,1.36400430012709488e-03
asteroid_1479,2.43836153830985292e-11,2.46530123229317510e+00,1.05747198039919077e+00,-7.35680223837519159e-02,-4.14700957342571414e-03,9.63724639578329711e-03,-4.41900963226959248e-04
asteroid_1480,5.36685809749543496e-11,-2.52544613956104280e+00,-8.77275610408452367e-01,1.74210076155838951e-02,3.45280055717243732e-03,-9.93650921605697922e-03,1.60992406503708834e-04
asteroid_1481,3.85702847643957217e-11,2.35383440034446556e+00,-1.02937037558319378e+00,-4.37856052253778716e-01,4.16147811174419867e-03,9.78858601800374449e-03,-6.40964373182226384e-04
asteroid_1482,7.90218500019686097e-11,-6.42104326007416071e-01,2.08348054805533245e+00,-6.57460573958971572e-03,-1.11291577741604482e-02,-3.42881674210264789e-03,3.35741286640532730e-04
asteroid_1483,9.90446573751196430e-11,1.57997998141059548e+00,-2.32535031788946789e+00,3.48004896256276786e-02,8.48479114168871652e-03,5.76124435874540274e-03,-2.55420235928227005e-04
asteroid_1484,5.26621785221567141e-11,-2.58427273878702179e-02,-2.34538856600908741e+00,3.63700425251458126e-01,1.10892205452932536e-02,7.95828288090822490e-05,1.30114876799574384e-03
asteroid_1485,4.51803722763084076e-11,1.20081152748600251e+00,2.60102911567771544e+00,4.09094122533886148e-02,-9.22697957415701854e-03,4.25944346657292083e-03,2.26589270094909649e-05
asteroid_1486,3.43101094774054299e-11,-1.37767396016080834e+00,1.61407286635913660e+00,-4.08295124423059708e-01,-8.99622187625485903e-03,-7.40450228859040188e-03,1.08366316267587354e-03
asteroid_1487,9.73341398396910793e-11,-2.46772861933045773e+00,-2.10631016912717817e+00,-4.65679770112749913e-01,5.94086601890046490e-03,-7.27628019726813454e-03,1.42943266424250780e-03
asteroid_1488,4.83334947677081587e-11,-2.39280159652434055e+00,-1.16422172364628262e+00,-9.81050276267976668e-02,4.61089300485360582e-03,-9.47978200234580147e-03,3.68584488775707794e-05
asteroid_1489,1.78079060250055802e-11,2.36776049115165454e+00,2.11691101935664516e+00,7.08155430349167742e-03,-6.37646226236671804e-03,7.12769151622688266e-03,1.30574510616797055e-03
asteroid_1490,9.69218983794137593e-11,1.57305776657782781e+00,-2.15729163259676060e+00,6.38633423177758647e-02,8.50366452891806318e-03,6.20328602100410267e-03,8.67711574206039637e-05
asteroid_1491,9.60886037786757003e-11,-5.75890969862350582e-02,-2.14211384594391907e+00,3.56847888577615069e-01,1.16650037940007108e-02,-3.40610819790146554e-04,-1.62114223356803010e-04
asteroid_1492,4.35781479829843101e-11,2.53261740283283920e+00,1.76443632399153949e+00,-7.77096568461938062e-03,-5.59660163545246288e-03,8.03248705801438631e-03,-1.59408954741660557e-04
asteroid_1493,3.48251194431653905e-11,2.25769133551472034e+00,1.75998878060654285e+00,2.95160999230405563e-01,-6.26004143989574661e-03,7.65238729063383825e-03,2.25343302190429652e-03
asteroid_1494,6.80469402943966476e-11,-2.15683773186429351e+00,-2.13353509169609046e+00,-1.61808553364563124e-01,6.94419393744278614e-03,-7.01190521337886549e-03,-1.07248157828870565e-04
asteroid_1495,8.28941238372531322e-11,2.81519847752479457e-01,-2.56309765144158686e+00,-4.28074174280045794e-01,1.05637152338338147e-02,1.03713552555596313e-03,7.37292491613481438e-04
asteroid_1496,4.98582279070299149e-11,1.43308783621962021e+00,2.48006485585797254e+00,8.22550456266486485e-02,-8.79988427842752843e-03,5.07907740213330711e-03,1.77080375198462690e-04
asteroid_1497,3.30879909753928139e-11,8.57796066589433526e-01,3.00752844260665686e+00,-7.56493144818528706e-03,-9.33968877388758993e-03,2.66517184061912035e-03,5.32962091420195738e-04
asteroid_1498,3.01463871461927178e-11,-2.13494380392894190e+00,-1.89423909050696060e+00,1.33842550500604424e-01,6.67583078276678780e-03,-7.60184979808894209e-03,-1.09978090977727334e-03
asteroid_1499,3.26666067341696659e-11,2.32312876885523023e+00,8.95467323489803513e-01,3.70875899204245962e-01,-3.86035748903079592e-03,1.01281171549244195e-02,-2.73111356374149681e-04
asteroid_1500,1.18121136828397823e-11,2.18169598632676420e+00,1.90141575970905863e+00,-7.77904550266728390e-02,-6.47171400270376163e-03,7.31932870890277931e-03,-2.59961850956483753e-03
asteroid_1501,7.78642574311573202e-11,2.26274694832064727e+00,-1.82366385949285714e+00,-1.92426389046883618e-02,6.33192970064121088e-03,7.85662578462499248e-03,-1.50651828459898043e-05
asteroid_1502,1.05049367532784536e-11,9.97393389588915880e-01,-3.09601228145323049e+00,-2.41407573510043751e-05,9.07856543567531725e-03,2.92469806656143550e-03,7.81924755175599558e-07
asteroid_1503,3.98374663484359382e-11,2.53697473857660150e+00,-9.30611744487787051e-02,-1.80572042673473543e-01,3.50196325218845878e-04,1.07589400227362311e-02,-6.24683434086259243e-04
asteroid_1504,8.34959842807150929e-11,-7.02331052895390440e-01,-2.50139583524024145e+00,2.49724185688684513e-01,1.02519151299366399e-02,-2.87567467304282107e-03,2.81818788517433806e-05
asteroid_1505,4.04165485102330795e-11,2.28361787816387940e+00,1.93717487608129524e+00,-6.96624392537412818e-01,-6.40376620520969296e-03,7.42407188196403476e-03,-3.47431798870306916e-04
asteroid_1506,2.94832321746159816e-11,4.68386157766607691e-01,-2.58813216183993022e+00,6.39979635414974601e-01,1.02924402270744043e-02,1.83610529781774181e-03,-1.07430540583512165e-04
asteroid_1507,9.48258898430886873e-11,2.46627547006772341e+00,-1.65031954154153016e+00,3.12276468557380504e-01,5.59834886929300255e-03,7.98357541064739253e-03,-2.02263071750091120e-03
asteroid_1508,1.26631099157657330e-11,2.51351056222364022e+00,-8.40073908172045525e-01,-8.82915811652877358e-02,3.34237900302227116e-03,1.00195281600402846e-02,-1.81662307801237538e-04
asteroid_1509,8.84865417394195894e-11,1.70982060493535148e+00,-1.62305699415252502e+00,7.18745591688133567e-02,7.69577317063537686e-03,8.05593800299874221e-03,-1.15680734318674349e-03
asteroid_1510,6.21705910569309324e-12,1.88527349312688286e+00,2.25353400834121675e+00,5.76913444014496180e-01,-7.65145163046675614e-03,6.34273831816538260e-03,2.27941363182159698e-04
asteroid_1511,4.13588059911284771e-11,-1.13697519583265216e+00,-1.94376082557780872e+00,1.57714065963974276e-01,9.89098908064038780e-03,-5.74615968035621996e-03,4.86000803289890764e-04
asteroid_1512,6.31757883392317260e-11,-2.15738369940227281e+00,9.00287644814440569e-01,-5.31645858876706318e-02,-4.22788319130323453e-03,-1.02451623073557749e-02,-1.92659761806414104e-03
asteroid_1513,3.70101380303266761e-11,4.96452519633075740e-01,2.80430508377199850e+00,-1.56190816420155837e-01,-1.00283357885655698e-02,1.75879333956979311e-03,-2.97069107925066085e-04
asteroid_1514,5.34652960319362311e-11,1.88831391495740064e+00,2.31977661629634913e+00,1.82374077633979004e-01,-7.67079892854112110e-03,6.28995810536132384e-03,-5.83533449912524782e-04
asteroid_1515,2.04081266420523516e-11,-3.03208404296241607e+00,-6.15200943627582486e-01,7.07030934721901594e-01,1.95449935307909434e-03,-9.45499955300534330e-03,1.54847048506146721e-04
asteroid_1516,5.69077614015090107e-11,-2.42221465040481077e+00,4.69094541293722106e-03,-1.53905891106594833e-01,-9.76791689141959182e-06,-1.10402165908603418e-02,-1.82767935484118738e-04
asteroid_1517,1.34645261027548232e-11,7.70407332348909818e-02,2.23039398098177788e+00,-7.14974044779638773e-02,-1.11429741137685778e-02,4.76310352038063331e-04,2.85180766507000215e-03
asteroid_1518,7.96116706457967368e-11,2.18925698583795381e+00,2.39231874585137794e+00,1.69222758715722760e-01,-7.04970840574822583e-03,6.41025519549087274e-03,5.80593924165333252e-04
asteroid_1519,5.83831534450785654e-11,-6.80351896794686439e-01,2.18165950013792287e+00,1.06972604904955800e-02,-1.08630086085578729e-02,-3.38785950358622091e-03,4.55592721618488188e-05
asteroid_1520,4.81983921607370723e-11,-2.33692111328928487e+00,2.78407890322625792e-02,2.30263099579002262e-02,-1.41060912216397425e-04,-1.12267130562700660e-02,-7.42093471521268195e-04
asteroid_1521,5.47613291534980127e-12,-9.34378598954522688e-01,2.26289401609248664e+00,8.22475313832511379e-02,-1.01586595813719753e-02,-4.18279148658088230e-03,-3.26092235240890726e-04
asteroid_1522,4.99824358483130625e-11,-8.59779006824738845e-01,-2.57380201354413218e+00,-3.43545011644377729e-01,9.87395310362365781e-03,-3.24068693679931694e-03,-4.32348090156821124e-04
asteroid_1523,5.63613073418204245e-11,9.79335559303599612e-01,-3.00369216656369353e+00,2.20157871002424205e-02,9.19677446147675048e-03,3.00058606727187727e-03,2.77464726447932731e-04
asteroid_1524,2.65740946655823849e-11,1.39724290956034869e+00,-2.62499283272587958e+00,-4.82924837064259427e-01,8.72139266245174592e-03,4.69779281970927713e-03,-3.01844947863390538e-04
asteroid_1525,6.77622581874131144e-11,-8.42613964834208029e-01,-2.75495415188387005e+00,-6.33628324006902166e-01,9.50323564835315118e-03,-3.07605340911181217e-03,7.36752169606924774e-04
asteroid_1526,7.68574721986492380e-12,2.28109697823927515e+00,2.95115655475212735e-01,2.15880617253165041e-01,-1.43533014648916549e-03,1.12248181869310654e-02,-1.78303718897271048e-04
asteroid_1527,2.08768212540350890e-11,1.74997215819364893e+00,1.82294179173323112e+00,-1.06912196870636009e-01,-7.79842663772782520e-03,7.49423414833826334e-03,1.35841678740282717e-04
asteroid_1528,7.37574762472502848e-11,1.83559409824186481e+00,-1.93362348795268391e+00,2.05985374169982138e-01,7.64961829989840077e-03,7.18261221158468695e-03,-7.43385439561296160e-04
asteroid_1529,1.47307496704131553e-11,-1.92856794571805468e+00,1.11745539084266654e+00,-4.65019877778243107e-01,-5.72731704366643765e-03,-9.85674932096420806e-03,6.67549968656168326e-05
asteroid_1530,2.45624264740653856e-11,3.64906223353957171e-01,-2.37114791866754349e+00,-3.74495086165192836e-01,1.09110467686253741e-02,1.67872770511110262e-03,2.66269233052132280e-06
asteroid_1531,6.50890262369593781e-11,-2.44641096850066520e+00,-3.40444165437422341e-01,8.38906739389786230e-03,1.50908259604456583e-03,-1.08370933753920411e-02,2.87398499847072982e-04
asteroid_1532,7.28868819640731190e-11,-7.31251862043499012e-01,2.12639149387063764e+00,-1.36120758089443544e-01,-1.07222457126976180e-02,-3.78010460542730232e-03,-1.44959621877896656e-03
asteroid_1533,5.15841056979696767e-12,9.03854242363216431e-01,2.60804371027531579e+00,1.85287826600324286e-02,-9.71268869224418442e-03,3.35709077565700224e-03,1.26373099583761638e-03
asteroid_1534,1.26676754310889861e-11,-3.07886707949577676e-01,-2.91969660604060754e+00,2.44321234428046263e-01,9.96289583423759159e-03,-1.06815848600225476e-03,-2.09787357886725534e-04
asteroid_1535,4.46173394042678374e-11,1.72275169893019053e+00,-1.34138820859464380e+00,4.79781612448704695e-02,7.15384252142893355e-03,9.17993968651107523e-03,-2.17421975000767627e-04
asteroid_1536,5.92835665337713045e-11,-2.23054566675864185e+00,1.34685466628775163e+00,-6.15499278246293247e-01,-5.17076058170358021e-03,-9.08273255177290302e-03,-1.13648079755142577e-03
asteroid_1537,4.53835856222176298e-11,3.03757694650411603e+00,-7.60172283283605116e-02,2.76110299873392404e-02,2.42581192672922363e-04,9.85521018962837343e-03,4.45717696727254708e-04
asteroid_1538,6.47105285812476767e-11,1.39281476049747721e+00,-2.65427792556987185e+00,-2.02603610040679102e-02,8.78847810940255360e-03,4.60790493407776253e-03,4.96619158746305824e-04
asteroid_1539,7.56017307231306809e-11,1.50950746526115887e+00,-2.68013048403114285e+00,1.13630035505612043e-01,8.54097199242277900e-03,4.81438533360508108e-03,9.25803751794130881e-05
asteroid_1540,9.49548893123151626e-11,-2.57856829581375679e+00,-5.42279295680465845e-01,-1.23999267758177920e-01,2.08904080554527883e-03,-1.02752257869215859e-02,1.49442667041144867e-03
asteroid_1541,3.49945725058134252e-11,-2.46204345333042562e+00,1.82637585899741595e+00,-3.43326383114628098e-01,-5.86070260586754686e-03,-7.84105243797551810e-03,3.16304269588233409e-04
asteroid_1542,1.63188458027615628e-11,6.17831704552856631e-01,2.30376990786474689e+00,-1.33375465722881670e-01,-1.07490819143310577e-02,2.86091365697014807e-03,-3.76657050905492301e-04
asteroid_1543,2.64157595887775072e-11,-5.00125855645188744e-01,-2.47155264732285929e+00,-2.39274331558193581e-01,1.05865223719642052e-02,-2.07888933832593280e-03,-6.54099045792291074e-04
asteroid_1544,1.48249628607285882e-11,2.03432117807199075e+00,1.06063999569400402e+00,2.83192700767855576e-01,-5.03316343727804559e-03,1.00329408855342576e-02,-1.42047236171056091e-03
asteroid_1545,3.94306217408718859e-11,2.64938323304076695e+00,-1.55039818174150579e-01,1.93787002179741374e-01,6.24624536435984881e-04,1.05261600555113764e-02,-1.18149475678628726e-04
asteroid_1546,8.72580009174975426e-11,-2.56998009740584132e+00,-2.65205975381056711e-02,-4.27246756796625243e-02,6.53431706676861884e-05,-1.04241758517338943e-02,2.54009474821096769e-03
asteroid_1547,3.47125190954662157e-11,-2.29849708206409709e+00,6.44207747930169994e-01,-9.88244331521995895e-02,-2.96594806249727986e-03,-1.06994731569450049e-02,-7.63581807294255147e-04
asteroid_1548,1.48907819952374483e-11,1.70949471604045944e+00,-2.46400298225378034e+00,1.38357478541561996e-01,8.14863310031644500e-03,5.66667752248259122e-03,2.36091950131964005e-04
asteroid_1549,5.22680618734767057e-11,-1.75649334826187853e+00,-1.63518172906280501e+00,6.11996134513205670e-01,7.42722149584112805e-03,-8.01915794770745489e-03,-1.09339587742092630e-04
asteroid_1550,9.91944622278474160e-11,-2.41766540347154724e+00,1.89738572217294676e-01,1.04857363458239081e-01,-9.43373852497360094e-04,-1.07627436134010487e-02,-2.27599389784450450e-03
asteroid_1551,1.88262400546892614e-11,1.09924391748761119e+00,1.96706604508303884e+00,1.29119065118116799e-01,-9.99342673663858316e-03,5.53262788852935429e-03,7.91278154074365214e-04
asteroid_1552,7.77897164261546123e-11,-9.50415116478936950e-01,2.44363947605003684e+00,-1.55857160054474697e-01,-9.71838261283578669e-03,-3.63744474433803575e-03,2.23213469069015891e-03
asteroid_1553,8.23376607679945246e-11,1.00671626947520187e+00,2.22443984253475691e+00,-3.27880411992047927e-01,-9.99676127922187290e-03,4.48395883612057438e-03,-2.73287245052569695e-04
asteroid_1554,4.01398209666651802e-11,-2.16644314859488762e+00,-1.32732075783149517e+00,1.10637747813767992e-01,5.58555184316628268e-03,-9.18820837892294663e-03,-8.57927685190540781e-04
asteroid_1555,6.19589483520658389e-11,7.37488783581466498e-03,2.37512041300419252e+00,1.95895936242986568e-01,-1.09123214691752794e-02,-1.51725905870907327e-04,2.25040116468902930e-03
asteroid_1556,4.32430213406113563e-11,-2.88520661682075152e+00,6.52402224665077468e-01,5.87301335400281732e-01,-2.14826342086714851e-03,-9.66806141714763624e-03,1.86073032017468353e-04
asteroid_1557,2.62400703846317855e-11,1.84977015120690624e+00,2.62455332150382503e+00,1.80975375468606758e-01,-7.81242275537502237e-03,5.54178498023618488e-03,-5.16776137053985931e-04
asteroid_1558,4.26176188192353089e-11,1.75194001070366556e+00,2.02583825133510720e+00,3.21387839860975744e-01,-7.79305677997182023e-03,6.91225487677138515e-03,-1.08946982553686177e-03
asteroid_1559,9.53806076164085811e-12,-2.73474153228823269e+00,-8.42805627451861161e-01,2.38627575594571234e-01,3.02583622014067572e-03,-9.67693741710045144e-03,4.99115281175059860e-04
asteroid_1560,7.06985418049526700e-11,-2.34592546716869510e+00,-2.08807189924054315e+00,3.01202748877727768e-04,6.45366666036563483e-03,-7.25062280445474151e-03,-2.50597089495410246e-06
asteroid_1561,8.29210112326141275e-11,-9.28664319683690676e-01,3.07269018950848372e+00,7.59532935932045850e-01,-8.96126527070245302e-03,-2.93118241887514643e-03,9.01354126500553891e-04
asteroid_1562,3.07469193377145755e-11,-6.78121321414607903e-01,-2.73888997480892282e+00,-2.87707888844221438e-01,9.88877074628040365e-03,-2.33961048913715591e-03,-1.03525340641423503e-03
asteroid_1563,5.66520176697544554e-11,3.14792986516739015e+00,1.28275327431340347e-01,-3.29591132146996646e-01,-5.08286968162937345e-04,9.58609231166467762e-03,-1.12379418304392421e-03
asteroid_1564,2.32225317186232471e-11,-1.37416627006264935e+00,-2.85504134677176591e+00,-3.72304733930477805e-01,8.68123895064652068e-03,-4.04760196448651285e-03,-1.00292784490520269e-03
asteroid_1565,1.27547704127794449e-11,-1.18991536851164081e+00,-2.78584194327909396e+00,3.52293968545242031e-01,8.98661190558761383e-03,-3.94483196221047990e-03,-8.41259711113901722e-04
asteroid_1566,6.63652203255648533e-11,2.02915636039407543e+00,-1.70693058005958598e+00,-8.91393684994712804e-02,6.80113449749848199e-03,8.04750689423918038e-03,7.18310142367535403e-04
asteroid_1567,1.34194185748261598e-11,2.19700374196266823e+00,3.70878608148056607e-02,1.72919024049993028e-02,-1.66609101871413964e-04,1.12303114335111677e-02,-2.91855724803628857e-03
asteroid_1568,7.82000871299246681e-11,-1.08923856929295182e+00,1.81734337656194977e+00,-2.90193847026279164e-02,-9.98970375310526300e-03,-6.01787137144042979e-03,-1.90796788986429076e-03
asteroid_1569,2.71827373296049010e-11,1.21795962832053362e+00,2.37526167648973896e+00,1.33097496860389353e-01,-9.27062099738272700e-03,4.65492351219213684e-03,1.76247250553375413e-03
asteroid_1570,8.18531541663360485e-11,2.16108098017926498e+00,1.58286675971319646e+00,-2.78328120621066377e-01,-6.13164449847123164e-03,8.47944048735031417e-03,6.13822940868666159e-04
asteroid_1571,3.68567723932987971e-11,2.02415872122066753e+00,-1.61266103433406860e+00,-6.45896287469789332e-02,6.65996230081494518e-03,8.32894604308891118e-03,7.59472292791526561e-04
asteroid_1572,3.68905708383720568e-11,2.45779382162406579e+00,1.30220205388940524e+00,-4.39903626607151058e-02,-4.82939824181429205e-03,9.11304891208914586e-03,-5.98801695842381140e-05
asteroid_1573,7.50597703396416974e-11,-2.71047176296920700e+00,4.83639520122460309e-01,-2.26645358880519121e-01,-1.85058457226476396e-03,-1.01740917112781923e-02,4.20764826849505597e-04
asteroid_1574,5.10314748058007676e-11,-3.09125590082037194e+00,2.80144002191292596e-01,-8.53277783854838011e-03,-8.79079550973328652e-04,-9.71390630335723822e-03,-4.49178399979072325e-04
asteroid_1575,2.01057328667232940e-11,-1.48199130760812148e+00,1.62918602461094419e+00,-3.52260740073057965e-01,-8.58542332492631156e-03,-7.63717779463409397e-03,7.98100319472459059e-04
asteroid_1576,8.50423507198629728e-11,-2.21670544378759615e+00,7.20134713388120962e-01,4.30736091264872056e-01,-3.14747002111938692e-03,-1.06097708824753629e-02,1.54027117078389284e-03
asteroid_1577,3.40219193914835994e-11,-2.97820668941745037e+00,6.57955862458115548e-01,-9.83769449898796583e-02,-2.14113867231187577e-03,-9.58528679214257044e-03,7.12137164091484814e-04
asteroid_1578,1.02866483162317650e-11,3.10421865578439649e+00,2.78129964800687857e-01,-6.84065749567671910e-02,-8.48418662551324006e-04,9.67106104260056360e-03,8.20605726742043465e-04
asteroid_1579,4.16059444818385328e-11,-2.76779145190556664e+00,-1.78390979403685601e+00,7.77346331837353438e-02,5.02489140428123184e-03,-7.86772786292923992e-03,-1.63974937234860792e-03
asteroid_1580,5.74004366993362072e-11,-1.00857999242317331e+00,-2.97932134455526176e+00,-1.14594269404150323e-01,9.18484012455874667e-03,-3.10402864219713878e-03,-1.37416953819536578e-04
asteroid_1581,6.09924345405703598e-11,-2.97566431506603202e+00,1.04517089166556665e+00,-2.97482497833629456e-01,-2.93147786724045440e-03,-8.95645358287168979e-03,-2.14443035157898523e-03
asteroid_1582,8.35624284519289768e-11,-1.12619140166868537e+00,-2.20641583916197703e+00,5.36359662277831762e-03,9.69163834065236984e-03,-4.94424736021809291e-03,1.03924276885377330e-03
asteroid_1583,5.41452683111095338e-11,7.98484399065482187e-01,-2.45542561240485790e+00,-7.34888453688549133e-04,1.01770502771517182e-02,3.30957868688827161e-03,-2.83579423469227624e-04
asteroid_1584,2.23788112019043345e-11,-2.38285018780784608e+00,4.17624172570536467e-01,1.10707809023730272e-01,-1.90844698904230449e-03,-1.08880504424632638e-02,-3.88598893415646777e-06
asteroid_1585,2.61740164102834483e-11,-2.06423270440857554e+00,1.81816396804756852e+00,-6.54457482953022751e-01,-6.61658233472873537e-03,-7.76935091476053941e-03,-7.14772546361886526e-04
asteroid_1586,1.00930504235573242e-11,-2.97211566972442354e+00,1.25569566503097607e+00,-2.20847877703682326e-02,-3.71545713222223547e-03,-8.80497179932054203e-03,-6.15652565969729369e-04
asteroid_1587,7.35950696807338169e-11,-2.44418112577313318e+00,4.43125892997225213e-01,3.84249275773268839e-01,-1.79718378091827074e-03,-1.06650620090797191e-02,8.67464093738139620e-04
asteroid_1588,1.06030952345107983e-11,1.10928999783263960e+00,2.53498341924437076e+00,-8.59369767597861212e-02,-9.46479943104656246e-03,4.15104520966172452e-03,2.74892596469462848e-04
asteroid_1589,6.05852051011568077e-11,1.19205120140343657e+00,2.14375314039458997e+00,1.14495161541506435e-01,-9.58710608500923898e-03,5.34280034160478437e-03,-2.21176893924034958e-04
asteroid_1590,5.96987699307208567e-11,1.34692539469013139e+00,-1.86325203558411534e+00,-1.46266283261574703e-01,9.05328695212229834e-03,6.34955685515276209e-03,2.48367127207449381e-03
asteroid_1591,7.85525006619660306e-11,-1.05403387689851713e+00,-2.08073781409375114e+00,-9.02111342879265976e-02,1.00434948704094841e-02,-5.08905194404777380e-03,3.10270125914597483e-05
asteroid_1592,7.47222367154525709e-12,-2.09357779249325127e+00,5.68970832458701059e-01,9.15367225530279612e-03,-3.06271940886817477e-03,-1.12700145661892639e-02,2.93030484860570819e-05
asteroid_1593,2.02991052376820230e-11,1.43432795857328155e+00,2.90046627496309828e+00,1.48680357460891338e-01,-8.52677815869921397e-03,4.15659707456351654e-03,1.17114781781671581e-03
asteroid_1594,9.09571420785436231e-11,-1.99809005513250204e+00,1.62785839506277141e+00,-1.78761443752621180e-01,-6.72659139165094830e-03,-8.00613375378205795e-03,2.27948103883078481e-03
asteroid_1595,5.72279605779066048e-11,1.05133167767243063e+00,-2.91724574026465611e+00,-1.54701029065705872e-02,9.15532819386708809e-03,3.30385132686087778e-03,-8.31258856537669759e-04
asteroid_1596,4.57744444088767537e-11,-2.35688323848129588e+00,-1.71706326447050572e+00,-9.56967754939268694e-02,5.93185860490144830e-03,-8.13826451238191563e-03,-7.08810526091054819e-05
asteroid_1597,7.47701497835735565e-11,2.31985790828278216e+00,-1.35466724617762796e-01,-1.73871446118297690e-01,8.41734778898341781e-04,1.08981359436637146e-02,2.73978455584151332e-03
asteroid_1598,9.02540198044049426e-11,-1.67539698328356068e+00,-1.59077602101222682e+00,-3.37579931105452882e-02,7.65002311948668676e-03,-8.09914453312291296e-03,1.98765540792020679e-03
asteroid_1599,2.63083335985853969e-11,-8.33533762046314797e-01,-2.88731034017974997e+00,-6.48466476664843139e-01,9.36613569050284353e-03,-2.84831160602539140e-03,6.43008157236658840e-04
asteroid_1600,9.01485481248462233e-11,-8.09998623903558812e-01,2.23918901463575137e+00,4.18313165888571259e-01,-1.04191015237407713e-02,-3.58026403010270125e-03,-1.01017621556900232e-03
asteroid_1601,1.08783756578149567e-11,-3.04910786749430684e+00,7.89462932827490360e-01,-5.41974322714506296e-01,-2.51147642035281842e-03,-9.26744441935101713e-03,6.30027377491595617e-04
asteroid_1602,9.77685279425105004e-11,2.15801612786825325e+00,-6.97919619311772155e-01,4.24342308099532294e-04,3.49681806273548224e-03,1.08131032970055080e-02,1.14803782573961359e-03
asteroid_1603,1.64935339917100191e-11,-7.37993377709589393e-01,-2.81220726419358202e+00,-1.84075000248577619e-01,9.74182994862350313e-03,-2.51917964504363512e-03,-5.70151792014387203e-04
asteroid_1604,2.66309744965433703e-11,2.49111687299655538e+00,1.71377697306054100e+00,-5.72278802067913372e-01,-5.58072117505678967e-03,8.06165799692227548e-03,-1.50878981619390333e-04
asteroid_1605,9.66842806976320873e-12,-1.57888841578983197e+00,1.74966211122841075e+00,3.48114468198900961e-01,-8.34504328709079202e-03,-7.27343566257903588e-03,-1.29221109455089525e-03
asteroid_1606,8.03696139235911809e-11,2.38614726048016079e+00,-4.64916138429666115e-01,-4.58004185084358931e-02,2.09523823460365088e-03,1.04867592703127861e-02,2.70921867088644861e-03
asteroid_1607,9.84233638835474820e-11,-1.96338250863574082e+00,2.59489980407898502e+00,1.49754931108469963e-01,-7.56184835983994205e-03,-5.64396241373345871e-03,-1.34408823502251990e-03
asteroid_1608,2.97046810918911186e-11,7.44173709506299796e-01,-2.29271509787385952e+00,-1.84531912071101367e-01,1.05253257523264497e-02,3.40694588510591324e-03,1.16589267449446112e-04
asteroid_1609,3.25679399205753748e-11,1.01339681247555635e+00,-2.39024217523338178e+00,-3.20866933398906484e-01,9.80401310870690837e-03,4.10535461534886330e-03,3.81977309528212989e-04
asteroid_1610,2.79052005389664581e-11,-2.16630235393847270e+00,-1.41245659467795437e+00,4.13955906716811872e-01,5.83895368032230893e-03,-8.87825816485901878e-03,2.62793225670369913e-04
asteroid_1611,1.54912617404903595e-11,3.31070114969332085e-01,2.38017720200456528e+00,-5.14051320897450648e-02,-1.09201026988594227e-02,1.54514801639511908e-03,1.21401159419225906e-03
asteroid_1612,7.87465472317018746e-11,2.85891640186245555e+00,8.15052890717637535e-01,5.90710990453650608e-01,-2.82680542865070862e-03,9.44558668487093488e-03,6.48282627213630342e-04
asteroid_1613,6.08137680251215464e-12,2.97995705626093876e+00,3.87859053335226411e-01,-3.56965006559192666e-01,-1.15773214776648229e-03,9.77396041731541827e-03,9.55071072891116365e-04
asteroid_1614,9.67777353061235362e-11,-8.16649109220327518e-01,-2.41989552384753726e+00,-3.46213754021396352e-03,1.01988327510459161e-02,-3.44186125291739932e-03,2.22285826159886444e-05
asteroid_1615,9.27322792956597380e-11,1.84494817731670868e-01,-3.06477470093626625e+00,4.43236062335538306e-01,9.73728471126873198e-03,6.44002930899242854e-04,3.99889217064016398e-04
asteroid_1616,1.18527241375717991e-11,-1.55349388021869173e+00,1.77057410757067202e+00,-3.16085263485230208e-02,-8.32619190299324630e-03,-7.27243579472514057e-03,1.84449123230573451e-03
asteroid_1617,5.29570898825361437e-11,-7.35741553481491367e-02,-2.08297878098993205e+00,-2.95827733908618384e-01,1.16368069667821660e-02,-8.89979183608780955e-05,-2.26749351445081375e-03
asteroid_1618,9.92852073508472539e-11,-2.38312425871298661e+00,1.43388610301223851e+00,1.52142103872981854e-01,-5.33572679144681244e-03,-8.76597811338947035e-03,-9.61507398275715367e-04
asteroid_1619,8.52633987123521577e-11,1.41108314490704356e+00,2.96931623444909265e+00,-1.87488454634106683e-01,-8.51129076881646483e-03,3.96179472629133809e-03,-1.31377447976118193e-03
asteroid_1620,7.15162212585963553e-11,1.68129114374463562e+00,1.31415094355732132e+00,-2.30619123454298747e-01,-7.27875921782765445e-03,9.18457643882920199e-03,-7.27578938850573665e-04
asteroid_1621,2.25586993463578507e-12,2.03091130938535080e+00,-1.17792470426045659e+00,-9.22059763458716458e-02,5.52956575778245675e-03,9.65066528294229557e-03,-1.49338927164078443e-03
asteroid_1622,6.84706076237045995e-12,2.64776505854676270e+00,-6.34145686545875442e-01,1.67781411073349013e-02,2.42681088243899964e-03,1.01372798326687420e-02,1.72082291708481613e-04
asteroid_1623,7.94037696732848128e-11,-2.05593719575102041e+00,2.27298628702498062e+00,-2.08333033487458241e-01,-6.99562852230421230e-03,-6.52790524961436181e-03,-2.18528104299531983e-03
asteroid_1624,3.76507209705549712e-11,-2.08743890819013522e+00,-4.97092216031092049e-01,-5.15448201272595274e-01,2.77405448476366343e-03,-1.12353662937897288e-02,-3.98985068773717653e-04
asteroid_1625,6.68465034271301782e-11,3.03254666363125425e-01,2.54461808467731165e+00,-2.44706123366253220e-01,-1.05975859372598197e-02,1.15283288622202709e-03,-1.14524300786505041e-03
asteroid_1626,7.39207708880453701e-11,1.11429896508915061e+00,-2.77407450770535924e+00,-2.04466427542793344e-01,9.17739824619139520e-03,3.59253704163544664e-03,1.27355843149084711e-03
asteroid_1627,4.22241959107336631e-11,2.46378507918604361e+00,-6.40369865434491925e-01,-3.24216226962417906e-02,2.71089289435987729e-03,1.04343952697821905e-02,-8.68195411364429436e-05
asteroid_1628,1.43467412525709454e-11,-2.18905494315254856e+00,6.99711098881484195e-01,-3.62667384918844038e-01,-3.42882096549351756e-03,-1.07437653298612344e-02,-3.21351239950222472e-05
asteroid_1629,3.86755833628903955e-11,1.28098336252933653e+00,-1.94921849608442121e+00,9.98131264246734234e-02,9.38519405488155364e-03,6.10799137239312600e-03,-1.16685736226947038e-03
asteroid_1630,8.71061337474372679e-11,-6.56100627045630991e-01,2.46743495221134612e+00,-4.47285390846105468e-01,-1.02714821445592259e-02,-2.85803725425235172e-03,-6.99542499117177755e-04
asteroid_1631,3.31152670454075619e-11,5.44243942347027665e-01,2.61915675132596171e+00,3.23906429408591726e-02,-1.02971557495406436e-02,2.13937462342466984e-03,2.49192809996424387e-05
asteroid_1632,6.27431776503136068e-12,1.77504725237240879e+00,-2.54455905645827363e+00,-4.44402763855100080e-01,8.00626335638609035e-03,5.38330290684194395e-03,1.15517645031478215e-03
asteroid_1633,9.59135504043063176e-11,1.64818191113007773e-01,-2.85786450327183772e+00,2.15361551779800015e-01,1.01359076500436417e-02,5.85797087631515097e-04,1.64687645688270209e-05
asteroid_1634,6.80708841282971060e-11,-2.43553699272437152e+00,-1.62488786934039453e+00,6.25125313036712649e-02,5.52911304523410856e-03,-8.22242116593270220e-03,1.69321170145292073e-03
asteroid_1635,5.40902666262372219e-11,-1.49528686982024206e-01,3.24974667494397096e+00,4.15286536433582820e-01,-9.44295780625967369e-03,-3.09050223433726765e-04,-9.81631019158788441e-04
asteroid_1636,8.29124435946569720e-11,-2.42727350554300969e+00,9.14650913190649284e-01,4.11534108506504612e-02,-3.76892803620194981e-03,-9.97438620598831149e-03,-6.10829436204985234e-04
asteroid_1637,4.11219562029286209e-11,-2.17284838861687618e-01,-2.57369021865015668e+00,-7.80552692291182487e-02,1.05942819536946637e-02,-9.30457445555062123e-04,1.18803484053388395e-03
asteroid_1638,9.85117282431194262e-11,-2.23447902325138203e+00,-2.28613868122130270e+00,-2.68407151647523878e-01,6.84114323854133170e-03,-6.46075129351144240e-03,-1.92326328327295103e-03
asteroid_1639,8.57587312090884022e-11,1.22971428512707015e+00,2.03026032369058740e+00,-3.19552298815425184e-01,-9.40741025399764383e-03,5.84567385242954537e-03,9.38227994424799586e-04
asteroid_1640,2.80616687181825171e-11,-1.79819941474713918e+00,-2.37041513793463388e+00,-5.35481372209098624e-02,7.94465827053399305e-03,-6.02682990230621156e-03,1.67732137405953116e-07
asteroid_1641,3.71110882378922162e-11,-5.49431141345385399e-01,-2.95303965935276747e+00,-1.03145052980360544e-01,9.68847380850738384e-03,-1.84089228150497342e-03,1.09630748261899179e-03
asteroid_1642,2.75815389902025851e-11,1.01381143011943631e+00,1.97058043740055600e+00,7.49707952363572461e-02,-1.02308407807375611e-02,5.29610320885006130e-03,-8.57054461912464547e-04
asteroid_1643,6.59374908763953831e-11,-1.38192783151783433e-01,2.64727052610505531e+00,-2.41773315227114038e-01,-1.04170682526704295e-02,-6.78959670279733981e-04,-1.48000729150280495e-03
asteroid_1644,6.39367997874297840e-11,-2.31249478860373081e+00,3.32227687422657403e-01,1.44055235624293204e-01,-1.47977637227276202e-03,-1.10211792477837075e-02,1.66301310704786327e-03
asteroid_1645,5.22553622925365857e-11,2.32210731802219961e+00,3.97421780764688135e-02,-3.69945102831332031e-03,-1.93197796474726654e-04,1.12860909093534436e-02,-2.49178357217737315e-05
asteroid_1646,9.65843790535373704e-11,2.58914336538294210e+00,4.28880259583160617e-01,4.12175467836549514e-01,-1.77620374743359078e-03,1.03980112278914023e-02,3.38070565918723118e-04
asteroid_1647,4.72328060648871999e-11,9.96503271333137763e-01,2.21448190053356253e+00,-3.03981953936868221e-01,-9.83726790083365096e-03,4.64611628649660990e-03,1.59835402650465651e-03
asteroid_1648,7.83744021957145693e-11,-1.14543975419046307e+00,-2.83238629081423232e+00,1.56826463668759859e-02,8.94332816901964762e-03,-3.60586473495107078e-03,1.96661819944778408e-03
asteroid_1649,6.58129307664952193e-11,-2.80773130032880847e+00,1.51162849680612932e+00,-4.63470105498483345e-02,-4.56560015098785542e-03,-8.48178331713545473e-03,-5.02064140627334142e-05
asteroid_1650,5.18233121650653913e-11,-9.54358526030142595e-01,2.91003990555455605e+00,6.67707686752069540e-02,-9.31695406478694893e-03,-3.03830885932712897e-03,-7.50545834847281398e-04
asteroid_1651,4.21908977006771731e-12,1.83424492382490167e+00,1.55632334089497504e+00,-2.57120804859839569e-01,-7.12658936674944246e-03,8.45150430566936860e-03,3.16438984730478036e-04
asteroid_1652,6.57529274317749630e-11,-2.23055116863624558e+00,-9.56013678445222337e-01,-1.02626476447599993e-01,4.33832047186826549e-03,-1.01465980709859339e-02,2.28408378768815424e-04
asteroid_1653,6.42630824767797723e-11,2.39995935734047539e+00,3.77458022144102970e-02,-1.61362414180792751e-01,-1.08819982680164254e-04,1.10481300099576647e-02,9.65881647763647874e-04
asteroid_1654,1.24961507193088866e-11,-1.50699423539628174e+00,1.68643965327057499e+00,4.17191600943450855e-02,-8.52813890046328661e-03,-7.62142894166531817e-03,2.93347265059971065e-05
asteroid_1655,7.95935383863129724e-11,-1.74336889913596105e+00,-2.72046727056449322e+00,9.56776067336429226e-02,8.05578012329431770e-03,-5.16191740827923531e-03,1.43101682301618857e-05
asteroid_1656,4.67047384036697668e-11,-2.14685626493015524e+00,-1.43116440377433496e+00,-1.08915710048038988e-01,5.91554729475549882e-03,-8.73611012125151062e-03,-1.80892120302687115e-03
asteroid_1657,3.24213599803368307e-11,-1.94769165460628724e+00,-1.34332349292722752e+00,-1.30816979009875961e-01,6.36007722089543259e-03,-9.17703365959155089e-03,-4.56702302166859099e-04
asteroid_1658,8.23976989907381274e-11,-2.08265811729073036e+00,2.31417350623716089e+00,1.28937712332576560e-01,-7.17312468736816967e-03,-6.35751081537608894e-03,-1.75885904770312356e-03
asteroid_1659,3.43436622401873959e-11,-2.25080582439396659e-01,-2.56901888353962660e+00,-2.99825605484334186e-02,1.06706147666461876e-02,-9.34283660759308867e-04,-5.18908179120011141e-05
asteroid_1660,6.21888606204698012e-11,-1.93817530171062580e+00,-8.57447258605421592e-01,-3.11488716890531814e-01,4.78574438812131089e-03,-1.07321859348263379e-02,-2.35411945024707319e-04
asteroid_1661,6.17953009976346552e-11,8.55736877667087614e-02,-2.28069162771230571e+00,2.34675225013252858e-01,1.13486486703712908e-02,4.27982661149590733e-04,2.10961945267002247e-05
asteroid_1662,5.29007019750096419e-12,2.70470838360691879e+00,-7.43307186506322326e-01,5.93558538089620891e-01,2.70619686172159481e-03,9.79189870570268926e-03,-6.92175404141230632e-05
asteroid_1663,4.22891347211658505e-11,2.73209381097624382e+00,1.20782534906664152e+00,5.61514450742042870e-01,-4.12022475401061048e-03,8.92517518946732945e-03,8.49110313962750146e-04
asteroid_1664,2.22856472056963268e-11,1.92416699636407706e+00,1.35420128857446653e+00,-2.99988917369863571e-02,-6.43479856543960945e-03,9.11894276206604883e-03,-1.09147328942115103e-03
asteroid_1665,1.99650704834865776e-11,1.49811326033439413e-01,-3.17162812204664268e+00,-4.04883332222388204e-01,9.54775193602391131e-03,5.75815059433567797e-04,-9.77836887604749405e-04
asteroid_1666,6.54996392438347096e-11,1.80463184779333630e+00,-2.54197960234637188e+00,-1.53334477053563539e-01,7.94438354878936569e-03,5.62021539946733987e-03,3.27484450703496833e-04
asteroid_1667,1.15088542862251303e-12,2.90826132485296185e+00,1.11013735614412368e+00,-1.78577655057602591e-01,-3.51289582897859956e-03,8.98327502382575277e-03,-1.36495180828563796e-03
asteroid_1668,9.69082070316674952e-11,-2.28588151373750081e+00,6.37798482212670437e-01,-2.36683028270574195e-03,-3.00009062059307862e-03,-1.07532606296109109e-02,-2.37287504821817439e-04
asteroid_1669,3.95451466904220707e-11,7.71318271675587641e-01,-2.00343184174341626e+00,2.44352119120312239e-01,1.09160170680746502e-02,4.21692773831770264e-03,1.17060113295330007e-04
asteroid_1670,2.98873648092060650e-11,-4.60746749561699864e-01,3.10568493418752167e+00,-8.79667026949800396e-02,-9.59554481612170419e-03,-1.41289974440974718e-03,3.76217745545100353e-04
asteroid_1671,9.19982402497463618e-11,-1.93776385789086936e+00,-1.50453016798439476e+00,-2.59524951729445896e-01,6.76071851686059315e-03,-8.32275961269108439e-03,-2.23035616927345307e-03
asteroid_1672,4.86723474892634344e-11,3.62255925450522709e-01,2.80310193061626878e+00,3.03861075625372179e-01,-1.01015148733370249e-02,1.35589104892938931e-03,-4.65236285284053870e-04
asteroid_1673,6.14363818960129170e-11,2.80777250416170387e+00,9.88684978823672789e-01,-4.59151595877678398e-01,-3.32324728558913707e-03,9.33559872717419810e-03,-2.19875361495127985e-04
asteroid_1674,6.95881163562097826e-11,-6.91402921058772213e-01,-2.14528004607301792e+00,-5.89391438096067023e-03,1.08562791662594142e-02,-3.50183780548753241e-03,1.07901827278345766e-03
asteroid_1675,8.71424132357114997e-11,1.60470894689128030e+00,2.57800178975174488e+00,4.71334940209184525e-02,-8.35117741322525219e-03,5.21163142035033656e-03,-7.29545259161020181e-04
asteroid_1676,1.29829015618074390e-11,-2.82846274226344985e+00,-1.54435748781479387e+00,1.52360201520736788e-01,4.57859291564418919e-03,-8.40854578057679582e-03,-2.32483047559331327e-04
asteroid_1677,8.17450137741144388e-12,1.62724437421840462e+00,-2.39172376721700486e+00,-6.90439226805162454e-01,8.29847455876636664e-03,5.51655122896056900e-03,4.48380307712902644e-04
asteroid_1678,9.93711413256305642e-11,1.19870851605870654e+00,2.27918285919009422e+00,-5.31527666338183713e-01,-9.32869836972029243e-03,5.02518772114692557e-03,5.09722364200579413e-04
asteroid_1679,8.98291324590789106e-13,4.43756735642819519e-02,3.15135918287240546e+00,-4.64422688924481311e-02,-9.68331984814122665e-03,1.40869561583400858e-04,3.06331844302369953e-04
asteroid_1680,7.08223934139664400e-11,-1.35535303940232255e+00,-2.37059029593484150e+00,-1.11044482796221339e-01,8.82872537474165171e-03,-5.14029181358096384e-03,1.97656034155801194e-03
asteroid_1681,6.11104255422425237e-11,5.19621631406675832e-01,2.94220960765988382e+00,1.89171983260892573e-01,-9.74152838163809369e-03,1.77749394570167127e-03,-8.87292566510906031e-04
asteroid_1682,5.52595766606996050e-11,2.28153512626170274e+00,-2.07588255195639482e+00,-1.05005138384899350e-02,6.59147227461247091e-03,7.24458014804174946e-03,-2.11415616875843559e-05
asteroid_1683,7.85849376384175461e-11,-1.74422403796384962e+00,-2.42268935226352555e+00,2.89136672017845153e-01,8.07686260429990067e-03,-5.69810101333467073e-03,9.79222907448412281e-04
asteroid_1684,9.92473700340695146e-11,-5.02775776917891770e-01,2.39173805798995653e+00,8.31454996190574974e-02,-1.07648711993992233e-02,-2.26354552812108338e-03,1.79384922578155577e-05
asteroid_1685,4.69811329117780085e-12,-2.05572646773465850e+00,-8.87717801368426263e-01,9.93810944113224376e-02,4.53754826925504076e-03,-1.05495123540092373e-02,-3.72624561022464815e-04
asteroid_1686,6.14569039593915936e-11,3.04327486589705598e-01,-2.36639967915246174e+00,2.37296015747863638e-02,1.08605603495268363e-02,1.41691347737088209e-03,2.01505971177975453e-03
asteroid_1687,7.16805990772196834e-11,2.69669541086617714e+00,-7.94956490476360772e-02,1.73654243848766154e-01,2.94771584167187375e-04,1.04559402589016644e-02,2.08993331823756497e-04
asteroid_1688,3.06008712242401289e-11,2.62695729748479367e+00,-2.34268210770489649e-01,6.06999437546560272e-01,7.90976345797687452e-04,1.04096938017420211e-02,5.94398010202428092e-04
asteroid_1689,8.92872098782439135e-11,-6.06213016142751263e-02,2.78122164624535273e+00,3.10647586836115097e-01,-1.01872249558298215e-02,-3.71751307789457467e-04,1.34029673890202088e-03
asteroid_1690,4.57047142165566939e-11,2.54463966826555676e+00,-3.04277310852099303e-01,2.41514809814841386e-01,1.44379010304678305e-03,1.04169120947909949e-02,-2.08805236276387706e-03
asteroid_1691,1.64562014105751504e-11,3.03565261766864181e+00,-1.09702480228561217e-02,-2.28627617615322853e-01,-6.99394012637047407e-05,9.75944338084394798e-03,-1.39692327772311469e-03
asteroid_1692,8.54422375238698025e-11,2.17535290552156990e+00,-2.28675317031880043e+00,-5.01635572481728520e-01,7.04825257707270437e-03,6.36312228909342772e-03,1.55799687571569600e-03
asteroid_1693,9.42931327862601460e-11,4.19530735083982531e-01,2.35717900373093237e+00,-9.40896334740548845e-02,-1.09070482012804271e-02,1.90308472936453316e-03,-9.55796932989043629e-04
asteroid_1694,9.96049668769067313e-12,5.94510896793515764e-01,2.89385985657826827e+00,4.18760826253087803e-01,-9.74247696944079318e-03,2.04299830385542636e-03,-2.86898990928246525e-04
asteroid_1695,7.51705699067837793e-11,-2.42949804233622579e+00,-1.60311596977003079e+00,1.28166243114957445e-01,5.45811572542455065e-03,-8.37422738206374147e-03,-1.28252320512282198e-03
asteroid_1696,2.15092717743303156e-11,-2.60484706355715367e+00,8.09408607042113037e-01,4.86663331407978864e-03,-3.00040457107006745e-03,-9.67061206436925502e-03,2.44144217647736510e-03
asteroid_1697,6.82154544725479974e-13,4.38430058615278007e-01,-2.28454044988575378e+00,5.40832192627116459e-03,1.10659484658914668e-02,2.12483581844535082e-03,4.86092008926821339e-04
asteroid_1698,2.60687761503099727e-11,3.14923145819591299e-01,-3.02545137672633713e+00,2.75836581111102874e-01,9.72906813814198440e-03,9.04381043487327888e-04,-1.18819581337864348e-03
asteroid_1699,8.54924344237224833e-11,2.61606491596646507e+00,-1.82637771377483471e+00,6.33199337466806234e-01,5.49651852355396292e-03,7.79138114494939971e-03,-2.35698899126058389e-04
asteroid_1700,1.41269758396053977e-11,-1.57599674432170073e-01,-2.94830698952708747e+00,2.84626117826130787e-01,9.97369532011387755e-03,-5.21384575944001645e-04,1.21736354038511874e-04
asteroid_1701,1.30755816110160752e-11,5.01698430154840058e-01,-3.08215139456205955e+00,-7.05555306745940358e-01,9.49469401288924146e-03,1.44375354807047061e-03,4.44481200097746846e-04
asteroid_1702,7.39073801429536310e-11,-3.16841466644745395e+00,7.93301081472073677e-01,3.11334781835444552e-01,-2.32568071448626366e-03,-9.20515847816990793e-03,-2.12821416892883849e-04
asteroid_1703,4.06419002600781663e-11,1.93979652644493877e-01,-2.51294894803635227e+00,-1.01331201034965776e-01,1.07971985043142839e-02,8.24260527727445780e-04,2.28085615327757574e-04
asteroid_1704,1.48571223927348539e-11,8.85489599883859557e-01,-2.71306171195359092e+00,2.61543914920595533e-01,9.62244466579842937e-03,3.02112662585376623e-03,-1.23907184593998712e-03
asteroid_1705,2.30077376444523526e-11,1.23250738909990873e-01,-2.65065740178218823e+00,2.84406780423272776e-01,1.05162639750130404e-02,4.58737693926155818e-04,-2.81923101452389246e-04
asteroid_1706,7.94622464793105882e-11,2.22939604189463525e+00,-2.41122976887590301e+00,1.10192295112507260e-02,6.96993412756629488e-03,6.44423045275611256e-03,-2.02601352692625363e-05
asteroid_1707,6.23306463179013851e-11,-2.02591711214788095e+00,-8.88620040690936808e-01,3.84392804908380015e-02,4.64421926109892785e-03,-1.05909549429791250e-02,-6.58581203018829492e-05
asteroid_1708,7.60952679689241908e-11,-1.95175820965901092e+00,-1.70654477209863553e+00,-1.07660673532381262e-01,7.03600867993966692e-03,-8.02691566558405394e-03,-3.18563297069495853e-04
asteroid_1709,9.78634616641389029e-12,3.11397651589295643e+00,-3.98323561416310312e-01,2.66578682443022408e-01,1.06114479148157362e-03,9.47146677914058842e-03,1.75681121376950128e-03
asteroid_1710,4.58158472421427553e-11,1.28747275746557399e+00,-2.02988868551198598e+00,-4.23994150861878361e-01,9.34434895979641654e-03,5.57506566713391900e-03,1.68358927083579334e-03
asteroid_1711,7.97126540156253989e-11,2.90859971235647308e+00,8.91974236149164823e-01,1.36363306249847993e-01,-2.92062335672018921e-03,9.32008254817384175e-03,1.33210867717294817e-03
asteroid_1712,2.65866171593344190e-11,2.41446467686589372e+00,8.47560455444702376e-01,4.71358305891801874e-02,-3.55690130089092102e-03,1.01449448519024127e-02,-2.21519996779676043e-04
asteroid_1713,1.69272049479190984e-11,-1.36793601506122409e+00,-2.94203586034309872e+00,4.52971663406453451e-01,8.62677831781893771e-03,-3.98459566480017808e-03,1.72322964966558083e-04
asteroid_1714,3.81845715427810478e-11,4.83211368787410722e-01,-3.10561839238233350e+00,-3.29744611801243592e-01,9.40443209823646313e-03,1.26178534227209399e-03,1.89754348749024393e-03
asteroid_1715,3.33446635841396861e-11,1.48796425033095381e+00,1.93201653802718254e+00,3.35667079980236704e-01,-8.72848522105578589e-03,6.45692854500352648e-03,1.52764827190282051e-03
asteroid_1716,1.85554231604315371e-11,-2.44935936835195811e+00,-1.75899116938739097e+00,-2.29273516128006061e-01,5.76555294106053697e-03,-8.03745349901466462e-03,6.93434613873850883e-05
asteroid_1717,9.53949530863722892e-11,6.22990034811272686e-01,-2.42423382215640881e+00,7.83002539970228950e-02,1.05286218930368426e-02,2.70267049841033894e-03,-9.35027269179441735e-05
asteroid_1718,4.83150094714984700e-11,-1.89576241972054027e-01,2.79918223031640556e+00,-3.52365849648691221e-01,-9.98485785093304601e-03,-9.30700358238952300e-04,-2.02150145150760928e-03
asteroid_1719,6.08115548474313640e-11,2.44582908329532334e-01,2.83728800470977882e+00,-4.93050322137974173e-01,-9.95514871687553163e-03,1.10724658608789446e-03,1.43335923171517801e-03
asteroid_1720,1.21194798058720125e-11,-2.90692515679392960e+00,1.06376700414889980e+00,1.98961572211054719e-02,-3.35898656776278818e-03,-9.18129210212163295e-03,1.22286856718093156e-04
asteroid_1721,6.10074084622699703e-11,2.03987006995732134e+00,6.09285372525191771e-01,4.23623108089173223e-02,-3.34420737377401790e-03,1.10216943899589907e-02,2.51146255281286482e-03
asteroid_1722,5.55367160939142939e-11,1.99845618080884280e+00,1.26208778592616189e+00,-5.19534516973379351e-02,-5.97600067127154570e-03,9.45680406238591509e-03,-1.43562684337016056e-04
asteroid_1723,9.31936134840255385e-11,1.59940841601530126e+00,-2.48382483264653242e+00,2.00878142699728139e-02,8.41413380802249512e-03,5.41688732172930943e-03,-1.51195178818723573e-04
asteroid_1724,4.12375569391936588e-11,-6.91491563278773036e-01,2.67951161482552846e+00,2.22481886558198477e-01,-9.79435565036965855e-03,-2.68214120528130701e-03,1.86133899967034187e-03
asteroid_1725,7.82083894266169416e-11,-2.09225312582663836e+00,1.67159817560081780e+00,2.99641648684320305e-01,-6.43919321724333027e-03,-8.21921811087783678e-03,8.90423155796463074e-04
asteroid_1726,3.04250560364275811e-11,7.31807116846116656e-01,-2.02579214650927142e+00,2.30807333729493275e-01,1.09819810188421223e-02,3.99314344347613970e-03,2.27838345392236170e-04
asteroid_1727,5.78982462292247796e-11,-2.42406436069852438e+00,4.78497471645147943e-01,4.84694716814026427e-01,-1.80064783379650845e-03,-1.05913083557833219e-02,1.45045531794207243e-03
asteroid_1728,9.26977700204473546e-11,-1.95604179077334583e+00,-2.36948446633348331e+00,-6.38155747122026051e-01,7.36380532398106524e-03,-6.28410432591565253e-03,7.61846358733807359e-04
asteroid_1729,6.25108803627820457e-11,-4.82805316420568453e-01,-2.08172992107917532e+00,-1.93326099821232410e-02,1.14623693519369536e-02,-2.65709139029254122e-03,-1.42050746383138329e-04
asteroid_1730,7.11187567898131693e-11,2.13886765792072620e+00,1.43448370944684656e+00,-4.30474995057702481e-02,-5.91729974307690469e-03,8.77153598945206239e-03,-1.71195911121918565e-03
asteroid_1731,8.75996926750070159e-11,3.18004150884790304e+00,2.77122449613786903e-01,-5.20044355006735848e-01,-6.37498151987329746e-04,9.47445382121907612e-03,1.15050429986428043e-03
asteroid_1732,9.25431820872468616e-11,1.09409694784928035e+00,1.84862201598488518e+00,-2.36041004070545818e-01,-1.00868190613444923e-02,5.83049388426535014e-03,-1.09124510387955016e-03
asteroid_1733,2.08354047715546798e-11,1.68675183891100633e+00,2.43691609595876368e+00,-4.62806338966466446e-01,-8.17218108737771155e-03,5.27468327639386315e-03,-2.01051891769098981e-03
asteroid_1734,1.95918447826022323e-11,-1.26038972727718179e+00,-2.05239630642590409e+00,5.49477635958320818e-02,9.31811526613574546e-03,-5.66974210949262435e-03,1.96366490737905465e-03
asteroid_1735,5.50521079296094973e-11,1.36037764400444727e+00,-2.82944059499790423e+00,5.29409954330907484e-02,8.74861746356711892e-03,4.20239042154181303e-03,-2.07959041056509747e-04
asteroid_1736,9.95516824668730514e-11,-3.02290122075312750e-01,-2.97603626267934906e+00,1.53429323655819239e-01,9.88866077520874145e-03,-1.00018752652771665e-03,8.24491966186126091e-05
asteroid_1737,4.90203308078448964e-11,1.71903084774123682e+00,-2.59032145148815696e+00,-5.82034225065182986e-01,7.89767409026824983e-03,5.48124841444216134e-03,-1.06840789683373440e-03
asteroid_1738,3.30971872607116891e-11,1.29093497626451414e+00,1.89031478329441538e+00,-5.70609947920571625e-01,-9.35044884296343595e-03,6.08210329647901424e-03,-1.00547086917496774e-03
asteroid_1739,5.37307548805595280e-11,1.96838272754908195e+00,1.90123395806696172e+00,-7.04700388107588754e-02,-7.22302341329138405e-03,7.47808056734916658e-03,-1.33122674644138791e-06
asteroid_1740,6.44893345382902879e-12,-2.92666540965612043e+00,-8.02176113777922528e-01,-5.58600641297610778e-02,2.60637517325550735e-03,-9.52200124154006268e-03,1.84995977623408903e-04
asteroid_1741,1.77289049632883069e-11,-6.87689574652196378e-01,-2.24477700313011885e+00,4.72563650280868830e-01,1.06113919048781771e-02,-3.30182694443371168e-03,-2.42341127123692462e-04
asteroid_1742,1.49005525304775317e-11,-1.50435097842104515e+00,-1.84000658140102846e+00,-3.06014267536264158e-02,8.63667019449508404e-03,-7.06317767172606314e-03,1.21240889258624688e-04
asteroid_1743,2.80127535165447724e-12,-1.69435747182044238e+00,-1.29461599069602729e+00,3.44110101209374394e-02,7.15266436200524911e-03,-9.35874769732793904e-03,9.25832553540456793e-05
asteroid_1744,7.22240081814979382e-11,5.57113574297220859e-01,-3.19591840032521990e+00,-1.99121531941986729e-01,9.14145416122417141e-03,1.72570361374380175e-03,-2.12121575461160375e-03
asteroid_1745,3.25541998407237441e-11,2.20297183881470549e+00,-1.92332550656955648e+00,-4.02688049722883079e-01,6.33828089467013307e-03,7.58907861374067978e-03,-1.57246819752698743e-03
asteroid_1746,1.68619457610965577e-11,2.84001366855287785e+00,3.42169866445297510e-01,-1.10161502848849818e-01,-1.09712881867125942e-03,9.84427143309534944e-03,2.29256313496708705e-03
asteroid_1747,5.12292546148570910e-11,2.94843930554349809e+00,5.11733825262471687e-01,4.05966531167375813e-02,-1.65349888197809992e-03,9.66017336749331289e-03,-1.67985214331450058e-03
asteroid_1748,3.23512061531467663e-11,-6.11547963228380120e-01,2.66798025158537166e+00,6.46628279081770396e-02,-1.01044437718354665e-02,-2.29571560126643750e-03,-8.41721937427007791e-04
asteroid_1749,3.93078469020999327e-11,-1.88412718315019556e+00,1.85128414287599807e+00,-3.98721904076163369e-01,-7.04524528298346685e-03,-7.58183905373657242e-03,-1.91110710648363224e-03
asteroid_1750,3.15600263880104964e-11,1.72605232473060433e+00,-1.99467620868911855e+00,9.29881154231791546e-02,8.00426525859001918e-03,6.89190754952968485e-03,-7.38337748920691564e-04
asteroid_1751,4.08311600739626916e-13,-2.30530572657899402e+00,1.69554954158441218e+00,1.97799700639915560e-01,-6.00463810283987515e-03,-8.18885263917568801e-03,2.12734062838903907e-04
asteroid_1752,6.88360031532483186e-11,2.18739461293945547e+00,6.74037946945640121e-01,4.95178218442204332e-01,-3.50626278258280369e-03,1.06316076051925466e-02,1.01675182890714321e-03
asteroid_1753,1.10779409686186280e-11,2.28008916263246064e+00,2.18446877039998810e+00,2.25297355527954879e-01,-6.68019815297109416e-03,6.81068713103226940e-03,1.56998766937502580e-03
asteroid_1754,2.19220482823263170e-11,-8.84934023001966552e-01,-2.86511910876325659e+00,6.76825363012968251e-01,9.29856895436982113e-03,-3.04401908587692040e-03,-7.28189639998618409e-04
asteroid_1755,1.90398011859475112e-11,2.49112526876618245e+00,-3.70277787506737455e-01,7.03580250005801516e-02,1.58374177056873930e-03,1.07162351037533264e-02,3.22417815954153121e-04
asteroid_1756,3.31434158769157662e-11,-1.01955176663907432e+00,2.57770173965770111e+00,-3.52497584217649707e-01,-9.45019030488362423e-03,-3.43940479605265616e-03,2.18213834274858095e-03
asteroid_1757,1.60281659728406455e-11,1.84031516369609527e+00,-1.27965819553170856e+00,-3.53740469360992016e-01,6.56674289137955912e-03,9.33389533265028062e-03,3.97695125729830674e-04
asteroid_1758,3.47017428975535309e-11,-2.93114461971695439e+00,1.35611535891879620e+00,4.91351041972861224e-01,-3.86566786245241779e-03,-8.65705102527943721e-03,8.32659884147778995e-04
asteroid_1759,2.43340019373153370e-11,2.62563535038598994e+00,-1.65693563639266639e+00,7.03627987685167988e-01,5.28363043373206078e-03,8.02214467672580055e-03,-8.25307492284242943e-04
asteroid_1760,6.13089916610937835e-12,1.20031041547492823e+00,-2.96093034196405425e+00,-2.68995664053900629e-01,8.87399666961761861e-03,3.64407979121583042e-03,-5.14193391940406374e-04
asteroid_1761,8.70575920872112292e-11,2.46823624247785256e+00,7.86576030969913728e-03,3.88237349482052685e-01,1.44448501814762876e-04,1.08220342224604055e-02,-1.13759419385402660e-03
asteroid_1762,3.05650548988001641e-11,-2.28283262861938629e+00,2.86364182000774625e-01,1.01504192499920695e-01,-1.31260606495012537e-03,-1.11104158704482137e-02,1.82421232342327272e-03
asteroid_1763,9.53726181617429178e-12,1.98129191302807572e+00,-1.25127178161561337e+00,-2.25196169256693973e-01,5.72185522544503816e-03,9.42544951585893957e-03,-2.02993471893419273e-03
asteroid_1764,5.21574226314227780e-11,2.09065842931559853e+00,-4.98244982588421870e-01,-5.06133026669892128e-01,2.57580665188946508e-03,1.12769839909092791e-02,-4.61477103514418134e-04
asteroid_1765,1.23363190816966377e-11,-3.17205673414380773e-01,2.21800671015386941e+00,1.26327437891941424e-01,-1.12208602607658855e-02,-1.49491782622002850e-03,-1.92818575034035019e-03
asteroid_1766,7.73115892136701182e-11,1.97073054482341492e+00,9.44315933491730264e-01,-3.44214241792363401e-02,-5.02930766862651115e-03,1.04924300002437604e-02,-9.41684336825751052e-05
asteroid_1767,6.16717854455155876e-12,-7.83302484522390707e-01,3.19274589847800883e+00,-4.85663904453397105e-02,-9.20266688378478318e-03,-2.26434540063920504e-03,-4.32555438754752576e-04
asteroid_1768,4.64689486349236909e-11,-1.85246578803178474e+00,1.16144961681611947e+00,-1.02731466555435302e-01,-6.10363046168053199e-03,-9.48548248074070587e-03,2.82149793240920850e-03
asteroid_1769,9.43831947482766780e-11,-3.37366158933323335e-01,2.17245943450227763e+00,5.19531740016685895e-01,-1.12077251364499312e-02,-2.01489084137676739e-03,1.14749762576098072e-03
asteroid_1770,1.59053156753047687e-11,-2.04450947525921922e+00,2.29255588214540706e+00,-3.59160038877531007e-01,-7.28459198389701940e-03,-6.15617595803053669e-03,2.17184498812171296e-03
asteroid_1771,2.01448540037807437e-11,2.27018333109525283e+00,-1.63254848880525083e+00,1.67662888760966300e-02,6.00616675603332824e-03,8.35123683630434668e-03,-7.75709264891947349e-05
asteroid_1772,6.00504864904076212e-11,-2.24208928765063265e+00,2.03239516751609939e+00,-1.38086603203963348e-01,-6.64120721256529403e-03,-7.26668274201816306e-03,8.79221132198347447e-04
asteroid_1773,9.79856086188179911e-11,-2.30706252983427929e+00,1.66022596991736848e+00,-2.90001165610158429e-01,-5.71464978982081685e-03,-8.24244792159022945e-03,-1.72506787288949576e-03
asteroid_1774,3.85897164710765253e-11,-2.49593438307870397e+00,1.93474100571480045e+00,6.25016912678760111e-02,-5.84569176338145102e-03,-7.48038093378084086e-03,-1.88576231714480762e-03
asteroid_1775,6.48680228267928846e-11,2.42621634551389143e+00,-1.52522264277521225e+00,4.52681304643107393e-02,5.40489845801263649e-03,8.60255835507628061e-03,1.62670828435211774e-04
asteroid_1776,1.52401831075355762e-11,4.45979322927557043e-01,2.66863405990125191e+00,-3.37001792707777581e-01,-1.02444832116798008e-02,1.58069787557170416e-03,-1.04012353912737469e-03
asteroid_1777,6.41432993550975821e-11,2.93344452373156273e+00,3.58419941897746175e-01,1.53065141068466012e-02,-1.21086666070039316e-03,9.92601706485876992e-03,-3.70579795140150829e-04
asteroid_1778,2.52736798748397686e-11,-2.60850367239795622e+00,-2.99402460606992604e-01,-2.43222165465844825e-01,1.11546001699090323e-03,-1.04914657750225203e-02,9.51759956739806458e-04
asteroid_1779,6.13326278730581504e-11,-1.93156155461206192e+00,-1.60487033028610249e+00,1.41695078480608083e-01,6.91598596219139636e-03,-8.35020086623895590e-03,-2.98789667252920006e-04
asteroid_1780,8.87523419628010854e-12,-1.53233025649852506e+00,-2.17551937746214508e+00,-3.12102403394245408e-02,8.62031415811673196e-03,-6.07286438163489456e-03,7.90104117970752575e-05
asteroid_1781,5.25016524803158612e-11,3.56569018532880644e-01,2.27561705055454810e+00,3.55078512530410048e-02,-1.11955884012590653e-02,1.75675804077349480e-03,-1.60769602960129666e-04
asteroid_1782,2.37481254173773060e-11,2.92251316165993602e+00,5.27948004296216133e-01,-7.20157922075207124e-01,-1.71110243269108711e-03,9.68918454703266221e-03,1.59223776980987636e-04
asteroid_1783,6.81740532459080419e-11,-2.25517453666508949e+00,8.49775688655524997e-01,-1.17846725829385934e-01,-3.74052012288800901e-03,-1.02146610755296015e-02,-2.07595852238381604e-03
asteroid_1784,7.47695020089608613e-11,-1.70260185845458989e+00,-1.41988771877525544e+00,-5.50280254629062937e-01,7.25046894614764410e-03,-8.77133215253255057e-03,1.99252830496584286e-04
asteroid_1785,8.48157716306341424e-11,2.19565209670723371e+00,9.31037011775583734e-01,-2.26473014821011093e-01,-4.40142642948118928e-03,1.01682230412507811e-02,-8.69901313209178175e-04
asteroid_1786,9.92396129382190053e-11,-2.38617617322273201e+00,-1.96946000343609562e+00,-3.20159979494533231e-01,6.23076132452767863e-03,-7.49732638256648924e-03,-3.18621242466913136e-04
asteroid_1787,4.59408844175266762e-11,-1.94347106937916214e+00,-1.56646228832343182e+00,1.83848101449587582e-02,6.79685410757411863e-03,-8.44462447497661139e-03,-1.01695139059269002e-03
asteroid_1788,6.70627357765603589e-11,-3.53408168692621205e-01,-2.86681545205348520e+00,-4.49355029175245502e-01,9.98335317885261884e-03,-1.15708193365782804e-03,-4.69691410898762768e-04
asteroid_1789,1.85218738804964830e-12,-2.98087212581835415e+00,-9.06817082023459009e-01,2.73017625192234770e-01,2.85318638923071207e-03,-9.29470052037326133e-03,2.79800885388089529e-04
asteroid_1790,9.05096524602880499e-11,-1.85296170902751789e+00,1.12015179521813524e+00,-3.49756597805436054e-01,-6.14892484326000268e-03,-9.77004137879543266e-03,1.28601690220539943e-03
asteroid_1791,6.15781571214026212e-11,2.28260667887425406e+00,-1.96934281296824731e+00,-1.41054624214303842e-01,6.26225522764505601e-03,7.40232206102500127e-03,-2.00946366910619619e-03
asteroid_1792,4.21402844775309849e-11,-1.49588650673152662e-01,2.41061045362036230e+00,5.13343942681250387e-01,-1.08911364252443511e-02,-4.61679419666455120e-04,-1.00568278683430207e-03
asteroid_1793,4.34369311486374670e-11,-2.13879162029971104e+00,-9.87872896129267875e-01,1.37937013138715092e-01,4.67913313602366047e-03,-1.01694384539627626e-02,-2.78546526825152634e-04
asteroid_1794,7.58019846795759651e-11,-2.42733487570018802e+00,-1.59181929831206115e+00,3.73661273361369950e-01,5.45148374284010456e-03,-8.43358117224924687e-03,-5.14264292980089687e-04
asteroid_1795,8.33486656535540449e-11,-1.84476841091802002e+00,-2.60456026614546188e+00,2.00338985663918098e-02,7.84616356149093162e-03,-5.55300727580929684e-03,5.59680229376645398e-04
asteroid_1796,8.07922885947220409e-11,-1.38117982696753039e+00,2.02833938392975943e+00,2.02672479935845327e-02,-9.07665376422160490e-03,-6.18008204365013379e-03,-5.85807436448263662e-05
asteroid_1797,5.10633594581719062e-11,2.70242204672710096e-01,-2.76671172030575008e+00,1.23050071135809472e-01,1.00896923419679548e-02,1.06755856965451770e-03,1.84450201221514625e-03
asteroid_1798,3.71209522904274917e-11,2.28862163712228739e+00,8.09288192879794588e-01,-3.14631607242216726e-01,-3.74298986357864561e-03,1.03148600100090269e-02,-6.94759099135712206e-04
asteroid_1799,9.45544807479393986e-11,-1.82318519000138002e+00,2.05081690836312136e+00,3.40822444355190934e-01,-7.77289944998056301e-03,-6.66520062265503477e-03,-1.47387308060491890e-03
asteroid_1800,6.34236104817732942e-11,-9.57130490487716035e-01,-2.68047551804506590e+00,1.64026881789530493e-03,9.60008765655792455e-03,-3.42780713329631122e-03,2.33806837738954925e-04
asteroid_1801,5.43699043653312176e-11,7.52465306941782708e-01,-2.63150211629491215e+00,-7.29037931998618882e-01,9.81734103242397002e-03,2.84215452428070734e-03,-1.26093730013152359e-04
asteroid_1802,5.98359100135089851e-11,1.36802598569613049e-01,2.78123227073474899e+00,5.98825781328730544e-01,-1.00783445326874822e-02,1.69869788511803766e-04,1.51345585306733111e-03
asteroid_1803,6.29903521535463997e-11,-2.12888330989979790e+00,7.34425694871397305e-01,2.13428996861791148e-01,-3.79728726008132442e-03,-1.07531079267496055e-02,-8.74401850245798808e-04
asteroid_1804,7.13101576818493255e-11,1.12812356836092942e+00,-2.65808297440298791e+00,-5.09915437959287177e-01,9.24880570096453351e-03,3.65078686230191785e-03,1.43102411550921778e-03
asteroid_1805,5.53229376571661795e-11,9.90293868043656933e-01,-2.73299370787145213e+00,1.28140650666572264e-01,9.46427327645168667e-03,3.45113397941658505e-03,4.64455731243340196e-04
asteroid_1806,8.75367818922032888e-11,-1.97994076317808099e+00,-2.07722018902398320e+00,5.34947867368325447e-01,7.34946865475987355e-03,-6.85766766754838421e-03,5.73190150506792148e-04
asteroid_1807,8.59728242852288872e-11,-1.79517454388938558e+00,1.15539140969125520e+00,4.83358165912004922e-01,-6.15474384274457883e-03,-9.84189137944204220e-03,6.66994595319287753e-04
asteroid_1808,4.42313518878372143e-11,1.83056089394927080e+00,-1.89699870056334996e+00,-5.29518097597099502e-03,7.45435248239128146e-03,7.18702229758816629e-03,2.24245112460890990e-03
asteroid_1809,1.68619258514323980e-11,8.78841811849966015e-01,2.43712059623610955e+00,-2.33100659187997807e-02,-9.82078048156115151e-03,3.56297921143330747e-03,2.25213897429953026e-03
asteroid_1810,5.76698048199723761e-11,-1.52496455506473438e+00,1.57455028764707405e+00,-2.30494173978710970e-01,-8.25625551289674818e-03,-8.09922986223197278e-03,-7.03478494804607663e-04
asteroid_1811,6.20777448178969031e-11,-2.11107260642658767e+00,-9.58434854654499624e-01,-4.76144757077973935e-01,4.46397066878887177e-03,-1.02217003131313249e-02,7.83517309852099016e-04
asteroid_1812,5.23427235996339910e-11,-2.58030541729570695e+00,-1.99384776503116506e-01,4.63385919121607204e-01,8.84544137240752203e-04,-1.05652199209541695e-02,3.79489339786350151e-04
asteroid_1813,8.90588755492638926e-11,-8.49501815102109314e-01,2.86658051872062458e+00,-1.00302982214698480e-01,-9.53630668502822298e-03,-2.82298594265655055e-03,8.76676871041123486e-05
asteroid_1814,9.31109549986634612e-12,2.05777274155086776e+00,-1.20284578175667600e+00,-6.67231163755608037e-02,5.61862371217160955e-03,9.61857178233621601e-03,-1.17017540440953743e-04
asteroid_1815,2.87489762984716978e-11,2.55068621719161248e+00,1.64672789174415346e+00,-6.04685781408379364e-01,-5.37255364286872306e-03,8.15597603230678973e-03,-4.51516009778715006e-04
asteroid_1816,8.65803267337986364e-11,1.73459865654607825e+00,2.10235196069463015e+00,4.01343993539355237e-01,-8.04331864723584547e-03,6.49161325274882732e-03,7.58137344964989824e-04
asteroid_1817,9.39419371690903360e-11,-2.42852952885499240e+00,1.73834403581764851e+00,-3.94457696765581345e-01,-5.72780246570242946e-03,-8.08080615532258753e-03,-3.47524620309912311e-04
asteroid_1818,4.25982482195098338e-11,-1.77637874766573278e-01,2.64068513367055546e+00,3.29354145131718512e-01,-1.03108917845073037e-02,-4.30488424982543110e-04,-2.10964558894943983e-03
asteroid_1819,1.92724717442753790e-11,8.09992303853619838e-02,2.66077911917076504e+00,-4.45503220359269647e-01,-1.04561720630569604e-02,2.34623632294232211e-04,-4.99794879221037249e-04
asteroid_1820,4.20387463560283819e-11,-4.64495680680429235e-01,2.80463847952344736e+00,6.83193921536388860e-02,-1.00086848156432252e-02,-1.68263056742929762e-03,1.02722767085929880e-03
asteroid_1821,4.56220828779593625e-11,-4.16017292644626890e-01,3.18410546097828062e+00,-1.24097937923950116e-01,-9.46147063046667500e-03,-1.27396565703053236e-03,-9.69440842764296407e-04
asteroid_1822,5.19617421224734001e-11,-2.65926393659888349e+00,-4.01781042850847980e-01,6.26846502043340581e-02,1.58532893473987556e-03,-1.02374381841382964e-02,1.63675594777755234e-03
asteroid_1823,2.74425644874932827e-11,1.17623514029024023e+00,2.46845830432413260e+00,8.24305571779696857e-03,-9.20844821138811810e-03,4.38101261017138054e-03,2.05669055646718561e-03
asteroid_1824,3.12696144376110844e-11,-6.29446325459159017e-01,2.73512495762316066e+00,-2.98010035452466349e-01,-9.95030009312313293e-03,-2.17546607252769265e-03,1.05032798953940743e-03
asteroid_1825,6.55622072582957334e-11,-2.13249184978975670e+00,2.05084065294446649e+00,-3.96061321945782863e-01,-6.89614216612655703e-03,-7.18140759379188014e-03,-5.54350380599265215e-05
asteroid_1826,6.21831971581539759e-11,-1.72900236967345111e+00,1.29012589691056134e+00,-3.54521684042864271e-01,-6.77440793003381610e-03,-9.39026738964662475e-03,-1.13296250191059636e-03
asteroid_1827,6.62136304863823020e-11,-2.58503296861186360e+00,6.86766024174260359e-01,4.87817546526794488e-01,-2.60507098280631476e-03,-1.00939183832033062e-02,4.05819392215540453e-04
asteroid_1828,3.77347254699261356e-11,-2.15150105523634627e+00,-1.48982023291058385e+00,-5.68049604514398454e-01,6.05273965293378746e-03,-8.58473140410723201e-03,-4.09769161999614772e-04
asteroid_1829,3.36523192816042198e-11,3.09253339582625042e+00,-8.45105582670558686e-01,-2.47122042549921886e-02,2.53123923815375563e-03,9.26673796603376052e-03,-1.38802325711969565e-04
asteroid_1830,3.51603519105641732e-11,1.88945009801603359e+00,1.87019773561156000e+00,-4.24643515109641101e-01,-7.18413870097364248e-03,7.53650832025914812e-03,1.22617961589845830e-03
asteroid_1831,9.51181367841119419e-11,-2.61132500855641503e+00,3.80357443766574432e-01,3.49960207666839551e-01,-1.55570904483288627e-03,-1.04242194056394302e-02,-2.78695938229196240e-04
asteroid_1832,3.95305578634008448e-11,-3.12533864089875424e+00,9.06789591961911556e-01,-5.16957992265830099e-02,-2.65514851475985667e-03,-9.15742691314300368e-03,-1.08735401524955627e-04
asteroid_1833,6.06171783098291766e-11,2.56306957690947712e+00,-5.57965381800419546e-01,-3.04305649857799787e-01,2.07016157673806014e-03,1.02838314109088454e-02,-1.41980197586381797e-03
asteroid_1834,5.22890902847821929e-11,3.20409291567771592e-01,2.25380466469923002e+00,-4.31828163916861907e-01,-1.11901697681737241e-02,1.57619634491106605e-03,-7.64093129126071412e-05
asteroid_1835,8.76234193812892714e-11,2.21084835877886743e+00,7.76818756758061890e-01,-2.82338737714965871e-01,-3.61943229157207910e-03,1.05699084392592187e-02,7.39846019675165093e-04
asteroid_1836,3.69179889099401188e-11,-6.87146703837692718e-01,2.08268842208507277e+00,-3.05009669143182616e-01,-1.07680514570058939e-02,-3.81278455928107766e-03,-1.77571810626410052e-03
asteroid_1837,4.34201029911734966e-11,-1.89864620795690908e+00,8.88975582606289838e-01,-1.33149640614490639e-01,-4.99567220875516901e-03,-1.07519979865613683e-02,-5.50129753248140298e-04
asteroid_1838,8.42810009353332248e-11,2.48078711806502072e+00,-8.32885959826789257e-01,-8.75976144125457934e-02,3.36691968170362574e-03,1.00742387059943872e-02,-4.34726453360336277e-04
asteroid_1839,1.61041518268502831e-11,4.97588096858564144e-01,-2.97202037927083706e+00,-2.42034574383746259e-01,9.75386931399350836e-03,1.59702185516495980e-03,4.42200332487643281e-04
asteroid_1840,5.94335118420512514e-11,-2.14016637019493539e+00,-2.06653973555926607e+00,-1.74509179299554812e-01,6.93139586853566084e-03,-7.10284452433683228e-03,-8.94107071804420587e-04
asteroid_1841,3.99968216823039650e-11,1.68587246747451580e+00,-1.25797444585659002e+00,-3.85816085005014353e-01,7.06280967438412295e-03,9.40458732584381271e-03,1.97674089501920339e-04
asteroid_1842,9.85792979769335184e-11,1.17839859503739075e+00,-2.44796689777221976e+00,6.07763595240898513e-01,9.26345725556476304e-03,4.51901160772604036e-03,2.40793973777454122e-04
asteroid_1843,7.21411978388939766e-11,2.17299038633599340e+00,6.08019968434056701e-01,3.60954537545248089e-01,-2.87267963749421144e-03,1.09505508934123318e-02,-1.15207963883230831e-03
asteroid_1844,1.06552071798475908e-12,1.76316386581548357e+00,2.70426199521306510e+00,-8.08956422678180770e-02,-8.00794671320574289e-03,5.23202530679237662e-03,3.63986368436123632e-04
asteroid_1845,8.39489953056599219e-11,-2.17501919698848090e+00,7.37891733832248820e-01,-1.36611793607927107e-01,-3.68108579940081351e-03,-1.06927567432147375e-02,8.51577039498839267e-04
asteroid_1846,7.03209338215693535e-11,2.53045000370393502e+00,-1.31348613002774983e+00,-7.27535797068583623e-02,4.68274534535493073e-03,9.03981698786713965e-03,-3.32921832194937330e-04
asteroid_1847,5.61004819491085069e-11,-2.65458061501273157e-01,-2.44434454476897756e+00,4.02758519007794580e-01,1.08166112498333158e-02,-1.03742492065655068e-03,8.33086559673472849e-04
asteroid_1848,2.36204863036728640e-11,2.68883224326691428e+00,9.96864106593104871e-01,1.12327867317946375e-01,-3.50578409289195245e-03,9.51538951783529631e-03,-5.26004499977779393e-04
asteroid_1849,1.49401718742649487e-11,-2.27014180425922740e+00,-1.23678462440283421e+00,-2.22129701054631645e-01,5.16573799772382901e-03,-9.27638684957884409e-03,-1.14376939105939623e-03
asteroid_1850,6.28436722902132157e-11,-2.99459649818184914e+00,-2.31527622914907250e-01,2.19887818875054958e-01,8.88982216949041272e-04,-9.68656612928001440e-03,1.90749722220680761e-03
asteroid_1851,4.39996278786482566e-11,-4.15470205249507507e-01,-2.33266386652097735e+00,1.87917808605401415e-01,1.08741727787783869e-02,-1.79671442956058115e-03,1.73886642490067795e-03
asteroid_1852,8.61634150199906580e-11,-2.16253340013009154e+00,2.32857459195616601e+00,-2.40502370188426490e-01,-7.06917340740576428e-03,-6.54533238207891891e-03,1.91386571256872549e-04
asteroid_1853,2.62447332920643524e-11,-1.58080899859982549e+00,-2.17960399599686472e+00,2.04274133024521493e-01,8.44624262388887249e-03,-6.16805754543215280e-03,-4.50505054159523624e-04
asteroid_1854,6.37556228848164388e-11,2.82588839547896731e+00,9.03960186795853216e-01,-4.91054867203744805e-01,-2.94348836774870233e-03,9.46076249697505936e-03,4.76897856001147133e-04
asteroid_1855,2.48918152355351735e-11,-2.14825194339701264e+00,-2.23546173380135249e+00,-3.46560532144695121e-01,7.06142505528193840e-03,-6.64913819364688647e-03,-8.82460855004206708e-04
asteroid_1856,6.36353447385379090e-11,3.10365702677306876e+00,1.11508817943522853e+00,-6.79410546528447512e-02,-3.19948506867938397e-03,8.91363074346102069e-03,1.38060300498340556e-04
asteroid_1857,4.84398077514917622e-12,-2.08341425536790048e+00,1.05043546635150409e+00,-4.08503265829597284e-01,-4.71786991982121439e-03,-9.99771436318714311e-03,-1.64668525293328776e-03
asteroid_1858,3.91768256071703152e-11,-1.17566220536393873e+00,-2.14240880294282210e+00,-4.86118744186756352e-02,9.57505573102732273e-03,-5.22134744431563061e-03,-1.45582555998298143e-03
asteroid_1859,1.72768347304164803e-11,-1.94725379745653848e+00,1.39343242850876958e+00,-1.70421727309782001e-01,-6.36274540513587054e-03,-9.02902923253654302e-03,-1.12345990850142778e-03
asteroid_1860,6.05973402823852233e-11,2.05879854712966237e+00,-1.25710707772495378e+00,-1.24128067844563664e-01,5.76430299058647982e-03,9.44850910206035399e-03,-8.25683029799557531e-05
asteroid_1861,3.16796380372414081e-11,2.35299076908828571e-02,-2.78582770488725862e+00,-2.69518352415207774e-01,1.02797191017375590e-02,6.60286486575420119e-05,2.14962737366354898e-04
asteroid_1862,7.71555464414981612e-11,3.01746178192736769e+00,1.30171501725684080e+00,1.98043457018962893e-01,-3.71489648691594645e-03,8.70207971186409170e-03,-5.96180611021930075e-04
asteroid_1863,1.14682900993975252e-11,-3.07776713523505885e+00,-1.15680274959050644e+00,4.79104584810344236e-02,3.32051973046518017e-03,-8.86173940207992533e-03,-6.57434914085527141e-04
asteroid_1864,5.56257445612550462e-11,1.73335100718008106e+00,2.10769558424019099e+00,1.32801919531557011e-01,-7.91397974646317580e-03,6.60005578590808131e-03,-1.45482589441615104e-03
asteroid_1865,5.93718495155360633e-11,-2.82427042816524398e+00,4.24400900340246967e-01,-2.49218540193363536e-01,-1.57783609578239547e-03,-1.00002617182248475e-02,8.51123470960939805e-04
asteroid_1866,2.22018893100939913e-12,2.36275616675298750e+00,1.92701421922729832e+00,-7.16381238944889365e-01,-6.08735105646746825e-03,7.57233885789881586e-03,2.91853544947007942e-04
asteroid_1867,3.60821122794135766e-12,1.22901645377264890e+00,-2.96448350439671549e+00,-2.58197803438453166e-01,8.54826386904533435e-03,3.73632495278416977e-03,-2.20883654218807573e-03
asteroid_1868,3.08309348310785603e-11,-2.23591304271569147e+00,6.92865206728393579e-01,-1.33915705577282662e-01,-3.32155372860808672e-03,-1.07317813911381229e-02,-6.70020608890312911e-05
asteroid_1869,6.09114531867970972e-11,1.11337131955858662e-01,2.73198216894422918e+00,-9.70971059675152892e-04,-1.03908963099783955e-02,4.23365839065519901e-04,-2.72583136190845997e-04
asteroid_1870,9.62633732162690346e-11,-8.89670228221214776e-01,2.96636758930388700e+00,-1.24331216865032179e-01,-9.19202014487746806e-03,-2.67488205921947129e-03,1.95593046187304484e-03
asteroid_1871,9.08744316376641645e-12,-2.34834742350894476e+00,6.77814937054249111e-01,-3.10404759628696236e-01,-2.65987605191147971e-03,-1.03425589395968829e-02,-2.46139222922089852e-03
asteroid_1872,7.03192456933484565e-11,1.07502121267266548e+00,-2.39099923455687913e+00,-1.80642458725202792e-01,9.39057692695999605e-03,4.39317675288025417e-03,-2.26421219341059335e-03
asteroid_1873,6.92746850510564634e-11,-3.01923797128718618e+00,-1.28864983458503413e+00,7.24193336591171313e-04,3.72692667776899347e-03,-8.73202391303238776e-03,-5.88646653379468370e-05
asteroid_1874,6.69507296079126482e-11,3.20186115565877083e+00,-7.02818748427283979e-01,1.61315748188387814e-01,2.05375650163524626e-03,9.26126038419722991e-03,-4.14440217013312291e-04
asteroid_1875,5.16195726798048578e-11,-1.83825580137315270e+00,-2.60379996716202333e+00,-1.01104699780519228e-02,7.87110839826412993e-03,-5.55651338614324836e-03,-1.04970785052932471e-04
asteroid_1876,9.66829268015082787e-11,-2.69145348673922902e+00,-1.30971297517469809e+00,6.26847798742385387e-01,4.18761816126096611e-03,-8.88212287898464299e-03,-5.77894795468145150e-04
asteroid_1877,5.01824960974832558e-11,1.45419384877550417e+00,1.91716995522992240e+00,-2.83722227951793138e-01,-8.83918315645288756e-03,6.54708032168793697e-03,-1.06449215938055303e-03
asteroid_1878,8.38313249491287982e-11,2.28746072187695404e+00,-9.31861593757356110e-01,-2.72914378680264413e-01,4.01867761476447632e-03,1.01105856758524331e-02,-8.39454795925733202e-04
asteroid_1879,2.62594350814376359e-11,-1.03261727233991341e+00,2.54580026003375304e+00,2.28505528312122896e-01,-9.49428344933740329e-03,-3.96126789576518260e-03,1.22813554183361312e-03
asteroid_1880,8.06327868456924392e-11,1.40013032777061452e-01,-2.76870170051943854e+00,6.19986442403069327e-02,1.02964127707152325e-02,5.35064035609925841e-04,6.41961239884890626e-04
asteroid_1881,9.96546079365539389e-11,-3.06695795835772889e-01,2.65651212078514076e+00,-4.17831204007256263e-01,-1.03777688521290764e-02,-1.24384059999082934e-03,-2.90690479629109944e-04
asteroid_1882,9.10094979174982711e-11,-2.23105760347334786e-01,2.85528094856910597e+00,1.07406000607800454e-02,-1.01335775798621925e-02,-7.91545406719643802e-04,-7.21571658465120408e-05
asteroid_1883,3.04141311580070211e-11,-1.45202774625634357e+00,2.10029613317183017e+00,-4.34059311528880942e-01,-8.80734720958997047e-03,-6.05433869468195458e-03,1.67277530872863889e-04
asteroid_1884,8.46172860100814557e-11,-2.75624396643277292e+00,-1.14882816031269486e+00,2.78150984809619750e-01,3.91011211337151214e-03,-8.97923998040670718e-03,1.65959927546201376e-03
asteroid_1885,9.53475973164169355e-12,-1.78626179716321776e-01,-2.49307276520261567e+00,6.30912176867612084e-02,1.06831729422262201e-02,-8.13194550636116287e-04,-1.88709017591868230e-03
asteroid_1886,6.77739788857091319e-11,6.72824251473987500e-01,2.40187226923864428e+00,1.11307103933717677e-01,-1.04439995376283349e-02,2.96322104922474867e-03,-8.11289587693183917e-04
asteroid_1887,3.42212018363387954e-11,-2.07235215717744214e+00,-8.00649600104273662e-01,3.72617879034106148e-01,3.84533011339100415e-03,-1.06825465458684384e-02,-1.56755351088820388e-03
asteroid_1888,6.58704222586638486e-11,-2.15061950619202991e+00,-7.92058002413404960e-01,3.99838853005992756e-01,3.75489867875214564e-03,-1.06038074520785272e-02,-8.09006437815599014e-04
asteroid_1889,4.12307782678707439e-11,1.91292748554227976e+00,-2.46554883750315090e+00,8.83725071844742791e-03,7.68881079768870147e-03,5.96662977660271463e-03,3.25848340538373380e-04
asteroid_1890,9.13224651033990789e-13,7.04252274096535125e-01,-2.53933706088586142e+00,4.31372824405143532e-02,1.01965093799701641e-02,2.83657708422428191e-03,5.12558883840810524e-04
asteroid_1891,2.31353426392546219e-11,4.32454140498260753e-01,-2.30846303838055134e+00,3.42353077329311084e-01,1.09123734333899745e-02,2.18038321868728588e-03,9.17862337804662256e-04
asteroid_1892,4.24819942350301724e-12,-2.49573674553051106e+00,-1.68302737994480212e+00,-7.80929214561709162e-02,5.54364119593459513e-03,-8.18787360470718366e-03,-7.04975245573856435e-04
asteroid_1893,4.27327195807571394e-11,1.98034753218197768e+00,1.92930347657263157e+00,-2.35532561941492876e-03,-7.21552366468141901e-03,7.40682124101115121e-03,3.23304716785018120e-04
asteroid_1894,8.40087279599510345e-11,7.44646340117119832e-01,1.98903298937056228e+00,-8.07490157155745791e-02,-1.10515686015015355e-02,4.13064047682594991e-03,-1.67555429689533335e-04
asteroid_1895,7.38022959299180794e-11,-8.39585898460006308e-01,2.33284759940186470e+00,-3.87443580425149564e-02,-1.02679877964334705e-02,-3.70275795335988549e-03,-4.41670583314807607e-04
asteroid_1896,7.88933295025441341e-11,2.23298828107765779e+00,5.85541384540756660e-01,-1.34559336159112725e-01,-2.92213328668001170e-03,1.08568007276725418e-02,-1.24839539145982681e-03
asteroid_1897,8.07218928839848761e-11,-2.71860254847451754e+00,9.51145426714766651e-01,1.98910638466761130e-01,-3.40311453559294158e-03,-9.42507087048073504e-03,-1.44337576163030786e-03
asteroid_1898,3.72002594064671171e-11,-8.93339923038580896e-01,2.25846669991826232e+00,7.97055682423883222e-02,-1.02517178833609491e-02,-4.06773458814104708e-03,3.58497494183531871e-04
asteroid_1899,5.06075126920449223e-11,-4.33744184233935237e-01,2.10027432275771453e+00,-3.79630820894211296e-01,-1.13653144706163008e-02,-2.48054372182248762e-03,-7.38041319042675894e-04
asteroid_1900,5.08500324968392591e-11,-3.50515530892403157e-02,2.16488250199370880e+00,-5.72118442167329488e-02,-1.16591143116739696e-02,-2.09960250834497571e-04,-8.01743231749159520e-04
asteroid_1901,1.13297196084378765e-11,-1.07295208320883817e+00,2.57444309289459206e+00,2.24115472761627021e-01,-9.49603222776966224e-03,-3.94430386380604896e-03,-1.53499988764185683e-04
asteroid_1902,5.98182307916061392e-11,5.97011409563212414e-01,-2.03673463358233198e+00,-1.24318841074590722e-01,1.13213790875165681e-02,3.31800234707707370e-03,8.86585354941449478e-06
asteroid_1903,7.20207761022435394e-11,-1.13778780426766080e+00,-2.89010626059626929e+00,2.79431850424444628e-01,8.85005184959154582e-03,-3.65685450285473156e-03,-1.78654305309189679e-03
asteroid_1904,6.11006722331382848e-11,1.83197171178705664e+00,-1.26671350011577410e+00,-5.17002454561772629e-01,6.65808758005506478e-03,9.14899118243588105e-03,1.17654655729923421e-03
asteroid_1905,7.45991338116051667e-11,1.49529146463661711e+00,-2.37487860200612655e+00,3.47790319376992174e-01,8.67562511199388570e-03,5.40622978652101349e-03,-3.83704592622648773e-04
asteroid_1906,1.18979378998044260e-11,1.76414445343222814e+00,-1.95523403221797509e+00,-2.89517651252274716e-02,7.86997362858949008e-03,7.10089730392277768e-03,-5.03397219453217231e-06
asteroid_1907,7.61432805439543859e-11,1.81812650047804669e+00,-1.89407021771690509e+00,1.76903539310967250e-01,7.64418726209204966e-03,7.34884303797472046e-03,1.19417040270321568e-04
asteroid_1908,2.08219289358139584e-11,1.69055774165816763e+00,1.38387060488402081e+00,7.87224443836692378e-02,-7.36134594363591164e-03,9.00620730174464187e-03,-2.36846968924524383e-04
asteroid_1909,8.76839140157248961e-11,8.60040303369125486e-02,-2.99104163982622895e+00,-6.55817542445240931e-01,9.81661692139501954e-03,1.84432203471861835e-04,4.46197608733068791e-04
asteroid_1910,2.45006819219560509e-11,-2.62832309116488272e+00,1.77510870542370247e+00,1.87851507674137858e-02,-5.40586829522118461e-03,-8.00203607393385613e-03,-2.06789512609477464e-04
asteroid_1911,4.92043184452071205e-11,-2.56050926225792452e-01,2.09760459398840160e+00,-1.38442225114530984e-02,-1.13747952721746075e-02,-1.36895702856604782e-03,2.96125787795624863e-03
asteroid_1912,4.87317570026968631e-11,1.30314196741400501e+00,-1.88476869264218050e+00,-3.24912671011456877e-01,9.33918874179900417e-03,6.33636666041586128e-03,7.00813802294427616e-04
asteroid_1913,2.68923435359974326e-11,1.41900358264402593e+00,-2.85103269446779439e+00,1.61284183985175057e-02,8.55347265923421529e-03,4.24983371743850938e-03,-1.30164486768303937e-03
asteroid_1914,3.61773413461152527e-11,2.11844135413214674e-01,-2.74354273236156665e+00,2.05770256453536887e-01,1.00876246830230859e-02,9.39694261918445515e-04,2.14359082397210876e-03
asteroid_1915,1.85678189400684428e-11,-1.57874595927854977e+00,-1.64503213836561724e+00,-6.85815104612918797e-03,8.21941371332837387e-03,-7.88790308045187079e-03,-7.46725897322823823e-05
asteroid_1916,5.70143687388803617e-11,-6.98732845040445527e-01,2.22939095162353684e+00,-1.81303035481815311e-01,-1.05820736638198663e-02,-3.14603989587764225e-03,2.09753553889228906e-03
asteroid_1917,9.13036722530946856e-11,-2.86300829015748448e+00,4.00471928056423954e-01,7.98391483028801086e-02,-1.39756111369760045e-03,-1.00175359109190808e-02,1.31675579283350227e-04
asteroid_1918,3.16675911604414227e-11,1.91722006592286554e+00,-2.20861934279013328e+00,-5.15618245186884483e-01,7.31694148449126003e-03,6.66009739825923746e-03,-1.32158415605430467e-03
asteroid_1919,5.08111803510480586e-11,2.64169120253113343e+00,9.31762805780654180e-01,3.19071743988842582e-01,-3.30986625194725501e-03,9.66160109829784092e-03,-8.10714183355360873e-04
asteroid_1920,8.61894423847458619e-11,4.22534793664687214e-01,3.21606441985767244e+00,-2.21375557462583049e-02,-9.46890439064546410e-03,1.24309730944233295e-03,-1.38250837121475383e-04
asteroid_1921,4.52553797040777993e-11,1.00375607448756798e+00,-2.43177511499575472e+00,5.74914281870911092e-01,9.71430411958435630e-03,3.92189613775977865e-03,-3.71572501825893908e-04
asteroid_1922,8.31277202425073743e-11,-1.53999038055198745e+00,-1.91867915747402962e+00,-1.74755326017779419e-02,8.55278567426503988e-03,-6.86464403234098627e-03,-9.05477180473882100e-06
asteroid_1923,4.46446026103352741e-11,-2.47232978204617471e+00,1.01185899579153604e+00,8.33215953122995734e-02,-3.99050790994013530e-03,-9.73425168425638351e-03,-1.93964327753499716e-04
asteroid_1924,4.40298442464202282e-11,-2.49545478852831559e+00,-9.18778029757143233e-03,4.26165785599743163e-01,-1.84030728348315536e-04,-1.07303419145061418e-02,-1.30894690557204385e-03
asteroid_1925,1.57324238183124058e-11,1.71934469812640311e+00,1.60477993287097132e+00,-2.86554122137606060e-01,-7.63553348587515425e-03,8.15960616281381258e-03,-1.17750133344583682e-04
asteroid_1926,1.25066326544171367e-11,1.68621696462289217e+00,-1.24856366530881524e+00,4.92400316592448539e-01,6.94992659977123912e-03,9.43336855898177160e-03,1.19977763625112342e-04
asteroid_1927,6.11535594620058301e-11,1.79071289155929336e+00,1.77368874526760423e+00,-1.05658814020671427e-01,-7.57478679653323436e-03,7.54413029607697763e-03,-1.73510719460874411e-03
asteroid_1928,8.27350791326252663e-11,2.21999970281859982e+00,-1.89720145105288385e+00,-4.43305515957036211e-01,6.56177814011752510e-03,7.53243998689768005e-03,6.23925121514291468e-04
asteroid_1929,1.35492946201508622e-11,2.03255375021702811e+00,6.04086416156110473e-01,8.49759524403515959e-02,-3.38651089459346931e-03,1.12863617256661296e-02,7.68777645693223609e-04
asteroid_1930,9.10102936712377047e-11,1.41292220759932596e+00,-2.21459809963842114e+00,-2.02430880403428708e-02,8.94065984278312464e-03,5.70748697542001679e-03,-3.62245473705479870e-04
asteroid_1931,3.58943913884150060e-11,-2.77581827520036839e+00,-4.06141613059013307e-01,6.18810595980052724e-01,1.73388466248990472e-03,-9.91925143762172230e-03,1.26747660610640467e-03
asteroid_1932,4.25314680800169756e-11,2.73619689345992612e+00,-7.29191839428625532e-01,6.69081902681746138e-02,2.63504212706274160e-03,9.87456898632339472e-03,-1.42567889893040352e-04
asteroid_1933,8.94463956677927234e-11,-2.88912310179194831e+00,-8.84491527887813267e-01,-2.52059077480571714e-01,2.96106983121624317e-03,-9.36181644364123162e-03,-1.08882381101986590e-03
asteroid_1934,8.96306820676374192e-11,-3.06142367999830345e+00,-1.90904139720577959e-01,-1.79601808315045880e-01,5.86843541237451320e-04,-9.78780559733600022e-03,4.00641254051704453e-04
asteroid_1935,5.24906391023880850e-11,1.14140152469202416e+00,-2.72000342829102371e+00,-1.58674193596470781e-01,9.22925619840752817e-03,3.84751763698325082e-03,4.35016760233785846e-04
asteroid_1936,2.76837267958895564e-11,-1.85772392234267003e+00,1.17334201804541749e+00,3.39776004352062122e-01,-6.11908797794925071e-03,-9.77540754588442432e-03,3.01140446170690759e-04
asteroid_1937,1.72022278390942031e-11,-4.20821946698716424e-03,2.63817804458112404e+00,-4.11148048620388729e-01,-1.04225302074309311e-02,-2.44527280500331538e-04,-1.46235938665018506e-03
asteroid_1938,2.71652889425803493e-11,-2.70360167857176981e-01,-2.79249020520396884e+00,-3.23066647209360513e-01,1.00254970897680380e-02,-1.16788947541052223e-03,1.70498827273370861e-03
asteroid_1939,7.80649334885362407e-11,2.39421802350544688e+00,-2.78661968343706413e-02,3.78447480524020385e-02,1.65575610321937248e-04,1.08300875419691627e-02,-2.50049912280265411e-03
asteroid_1940,3.24658343133428252e-11,-5.98294763273452768e-01,2.06507085523034650e+00,-6.77808704870701551e-02,-1.12452173091867579e-02,-3.23109669057532667e-03,8.18977705969134526e-04
asteroid_1941,6.94592004886905401e-11,-7.75968963413779078e-01,-2.22000438448550419e+00,-2.79888026517342015e-01,1.05601333628611901e-02,-3.65059370371670312e-03,-3.21563276515617665e-04
asteroid_1942,1.95281302197369164e-11,-2.64522495820425529e+00,5.83469827993733092e-02,5.09655882784919908e-03,-2.33240321351419795e-04,-1.05728185457647124e-02,-1.59043524203415621e-05
asteroid_1943,4.78555782325630797e-11,-4.24801279400838949e-01,-2.51873035496061437e+00,4.67415495102144307e-01,1.04735033026111136e-02,-1.91126242739540915e-03,-7.80455704273758338e-04
asteroid_1944,3.52171005437216383e-11,1.07129801126313651e+00,2.04141719291225554e+00,1.74017704657292882e-01,-1.00050593910676298e-02,5.27383570686460086e-03,-2.74102318850681507e-04
asteroid_1945,5.03661962087898710e-11,-3.00998465699835238e+00,-6.10025434191604599e-01,-3.34107004872310043e-01,2.03744582950251760e-03,-9.52367759319268543e-03,-9.66741560845387079e-04
asteroid_1946,5.69988296391084595e-11,1.93130392035970244e+00,-2.56300503313380679e+00,-1.02279725565899815e-01,7.66905025371901385e-03,5.76706900928063322e-03,2.95659018046143338e-04
asteroid_1947,9.90935871137981836e-11,3.87298181359620186e-01,-2.28741665424531648e+00,-3.17647518903089454e-01,1.09728696067909869e-02,1.60178610827515729e-03,1.84424617708958899e-03
asteroid_1948,8.99905057684483382e-11,2.67193144499177659e+00,1.77937892773786710e+00,1.84262961438922096e-01,-5.29833985362424941e-03,7.75292904492424269e-03,1.96133985660751180e-03
asteroid_1949,6.95896890876438284e-11,-1.41137921175923964e+00,-1.51514436294362986e+00,-4.61329485573105824e-01,8.74232651976270154e-03,-7.90080960413909288e-03,-7.97414406636808189e-04
asteroid_1950,1.53828096183365643e-11,2.21063810988339993e-01,3.20213350434202759e+00,-3.58148517212161510e-02,-9.57841448594276383e-03,6.61741263148838636e-04,4.30843734351039350e-05
asteroid_1951,9.19036653483584456e-11,1.98884647075018295e+00,-2.43074370644406468e+00,8.05343639801759936e-01,7.27495711276068564e-03,6.16015733130999797e-03,6.27050193552553849e-04
asteroid_1952,8.92596812100928902e-11,-2.01632302538524533e+00,6.34871120785127085e-01,4.82769422570806656e-02,-3.53069615143612172e-03,-1.12679133237390625e-02,7.17709394013679399e-04
asteroid_1953,8.86714759731231456e-11,1.59409532767642137e+00,2.55203556756225725e+00,1.99893891796387474e-01,-8.37626106661852957e-03,5.26813433626158872e-03,-4.59781788803532510e-04
asteroid_1954,4.79068962666620631e-11,2.52940092895098712e+00,2.06288160649577623e+00,-4.38806973027657948e-02,-6.01163321957731440e-03,7.35823276119219535e-03,-6.07730331846524554e-04
asteroid_1955,1.70789640389950717e-11,-3.03256780374682000e+00,9.70689093536905245e-01,-1.37080624061951512e-01,-2.91117323770509907e-03,-9.17003097389599078e-03,-5.31941129255586562e-04
asteroid_1956,7.54427774647424773e-11,7.36952552273170358e-01,3.18003340930852874e+00,5.95675780936379268e-02,-9.18472186898140058e-03,2.10299546664576920e-03,1.36161956391146624e-03
asteroid_1957,3.88576187486524508e-11,-1.84797480382838319e+00,2.04447366389424001e+00,1.57669320110227051e-01,-7.66808370894010889e-03,-6.95181556676410101e-03,2.68779967474763520e-04
asteroid_1958,3.44633832863265764e-11,-1.09966958069033938e+00,-1.88511085629804387e+00,2.23129756340378238e-01,1.00400540973456225e-02,-5.83530133092227503e-03,1.81742638496498737e-04
asteroid_1959,3.90842934358021468e-11,-3.10040273205964434e+00,-3.44129306346224684e-01,-4.35832158630116498e-02,1.08173858953377494e-03,-9.53586745057800195e-03,-1.65783606732960651e-03
asteroid_1960,5.59114650410065836e-11,1.02930264150474637e+00,2.64324441944918620e+00,7.74624464067633946e-03,-9.28831738562326328e-03,3.62345111283857808e-03,-2.21750200230299904e-03
asteroid_1961,3.33585478861084648e-11,-2.20891931291649701e+00,1.75650982590958216e+00,2.96310162363845941e-01,-6.16245547528688174e-03,-8.00301129046305897e-03,1.50180827638322499e-03
asteroid_1962,6.89951618937018562e-11,2.42671355433598501e+00,-8.96718084211386657e-01,2.65746165074493890e-01,3.79155706161375845e-03,9.89248534164405106e-03,-1.24273631461651788e-03
asteroid_1963,6.47759023364088179e-11,-2.39978802537660130e+00,-1.41558652737180379e+00,-1.00226169016965801e-02,5.23334979697531646e-03,-8.86908253772319792e-03,-3.96745169245128163e-04
asteroid_1964,5.08911727565517728e-11,-2.22450247348978580e+00,2.57901634014867875e-01,4.50646754240905500e-01,-1.48346559387097735e-03,-1.12498392289003390e-02,-8.84553055389215403e-04
asteroid_1965,5.40678343623267416e-12,-8.51738996113591829e-01,-2.86370968444615492e+00,1.42273110000529657e-02,9.53880822689494659e-03,-2.83665937593246837e-03,8.47677374011304697e-05
asteroid_1966,9.36549028102935203e-11,1.81621581355046646e+00,1.21487860959583371e+00,-1.47040982133419318e-01,-6.45131584476001975e-03,9.66761232197515565e-03,1.90379307623834840e-04
asteroid_1967,4.11755113492078216e-11,-1.36680791790801370e+00,-2.64324044341577347e+00,1.12380416253076952e-02,8.85669707755330250e-03,-4.58037153602911407e-03,-1.44117440027823914e-04
asteroid_1968,4.49508248966458716e-11,2.77699999915499651e+00,-1.32208268321469413e+00,-5.16836835824586061e-01,4.10349673030342005e-03,8.81932099021306981e-03,-5.11691744775715157e-04
asteroid_1969,4.56086908991941404e-11,2.65191952424222066e+00,-1.26526988055035455e-01,-2.52986701239788836e-01,5.18507135220485824e-04,1.05192958665701955e-02,1.74176637259011193e-04
asteroid_1970,3.65091455442645345e-11,-2.42335422864538685e+00,-1.20872326456918655e+00,-1.42064352407009625e-01,4.52181061732431083e-03,-9.26412497903541382e-03,1.68806954979875551e-03
asteroid_1971,6.74620451826947969e-11,2.45472199046086104e+00,-2.37097462892727373e-01,-2.05067406860261231e-01,1.08402398217564825e-03,1.08737655294560420e-02,4.03941754457062092e-04
asteroid_1972,1.40163040542668891e-12,-1.46342356775211957e-01,-3.24914169023650201e+00,2.66678411129965154e-01,9.47385188189198667e-03,-4.94346452686975904e-04,-8.24123166848043692e-04
asteroid_1973,8.73520978477747760e-11,2.58543818746361254e+00,-1.43844193565387535e+00,3.53978080426923636e-01,4.82998793788005053e-03,8.71548829292695913e-03,1.38676922038875520e-04
asteroid_1974,1.02528781367033342e-11,-2.49790884240742628e+00,4.75548075014042726e-01,-8.21142855964846624e-03,-2.01775909916966818e-03,-1.05965326779358417e-02,1.23922267699977471e-04
asteroid_1975,9.99713703737307028e-11,-1.17002593828566082e+00,-1.98855538162232337e+00,1.08254333213622017e-01,9.73173483493822503e-03,-5.66301015298764036e-03,1.15628503519955958e-03
asteroid_1976,6.28119820913803300e-11,1.80806414128929527e+00,-1.49132843107879842e+00,-3.04884569086645962e-01,6.95971601321070370e-03,8.68062630972032435e-03,-1.18750469824693275e-03
asteroid_1977,6.63398494572735243e-12,-2.04210353719584514e+00,-1.66519107290412127e+00,-3.39179236037055576e-01,6.72258738999349532e-03,-8.10830277213773869e-03,-6.67334764624780055e-04
asteroid_1978,5.62480815720898377e-11,-2.96249077021163654e+00,1.28975623961131647e+00,8.28787845159457102e-03,-3.81887621748170378e-03,-8.77292547585125509e-03,1.86999032745061657e-04
asteroid_1979,3.31374661686368194e-11,3.90542692415954518e-01,-2.95480642396790794e+00,5.30190436072367349e-02,9.73224963878320873e-03,1.25538602002407251e-03,-1.72459355067434462e-03
asteroid_1980,9.53047918803921102e-11,-2.21177244011155905e+00,8.16956772246307250e-01,-4.67740386782332998e-02,-3.85298879116003105e-03,-1.04815324964990051e-02,-8.77079194942131132e-04
asteroid_1981,7.55495457681406634e-11,-1.79180386945040038e+00,2.56815931045949952e+00,-1.10478303532026111e-02,-7.97225491306088538e-03,-5.56229615127395733e-03,-1.31652057592828709e-05
asteroid_1982,5.07063967181571599e-11,-2.36921891120691175e+00,9.48861035271086228e-01,-9.25550526093398135e-02,-4.00805492226475810e-03,-9.98824380111466500e-03,1.99926041834224056e-04
asteroid_1983,4.29834421767523794e-11,1.21239799774485624e+00,-2.87133874696605096e+00,-1.81121148963601541e-01,8.93340172515184536e-03,3.70068137936839991e-03,1.13144451126172382e-03
asteroid_1984,9.95869278902957392e-11,-2.52678659478049905e-01,2.36924140950791884e+00,1.87450084285686436e-01,-1.10598948003468416e-02,-1.19795624814291618e-03,2.32852163952739215e-04
asteroid_1985,6.67417346552264745e-11,2.74235246132741839e+00,5.69346342860350574e-01,4.84297610832924441e-01,-2.17461366981951381e-03,9.94974162354870378e-03,6.16786326034517987e-04
asteroid_1986,5.13978349417001834e-11,-1.98721658358395525e+00,2.51688969316141709e+00,-1.82236058256188965e-01,-7.52119187587224798e-03,-5.95734679981055944e-03,-2.62009261163774205e-04
asteroid_1987,3.98004323008553387e-11,2.11289173746459902e+00,1.05747833403415603e+00,-4.72215317033746307e-01,-5.04270130599220739e-03,9.85603993069791330e-03,-4.91583456679233356e-04
asteroid_1988,3.24650399154817788e-11,-2.92257471258904333e+00,6.52371511456045217e-02,2.19233287420347672e-01,-2.20708439871470237e-04,-1.00444486813535266e-02,4.66822885192930495e-05
asteroid_1989,7.05448881859249214e-11,2.70652281504451464e+00,1.86106646837181056e+00,-3.02257877971222853e-02,-5.29549594989145792e-03,7.72607066626537428e-03,1.53347347674093627e-03
asteroid_1990,5.87926726354536683e-11,5.04395840286853470e-01,2.17420343926545856e+00,4.69146655349758968e-01,-1.10754877859071833e-02,2.64026017140645301e-03,-3.28325428971134898e-04
